TERRITORIO#es,TERRITORIO_CODE,TIME_PERIOD#es,TIME_PERIOD_CODE,TIPO_PROFESIONAL_ATENCION_PRIMARIA#es,TIPO_PROFESIONAL_ATENCION_PRIMARIA_CODE,LUGAR_CONSULTA#es,LUGAR_CONSULTA_CODE,MEDIDAS#es,MEDIDAS_CODE,OBS_VALUE,ESTADO_OBSERVACION#es,ESTADO_OBSERVACION_CODE,CONFIDENCIALIDAD_OBSERVACION#es,NOTAS_OBSERVACION#es
Canarias,ES70,2007,2007,Enfermería - Atención primaria (AP),ENFERMERIA_AP,Domicilio,DOMICILIO,Personas distintas atendidas en consulta,PERSONAS_DISTINTAS_ATENDIDAS_CONSULTA,22102,,,,
Canarias,ES70,2007,2007,Enfermería - Atención primaria (AP),ENFERMERIA_AP,Teleconsulta,TELECONSULTA,Personas distintas atendidas en consulta,PERSONAS_DISTINTAS_ATENDIDAS_CONSULTA,,Valor no disponible; el dato no existe,M,,
Canarias,ES70,2007,2007,Enfermería - Atención primaria (AP),ENFERMERIA_AP,Total,_T,Personas distintas atendidas en consulta,PERSONAS_DISTINTAS_ATENDIDAS_CONSULTA,784080,,,,
Canarias,ES70,2007,2007,Enfermería - Atención primaria (AP),ENFERMERIA_AP,Centro,CENTRO,Personas distintas atendidas en consulta,PERSONAS_DISTINTAS_ATENDIDAS_CONSULTA,761978,,,,
Lanzarote,ES708,2007,2007,Enfermería - Atención primaria (AP),ENFERMERIA_AP,Domicilio,DOMICILIO,Personas distintas atendidas en consulta,PERSONAS_DISTINTAS_ATENDIDAS_CONSULTA,1308,,,,
Lanzarote,ES708,2007,2007,Enfermería - Atención primaria (AP),ENFERMERIA_AP,Teleconsulta,TELECONSULTA,Personas distintas atendidas en consulta,PERSONAS_DISTINTAS_ATENDIDAS_CONSULTA,,Valor no disponible; el dato no existe,M,,
Lanzarote,ES708,2007,2007,Enfermería - Atención primaria (AP),ENFERMERIA_AP,Total,_T,Personas distintas atendidas en consulta,PERSONAS_DISTINTAS_ATENDIDAS_CONSULTA,55879,,,,
Lanzarote,ES708,2007,2007,Enfermería - Atención primaria (AP),ENFERMERIA_AP,Centro,CENTRO,Personas distintas atendidas en consulta,PERSONAS_DISTINTAS_ATENDIDAS_CONSULTA,54571,,,,
Fuerteventura,ES704,2007,2007,Enfermería - Atención primaria (AP),ENFERMERIA_AP,Domicilio,DOMICILIO,Personas distintas atendidas en consulta,PERSONAS_DISTINTAS_ATENDIDAS_CONSULTA,733,,,,
Fuerteventura,ES704,2007,2007,Enfermería - Atención primaria (AP),ENFERMERIA_AP,Teleconsulta,TELECONSULTA,Personas distintas atendidas en consulta,PERSONAS_DISTINTAS_ATENDIDAS_CONSULTA,,Valor no disponible; el dato no existe,M,,
Fuerteventura,ES704,2007,2007,Enfermería - Atención primaria (AP),ENFERMERIA_AP,Total,_T,Personas distintas atendidas en consulta,PERSONAS_DISTINTAS_ATENDIDAS_CONSULTA,26150,,,,
Fuerteventura,ES704,2007,2007,Enfermería - Atención primaria (AP),ENFERMERIA_AP,Centro,CENTRO,Personas distintas atendidas en consulta,PERSONAS_DISTINTAS_ATENDIDAS_CONSULTA,25417,,,,
Gran Canaria,ES705,2007,2007,Enfermería - Atención primaria (AP),ENFERMERIA_AP,Domicilio,DOMICILIO,Personas distintas atendidas en consulta,PERSONAS_DISTINTAS_ATENDIDAS_CONSULTA,10230,,,,
Gran Canaria,ES705,2007,2007,Enfermería - Atención primaria (AP),ENFERMERIA_AP,Teleconsulta,TELECONSULTA,Personas distintas atendidas en consulta,PERSONAS_DISTINTAS_ATENDIDAS_CONSULTA,,Valor no disponible; el dato no existe,M,,
Gran Canaria,ES705,2007,2007,Enfermería - Atención primaria (AP),ENFERMERIA_AP,Total,_T,Personas distintas atendidas en consulta,PERSONAS_DISTINTAS_ATENDIDAS_CONSULTA,288662,,,,
Gran Canaria,ES705,2007,2007,Enfermería - Atención primaria (AP),ENFERMERIA_AP,Centro,CENTRO,Personas distintas atendidas en consulta,PERSONAS_DISTINTAS_ATENDIDAS_CONSULTA,278432,,,,
Tenerife,ES709,2007,2007,Enfermería - Atención primaria (AP),ENFERMERIA_AP,Domicilio,DOMICILIO,Personas distintas atendidas en consulta,PERSONAS_DISTINTAS_ATENDIDAS_CONSULTA,7418,,,,
Tenerife,ES709,2007,2007,Enfermería - Atención primaria (AP),ENFERMERIA_AP,Teleconsulta,TELECONSULTA,Personas distintas atendidas en consulta,PERSONAS_DISTINTAS_ATENDIDAS_CONSULTA,,Valor no disponible; el dato no existe,M,,
Tenerife,ES709,2007,2007,Enfermería - Atención primaria (AP),ENFERMERIA_AP,Total,_T,Personas distintas atendidas en consulta,PERSONAS_DISTINTAS_ATENDIDAS_CONSULTA,351957,,,,
Tenerife,ES709,2007,2007,Enfermería - Atención primaria (AP),ENFERMERIA_AP,Centro,CENTRO,Personas distintas atendidas en consulta,PERSONAS_DISTINTAS_ATENDIDAS_CONSULTA,344539,,,,
La Gomera,ES706,2007,2007,Enfermería - Atención primaria (AP),ENFERMERIA_AP,Domicilio,DOMICILIO,Personas distintas atendidas en consulta,PERSONAS_DISTINTAS_ATENDIDAS_CONSULTA,466,,,,
La Gomera,ES706,2007,2007,Enfermería - Atención primaria (AP),ENFERMERIA_AP,Teleconsulta,TELECONSULTA,Personas distintas atendidas en consulta,PERSONAS_DISTINTAS_ATENDIDAS_CONSULTA,,Valor no disponible; el dato no existe,M,,
La Gomera,ES706,2007,2007,Enfermería - Atención primaria (AP),ENFERMERIA_AP,Total,_T,Personas distintas atendidas en consulta,PERSONAS_DISTINTAS_ATENDIDAS_CONSULTA,10964,,,,
La Gomera,ES706,2007,2007,Enfermería - Atención primaria (AP),ENFERMERIA_AP,Centro,CENTRO,Personas distintas atendidas en consulta,PERSONAS_DISTINTAS_ATENDIDAS_CONSULTA,10498,,,,
La Palma,ES707,2007,2007,Enfermería - Atención primaria (AP),ENFERMERIA_AP,Domicilio,DOMICILIO,Personas distintas atendidas en consulta,PERSONAS_DISTINTAS_ATENDIDAS_CONSULTA,1665,,,,
La Palma,ES707,2007,2007,Enfermería - Atención primaria (AP),ENFERMERIA_AP,Teleconsulta,TELECONSULTA,Personas distintas atendidas en consulta,PERSONAS_DISTINTAS_ATENDIDAS_CONSULTA,,Valor no disponible; el dato no existe,M,,
La Palma,ES707,2007,2007,Enfermería - Atención primaria (AP),ENFERMERIA_AP,Total,_T,Personas distintas atendidas en consulta,PERSONAS_DISTINTAS_ATENDIDAS_CONSULTA,44230,,,,
La Palma,ES707,2007,2007,Enfermería - Atención primaria (AP),ENFERMERIA_AP,Centro,CENTRO,Personas distintas atendidas en consulta,PERSONAS_DISTINTAS_ATENDIDAS_CONSULTA,42565,,,,
El Hierro,ES703,2007,2007,Enfermería - Atención primaria (AP),ENFERMERIA_AP,Domicilio,DOMICILIO,Personas distintas atendidas en consulta,PERSONAS_DISTINTAS_ATENDIDAS_CONSULTA,282,,,,
El Hierro,ES703,2007,2007,Enfermería - Atención primaria (AP),ENFERMERIA_AP,Teleconsulta,TELECONSULTA,Personas distintas atendidas en consulta,PERSONAS_DISTINTAS_ATENDIDAS_CONSULTA,,Valor no disponible; el dato no existe,M,,
El Hierro,ES703,2007,2007,Enfermería - Atención primaria (AP),ENFERMERIA_AP,Total,_T,Personas distintas atendidas en consulta,PERSONAS_DISTINTAS_ATENDIDAS_CONSULTA,6238,,,,
El Hierro,ES703,2007,2007,Enfermería - Atención primaria (AP),ENFERMERIA_AP,Centro,CENTRO,Personas distintas atendidas en consulta,PERSONAS_DISTINTAS_ATENDIDAS_CONSULTA,5956,,,,
Canarias,ES70,2007,2007,Pediatría - Atención primaria (AP),PEDIATRIA_AP,Domicilio,DOMICILIO,Personas distintas atendidas en consulta,PERSONAS_DISTINTAS_ATENDIDAS_CONSULTA,49,,,,
Canarias,ES70,2007,2007,Pediatría - Atención primaria (AP),PEDIATRIA_AP,Teleconsulta,TELECONSULTA,Personas distintas atendidas en consulta,PERSONAS_DISTINTAS_ATENDIDAS_CONSULTA,,Valor no disponible; el dato no existe,M,,
Canarias,ES70,2007,2007,Pediatría - Atención primaria (AP),PEDIATRIA_AP,Total,_T,Personas distintas atendidas en consulta,PERSONAS_DISTINTAS_ATENDIDAS_CONSULTA,241399,,,,
Canarias,ES70,2007,2007,Pediatría - Atención primaria (AP),PEDIATRIA_AP,Centro,CENTRO,Personas distintas atendidas en consulta,PERSONAS_DISTINTAS_ATENDIDAS_CONSULTA,241350,,,,
Lanzarote,ES708,2007,2007,Pediatría - Atención primaria (AP),PEDIATRIA_AP,Domicilio,DOMICILIO,Personas distintas atendidas en consulta,PERSONAS_DISTINTAS_ATENDIDAS_CONSULTA,0,,,,
Lanzarote,ES708,2007,2007,Pediatría - Atención primaria (AP),PEDIATRIA_AP,Teleconsulta,TELECONSULTA,Personas distintas atendidas en consulta,PERSONAS_DISTINTAS_ATENDIDAS_CONSULTA,,Valor no disponible; el dato no existe,M,,
Lanzarote,ES708,2007,2007,Pediatría - Atención primaria (AP),PEDIATRIA_AP,Total,_T,Personas distintas atendidas en consulta,PERSONAS_DISTINTAS_ATENDIDAS_CONSULTA,18127,,,,
Lanzarote,ES708,2007,2007,Pediatría - Atención primaria (AP),PEDIATRIA_AP,Centro,CENTRO,Personas distintas atendidas en consulta,PERSONAS_DISTINTAS_ATENDIDAS_CONSULTA,18127,,,,
Fuerteventura,ES704,2007,2007,Pediatría - Atención primaria (AP),PEDIATRIA_AP,Domicilio,DOMICILIO,Personas distintas atendidas en consulta,PERSONAS_DISTINTAS_ATENDIDAS_CONSULTA,4,,,,
Fuerteventura,ES704,2007,2007,Pediatría - Atención primaria (AP),PEDIATRIA_AP,Teleconsulta,TELECONSULTA,Personas distintas atendidas en consulta,PERSONAS_DISTINTAS_ATENDIDAS_CONSULTA,,Valor no disponible; el dato no existe,M,,
Fuerteventura,ES704,2007,2007,Pediatría - Atención primaria (AP),PEDIATRIA_AP,Total,_T,Personas distintas atendidas en consulta,PERSONAS_DISTINTAS_ATENDIDAS_CONSULTA,13207,,,,
Fuerteventura,ES704,2007,2007,Pediatría - Atención primaria (AP),PEDIATRIA_AP,Centro,CENTRO,Personas distintas atendidas en consulta,PERSONAS_DISTINTAS_ATENDIDAS_CONSULTA,13203,,,,
Gran Canaria,ES705,2007,2007,Pediatría - Atención primaria (AP),PEDIATRIA_AP,Domicilio,DOMICILIO,Personas distintas atendidas en consulta,PERSONAS_DISTINTAS_ATENDIDAS_CONSULTA,15,,,,
Gran Canaria,ES705,2007,2007,Pediatría - Atención primaria (AP),PEDIATRIA_AP,Teleconsulta,TELECONSULTA,Personas distintas atendidas en consulta,PERSONAS_DISTINTAS_ATENDIDAS_CONSULTA,,Valor no disponible; el dato no existe,M,,
Gran Canaria,ES705,2007,2007,Pediatría - Atención primaria (AP),PEDIATRIA_AP,Total,_T,Personas distintas atendidas en consulta,PERSONAS_DISTINTAS_ATENDIDAS_CONSULTA,95973,,,,
Gran Canaria,ES705,2007,2007,Pediatría - Atención primaria (AP),PEDIATRIA_AP,Centro,CENTRO,Personas distintas atendidas en consulta,PERSONAS_DISTINTAS_ATENDIDAS_CONSULTA,95958,,,,
Tenerife,ES709,2007,2007,Pediatría - Atención primaria (AP),PEDIATRIA_AP,Domicilio,DOMICILIO,Personas distintas atendidas en consulta,PERSONAS_DISTINTAS_ATENDIDAS_CONSULTA,23,,,,
Tenerife,ES709,2007,2007,Pediatría - Atención primaria (AP),PEDIATRIA_AP,Teleconsulta,TELECONSULTA,Personas distintas atendidas en consulta,PERSONAS_DISTINTAS_ATENDIDAS_CONSULTA,,Valor no disponible; el dato no existe,M,,
Tenerife,ES709,2007,2007,Pediatría - Atención primaria (AP),PEDIATRIA_AP,Total,_T,Personas distintas atendidas en consulta,PERSONAS_DISTINTAS_ATENDIDAS_CONSULTA,101710,,,,
Tenerife,ES709,2007,2007,Pediatría - Atención primaria (AP),PEDIATRIA_AP,Centro,CENTRO,Personas distintas atendidas en consulta,PERSONAS_DISTINTAS_ATENDIDAS_CONSULTA,101687,,,,
La Gomera,ES706,2007,2007,Pediatría - Atención primaria (AP),PEDIATRIA_AP,Domicilio,DOMICILIO,Personas distintas atendidas en consulta,PERSONAS_DISTINTAS_ATENDIDAS_CONSULTA,1,,,,
La Gomera,ES706,2007,2007,Pediatría - Atención primaria (AP),PEDIATRIA_AP,Teleconsulta,TELECONSULTA,Personas distintas atendidas en consulta,PERSONAS_DISTINTAS_ATENDIDAS_CONSULTA,,Valor no disponible; el dato no existe,M,,
La Gomera,ES706,2007,2007,Pediatría - Atención primaria (AP),PEDIATRIA_AP,Total,_T,Personas distintas atendidas en consulta,PERSONAS_DISTINTAS_ATENDIDAS_CONSULTA,1049,,,,
La Gomera,ES706,2007,2007,Pediatría - Atención primaria (AP),PEDIATRIA_AP,Centro,CENTRO,Personas distintas atendidas en consulta,PERSONAS_DISTINTAS_ATENDIDAS_CONSULTA,1048,,,,
La Palma,ES707,2007,2007,Pediatría - Atención primaria (AP),PEDIATRIA_AP,Domicilio,DOMICILIO,Personas distintas atendidas en consulta,PERSONAS_DISTINTAS_ATENDIDAS_CONSULTA,6,,,,
La Palma,ES707,2007,2007,Pediatría - Atención primaria (AP),PEDIATRIA_AP,Teleconsulta,TELECONSULTA,Personas distintas atendidas en consulta,PERSONAS_DISTINTAS_ATENDIDAS_CONSULTA,,Valor no disponible; el dato no existe,M,,
La Palma,ES707,2007,2007,Pediatría - Atención primaria (AP),PEDIATRIA_AP,Total,_T,Personas distintas atendidas en consulta,PERSONAS_DISTINTAS_ATENDIDAS_CONSULTA,10106,,,,
La Palma,ES707,2007,2007,Pediatría - Atención primaria (AP),PEDIATRIA_AP,Centro,CENTRO,Personas distintas atendidas en consulta,PERSONAS_DISTINTAS_ATENDIDAS_CONSULTA,10100,,,,
El Hierro,ES703,2007,2007,Pediatría - Atención primaria (AP),PEDIATRIA_AP,Domicilio,DOMICILIO,Personas distintas atendidas en consulta,PERSONAS_DISTINTAS_ATENDIDAS_CONSULTA,0,,,,
El Hierro,ES703,2007,2007,Pediatría - Atención primaria (AP),PEDIATRIA_AP,Teleconsulta,TELECONSULTA,Personas distintas atendidas en consulta,PERSONAS_DISTINTAS_ATENDIDAS_CONSULTA,,Valor no disponible; el dato no existe,M,,
El Hierro,ES703,2007,2007,Pediatría - Atención primaria (AP),PEDIATRIA_AP,Total,_T,Personas distintas atendidas en consulta,PERSONAS_DISTINTAS_ATENDIDAS_CONSULTA,1227,,,,
El Hierro,ES703,2007,2007,Pediatría - Atención primaria (AP),PEDIATRIA_AP,Centro,CENTRO,Personas distintas atendidas en consulta,PERSONAS_DISTINTAS_ATENDIDAS_CONSULTA,1227,,,,
Canarias,ES70,2007,2007,Medicina Familia y Comunitaria - Atención primaria (AP),FAMILIA_COMUNITARIA_AP,Domicilio,DOMICILIO,Personas distintas atendidas en consulta,PERSONAS_DISTINTAS_ATENDIDAS_CONSULTA,16161,,,,
Canarias,ES70,2007,2007,Medicina Familia y Comunitaria - Atención primaria (AP),FAMILIA_COMUNITARIA_AP,Teleconsulta,TELECONSULTA,Personas distintas atendidas en consulta,PERSONAS_DISTINTAS_ATENDIDAS_CONSULTA,,Valor no disponible; el dato no existe,M,,
Canarias,ES70,2007,2007,Medicina Familia y Comunitaria - Atención primaria (AP),FAMILIA_COMUNITARIA_AP,Total,_T,Personas distintas atendidas en consulta,PERSONAS_DISTINTAS_ATENDIDAS_CONSULTA,1264899,,,,
Canarias,ES70,2007,2007,Medicina Familia y Comunitaria - Atención primaria (AP),FAMILIA_COMUNITARIA_AP,Centro,CENTRO,Personas distintas atendidas en consulta,PERSONAS_DISTINTAS_ATENDIDAS_CONSULTA,1248738,,,,
Lanzarote,ES708,2007,2007,Medicina Familia y Comunitaria - Atención primaria (AP),FAMILIA_COMUNITARIA_AP,Domicilio,DOMICILIO,Personas distintas atendidas en consulta,PERSONAS_DISTINTAS_ATENDIDAS_CONSULTA,801,,,,
Lanzarote,ES708,2007,2007,Medicina Familia y Comunitaria - Atención primaria (AP),FAMILIA_COMUNITARIA_AP,Teleconsulta,TELECONSULTA,Personas distintas atendidas en consulta,PERSONAS_DISTINTAS_ATENDIDAS_CONSULTA,,Valor no disponible; el dato no existe,M,,
Lanzarote,ES708,2007,2007,Medicina Familia y Comunitaria - Atención primaria (AP),FAMILIA_COMUNITARIA_AP,Total,_T,Personas distintas atendidas en consulta,PERSONAS_DISTINTAS_ATENDIDAS_CONSULTA,79617,,,,
Lanzarote,ES708,2007,2007,Medicina Familia y Comunitaria - Atención primaria (AP),FAMILIA_COMUNITARIA_AP,Centro,CENTRO,Personas distintas atendidas en consulta,PERSONAS_DISTINTAS_ATENDIDAS_CONSULTA,78816,,,,
Fuerteventura,ES704,2007,2007,Medicina Familia y Comunitaria - Atención primaria (AP),FAMILIA_COMUNITARIA_AP,Domicilio,DOMICILIO,Personas distintas atendidas en consulta,PERSONAS_DISTINTAS_ATENDIDAS_CONSULTA,439,,,,
Fuerteventura,ES704,2007,2007,Medicina Familia y Comunitaria - Atención primaria (AP),FAMILIA_COMUNITARIA_AP,Teleconsulta,TELECONSULTA,Personas distintas atendidas en consulta,PERSONAS_DISTINTAS_ATENDIDAS_CONSULTA,,Valor no disponible; el dato no existe,M,,
Fuerteventura,ES704,2007,2007,Medicina Familia y Comunitaria - Atención primaria (AP),FAMILIA_COMUNITARIA_AP,Total,_T,Personas distintas atendidas en consulta,PERSONAS_DISTINTAS_ATENDIDAS_CONSULTA,61443,,,,
Fuerteventura,ES704,2007,2007,Medicina Familia y Comunitaria - Atención primaria (AP),FAMILIA_COMUNITARIA_AP,Centro,CENTRO,Personas distintas atendidas en consulta,PERSONAS_DISTINTAS_ATENDIDAS_CONSULTA,61004,,,,
Gran Canaria,ES705,2007,2007,Medicina Familia y Comunitaria - Atención primaria (AP),FAMILIA_COMUNITARIA_AP,Domicilio,DOMICILIO,Personas distintas atendidas en consulta,PERSONAS_DISTINTAS_ATENDIDAS_CONSULTA,5593,,,,
Gran Canaria,ES705,2007,2007,Medicina Familia y Comunitaria - Atención primaria (AP),FAMILIA_COMUNITARIA_AP,Teleconsulta,TELECONSULTA,Personas distintas atendidas en consulta,PERSONAS_DISTINTAS_ATENDIDAS_CONSULTA,,Valor no disponible; el dato no existe,M,,
Gran Canaria,ES705,2007,2007,Medicina Familia y Comunitaria - Atención primaria (AP),FAMILIA_COMUNITARIA_AP,Total,_T,Personas distintas atendidas en consulta,PERSONAS_DISTINTAS_ATENDIDAS_CONSULTA,528475,,,,
Gran Canaria,ES705,2007,2007,Medicina Familia y Comunitaria - Atención primaria (AP),FAMILIA_COMUNITARIA_AP,Centro,CENTRO,Personas distintas atendidas en consulta,PERSONAS_DISTINTAS_ATENDIDAS_CONSULTA,522882,,,,
Tenerife,ES709,2007,2007,Medicina Familia y Comunitaria - Atención primaria (AP),FAMILIA_COMUNITARIA_AP,Domicilio,DOMICILIO,Personas distintas atendidas en consulta,PERSONAS_DISTINTAS_ATENDIDAS_CONSULTA,7497,,,,
Tenerife,ES709,2007,2007,Medicina Familia y Comunitaria - Atención primaria (AP),FAMILIA_COMUNITARIA_AP,Teleconsulta,TELECONSULTA,Personas distintas atendidas en consulta,PERSONAS_DISTINTAS_ATENDIDAS_CONSULTA,,Valor no disponible; el dato no existe,M,,
Tenerife,ES709,2007,2007,Medicina Familia y Comunitaria - Atención primaria (AP),FAMILIA_COMUNITARIA_AP,Total,_T,Personas distintas atendidas en consulta,PERSONAS_DISTINTAS_ATENDIDAS_CONSULTA,516207,,,,
Tenerife,ES709,2007,2007,Medicina Familia y Comunitaria - Atención primaria (AP),FAMILIA_COMUNITARIA_AP,Centro,CENTRO,Personas distintas atendidas en consulta,PERSONAS_DISTINTAS_ATENDIDAS_CONSULTA,508710,,,,
La Gomera,ES706,2007,2007,Medicina Familia y Comunitaria - Atención primaria (AP),FAMILIA_COMUNITARIA_AP,Domicilio,DOMICILIO,Personas distintas atendidas en consulta,PERSONAS_DISTINTAS_ATENDIDAS_CONSULTA,306,,,,
La Gomera,ES706,2007,2007,Medicina Familia y Comunitaria - Atención primaria (AP),FAMILIA_COMUNITARIA_AP,Teleconsulta,TELECONSULTA,Personas distintas atendidas en consulta,PERSONAS_DISTINTAS_ATENDIDAS_CONSULTA,,Valor no disponible; el dato no existe,M,,
La Gomera,ES706,2007,2007,Medicina Familia y Comunitaria - Atención primaria (AP),FAMILIA_COMUNITARIA_AP,Total,_T,Personas distintas atendidas en consulta,PERSONAS_DISTINTAS_ATENDIDAS_CONSULTA,14989,,,,
La Gomera,ES706,2007,2007,Medicina Familia y Comunitaria - Atención primaria (AP),FAMILIA_COMUNITARIA_AP,Centro,CENTRO,Personas distintas atendidas en consulta,PERSONAS_DISTINTAS_ATENDIDAS_CONSULTA,14683,,,,
La Palma,ES707,2007,2007,Medicina Familia y Comunitaria - Atención primaria (AP),FAMILIA_COMUNITARIA_AP,Domicilio,DOMICILIO,Personas distintas atendidas en consulta,PERSONAS_DISTINTAS_ATENDIDAS_CONSULTA,1281,,,,
La Palma,ES707,2007,2007,Medicina Familia y Comunitaria - Atención primaria (AP),FAMILIA_COMUNITARIA_AP,Teleconsulta,TELECONSULTA,Personas distintas atendidas en consulta,PERSONAS_DISTINTAS_ATENDIDAS_CONSULTA,,Valor no disponible; el dato no existe,M,,
La Palma,ES707,2007,2007,Medicina Familia y Comunitaria - Atención primaria (AP),FAMILIA_COMUNITARIA_AP,Total,_T,Personas distintas atendidas en consulta,PERSONAS_DISTINTAS_ATENDIDAS_CONSULTA,56592,,,,
La Palma,ES707,2007,2007,Medicina Familia y Comunitaria - Atención primaria (AP),FAMILIA_COMUNITARIA_AP,Centro,CENTRO,Personas distintas atendidas en consulta,PERSONAS_DISTINTAS_ATENDIDAS_CONSULTA,55311,,,,
El Hierro,ES703,2007,2007,Medicina Familia y Comunitaria - Atención primaria (AP),FAMILIA_COMUNITARIA_AP,Domicilio,DOMICILIO,Personas distintas atendidas en consulta,PERSONAS_DISTINTAS_ATENDIDAS_CONSULTA,244,,,,
El Hierro,ES703,2007,2007,Medicina Familia y Comunitaria - Atención primaria (AP),FAMILIA_COMUNITARIA_AP,Teleconsulta,TELECONSULTA,Personas distintas atendidas en consulta,PERSONAS_DISTINTAS_ATENDIDAS_CONSULTA,,Valor no disponible; el dato no existe,M,,
El Hierro,ES703,2007,2007,Medicina Familia y Comunitaria - Atención primaria (AP),FAMILIA_COMUNITARIA_AP,Total,_T,Personas distintas atendidas en consulta,PERSONAS_DISTINTAS_ATENDIDAS_CONSULTA,7576,,,,
El Hierro,ES703,2007,2007,Medicina Familia y Comunitaria - Atención primaria (AP),FAMILIA_COMUNITARIA_AP,Centro,CENTRO,Personas distintas atendidas en consulta,PERSONAS_DISTINTAS_ATENDIDAS_CONSULTA,7332,,,,
Canarias,ES70,2008,2008,Enfermería - Atención primaria (AP),ENFERMERIA_AP,Domicilio,DOMICILIO,Personas distintas atendidas en consulta,PERSONAS_DISTINTAS_ATENDIDAS_CONSULTA,22376,,,,
Canarias,ES70,2008,2008,Enfermería - Atención primaria (AP),ENFERMERIA_AP,Teleconsulta,TELECONSULTA,Personas distintas atendidas en consulta,PERSONAS_DISTINTAS_ATENDIDAS_CONSULTA,,Valor no disponible; el dato no existe,M,,
Canarias,ES70,2008,2008,Enfermería - Atención primaria (AP),ENFERMERIA_AP,Total,_T,Personas distintas atendidas en consulta,PERSONAS_DISTINTAS_ATENDIDAS_CONSULTA,819852,,,,
Canarias,ES70,2008,2008,Enfermería - Atención primaria (AP),ENFERMERIA_AP,Centro,CENTRO,Personas distintas atendidas en consulta,PERSONAS_DISTINTAS_ATENDIDAS_CONSULTA,797476,,,,
Lanzarote,ES708,2008,2008,Enfermería - Atención primaria (AP),ENFERMERIA_AP,Domicilio,DOMICILIO,Personas distintas atendidas en consulta,PERSONAS_DISTINTAS_ATENDIDAS_CONSULTA,,Valor no disponible; el dato no existe,M,,
Lanzarote,ES708,2008,2008,Enfermería - Atención primaria (AP),ENFERMERIA_AP,Teleconsulta,TELECONSULTA,Personas distintas atendidas en consulta,PERSONAS_DISTINTAS_ATENDIDAS_CONSULTA,,Valor no disponible; el dato no existe,M,,
Lanzarote,ES708,2008,2008,Enfermería - Atención primaria (AP),ENFERMERIA_AP,Total,_T,Personas distintas atendidas en consulta,PERSONAS_DISTINTAS_ATENDIDAS_CONSULTA,,Valor no disponible; el dato no existe,M,,
Lanzarote,ES708,2008,2008,Enfermería - Atención primaria (AP),ENFERMERIA_AP,Centro,CENTRO,Personas distintas atendidas en consulta,PERSONAS_DISTINTAS_ATENDIDAS_CONSULTA,,Valor no disponible; el dato no existe,M,,
Fuerteventura,ES704,2008,2008,Enfermería - Atención primaria (AP),ENFERMERIA_AP,Domicilio,DOMICILIO,Personas distintas atendidas en consulta,PERSONAS_DISTINTAS_ATENDIDAS_CONSULTA,882,,,,
Fuerteventura,ES704,2008,2008,Enfermería - Atención primaria (AP),ENFERMERIA_AP,Teleconsulta,TELECONSULTA,Personas distintas atendidas en consulta,PERSONAS_DISTINTAS_ATENDIDAS_CONSULTA,,Valor no disponible; el dato no existe,M,,
Fuerteventura,ES704,2008,2008,Enfermería - Atención primaria (AP),ENFERMERIA_AP,Total,_T,Personas distintas atendidas en consulta,PERSONAS_DISTINTAS_ATENDIDAS_CONSULTA,50165,,,,
Fuerteventura,ES704,2008,2008,Enfermería - Atención primaria (AP),ENFERMERIA_AP,Centro,CENTRO,Personas distintas atendidas en consulta,PERSONAS_DISTINTAS_ATENDIDAS_CONSULTA,49283,,,,
Gran Canaria,ES705,2008,2008,Enfermería - Atención primaria (AP),ENFERMERIA_AP,Domicilio,DOMICILIO,Personas distintas atendidas en consulta,PERSONAS_DISTINTAS_ATENDIDAS_CONSULTA,10478,,,,
Gran Canaria,ES705,2008,2008,Enfermería - Atención primaria (AP),ENFERMERIA_AP,Teleconsulta,TELECONSULTA,Personas distintas atendidas en consulta,PERSONAS_DISTINTAS_ATENDIDAS_CONSULTA,,Valor no disponible; el dato no existe,M,,
Gran Canaria,ES705,2008,2008,Enfermería - Atención primaria (AP),ENFERMERIA_AP,Total,_T,Personas distintas atendidas en consulta,PERSONAS_DISTINTAS_ATENDIDAS_CONSULTA,305782,,,,
Gran Canaria,ES705,2008,2008,Enfermería - Atención primaria (AP),ENFERMERIA_AP,Centro,CENTRO,Personas distintas atendidas en consulta,PERSONAS_DISTINTAS_ATENDIDAS_CONSULTA,295304,,,,
Tenerife,ES709,2008,2008,Enfermería - Atención primaria (AP),ENFERMERIA_AP,Domicilio,DOMICILIO,Personas distintas atendidas en consulta,PERSONAS_DISTINTAS_ATENDIDAS_CONSULTA,8479,,,,
Tenerife,ES709,2008,2008,Enfermería - Atención primaria (AP),ENFERMERIA_AP,Teleconsulta,TELECONSULTA,Personas distintas atendidas en consulta,PERSONAS_DISTINTAS_ATENDIDAS_CONSULTA,,Valor no disponible; el dato no existe,M,,
Tenerife,ES709,2008,2008,Enfermería - Atención primaria (AP),ENFERMERIA_AP,Total,_T,Personas distintas atendidas en consulta,PERSONAS_DISTINTAS_ATENDIDAS_CONSULTA,400508,,,,
Tenerife,ES709,2008,2008,Enfermería - Atención primaria (AP),ENFERMERIA_AP,Centro,CENTRO,Personas distintas atendidas en consulta,PERSONAS_DISTINTAS_ATENDIDAS_CONSULTA,392029,,,,
La Gomera,ES706,2008,2008,Enfermería - Atención primaria (AP),ENFERMERIA_AP,Domicilio,DOMICILIO,Personas distintas atendidas en consulta,PERSONAS_DISTINTAS_ATENDIDAS_CONSULTA,509,,,,
La Gomera,ES706,2008,2008,Enfermería - Atención primaria (AP),ENFERMERIA_AP,Teleconsulta,TELECONSULTA,Personas distintas atendidas en consulta,PERSONAS_DISTINTAS_ATENDIDAS_CONSULTA,,Valor no disponible; el dato no existe,M,,
La Gomera,ES706,2008,2008,Enfermería - Atención primaria (AP),ENFERMERIA_AP,Total,_T,Personas distintas atendidas en consulta,PERSONAS_DISTINTAS_ATENDIDAS_CONSULTA,11903,,,,
La Gomera,ES706,2008,2008,Enfermería - Atención primaria (AP),ENFERMERIA_AP,Centro,CENTRO,Personas distintas atendidas en consulta,PERSONAS_DISTINTAS_ATENDIDAS_CONSULTA,11394,,,,
La Palma,ES707,2008,2008,Enfermería - Atención primaria (AP),ENFERMERIA_AP,Domicilio,DOMICILIO,Personas distintas atendidas en consulta,PERSONAS_DISTINTAS_ATENDIDAS_CONSULTA,1754,,,,
La Palma,ES707,2008,2008,Enfermería - Atención primaria (AP),ENFERMERIA_AP,Teleconsulta,TELECONSULTA,Personas distintas atendidas en consulta,PERSONAS_DISTINTAS_ATENDIDAS_CONSULTA,,Valor no disponible; el dato no existe,M,,
La Palma,ES707,2008,2008,Enfermería - Atención primaria (AP),ENFERMERIA_AP,Total,_T,Personas distintas atendidas en consulta,PERSONAS_DISTINTAS_ATENDIDAS_CONSULTA,45288,,,,
La Palma,ES707,2008,2008,Enfermería - Atención primaria (AP),ENFERMERIA_AP,Centro,CENTRO,Personas distintas atendidas en consulta,PERSONAS_DISTINTAS_ATENDIDAS_CONSULTA,43534,,,,
El Hierro,ES703,2008,2008,Enfermería - Atención primaria (AP),ENFERMERIA_AP,Domicilio,DOMICILIO,Personas distintas atendidas en consulta,PERSONAS_DISTINTAS_ATENDIDAS_CONSULTA,274,,,,
El Hierro,ES703,2008,2008,Enfermería - Atención primaria (AP),ENFERMERIA_AP,Teleconsulta,TELECONSULTA,Personas distintas atendidas en consulta,PERSONAS_DISTINTAS_ATENDIDAS_CONSULTA,,Valor no disponible; el dato no existe,M,,
El Hierro,ES703,2008,2008,Enfermería - Atención primaria (AP),ENFERMERIA_AP,Total,_T,Personas distintas atendidas en consulta,PERSONAS_DISTINTAS_ATENDIDAS_CONSULTA,6206,,,,
El Hierro,ES703,2008,2008,Enfermería - Atención primaria (AP),ENFERMERIA_AP,Centro,CENTRO,Personas distintas atendidas en consulta,PERSONAS_DISTINTAS_ATENDIDAS_CONSULTA,5932,,,,
Canarias,ES70,2008,2008,Pediatría - Atención primaria (AP),PEDIATRIA_AP,Domicilio,DOMICILIO,Personas distintas atendidas en consulta,PERSONAS_DISTINTAS_ATENDIDAS_CONSULTA,57,,,,
Canarias,ES70,2008,2008,Pediatría - Atención primaria (AP),PEDIATRIA_AP,Teleconsulta,TELECONSULTA,Personas distintas atendidas en consulta,PERSONAS_DISTINTAS_ATENDIDAS_CONSULTA,,Valor no disponible; el dato no existe,M,,
Canarias,ES70,2008,2008,Pediatría - Atención primaria (AP),PEDIATRIA_AP,Total,_T,Personas distintas atendidas en consulta,PERSONAS_DISTINTAS_ATENDIDAS_CONSULTA,250151,,,,
Canarias,ES70,2008,2008,Pediatría - Atención primaria (AP),PEDIATRIA_AP,Centro,CENTRO,Personas distintas atendidas en consulta,PERSONAS_DISTINTAS_ATENDIDAS_CONSULTA,250094,,,,
Lanzarote,ES708,2008,2008,Pediatría - Atención primaria (AP),PEDIATRIA_AP,Domicilio,DOMICILIO,Personas distintas atendidas en consulta,PERSONAS_DISTINTAS_ATENDIDAS_CONSULTA,1,,,,
Lanzarote,ES708,2008,2008,Pediatría - Atención primaria (AP),PEDIATRIA_AP,Teleconsulta,TELECONSULTA,Personas distintas atendidas en consulta,PERSONAS_DISTINTAS_ATENDIDAS_CONSULTA,,Valor no disponible; el dato no existe,M,,
Lanzarote,ES708,2008,2008,Pediatría - Atención primaria (AP),PEDIATRIA_AP,Total,_T,Personas distintas atendidas en consulta,PERSONAS_DISTINTAS_ATENDIDAS_CONSULTA,18629,,,,
Lanzarote,ES708,2008,2008,Pediatría - Atención primaria (AP),PEDIATRIA_AP,Centro,CENTRO,Personas distintas atendidas en consulta,PERSONAS_DISTINTAS_ATENDIDAS_CONSULTA,18628,,,,
Fuerteventura,ES704,2008,2008,Pediatría - Atención primaria (AP),PEDIATRIA_AP,Domicilio,DOMICILIO,Personas distintas atendidas en consulta,PERSONAS_DISTINTAS_ATENDIDAS_CONSULTA,8,,,,
Fuerteventura,ES704,2008,2008,Pediatría - Atención primaria (AP),PEDIATRIA_AP,Teleconsulta,TELECONSULTA,Personas distintas atendidas en consulta,PERSONAS_DISTINTAS_ATENDIDAS_CONSULTA,,Valor no disponible; el dato no existe,M,,
Fuerteventura,ES704,2008,2008,Pediatría - Atención primaria (AP),PEDIATRIA_AP,Total,_T,Personas distintas atendidas en consulta,PERSONAS_DISTINTAS_ATENDIDAS_CONSULTA,18953,,,,
Fuerteventura,ES704,2008,2008,Pediatría - Atención primaria (AP),PEDIATRIA_AP,Centro,CENTRO,Personas distintas atendidas en consulta,PERSONAS_DISTINTAS_ATENDIDAS_CONSULTA,18945,,,,
Gran Canaria,ES705,2008,2008,Pediatría - Atención primaria (AP),PEDIATRIA_AP,Domicilio,DOMICILIO,Personas distintas atendidas en consulta,PERSONAS_DISTINTAS_ATENDIDAS_CONSULTA,12,,,,
Gran Canaria,ES705,2008,2008,Pediatría - Atención primaria (AP),PEDIATRIA_AP,Teleconsulta,TELECONSULTA,Personas distintas atendidas en consulta,PERSONAS_DISTINTAS_ATENDIDAS_CONSULTA,,Valor no disponible; el dato no existe,M,,
Gran Canaria,ES705,2008,2008,Pediatría - Atención primaria (AP),PEDIATRIA_AP,Total,_T,Personas distintas atendidas en consulta,PERSONAS_DISTINTAS_ATENDIDAS_CONSULTA,96967,,,,
Gran Canaria,ES705,2008,2008,Pediatría - Atención primaria (AP),PEDIATRIA_AP,Centro,CENTRO,Personas distintas atendidas en consulta,PERSONAS_DISTINTAS_ATENDIDAS_CONSULTA,96955,,,,
Tenerife,ES709,2008,2008,Pediatría - Atención primaria (AP),PEDIATRIA_AP,Domicilio,DOMICILIO,Personas distintas atendidas en consulta,PERSONAS_DISTINTAS_ATENDIDAS_CONSULTA,34,,,,
Tenerife,ES709,2008,2008,Pediatría - Atención primaria (AP),PEDIATRIA_AP,Teleconsulta,TELECONSULTA,Personas distintas atendidas en consulta,PERSONAS_DISTINTAS_ATENDIDAS_CONSULTA,,Valor no disponible; el dato no existe,M,,
Tenerife,ES709,2008,2008,Pediatría - Atención primaria (AP),PEDIATRIA_AP,Total,_T,Personas distintas atendidas en consulta,PERSONAS_DISTINTAS_ATENDIDAS_CONSULTA,103285,,,,
Tenerife,ES709,2008,2008,Pediatría - Atención primaria (AP),PEDIATRIA_AP,Centro,CENTRO,Personas distintas atendidas en consulta,PERSONAS_DISTINTAS_ATENDIDAS_CONSULTA,103251,,,,
La Gomera,ES706,2008,2008,Pediatría - Atención primaria (AP),PEDIATRIA_AP,Domicilio,DOMICILIO,Personas distintas atendidas en consulta,PERSONAS_DISTINTAS_ATENDIDAS_CONSULTA,0,,,,
La Gomera,ES706,2008,2008,Pediatría - Atención primaria (AP),PEDIATRIA_AP,Teleconsulta,TELECONSULTA,Personas distintas atendidas en consulta,PERSONAS_DISTINTAS_ATENDIDAS_CONSULTA,,Valor no disponible; el dato no existe,M,,
La Gomera,ES706,2008,2008,Pediatría - Atención primaria (AP),PEDIATRIA_AP,Total,_T,Personas distintas atendidas en consulta,PERSONAS_DISTINTAS_ATENDIDAS_CONSULTA,1087,,,,
La Gomera,ES706,2008,2008,Pediatría - Atención primaria (AP),PEDIATRIA_AP,Centro,CENTRO,Personas distintas atendidas en consulta,PERSONAS_DISTINTAS_ATENDIDAS_CONSULTA,1087,,,,
La Palma,ES707,2008,2008,Pediatría - Atención primaria (AP),PEDIATRIA_AP,Domicilio,DOMICILIO,Personas distintas atendidas en consulta,PERSONAS_DISTINTAS_ATENDIDAS_CONSULTA,2,,,,
La Palma,ES707,2008,2008,Pediatría - Atención primaria (AP),PEDIATRIA_AP,Teleconsulta,TELECONSULTA,Personas distintas atendidas en consulta,PERSONAS_DISTINTAS_ATENDIDAS_CONSULTA,,Valor no disponible; el dato no existe,M,,
La Palma,ES707,2008,2008,Pediatría - Atención primaria (AP),PEDIATRIA_AP,Total,_T,Personas distintas atendidas en consulta,PERSONAS_DISTINTAS_ATENDIDAS_CONSULTA,9928,,,,
La Palma,ES707,2008,2008,Pediatría - Atención primaria (AP),PEDIATRIA_AP,Centro,CENTRO,Personas distintas atendidas en consulta,PERSONAS_DISTINTAS_ATENDIDAS_CONSULTA,9926,,,,
El Hierro,ES703,2008,2008,Pediatría - Atención primaria (AP),PEDIATRIA_AP,Domicilio,DOMICILIO,Personas distintas atendidas en consulta,PERSONAS_DISTINTAS_ATENDIDAS_CONSULTA,0,,,,
El Hierro,ES703,2008,2008,Pediatría - Atención primaria (AP),PEDIATRIA_AP,Teleconsulta,TELECONSULTA,Personas distintas atendidas en consulta,PERSONAS_DISTINTAS_ATENDIDAS_CONSULTA,,Valor no disponible; el dato no existe,M,,
El Hierro,ES703,2008,2008,Pediatría - Atención primaria (AP),PEDIATRIA_AP,Total,_T,Personas distintas atendidas en consulta,PERSONAS_DISTINTAS_ATENDIDAS_CONSULTA,1302,,,,
El Hierro,ES703,2008,2008,Pediatría - Atención primaria (AP),PEDIATRIA_AP,Centro,CENTRO,Personas distintas atendidas en consulta,PERSONAS_DISTINTAS_ATENDIDAS_CONSULTA,1302,,,,
Canarias,ES70,2008,2008,Medicina Familia y Comunitaria - Atención primaria (AP),FAMILIA_COMUNITARIA_AP,Domicilio,DOMICILIO,Personas distintas atendidas en consulta,PERSONAS_DISTINTAS_ATENDIDAS_CONSULTA,15658,,,,
Canarias,ES70,2008,2008,Medicina Familia y Comunitaria - Atención primaria (AP),FAMILIA_COMUNITARIA_AP,Teleconsulta,TELECONSULTA,Personas distintas atendidas en consulta,PERSONAS_DISTINTAS_ATENDIDAS_CONSULTA,,Valor no disponible; el dato no existe,M,,
Canarias,ES70,2008,2008,Medicina Familia y Comunitaria - Atención primaria (AP),FAMILIA_COMUNITARIA_AP,Total,_T,Personas distintas atendidas en consulta,PERSONAS_DISTINTAS_ATENDIDAS_CONSULTA,1314297,,,,
Canarias,ES70,2008,2008,Medicina Familia y Comunitaria - Atención primaria (AP),FAMILIA_COMUNITARIA_AP,Centro,CENTRO,Personas distintas atendidas en consulta,PERSONAS_DISTINTAS_ATENDIDAS_CONSULTA,1298639,,,,
Lanzarote,ES708,2008,2008,Medicina Familia y Comunitaria - Atención primaria (AP),FAMILIA_COMUNITARIA_AP,Domicilio,DOMICILIO,Personas distintas atendidas en consulta,PERSONAS_DISTINTAS_ATENDIDAS_CONSULTA,725,,,,
Lanzarote,ES708,2008,2008,Medicina Familia y Comunitaria - Atención primaria (AP),FAMILIA_COMUNITARIA_AP,Teleconsulta,TELECONSULTA,Personas distintas atendidas en consulta,PERSONAS_DISTINTAS_ATENDIDAS_CONSULTA,,Valor no disponible; el dato no existe,M,,
Lanzarote,ES708,2008,2008,Medicina Familia y Comunitaria - Atención primaria (AP),FAMILIA_COMUNITARIA_AP,Total,_T,Personas distintas atendidas en consulta,PERSONAS_DISTINTAS_ATENDIDAS_CONSULTA,80702,,,,
Lanzarote,ES708,2008,2008,Medicina Familia y Comunitaria - Atención primaria (AP),FAMILIA_COMUNITARIA_AP,Centro,CENTRO,Personas distintas atendidas en consulta,PERSONAS_DISTINTAS_ATENDIDAS_CONSULTA,79977,,,,
Fuerteventura,ES704,2008,2008,Medicina Familia y Comunitaria - Atención primaria (AP),FAMILIA_COMUNITARIA_AP,Domicilio,DOMICILIO,Personas distintas atendidas en consulta,PERSONAS_DISTINTAS_ATENDIDAS_CONSULTA,522,,,,
Fuerteventura,ES704,2008,2008,Medicina Familia y Comunitaria - Atención primaria (AP),FAMILIA_COMUNITARIA_AP,Teleconsulta,TELECONSULTA,Personas distintas atendidas en consulta,PERSONAS_DISTINTAS_ATENDIDAS_CONSULTA,,Valor no disponible; el dato no existe,M,,
Fuerteventura,ES704,2008,2008,Medicina Familia y Comunitaria - Atención primaria (AP),FAMILIA_COMUNITARIA_AP,Total,_T,Personas distintas atendidas en consulta,PERSONAS_DISTINTAS_ATENDIDAS_CONSULTA,96496,,,,
Fuerteventura,ES704,2008,2008,Medicina Familia y Comunitaria - Atención primaria (AP),FAMILIA_COMUNITARIA_AP,Centro,CENTRO,Personas distintas atendidas en consulta,PERSONAS_DISTINTAS_ATENDIDAS_CONSULTA,95974,,,,
Gran Canaria,ES705,2008,2008,Medicina Familia y Comunitaria - Atención primaria (AP),FAMILIA_COMUNITARIA_AP,Domicilio,DOMICILIO,Personas distintas atendidas en consulta,PERSONAS_DISTINTAS_ATENDIDAS_CONSULTA,5067,,,,
Gran Canaria,ES705,2008,2008,Medicina Familia y Comunitaria - Atención primaria (AP),FAMILIA_COMUNITARIA_AP,Teleconsulta,TELECONSULTA,Personas distintas atendidas en consulta,PERSONAS_DISTINTAS_ATENDIDAS_CONSULTA,,Valor no disponible; el dato no existe,M,,
Gran Canaria,ES705,2008,2008,Medicina Familia y Comunitaria - Atención primaria (AP),FAMILIA_COMUNITARIA_AP,Total,_T,Personas distintas atendidas en consulta,PERSONAS_DISTINTAS_ATENDIDAS_CONSULTA,531607,,,,
Gran Canaria,ES705,2008,2008,Medicina Familia y Comunitaria - Atención primaria (AP),FAMILIA_COMUNITARIA_AP,Centro,CENTRO,Personas distintas atendidas en consulta,PERSONAS_DISTINTAS_ATENDIDAS_CONSULTA,526540,,,,
Tenerife,ES709,2008,2008,Medicina Familia y Comunitaria - Atención primaria (AP),FAMILIA_COMUNITARIA_AP,Domicilio,DOMICILIO,Personas distintas atendidas en consulta,PERSONAS_DISTINTAS_ATENDIDAS_CONSULTA,7515,,,,
Tenerife,ES709,2008,2008,Medicina Familia y Comunitaria - Atención primaria (AP),FAMILIA_COMUNITARIA_AP,Teleconsulta,TELECONSULTA,Personas distintas atendidas en consulta,PERSONAS_DISTINTAS_ATENDIDAS_CONSULTA,,Valor no disponible; el dato no existe,M,,
Tenerife,ES709,2008,2008,Medicina Familia y Comunitaria - Atención primaria (AP),FAMILIA_COMUNITARIA_AP,Total,_T,Personas distintas atendidas en consulta,PERSONAS_DISTINTAS_ATENDIDAS_CONSULTA,528372,,,,
Tenerife,ES709,2008,2008,Medicina Familia y Comunitaria - Atención primaria (AP),FAMILIA_COMUNITARIA_AP,Centro,CENTRO,Personas distintas atendidas en consulta,PERSONAS_DISTINTAS_ATENDIDAS_CONSULTA,520857,,,,
La Gomera,ES706,2008,2008,Medicina Familia y Comunitaria - Atención primaria (AP),FAMILIA_COMUNITARIA_AP,Domicilio,DOMICILIO,Personas distintas atendidas en consulta,PERSONAS_DISTINTAS_ATENDIDAS_CONSULTA,350,,,,
La Gomera,ES706,2008,2008,Medicina Familia y Comunitaria - Atención primaria (AP),FAMILIA_COMUNITARIA_AP,Teleconsulta,TELECONSULTA,Personas distintas atendidas en consulta,PERSONAS_DISTINTAS_ATENDIDAS_CONSULTA,,Valor no disponible; el dato no existe,M,,
La Gomera,ES706,2008,2008,Medicina Familia y Comunitaria - Atención primaria (AP),FAMILIA_COMUNITARIA_AP,Total,_T,Personas distintas atendidas en consulta,PERSONAS_DISTINTAS_ATENDIDAS_CONSULTA,14718,,,,
La Gomera,ES706,2008,2008,Medicina Familia y Comunitaria - Atención primaria (AP),FAMILIA_COMUNITARIA_AP,Centro,CENTRO,Personas distintas atendidas en consulta,PERSONAS_DISTINTAS_ATENDIDAS_CONSULTA,14368,,,,
La Palma,ES707,2008,2008,Medicina Familia y Comunitaria - Atención primaria (AP),FAMILIA_COMUNITARIA_AP,Domicilio,DOMICILIO,Personas distintas atendidas en consulta,PERSONAS_DISTINTAS_ATENDIDAS_CONSULTA,1245,,,,
La Palma,ES707,2008,2008,Medicina Familia y Comunitaria - Atención primaria (AP),FAMILIA_COMUNITARIA_AP,Teleconsulta,TELECONSULTA,Personas distintas atendidas en consulta,PERSONAS_DISTINTAS_ATENDIDAS_CONSULTA,,Valor no disponible; el dato no existe,M,,
La Palma,ES707,2008,2008,Medicina Familia y Comunitaria - Atención primaria (AP),FAMILIA_COMUNITARIA_AP,Total,_T,Personas distintas atendidas en consulta,PERSONAS_DISTINTAS_ATENDIDAS_CONSULTA,54498,,,,
La Palma,ES707,2008,2008,Medicina Familia y Comunitaria - Atención primaria (AP),FAMILIA_COMUNITARIA_AP,Centro,CENTRO,Personas distintas atendidas en consulta,PERSONAS_DISTINTAS_ATENDIDAS_CONSULTA,53253,,,,
El Hierro,ES703,2008,2008,Medicina Familia y Comunitaria - Atención primaria (AP),FAMILIA_COMUNITARIA_AP,Domicilio,DOMICILIO,Personas distintas atendidas en consulta,PERSONAS_DISTINTAS_ATENDIDAS_CONSULTA,234,,,,
El Hierro,ES703,2008,2008,Medicina Familia y Comunitaria - Atención primaria (AP),FAMILIA_COMUNITARIA_AP,Teleconsulta,TELECONSULTA,Personas distintas atendidas en consulta,PERSONAS_DISTINTAS_ATENDIDAS_CONSULTA,,Valor no disponible; el dato no existe,M,,
El Hierro,ES703,2008,2008,Medicina Familia y Comunitaria - Atención primaria (AP),FAMILIA_COMUNITARIA_AP,Total,_T,Personas distintas atendidas en consulta,PERSONAS_DISTINTAS_ATENDIDAS_CONSULTA,7904,,,,
El Hierro,ES703,2008,2008,Medicina Familia y Comunitaria - Atención primaria (AP),FAMILIA_COMUNITARIA_AP,Centro,CENTRO,Personas distintas atendidas en consulta,PERSONAS_DISTINTAS_ATENDIDAS_CONSULTA,7670,,,,
Canarias,ES70,2009,2009,Enfermería - Atención primaria (AP),ENFERMERIA_AP,Domicilio,DOMICILIO,Personas distintas atendidas en consulta,PERSONAS_DISTINTAS_ATENDIDAS_CONSULTA,31464,,,,
Canarias,ES70,2009,2009,Enfermería - Atención primaria (AP),ENFERMERIA_AP,Teleconsulta,TELECONSULTA,Personas distintas atendidas en consulta,PERSONAS_DISTINTAS_ATENDIDAS_CONSULTA,,Valor no disponible; el dato no existe,M,,
Canarias,ES70,2009,2009,Enfermería - Atención primaria (AP),ENFERMERIA_AP,Total,_T,Personas distintas atendidas en consulta,PERSONAS_DISTINTAS_ATENDIDAS_CONSULTA,929343,,,,
Canarias,ES70,2009,2009,Enfermería - Atención primaria (AP),ENFERMERIA_AP,Centro,CENTRO,Personas distintas atendidas en consulta,PERSONAS_DISTINTAS_ATENDIDAS_CONSULTA,897879,,,,
Lanzarote,ES708,2009,2009,Enfermería - Atención primaria (AP),ENFERMERIA_AP,Domicilio,DOMICILIO,Personas distintas atendidas en consulta,PERSONAS_DISTINTAS_ATENDIDAS_CONSULTA,1214,,,,
Lanzarote,ES708,2009,2009,Enfermería - Atención primaria (AP),ENFERMERIA_AP,Teleconsulta,TELECONSULTA,Personas distintas atendidas en consulta,PERSONAS_DISTINTAS_ATENDIDAS_CONSULTA,,Valor no disponible; el dato no existe,M,,
Lanzarote,ES708,2009,2009,Enfermería - Atención primaria (AP),ENFERMERIA_AP,Total,_T,Personas distintas atendidas en consulta,PERSONAS_DISTINTAS_ATENDIDAS_CONSULTA,62816,,,,
Lanzarote,ES708,2009,2009,Enfermería - Atención primaria (AP),ENFERMERIA_AP,Centro,CENTRO,Personas distintas atendidas en consulta,PERSONAS_DISTINTAS_ATENDIDAS_CONSULTA,61602,,,,
Fuerteventura,ES704,2009,2009,Enfermería - Atención primaria (AP),ENFERMERIA_AP,Domicilio,DOMICILIO,Personas distintas atendidas en consulta,PERSONAS_DISTINTAS_ATENDIDAS_CONSULTA,891,,,,
Fuerteventura,ES704,2009,2009,Enfermería - Atención primaria (AP),ENFERMERIA_AP,Teleconsulta,TELECONSULTA,Personas distintas atendidas en consulta,PERSONAS_DISTINTAS_ATENDIDAS_CONSULTA,,Valor no disponible; el dato no existe,M,,
Fuerteventura,ES704,2009,2009,Enfermería - Atención primaria (AP),ENFERMERIA_AP,Total,_T,Personas distintas atendidas en consulta,PERSONAS_DISTINTAS_ATENDIDAS_CONSULTA,47401,,,,
Fuerteventura,ES704,2009,2009,Enfermería - Atención primaria (AP),ENFERMERIA_AP,Centro,CENTRO,Personas distintas atendidas en consulta,PERSONAS_DISTINTAS_ATENDIDAS_CONSULTA,46510,,,,
Gran Canaria,ES705,2009,2009,Enfermería - Atención primaria (AP),ENFERMERIA_AP,Domicilio,DOMICILIO,Personas distintas atendidas en consulta,PERSONAS_DISTINTAS_ATENDIDAS_CONSULTA,14199,,,,
Gran Canaria,ES705,2009,2009,Enfermería - Atención primaria (AP),ENFERMERIA_AP,Teleconsulta,TELECONSULTA,Personas distintas atendidas en consulta,PERSONAS_DISTINTAS_ATENDIDAS_CONSULTA,,Valor no disponible; el dato no existe,M,,
Gran Canaria,ES705,2009,2009,Enfermería - Atención primaria (AP),ENFERMERIA_AP,Total,_T,Personas distintas atendidas en consulta,PERSONAS_DISTINTAS_ATENDIDAS_CONSULTA,339567,,,,
Gran Canaria,ES705,2009,2009,Enfermería - Atención primaria (AP),ENFERMERIA_AP,Centro,CENTRO,Personas distintas atendidas en consulta,PERSONAS_DISTINTAS_ATENDIDAS_CONSULTA,325368,,,,
Tenerife,ES709,2009,2009,Enfermería - Atención primaria (AP),ENFERMERIA_AP,Domicilio,DOMICILIO,Personas distintas atendidas en consulta,PERSONAS_DISTINTAS_ATENDIDAS_CONSULTA,11534,,,,
Tenerife,ES709,2009,2009,Enfermería - Atención primaria (AP),ENFERMERIA_AP,Teleconsulta,TELECONSULTA,Personas distintas atendidas en consulta,PERSONAS_DISTINTAS_ATENDIDAS_CONSULTA,,Valor no disponible; el dato no existe,M,,
Tenerife,ES709,2009,2009,Enfermería - Atención primaria (AP),ENFERMERIA_AP,Total,_T,Personas distintas atendidas en consulta,PERSONAS_DISTINTAS_ATENDIDAS_CONSULTA,414781,,,,
Tenerife,ES709,2009,2009,Enfermería - Atención primaria (AP),ENFERMERIA_AP,Centro,CENTRO,Personas distintas atendidas en consulta,PERSONAS_DISTINTAS_ATENDIDAS_CONSULTA,403247,,,,
La Gomera,ES706,2009,2009,Enfermería - Atención primaria (AP),ENFERMERIA_AP,Domicilio,DOMICILIO,Personas distintas atendidas en consulta,PERSONAS_DISTINTAS_ATENDIDAS_CONSULTA,655,,,,
La Gomera,ES706,2009,2009,Enfermería - Atención primaria (AP),ENFERMERIA_AP,Teleconsulta,TELECONSULTA,Personas distintas atendidas en consulta,PERSONAS_DISTINTAS_ATENDIDAS_CONSULTA,,Valor no disponible; el dato no existe,M,,
La Gomera,ES706,2009,2009,Enfermería - Atención primaria (AP),ENFERMERIA_AP,Total,_T,Personas distintas atendidas en consulta,PERSONAS_DISTINTAS_ATENDIDAS_CONSULTA,11740,,,,
La Gomera,ES706,2009,2009,Enfermería - Atención primaria (AP),ENFERMERIA_AP,Centro,CENTRO,Personas distintas atendidas en consulta,PERSONAS_DISTINTAS_ATENDIDAS_CONSULTA,11085,,,,
La Palma,ES707,2009,2009,Enfermería - Atención primaria (AP),ENFERMERIA_AP,Domicilio,DOMICILIO,Personas distintas atendidas en consulta,PERSONAS_DISTINTAS_ATENDIDAS_CONSULTA,2560,,,,
La Palma,ES707,2009,2009,Enfermería - Atención primaria (AP),ENFERMERIA_AP,Teleconsulta,TELECONSULTA,Personas distintas atendidas en consulta,PERSONAS_DISTINTAS_ATENDIDAS_CONSULTA,,Valor no disponible; el dato no existe,M,,
La Palma,ES707,2009,2009,Enfermería - Atención primaria (AP),ENFERMERIA_AP,Total,_T,Personas distintas atendidas en consulta,PERSONAS_DISTINTAS_ATENDIDAS_CONSULTA,46993,,,,
La Palma,ES707,2009,2009,Enfermería - Atención primaria (AP),ENFERMERIA_AP,Centro,CENTRO,Personas distintas atendidas en consulta,PERSONAS_DISTINTAS_ATENDIDAS_CONSULTA,44433,,,,
El Hierro,ES703,2009,2009,Enfermería - Atención primaria (AP),ENFERMERIA_AP,Domicilio,DOMICILIO,Personas distintas atendidas en consulta,PERSONAS_DISTINTAS_ATENDIDAS_CONSULTA,411,,,,
El Hierro,ES703,2009,2009,Enfermería - Atención primaria (AP),ENFERMERIA_AP,Teleconsulta,TELECONSULTA,Personas distintas atendidas en consulta,PERSONAS_DISTINTAS_ATENDIDAS_CONSULTA,,Valor no disponible; el dato no existe,M,,
El Hierro,ES703,2009,2009,Enfermería - Atención primaria (AP),ENFERMERIA_AP,Total,_T,Personas distintas atendidas en consulta,PERSONAS_DISTINTAS_ATENDIDAS_CONSULTA,6045,,,,
El Hierro,ES703,2009,2009,Enfermería - Atención primaria (AP),ENFERMERIA_AP,Centro,CENTRO,Personas distintas atendidas en consulta,PERSONAS_DISTINTAS_ATENDIDAS_CONSULTA,5634,,,,
Canarias,ES70,2009,2009,Pediatría - Atención primaria (AP),PEDIATRIA_AP,Domicilio,DOMICILIO,Personas distintas atendidas en consulta,PERSONAS_DISTINTAS_ATENDIDAS_CONSULTA,66,,,,
Canarias,ES70,2009,2009,Pediatría - Atención primaria (AP),PEDIATRIA_AP,Teleconsulta,TELECONSULTA,Personas distintas atendidas en consulta,PERSONAS_DISTINTAS_ATENDIDAS_CONSULTA,,Valor no disponible; el dato no existe,M,,
Canarias,ES70,2009,2009,Pediatría - Atención primaria (AP),PEDIATRIA_AP,Total,_T,Personas distintas atendidas en consulta,PERSONAS_DISTINTAS_ATENDIDAS_CONSULTA,249865,,,,
Canarias,ES70,2009,2009,Pediatría - Atención primaria (AP),PEDIATRIA_AP,Centro,CENTRO,Personas distintas atendidas en consulta,PERSONAS_DISTINTAS_ATENDIDAS_CONSULTA,249799,,,,
Lanzarote,ES708,2009,2009,Pediatría - Atención primaria (AP),PEDIATRIA_AP,Domicilio,DOMICILIO,Personas distintas atendidas en consulta,PERSONAS_DISTINTAS_ATENDIDAS_CONSULTA,8,,,,
Lanzarote,ES708,2009,2009,Pediatría - Atención primaria (AP),PEDIATRIA_AP,Teleconsulta,TELECONSULTA,Personas distintas atendidas en consulta,PERSONAS_DISTINTAS_ATENDIDAS_CONSULTA,,Valor no disponible; el dato no existe,M,,
Lanzarote,ES708,2009,2009,Pediatría - Atención primaria (AP),PEDIATRIA_AP,Total,_T,Personas distintas atendidas en consulta,PERSONAS_DISTINTAS_ATENDIDAS_CONSULTA,19281,,,,
Lanzarote,ES708,2009,2009,Pediatría - Atención primaria (AP),PEDIATRIA_AP,Centro,CENTRO,Personas distintas atendidas en consulta,PERSONAS_DISTINTAS_ATENDIDAS_CONSULTA,19273,,,,
Fuerteventura,ES704,2009,2009,Pediatría - Atención primaria (AP),PEDIATRIA_AP,Domicilio,DOMICILIO,Personas distintas atendidas en consulta,PERSONAS_DISTINTAS_ATENDIDAS_CONSULTA,2,,,,
Fuerteventura,ES704,2009,2009,Pediatría - Atención primaria (AP),PEDIATRIA_AP,Teleconsulta,TELECONSULTA,Personas distintas atendidas en consulta,PERSONAS_DISTINTAS_ATENDIDAS_CONSULTA,,Valor no disponible; el dato no existe,M,,
Fuerteventura,ES704,2009,2009,Pediatría - Atención primaria (AP),PEDIATRIA_AP,Total,_T,Personas distintas atendidas en consulta,PERSONAS_DISTINTAS_ATENDIDAS_CONSULTA,13526,,,,
Fuerteventura,ES704,2009,2009,Pediatría - Atención primaria (AP),PEDIATRIA_AP,Centro,CENTRO,Personas distintas atendidas en consulta,PERSONAS_DISTINTAS_ATENDIDAS_CONSULTA,13524,,,,
Gran Canaria,ES705,2009,2009,Pediatría - Atención primaria (AP),PEDIATRIA_AP,Domicilio,DOMICILIO,Personas distintas atendidas en consulta,PERSONAS_DISTINTAS_ATENDIDAS_CONSULTA,17,,,,
Gran Canaria,ES705,2009,2009,Pediatría - Atención primaria (AP),PEDIATRIA_AP,Teleconsulta,TELECONSULTA,Personas distintas atendidas en consulta,PERSONAS_DISTINTAS_ATENDIDAS_CONSULTA,,Valor no disponible; el dato no existe,M,,
Gran Canaria,ES705,2009,2009,Pediatría - Atención primaria (AP),PEDIATRIA_AP,Total,_T,Personas distintas atendidas en consulta,PERSONAS_DISTINTAS_ATENDIDAS_CONSULTA,98872,,,,
Gran Canaria,ES705,2009,2009,Pediatría - Atención primaria (AP),PEDIATRIA_AP,Centro,CENTRO,Personas distintas atendidas en consulta,PERSONAS_DISTINTAS_ATENDIDAS_CONSULTA,98855,,,,
Tenerife,ES709,2009,2009,Pediatría - Atención primaria (AP),PEDIATRIA_AP,Domicilio,DOMICILIO,Personas distintas atendidas en consulta,PERSONAS_DISTINTAS_ATENDIDAS_CONSULTA,37,,,,
Tenerife,ES709,2009,2009,Pediatría - Atención primaria (AP),PEDIATRIA_AP,Teleconsulta,TELECONSULTA,Personas distintas atendidas en consulta,PERSONAS_DISTINTAS_ATENDIDAS_CONSULTA,,Valor no disponible; el dato no existe,M,,
Tenerife,ES709,2009,2009,Pediatría - Atención primaria (AP),PEDIATRIA_AP,Total,_T,Personas distintas atendidas en consulta,PERSONAS_DISTINTAS_ATENDIDAS_CONSULTA,106227,,,,
Tenerife,ES709,2009,2009,Pediatría - Atención primaria (AP),PEDIATRIA_AP,Centro,CENTRO,Personas distintas atendidas en consulta,PERSONAS_DISTINTAS_ATENDIDAS_CONSULTA,106190,,,,
La Gomera,ES706,2009,2009,Pediatría - Atención primaria (AP),PEDIATRIA_AP,Domicilio,DOMICILIO,Personas distintas atendidas en consulta,PERSONAS_DISTINTAS_ATENDIDAS_CONSULTA,0,,,,
La Gomera,ES706,2009,2009,Pediatría - Atención primaria (AP),PEDIATRIA_AP,Teleconsulta,TELECONSULTA,Personas distintas atendidas en consulta,PERSONAS_DISTINTAS_ATENDIDAS_CONSULTA,,Valor no disponible; el dato no existe,M,,
La Gomera,ES706,2009,2009,Pediatría - Atención primaria (AP),PEDIATRIA_AP,Total,_T,Personas distintas atendidas en consulta,PERSONAS_DISTINTAS_ATENDIDAS_CONSULTA,1094,,,,
La Gomera,ES706,2009,2009,Pediatría - Atención primaria (AP),PEDIATRIA_AP,Centro,CENTRO,Personas distintas atendidas en consulta,PERSONAS_DISTINTAS_ATENDIDAS_CONSULTA,1094,,,,
La Palma,ES707,2009,2009,Pediatría - Atención primaria (AP),PEDIATRIA_AP,Domicilio,DOMICILIO,Personas distintas atendidas en consulta,PERSONAS_DISTINTAS_ATENDIDAS_CONSULTA,2,,,,
La Palma,ES707,2009,2009,Pediatría - Atención primaria (AP),PEDIATRIA_AP,Teleconsulta,TELECONSULTA,Personas distintas atendidas en consulta,PERSONAS_DISTINTAS_ATENDIDAS_CONSULTA,,Valor no disponible; el dato no existe,M,,
La Palma,ES707,2009,2009,Pediatría - Atención primaria (AP),PEDIATRIA_AP,Total,_T,Personas distintas atendidas en consulta,PERSONAS_DISTINTAS_ATENDIDAS_CONSULTA,9677,,,,
La Palma,ES707,2009,2009,Pediatría - Atención primaria (AP),PEDIATRIA_AP,Centro,CENTRO,Personas distintas atendidas en consulta,PERSONAS_DISTINTAS_ATENDIDAS_CONSULTA,9675,,,,
El Hierro,ES703,2009,2009,Pediatría - Atención primaria (AP),PEDIATRIA_AP,Domicilio,DOMICILIO,Personas distintas atendidas en consulta,PERSONAS_DISTINTAS_ATENDIDAS_CONSULTA,0,,,,
El Hierro,ES703,2009,2009,Pediatría - Atención primaria (AP),PEDIATRIA_AP,Teleconsulta,TELECONSULTA,Personas distintas atendidas en consulta,PERSONAS_DISTINTAS_ATENDIDAS_CONSULTA,,Valor no disponible; el dato no existe,M,,
El Hierro,ES703,2009,2009,Pediatría - Atención primaria (AP),PEDIATRIA_AP,Total,_T,Personas distintas atendidas en consulta,PERSONAS_DISTINTAS_ATENDIDAS_CONSULTA,1188,,,,
El Hierro,ES703,2009,2009,Pediatría - Atención primaria (AP),PEDIATRIA_AP,Centro,CENTRO,Personas distintas atendidas en consulta,PERSONAS_DISTINTAS_ATENDIDAS_CONSULTA,1188,,,,
Canarias,ES70,2009,2009,Medicina Familia y Comunitaria - Atención primaria (AP),FAMILIA_COMUNITARIA_AP,Domicilio,DOMICILIO,Personas distintas atendidas en consulta,PERSONAS_DISTINTAS_ATENDIDAS_CONSULTA,16471,,,,
Canarias,ES70,2009,2009,Medicina Familia y Comunitaria - Atención primaria (AP),FAMILIA_COMUNITARIA_AP,Teleconsulta,TELECONSULTA,Personas distintas atendidas en consulta,PERSONAS_DISTINTAS_ATENDIDAS_CONSULTA,,Valor no disponible; el dato no existe,M,,
Canarias,ES70,2009,2009,Medicina Familia y Comunitaria - Atención primaria (AP),FAMILIA_COMUNITARIA_AP,Total,_T,Personas distintas atendidas en consulta,PERSONAS_DISTINTAS_ATENDIDAS_CONSULTA,1308063,,,,
Canarias,ES70,2009,2009,Medicina Familia y Comunitaria - Atención primaria (AP),FAMILIA_COMUNITARIA_AP,Centro,CENTRO,Personas distintas atendidas en consulta,PERSONAS_DISTINTAS_ATENDIDAS_CONSULTA,1291592,,,,
Lanzarote,ES708,2009,2009,Medicina Familia y Comunitaria - Atención primaria (AP),FAMILIA_COMUNITARIA_AP,Domicilio,DOMICILIO,Personas distintas atendidas en consulta,PERSONAS_DISTINTAS_ATENDIDAS_CONSULTA,614,,,,
Lanzarote,ES708,2009,2009,Medicina Familia y Comunitaria - Atención primaria (AP),FAMILIA_COMUNITARIA_AP,Teleconsulta,TELECONSULTA,Personas distintas atendidas en consulta,PERSONAS_DISTINTAS_ATENDIDAS_CONSULTA,,Valor no disponible; el dato no existe,M,,
Lanzarote,ES708,2009,2009,Medicina Familia y Comunitaria - Atención primaria (AP),FAMILIA_COMUNITARIA_AP,Total,_T,Personas distintas atendidas en consulta,PERSONAS_DISTINTAS_ATENDIDAS_CONSULTA,82644,,,,
Lanzarote,ES708,2009,2009,Medicina Familia y Comunitaria - Atención primaria (AP),FAMILIA_COMUNITARIA_AP,Centro,CENTRO,Personas distintas atendidas en consulta,PERSONAS_DISTINTAS_ATENDIDAS_CONSULTA,82030,,,,
Fuerteventura,ES704,2009,2009,Medicina Familia y Comunitaria - Atención primaria (AP),FAMILIA_COMUNITARIA_AP,Domicilio,DOMICILIO,Personas distintas atendidas en consulta,PERSONAS_DISTINTAS_ATENDIDAS_CONSULTA,355,,,,
Fuerteventura,ES704,2009,2009,Medicina Familia y Comunitaria - Atención primaria (AP),FAMILIA_COMUNITARIA_AP,Teleconsulta,TELECONSULTA,Personas distintas atendidas en consulta,PERSONAS_DISTINTAS_ATENDIDAS_CONSULTA,,Valor no disponible; el dato no existe,M,,
Fuerteventura,ES704,2009,2009,Medicina Familia y Comunitaria - Atención primaria (AP),FAMILIA_COMUNITARIA_AP,Total,_T,Personas distintas atendidas en consulta,PERSONAS_DISTINTAS_ATENDIDAS_CONSULTA,62310,,,,
Fuerteventura,ES704,2009,2009,Medicina Familia y Comunitaria - Atención primaria (AP),FAMILIA_COMUNITARIA_AP,Centro,CENTRO,Personas distintas atendidas en consulta,PERSONAS_DISTINTAS_ATENDIDAS_CONSULTA,61955,,,,
Gran Canaria,ES705,2009,2009,Medicina Familia y Comunitaria - Atención primaria (AP),FAMILIA_COMUNITARIA_AP,Domicilio,DOMICILIO,Personas distintas atendidas en consulta,PERSONAS_DISTINTAS_ATENDIDAS_CONSULTA,5489,,,,
Gran Canaria,ES705,2009,2009,Medicina Familia y Comunitaria - Atención primaria (AP),FAMILIA_COMUNITARIA_AP,Teleconsulta,TELECONSULTA,Personas distintas atendidas en consulta,PERSONAS_DISTINTAS_ATENDIDAS_CONSULTA,,Valor no disponible; el dato no existe,M,,
Gran Canaria,ES705,2009,2009,Medicina Familia y Comunitaria - Atención primaria (AP),FAMILIA_COMUNITARIA_AP,Total,_T,Personas distintas atendidas en consulta,PERSONAS_DISTINTAS_ATENDIDAS_CONSULTA,543372,,,,
Gran Canaria,ES705,2009,2009,Medicina Familia y Comunitaria - Atención primaria (AP),FAMILIA_COMUNITARIA_AP,Centro,CENTRO,Personas distintas atendidas en consulta,PERSONAS_DISTINTAS_ATENDIDAS_CONSULTA,537883,,,,
Tenerife,ES709,2009,2009,Medicina Familia y Comunitaria - Atención primaria (AP),FAMILIA_COMUNITARIA_AP,Domicilio,DOMICILIO,Personas distintas atendidas en consulta,PERSONAS_DISTINTAS_ATENDIDAS_CONSULTA,8112,,,,
Tenerife,ES709,2009,2009,Medicina Familia y Comunitaria - Atención primaria (AP),FAMILIA_COMUNITARIA_AP,Teleconsulta,TELECONSULTA,Personas distintas atendidas en consulta,PERSONAS_DISTINTAS_ATENDIDAS_CONSULTA,,Valor no disponible; el dato no existe,M,,
Tenerife,ES709,2009,2009,Medicina Familia y Comunitaria - Atención primaria (AP),FAMILIA_COMUNITARIA_AP,Total,_T,Personas distintas atendidas en consulta,PERSONAS_DISTINTAS_ATENDIDAS_CONSULTA,544829,,,,
Tenerife,ES709,2009,2009,Medicina Familia y Comunitaria - Atención primaria (AP),FAMILIA_COMUNITARIA_AP,Centro,CENTRO,Personas distintas atendidas en consulta,PERSONAS_DISTINTAS_ATENDIDAS_CONSULTA,536717,,,,
La Gomera,ES706,2009,2009,Medicina Familia y Comunitaria - Atención primaria (AP),FAMILIA_COMUNITARIA_AP,Domicilio,DOMICILIO,Personas distintas atendidas en consulta,PERSONAS_DISTINTAS_ATENDIDAS_CONSULTA,345,,,,
La Gomera,ES706,2009,2009,Medicina Familia y Comunitaria - Atención primaria (AP),FAMILIA_COMUNITARIA_AP,Teleconsulta,TELECONSULTA,Personas distintas atendidas en consulta,PERSONAS_DISTINTAS_ATENDIDAS_CONSULTA,,Valor no disponible; el dato no existe,M,,
La Gomera,ES706,2009,2009,Medicina Familia y Comunitaria - Atención primaria (AP),FAMILIA_COMUNITARIA_AP,Total,_T,Personas distintas atendidas en consulta,PERSONAS_DISTINTAS_ATENDIDAS_CONSULTA,13266,,,,
La Gomera,ES706,2009,2009,Medicina Familia y Comunitaria - Atención primaria (AP),FAMILIA_COMUNITARIA_AP,Centro,CENTRO,Personas distintas atendidas en consulta,PERSONAS_DISTINTAS_ATENDIDAS_CONSULTA,12921,,,,
La Palma,ES707,2009,2009,Medicina Familia y Comunitaria - Atención primaria (AP),FAMILIA_COMUNITARIA_AP,Domicilio,DOMICILIO,Personas distintas atendidas en consulta,PERSONAS_DISTINTAS_ATENDIDAS_CONSULTA,1344,,,,
La Palma,ES707,2009,2009,Medicina Familia y Comunitaria - Atención primaria (AP),FAMILIA_COMUNITARIA_AP,Teleconsulta,TELECONSULTA,Personas distintas atendidas en consulta,PERSONAS_DISTINTAS_ATENDIDAS_CONSULTA,,Valor no disponible; el dato no existe,M,,
La Palma,ES707,2009,2009,Medicina Familia y Comunitaria - Atención primaria (AP),FAMILIA_COMUNITARIA_AP,Total,_T,Personas distintas atendidas en consulta,PERSONAS_DISTINTAS_ATENDIDAS_CONSULTA,54516,,,,
La Palma,ES707,2009,2009,Medicina Familia y Comunitaria - Atención primaria (AP),FAMILIA_COMUNITARIA_AP,Centro,CENTRO,Personas distintas atendidas en consulta,PERSONAS_DISTINTAS_ATENDIDAS_CONSULTA,53172,,,,
El Hierro,ES703,2009,2009,Medicina Familia y Comunitaria - Atención primaria (AP),FAMILIA_COMUNITARIA_AP,Domicilio,DOMICILIO,Personas distintas atendidas en consulta,PERSONAS_DISTINTAS_ATENDIDAS_CONSULTA,212,,,,
El Hierro,ES703,2009,2009,Medicina Familia y Comunitaria - Atención primaria (AP),FAMILIA_COMUNITARIA_AP,Teleconsulta,TELECONSULTA,Personas distintas atendidas en consulta,PERSONAS_DISTINTAS_ATENDIDAS_CONSULTA,,Valor no disponible; el dato no existe,M,,
El Hierro,ES703,2009,2009,Medicina Familia y Comunitaria - Atención primaria (AP),FAMILIA_COMUNITARIA_AP,Total,_T,Personas distintas atendidas en consulta,PERSONAS_DISTINTAS_ATENDIDAS_CONSULTA,7126,,,,
El Hierro,ES703,2009,2009,Medicina Familia y Comunitaria - Atención primaria (AP),FAMILIA_COMUNITARIA_AP,Centro,CENTRO,Personas distintas atendidas en consulta,PERSONAS_DISTINTAS_ATENDIDAS_CONSULTA,6914,,,,
Canarias,ES70,2010,2010,Enfermería - Atención primaria (AP),ENFERMERIA_AP,Domicilio,DOMICILIO,Personas distintas atendidas en consulta,PERSONAS_DISTINTAS_ATENDIDAS_CONSULTA,31180,,,,
Canarias,ES70,2010,2010,Enfermería - Atención primaria (AP),ENFERMERIA_AP,Teleconsulta,TELECONSULTA,Personas distintas atendidas en consulta,PERSONAS_DISTINTAS_ATENDIDAS_CONSULTA,,Valor no disponible; el dato no existe,M,,
Canarias,ES70,2010,2010,Enfermería - Atención primaria (AP),ENFERMERIA_AP,Total,_T,Personas distintas atendidas en consulta,PERSONAS_DISTINTAS_ATENDIDAS_CONSULTA,937331,,,,
Canarias,ES70,2010,2010,Enfermería - Atención primaria (AP),ENFERMERIA_AP,Centro,CENTRO,Personas distintas atendidas en consulta,PERSONAS_DISTINTAS_ATENDIDAS_CONSULTA,906151,,,,
Lanzarote,ES708,2010,2010,Enfermería - Atención primaria (AP),ENFERMERIA_AP,Domicilio,DOMICILIO,Personas distintas atendidas en consulta,PERSONAS_DISTINTAS_ATENDIDAS_CONSULTA,1255,,,,
Lanzarote,ES708,2010,2010,Enfermería - Atención primaria (AP),ENFERMERIA_AP,Teleconsulta,TELECONSULTA,Personas distintas atendidas en consulta,PERSONAS_DISTINTAS_ATENDIDAS_CONSULTA,,Valor no disponible; el dato no existe,M,,
Lanzarote,ES708,2010,2010,Enfermería - Atención primaria (AP),ENFERMERIA_AP,Total,_T,Personas distintas atendidas en consulta,PERSONAS_DISTINTAS_ATENDIDAS_CONSULTA,60674,,,,
Lanzarote,ES708,2010,2010,Enfermería - Atención primaria (AP),ENFERMERIA_AP,Centro,CENTRO,Personas distintas atendidas en consulta,PERSONAS_DISTINTAS_ATENDIDAS_CONSULTA,59419,,,,
Fuerteventura,ES704,2010,2010,Enfermería - Atención primaria (AP),ENFERMERIA_AP,Domicilio,DOMICILIO,Personas distintas atendidas en consulta,PERSONAS_DISTINTAS_ATENDIDAS_CONSULTA,987,,,,
Fuerteventura,ES704,2010,2010,Enfermería - Atención primaria (AP),ENFERMERIA_AP,Teleconsulta,TELECONSULTA,Personas distintas atendidas en consulta,PERSONAS_DISTINTAS_ATENDIDAS_CONSULTA,,Valor no disponible; el dato no existe,M,,
Fuerteventura,ES704,2010,2010,Enfermería - Atención primaria (AP),ENFERMERIA_AP,Total,_T,Personas distintas atendidas en consulta,PERSONAS_DISTINTAS_ATENDIDAS_CONSULTA,46474,,,,
Fuerteventura,ES704,2010,2010,Enfermería - Atención primaria (AP),ENFERMERIA_AP,Centro,CENTRO,Personas distintas atendidas en consulta,PERSONAS_DISTINTAS_ATENDIDAS_CONSULTA,45487,,,,
Gran Canaria,ES705,2010,2010,Enfermería - Atención primaria (AP),ENFERMERIA_AP,Domicilio,DOMICILIO,Personas distintas atendidas en consulta,PERSONAS_DISTINTAS_ATENDIDAS_CONSULTA,13916,,,,
Gran Canaria,ES705,2010,2010,Enfermería - Atención primaria (AP),ENFERMERIA_AP,Teleconsulta,TELECONSULTA,Personas distintas atendidas en consulta,PERSONAS_DISTINTAS_ATENDIDAS_CONSULTA,,Valor no disponible; el dato no existe,M,,
Gran Canaria,ES705,2010,2010,Enfermería - Atención primaria (AP),ENFERMERIA_AP,Total,_T,Personas distintas atendidas en consulta,PERSONAS_DISTINTAS_ATENDIDAS_CONSULTA,343043,,,,
Gran Canaria,ES705,2010,2010,Enfermería - Atención primaria (AP),ENFERMERIA_AP,Centro,CENTRO,Personas distintas atendidas en consulta,PERSONAS_DISTINTAS_ATENDIDAS_CONSULTA,329127,,,,
Tenerife,ES709,2010,2010,Enfermería - Atención primaria (AP),ENFERMERIA_AP,Domicilio,DOMICILIO,Personas distintas atendidas en consulta,PERSONAS_DISTINTAS_ATENDIDAS_CONSULTA,11776,,,,
Tenerife,ES709,2010,2010,Enfermería - Atención primaria (AP),ENFERMERIA_AP,Teleconsulta,TELECONSULTA,Personas distintas atendidas en consulta,PERSONAS_DISTINTAS_ATENDIDAS_CONSULTA,,Valor no disponible; el dato no existe,M,,
Tenerife,ES709,2010,2010,Enfermería - Atención primaria (AP),ENFERMERIA_AP,Total,_T,Personas distintas atendidas en consulta,PERSONAS_DISTINTAS_ATENDIDAS_CONSULTA,423514,,,,
Tenerife,ES709,2010,2010,Enfermería - Atención primaria (AP),ENFERMERIA_AP,Centro,CENTRO,Personas distintas atendidas en consulta,PERSONAS_DISTINTAS_ATENDIDAS_CONSULTA,411738,,,,
La Gomera,ES706,2010,2010,Enfermería - Atención primaria (AP),ENFERMERIA_AP,Domicilio,DOMICILIO,Personas distintas atendidas en consulta,PERSONAS_DISTINTAS_ATENDIDAS_CONSULTA,771,,,,
La Gomera,ES706,2010,2010,Enfermería - Atención primaria (AP),ENFERMERIA_AP,Teleconsulta,TELECONSULTA,Personas distintas atendidas en consulta,PERSONAS_DISTINTAS_ATENDIDAS_CONSULTA,,Valor no disponible; el dato no existe,M,,
La Gomera,ES706,2010,2010,Enfermería - Atención primaria (AP),ENFERMERIA_AP,Total,_T,Personas distintas atendidas en consulta,PERSONAS_DISTINTAS_ATENDIDAS_CONSULTA,11650,,,,
La Gomera,ES706,2010,2010,Enfermería - Atención primaria (AP),ENFERMERIA_AP,Centro,CENTRO,Personas distintas atendidas en consulta,PERSONAS_DISTINTAS_ATENDIDAS_CONSULTA,10879,,,,
La Palma,ES707,2010,2010,Enfermería - Atención primaria (AP),ENFERMERIA_AP,Domicilio,DOMICILIO,Personas distintas atendidas en consulta,PERSONAS_DISTINTAS_ATENDIDAS_CONSULTA,2098,,,,
La Palma,ES707,2010,2010,Enfermería - Atención primaria (AP),ENFERMERIA_AP,Teleconsulta,TELECONSULTA,Personas distintas atendidas en consulta,PERSONAS_DISTINTAS_ATENDIDAS_CONSULTA,,Valor no disponible; el dato no existe,M,,
La Palma,ES707,2010,2010,Enfermería - Atención primaria (AP),ENFERMERIA_AP,Total,_T,Personas distintas atendidas en consulta,PERSONAS_DISTINTAS_ATENDIDAS_CONSULTA,46166,,,,
La Palma,ES707,2010,2010,Enfermería - Atención primaria (AP),ENFERMERIA_AP,Centro,CENTRO,Personas distintas atendidas en consulta,PERSONAS_DISTINTAS_ATENDIDAS_CONSULTA,44068,,,,
El Hierro,ES703,2010,2010,Enfermería - Atención primaria (AP),ENFERMERIA_AP,Domicilio,DOMICILIO,Personas distintas atendidas en consulta,PERSONAS_DISTINTAS_ATENDIDAS_CONSULTA,377,,,,
El Hierro,ES703,2010,2010,Enfermería - Atención primaria (AP),ENFERMERIA_AP,Teleconsulta,TELECONSULTA,Personas distintas atendidas en consulta,PERSONAS_DISTINTAS_ATENDIDAS_CONSULTA,,Valor no disponible; el dato no existe,M,,
El Hierro,ES703,2010,2010,Enfermería - Atención primaria (AP),ENFERMERIA_AP,Total,_T,Personas distintas atendidas en consulta,PERSONAS_DISTINTAS_ATENDIDAS_CONSULTA,5810,,,,
El Hierro,ES703,2010,2010,Enfermería - Atención primaria (AP),ENFERMERIA_AP,Centro,CENTRO,Personas distintas atendidas en consulta,PERSONAS_DISTINTAS_ATENDIDAS_CONSULTA,5433,,,,
Canarias,ES70,2010,2010,Pediatría - Atención primaria (AP),PEDIATRIA_AP,Domicilio,DOMICILIO,Personas distintas atendidas en consulta,PERSONAS_DISTINTAS_ATENDIDAS_CONSULTA,68,,,,
Canarias,ES70,2010,2010,Pediatría - Atención primaria (AP),PEDIATRIA_AP,Teleconsulta,TELECONSULTA,Personas distintas atendidas en consulta,PERSONAS_DISTINTAS_ATENDIDAS_CONSULTA,,Valor no disponible; el dato no existe,M,,
Canarias,ES70,2010,2010,Pediatría - Atención primaria (AP),PEDIATRIA_AP,Total,_T,Personas distintas atendidas en consulta,PERSONAS_DISTINTAS_ATENDIDAS_CONSULTA,241724,,,,
Canarias,ES70,2010,2010,Pediatría - Atención primaria (AP),PEDIATRIA_AP,Centro,CENTRO,Personas distintas atendidas en consulta,PERSONAS_DISTINTAS_ATENDIDAS_CONSULTA,241656,,,,
Lanzarote,ES708,2010,2010,Pediatría - Atención primaria (AP),PEDIATRIA_AP,Domicilio,DOMICILIO,Personas distintas atendidas en consulta,PERSONAS_DISTINTAS_ATENDIDAS_CONSULTA,10,,,,
Lanzarote,ES708,2010,2010,Pediatría - Atención primaria (AP),PEDIATRIA_AP,Teleconsulta,TELECONSULTA,Personas distintas atendidas en consulta,PERSONAS_DISTINTAS_ATENDIDAS_CONSULTA,,Valor no disponible; el dato no existe,M,,
Lanzarote,ES708,2010,2010,Pediatría - Atención primaria (AP),PEDIATRIA_AP,Total,_T,Personas distintas atendidas en consulta,PERSONAS_DISTINTAS_ATENDIDAS_CONSULTA,18622,,,,
Lanzarote,ES708,2010,2010,Pediatría - Atención primaria (AP),PEDIATRIA_AP,Centro,CENTRO,Personas distintas atendidas en consulta,PERSONAS_DISTINTAS_ATENDIDAS_CONSULTA,18612,,,,
Fuerteventura,ES704,2010,2010,Pediatría - Atención primaria (AP),PEDIATRIA_AP,Domicilio,DOMICILIO,Personas distintas atendidas en consulta,PERSONAS_DISTINTAS_ATENDIDAS_CONSULTA,5,,,,
Fuerteventura,ES704,2010,2010,Pediatría - Atención primaria (AP),PEDIATRIA_AP,Teleconsulta,TELECONSULTA,Personas distintas atendidas en consulta,PERSONAS_DISTINTAS_ATENDIDAS_CONSULTA,,Valor no disponible; el dato no existe,M,,
Fuerteventura,ES704,2010,2010,Pediatría - Atención primaria (AP),PEDIATRIA_AP,Total,_T,Personas distintas atendidas en consulta,PERSONAS_DISTINTAS_ATENDIDAS_CONSULTA,12957,,,,
Fuerteventura,ES704,2010,2010,Pediatría - Atención primaria (AP),PEDIATRIA_AP,Centro,CENTRO,Personas distintas atendidas en consulta,PERSONAS_DISTINTAS_ATENDIDAS_CONSULTA,12952,,,,
Gran Canaria,ES705,2010,2010,Pediatría - Atención primaria (AP),PEDIATRIA_AP,Domicilio,DOMICILIO,Personas distintas atendidas en consulta,PERSONAS_DISTINTAS_ATENDIDAS_CONSULTA,24,,,,
Gran Canaria,ES705,2010,2010,Pediatría - Atención primaria (AP),PEDIATRIA_AP,Teleconsulta,TELECONSULTA,Personas distintas atendidas en consulta,PERSONAS_DISTINTAS_ATENDIDAS_CONSULTA,,Valor no disponible; el dato no existe,M,,
Gran Canaria,ES705,2010,2010,Pediatría - Atención primaria (AP),PEDIATRIA_AP,Total,_T,Personas distintas atendidas en consulta,PERSONAS_DISTINTAS_ATENDIDAS_CONSULTA,94890,,,,
Gran Canaria,ES705,2010,2010,Pediatría - Atención primaria (AP),PEDIATRIA_AP,Centro,CENTRO,Personas distintas atendidas en consulta,PERSONAS_DISTINTAS_ATENDIDAS_CONSULTA,94866,,,,
Tenerife,ES709,2010,2010,Pediatría - Atención primaria (AP),PEDIATRIA_AP,Domicilio,DOMICILIO,Personas distintas atendidas en consulta,PERSONAS_DISTINTAS_ATENDIDAS_CONSULTA,26,,,,
Tenerife,ES709,2010,2010,Pediatría - Atención primaria (AP),PEDIATRIA_AP,Teleconsulta,TELECONSULTA,Personas distintas atendidas en consulta,PERSONAS_DISTINTAS_ATENDIDAS_CONSULTA,,Valor no disponible; el dato no existe,M,,
Tenerife,ES709,2010,2010,Pediatría - Atención primaria (AP),PEDIATRIA_AP,Total,_T,Personas distintas atendidas en consulta,PERSONAS_DISTINTAS_ATENDIDAS_CONSULTA,103680,,,,
Tenerife,ES709,2010,2010,Pediatría - Atención primaria (AP),PEDIATRIA_AP,Centro,CENTRO,Personas distintas atendidas en consulta,PERSONAS_DISTINTAS_ATENDIDAS_CONSULTA,103654,,,,
La Gomera,ES706,2010,2010,Pediatría - Atención primaria (AP),PEDIATRIA_AP,Domicilio,DOMICILIO,Personas distintas atendidas en consulta,PERSONAS_DISTINTAS_ATENDIDAS_CONSULTA,1,,,,
La Gomera,ES706,2010,2010,Pediatría - Atención primaria (AP),PEDIATRIA_AP,Teleconsulta,TELECONSULTA,Personas distintas atendidas en consulta,PERSONAS_DISTINTAS_ATENDIDAS_CONSULTA,,Valor no disponible; el dato no existe,M,,
La Gomera,ES706,2010,2010,Pediatría - Atención primaria (AP),PEDIATRIA_AP,Total,_T,Personas distintas atendidas en consulta,PERSONAS_DISTINTAS_ATENDIDAS_CONSULTA,1050,,,,
La Gomera,ES706,2010,2010,Pediatría - Atención primaria (AP),PEDIATRIA_AP,Centro,CENTRO,Personas distintas atendidas en consulta,PERSONAS_DISTINTAS_ATENDIDAS_CONSULTA,1049,,,,
La Palma,ES707,2010,2010,Pediatría - Atención primaria (AP),PEDIATRIA_AP,Domicilio,DOMICILIO,Personas distintas atendidas en consulta,PERSONAS_DISTINTAS_ATENDIDAS_CONSULTA,1,,,,
La Palma,ES707,2010,2010,Pediatría - Atención primaria (AP),PEDIATRIA_AP,Teleconsulta,TELECONSULTA,Personas distintas atendidas en consulta,PERSONAS_DISTINTAS_ATENDIDAS_CONSULTA,,Valor no disponible; el dato no existe,M,,
La Palma,ES707,2010,2010,Pediatría - Atención primaria (AP),PEDIATRIA_AP,Total,_T,Personas distintas atendidas en consulta,PERSONAS_DISTINTAS_ATENDIDAS_CONSULTA,9348,,,,
La Palma,ES707,2010,2010,Pediatría - Atención primaria (AP),PEDIATRIA_AP,Centro,CENTRO,Personas distintas atendidas en consulta,PERSONAS_DISTINTAS_ATENDIDAS_CONSULTA,9347,,,,
El Hierro,ES703,2010,2010,Pediatría - Atención primaria (AP),PEDIATRIA_AP,Domicilio,DOMICILIO,Personas distintas atendidas en consulta,PERSONAS_DISTINTAS_ATENDIDAS_CONSULTA,1,,,,
El Hierro,ES703,2010,2010,Pediatría - Atención primaria (AP),PEDIATRIA_AP,Teleconsulta,TELECONSULTA,Personas distintas atendidas en consulta,PERSONAS_DISTINTAS_ATENDIDAS_CONSULTA,,Valor no disponible; el dato no existe,M,,
El Hierro,ES703,2010,2010,Pediatría - Atención primaria (AP),PEDIATRIA_AP,Total,_T,Personas distintas atendidas en consulta,PERSONAS_DISTINTAS_ATENDIDAS_CONSULTA,1177,,,,
El Hierro,ES703,2010,2010,Pediatría - Atención primaria (AP),PEDIATRIA_AP,Centro,CENTRO,Personas distintas atendidas en consulta,PERSONAS_DISTINTAS_ATENDIDAS_CONSULTA,1176,,,,
Canarias,ES70,2010,2010,Medicina Familia y Comunitaria - Atención primaria (AP),FAMILIA_COMUNITARIA_AP,Domicilio,DOMICILIO,Personas distintas atendidas en consulta,PERSONAS_DISTINTAS_ATENDIDAS_CONSULTA,15183,,,,
Canarias,ES70,2010,2010,Medicina Familia y Comunitaria - Atención primaria (AP),FAMILIA_COMUNITARIA_AP,Teleconsulta,TELECONSULTA,Personas distintas atendidas en consulta,PERSONAS_DISTINTAS_ATENDIDAS_CONSULTA,,Valor no disponible; el dato no existe,M,,
Canarias,ES70,2010,2010,Medicina Familia y Comunitaria - Atención primaria (AP),FAMILIA_COMUNITARIA_AP,Total,_T,Personas distintas atendidas en consulta,PERSONAS_DISTINTAS_ATENDIDAS_CONSULTA,1301601,,,,
Canarias,ES70,2010,2010,Medicina Familia y Comunitaria - Atención primaria (AP),FAMILIA_COMUNITARIA_AP,Centro,CENTRO,Personas distintas atendidas en consulta,PERSONAS_DISTINTAS_ATENDIDAS_CONSULTA,1286418,,,,
Lanzarote,ES708,2010,2010,Medicina Familia y Comunitaria - Atención primaria (AP),FAMILIA_COMUNITARIA_AP,Domicilio,DOMICILIO,Personas distintas atendidas en consulta,PERSONAS_DISTINTAS_ATENDIDAS_CONSULTA,574,,,,
Lanzarote,ES708,2010,2010,Medicina Familia y Comunitaria - Atención primaria (AP),FAMILIA_COMUNITARIA_AP,Teleconsulta,TELECONSULTA,Personas distintas atendidas en consulta,PERSONAS_DISTINTAS_ATENDIDAS_CONSULTA,,Valor no disponible; el dato no existe,M,,
Lanzarote,ES708,2010,2010,Medicina Familia y Comunitaria - Atención primaria (AP),FAMILIA_COMUNITARIA_AP,Total,_T,Personas distintas atendidas en consulta,PERSONAS_DISTINTAS_ATENDIDAS_CONSULTA,81900,,,,
Lanzarote,ES708,2010,2010,Medicina Familia y Comunitaria - Atención primaria (AP),FAMILIA_COMUNITARIA_AP,Centro,CENTRO,Personas distintas atendidas en consulta,PERSONAS_DISTINTAS_ATENDIDAS_CONSULTA,81326,,,,
Fuerteventura,ES704,2010,2010,Medicina Familia y Comunitaria - Atención primaria (AP),FAMILIA_COMUNITARIA_AP,Domicilio,DOMICILIO,Personas distintas atendidas en consulta,PERSONAS_DISTINTAS_ATENDIDAS_CONSULTA,318,,,,
Fuerteventura,ES704,2010,2010,Medicina Familia y Comunitaria - Atención primaria (AP),FAMILIA_COMUNITARIA_AP,Teleconsulta,TELECONSULTA,Personas distintas atendidas en consulta,PERSONAS_DISTINTAS_ATENDIDAS_CONSULTA,,Valor no disponible; el dato no existe,M,,
Fuerteventura,ES704,2010,2010,Medicina Familia y Comunitaria - Atención primaria (AP),FAMILIA_COMUNITARIA_AP,Total,_T,Personas distintas atendidas en consulta,PERSONAS_DISTINTAS_ATENDIDAS_CONSULTA,59887,,,,
Fuerteventura,ES704,2010,2010,Medicina Familia y Comunitaria - Atención primaria (AP),FAMILIA_COMUNITARIA_AP,Centro,CENTRO,Personas distintas atendidas en consulta,PERSONAS_DISTINTAS_ATENDIDAS_CONSULTA,59569,,,,
Gran Canaria,ES705,2010,2010,Medicina Familia y Comunitaria - Atención primaria (AP),FAMILIA_COMUNITARIA_AP,Domicilio,DOMICILIO,Personas distintas atendidas en consulta,PERSONAS_DISTINTAS_ATENDIDAS_CONSULTA,4376,,,,
Gran Canaria,ES705,2010,2010,Medicina Familia y Comunitaria - Atención primaria (AP),FAMILIA_COMUNITARIA_AP,Teleconsulta,TELECONSULTA,Personas distintas atendidas en consulta,PERSONAS_DISTINTAS_ATENDIDAS_CONSULTA,,Valor no disponible; el dato no existe,M,,
Gran Canaria,ES705,2010,2010,Medicina Familia y Comunitaria - Atención primaria (AP),FAMILIA_COMUNITARIA_AP,Total,_T,Personas distintas atendidas en consulta,PERSONAS_DISTINTAS_ATENDIDAS_CONSULTA,545006,,,,
Gran Canaria,ES705,2010,2010,Medicina Familia y Comunitaria - Atención primaria (AP),FAMILIA_COMUNITARIA_AP,Centro,CENTRO,Personas distintas atendidas en consulta,PERSONAS_DISTINTAS_ATENDIDAS_CONSULTA,540630,,,,
Tenerife,ES709,2010,2010,Medicina Familia y Comunitaria - Atención primaria (AP),FAMILIA_COMUNITARIA_AP,Domicilio,DOMICILIO,Personas distintas atendidas en consulta,PERSONAS_DISTINTAS_ATENDIDAS_CONSULTA,8109,,,,
Tenerife,ES709,2010,2010,Medicina Familia y Comunitaria - Atención primaria (AP),FAMILIA_COMUNITARIA_AP,Teleconsulta,TELECONSULTA,Personas distintas atendidas en consulta,PERSONAS_DISTINTAS_ATENDIDAS_CONSULTA,,Valor no disponible; el dato no existe,M,,
Tenerife,ES709,2010,2010,Medicina Familia y Comunitaria - Atención primaria (AP),FAMILIA_COMUNITARIA_AP,Total,_T,Personas distintas atendidas en consulta,PERSONAS_DISTINTAS_ATENDIDAS_CONSULTA,540423,,,,
Tenerife,ES709,2010,2010,Medicina Familia y Comunitaria - Atención primaria (AP),FAMILIA_COMUNITARIA_AP,Centro,CENTRO,Personas distintas atendidas en consulta,PERSONAS_DISTINTAS_ATENDIDAS_CONSULTA,532314,,,,
La Gomera,ES706,2010,2010,Medicina Familia y Comunitaria - Atención primaria (AP),FAMILIA_COMUNITARIA_AP,Domicilio,DOMICILIO,Personas distintas atendidas en consulta,PERSONAS_DISTINTAS_ATENDIDAS_CONSULTA,326,,,,
La Gomera,ES706,2010,2010,Medicina Familia y Comunitaria - Atención primaria (AP),FAMILIA_COMUNITARIA_AP,Teleconsulta,TELECONSULTA,Personas distintas atendidas en consulta,PERSONAS_DISTINTAS_ATENDIDAS_CONSULTA,,Valor no disponible; el dato no existe,M,,
La Gomera,ES706,2010,2010,Medicina Familia y Comunitaria - Atención primaria (AP),FAMILIA_COMUNITARIA_AP,Total,_T,Personas distintas atendidas en consulta,PERSONAS_DISTINTAS_ATENDIDAS_CONSULTA,13132,,,,
La Gomera,ES706,2010,2010,Medicina Familia y Comunitaria - Atención primaria (AP),FAMILIA_COMUNITARIA_AP,Centro,CENTRO,Personas distintas atendidas en consulta,PERSONAS_DISTINTAS_ATENDIDAS_CONSULTA,12806,,,,
La Palma,ES707,2010,2010,Medicina Familia y Comunitaria - Atención primaria (AP),FAMILIA_COMUNITARIA_AP,Domicilio,DOMICILIO,Personas distintas atendidas en consulta,PERSONAS_DISTINTAS_ATENDIDAS_CONSULTA,1262,,,,
La Palma,ES707,2010,2010,Medicina Familia y Comunitaria - Atención primaria (AP),FAMILIA_COMUNITARIA_AP,Teleconsulta,TELECONSULTA,Personas distintas atendidas en consulta,PERSONAS_DISTINTAS_ATENDIDAS_CONSULTA,,Valor no disponible; el dato no existe,M,,
La Palma,ES707,2010,2010,Medicina Familia y Comunitaria - Atención primaria (AP),FAMILIA_COMUNITARIA_AP,Total,_T,Personas distintas atendidas en consulta,PERSONAS_DISTINTAS_ATENDIDAS_CONSULTA,54093,,,,
La Palma,ES707,2010,2010,Medicina Familia y Comunitaria - Atención primaria (AP),FAMILIA_COMUNITARIA_AP,Centro,CENTRO,Personas distintas atendidas en consulta,PERSONAS_DISTINTAS_ATENDIDAS_CONSULTA,52831,,,,
El Hierro,ES703,2010,2010,Medicina Familia y Comunitaria - Atención primaria (AP),FAMILIA_COMUNITARIA_AP,Domicilio,DOMICILIO,Personas distintas atendidas en consulta,PERSONAS_DISTINTAS_ATENDIDAS_CONSULTA,218,,,,
El Hierro,ES703,2010,2010,Medicina Familia y Comunitaria - Atención primaria (AP),FAMILIA_COMUNITARIA_AP,Teleconsulta,TELECONSULTA,Personas distintas atendidas en consulta,PERSONAS_DISTINTAS_ATENDIDAS_CONSULTA,,Valor no disponible; el dato no existe,M,,
El Hierro,ES703,2010,2010,Medicina Familia y Comunitaria - Atención primaria (AP),FAMILIA_COMUNITARIA_AP,Total,_T,Personas distintas atendidas en consulta,PERSONAS_DISTINTAS_ATENDIDAS_CONSULTA,7160,,,,
El Hierro,ES703,2010,2010,Medicina Familia y Comunitaria - Atención primaria (AP),FAMILIA_COMUNITARIA_AP,Centro,CENTRO,Personas distintas atendidas en consulta,PERSONAS_DISTINTAS_ATENDIDAS_CONSULTA,6942,,,,
Canarias,ES70,2011,2011,Enfermería - Atención primaria (AP),ENFERMERIA_AP,Domicilio,DOMICILIO,Personas distintas atendidas en consulta,PERSONAS_DISTINTAS_ATENDIDAS_CONSULTA,31343,,,,
Canarias,ES70,2011,2011,Enfermería - Atención primaria (AP),ENFERMERIA_AP,Teleconsulta,TELECONSULTA,Personas distintas atendidas en consulta,PERSONAS_DISTINTAS_ATENDIDAS_CONSULTA,,Valor no disponible; el dato no existe,M,,
Canarias,ES70,2011,2011,Enfermería - Atención primaria (AP),ENFERMERIA_AP,Total,_T,Personas distintas atendidas en consulta,PERSONAS_DISTINTAS_ATENDIDAS_CONSULTA,978659,,,,
Canarias,ES70,2011,2011,Enfermería - Atención primaria (AP),ENFERMERIA_AP,Centro,CENTRO,Personas distintas atendidas en consulta,PERSONAS_DISTINTAS_ATENDIDAS_CONSULTA,947316,,,,
Lanzarote,ES708,2011,2011,Enfermería - Atención primaria (AP),ENFERMERIA_AP,Domicilio,DOMICILIO,Personas distintas atendidas en consulta,PERSONAS_DISTINTAS_ATENDIDAS_CONSULTA,1364,,,,
Lanzarote,ES708,2011,2011,Enfermería - Atención primaria (AP),ENFERMERIA_AP,Teleconsulta,TELECONSULTA,Personas distintas atendidas en consulta,PERSONAS_DISTINTAS_ATENDIDAS_CONSULTA,,Valor no disponible; el dato no existe,M,,
Lanzarote,ES708,2011,2011,Enfermería - Atención primaria (AP),ENFERMERIA_AP,Total,_T,Personas distintas atendidas en consulta,PERSONAS_DISTINTAS_ATENDIDAS_CONSULTA,64194,,,,
Lanzarote,ES708,2011,2011,Enfermería - Atención primaria (AP),ENFERMERIA_AP,Centro,CENTRO,Personas distintas atendidas en consulta,PERSONAS_DISTINTAS_ATENDIDAS_CONSULTA,62830,,,,
Fuerteventura,ES704,2011,2011,Enfermería - Atención primaria (AP),ENFERMERIA_AP,Domicilio,DOMICILIO,Personas distintas atendidas en consulta,PERSONAS_DISTINTAS_ATENDIDAS_CONSULTA,963,,,,
Fuerteventura,ES704,2011,2011,Enfermería - Atención primaria (AP),ENFERMERIA_AP,Teleconsulta,TELECONSULTA,Personas distintas atendidas en consulta,PERSONAS_DISTINTAS_ATENDIDAS_CONSULTA,,Valor no disponible; el dato no existe,M,,
Fuerteventura,ES704,2011,2011,Enfermería - Atención primaria (AP),ENFERMERIA_AP,Total,_T,Personas distintas atendidas en consulta,PERSONAS_DISTINTAS_ATENDIDAS_CONSULTA,47192,,,,
Fuerteventura,ES704,2011,2011,Enfermería - Atención primaria (AP),ENFERMERIA_AP,Centro,CENTRO,Personas distintas atendidas en consulta,PERSONAS_DISTINTAS_ATENDIDAS_CONSULTA,46229,,,,
Gran Canaria,ES705,2011,2011,Enfermería - Atención primaria (AP),ENFERMERIA_AP,Domicilio,DOMICILIO,Personas distintas atendidas en consulta,PERSONAS_DISTINTAS_ATENDIDAS_CONSULTA,14043,,,,
Gran Canaria,ES705,2011,2011,Enfermería - Atención primaria (AP),ENFERMERIA_AP,Teleconsulta,TELECONSULTA,Personas distintas atendidas en consulta,PERSONAS_DISTINTAS_ATENDIDAS_CONSULTA,,Valor no disponible; el dato no existe,M,,
Gran Canaria,ES705,2011,2011,Enfermería - Atención primaria (AP),ENFERMERIA_AP,Total,_T,Personas distintas atendidas en consulta,PERSONAS_DISTINTAS_ATENDIDAS_CONSULTA,374277,,,,
Gran Canaria,ES705,2011,2011,Enfermería - Atención primaria (AP),ENFERMERIA_AP,Centro,CENTRO,Personas distintas atendidas en consulta,PERSONAS_DISTINTAS_ATENDIDAS_CONSULTA,360234,,,,
Tenerife,ES709,2011,2011,Enfermería - Atención primaria (AP),ENFERMERIA_AP,Domicilio,DOMICILIO,Personas distintas atendidas en consulta,PERSONAS_DISTINTAS_ATENDIDAS_CONSULTA,11838,,,,
Tenerife,ES709,2011,2011,Enfermería - Atención primaria (AP),ENFERMERIA_AP,Teleconsulta,TELECONSULTA,Personas distintas atendidas en consulta,PERSONAS_DISTINTAS_ATENDIDAS_CONSULTA,,Valor no disponible; el dato no existe,M,,
Tenerife,ES709,2011,2011,Enfermería - Atención primaria (AP),ENFERMERIA_AP,Total,_T,Personas distintas atendidas en consulta,PERSONAS_DISTINTAS_ATENDIDAS_CONSULTA,429878,,,,
Tenerife,ES709,2011,2011,Enfermería - Atención primaria (AP),ENFERMERIA_AP,Centro,CENTRO,Personas distintas atendidas en consulta,PERSONAS_DISTINTAS_ATENDIDAS_CONSULTA,418040,,,,
La Gomera,ES706,2011,2011,Enfermería - Atención primaria (AP),ENFERMERIA_AP,Domicilio,DOMICILIO,Personas distintas atendidas en consulta,PERSONAS_DISTINTAS_ATENDIDAS_CONSULTA,618,,,,
La Gomera,ES706,2011,2011,Enfermería - Atención primaria (AP),ENFERMERIA_AP,Teleconsulta,TELECONSULTA,Personas distintas atendidas en consulta,PERSONAS_DISTINTAS_ATENDIDAS_CONSULTA,,Valor no disponible; el dato no existe,M,,
La Gomera,ES706,2011,2011,Enfermería - Atención primaria (AP),ENFERMERIA_AP,Total,_T,Personas distintas atendidas en consulta,PERSONAS_DISTINTAS_ATENDIDAS_CONSULTA,11525,,,,
La Gomera,ES706,2011,2011,Enfermería - Atención primaria (AP),ENFERMERIA_AP,Centro,CENTRO,Personas distintas atendidas en consulta,PERSONAS_DISTINTAS_ATENDIDAS_CONSULTA,10907,,,,
La Palma,ES707,2011,2011,Enfermería - Atención primaria (AP),ENFERMERIA_AP,Domicilio,DOMICILIO,Personas distintas atendidas en consulta,PERSONAS_DISTINTAS_ATENDIDAS_CONSULTA,2195,,,,
La Palma,ES707,2011,2011,Enfermería - Atención primaria (AP),ENFERMERIA_AP,Teleconsulta,TELECONSULTA,Personas distintas atendidas en consulta,PERSONAS_DISTINTAS_ATENDIDAS_CONSULTA,,Valor no disponible; el dato no existe,M,,
La Palma,ES707,2011,2011,Enfermería - Atención primaria (AP),ENFERMERIA_AP,Total,_T,Personas distintas atendidas en consulta,PERSONAS_DISTINTAS_ATENDIDAS_CONSULTA,45927,,,,
La Palma,ES707,2011,2011,Enfermería - Atención primaria (AP),ENFERMERIA_AP,Centro,CENTRO,Personas distintas atendidas en consulta,PERSONAS_DISTINTAS_ATENDIDAS_CONSULTA,43732,,,,
El Hierro,ES703,2011,2011,Enfermería - Atención primaria (AP),ENFERMERIA_AP,Domicilio,DOMICILIO,Personas distintas atendidas en consulta,PERSONAS_DISTINTAS_ATENDIDAS_CONSULTA,322,,,,
El Hierro,ES703,2011,2011,Enfermería - Atención primaria (AP),ENFERMERIA_AP,Teleconsulta,TELECONSULTA,Personas distintas atendidas en consulta,PERSONAS_DISTINTAS_ATENDIDAS_CONSULTA,,Valor no disponible; el dato no existe,M,,
El Hierro,ES703,2011,2011,Enfermería - Atención primaria (AP),ENFERMERIA_AP,Total,_T,Personas distintas atendidas en consulta,PERSONAS_DISTINTAS_ATENDIDAS_CONSULTA,5666,,,,
El Hierro,ES703,2011,2011,Enfermería - Atención primaria (AP),ENFERMERIA_AP,Centro,CENTRO,Personas distintas atendidas en consulta,PERSONAS_DISTINTAS_ATENDIDAS_CONSULTA,5344,,,,
Canarias,ES70,2011,2011,Pediatría - Atención primaria (AP),PEDIATRIA_AP,Domicilio,DOMICILIO,Personas distintas atendidas en consulta,PERSONAS_DISTINTAS_ATENDIDAS_CONSULTA,63,,,,
Canarias,ES70,2011,2011,Pediatría - Atención primaria (AP),PEDIATRIA_AP,Teleconsulta,TELECONSULTA,Personas distintas atendidas en consulta,PERSONAS_DISTINTAS_ATENDIDAS_CONSULTA,,Valor no disponible; el dato no existe,M,,
Canarias,ES70,2011,2011,Pediatría - Atención primaria (AP),PEDIATRIA_AP,Total,_T,Personas distintas atendidas en consulta,PERSONAS_DISTINTAS_ATENDIDAS_CONSULTA,242759,,,,
Canarias,ES70,2011,2011,Pediatría - Atención primaria (AP),PEDIATRIA_AP,Centro,CENTRO,Personas distintas atendidas en consulta,PERSONAS_DISTINTAS_ATENDIDAS_CONSULTA,242696,,,,
Lanzarote,ES708,2011,2011,Pediatría - Atención primaria (AP),PEDIATRIA_AP,Domicilio,DOMICILIO,Personas distintas atendidas en consulta,PERSONAS_DISTINTAS_ATENDIDAS_CONSULTA,11,,,,
Lanzarote,ES708,2011,2011,Pediatría - Atención primaria (AP),PEDIATRIA_AP,Teleconsulta,TELECONSULTA,Personas distintas atendidas en consulta,PERSONAS_DISTINTAS_ATENDIDAS_CONSULTA,,Valor no disponible; el dato no existe,M,,
Lanzarote,ES708,2011,2011,Pediatría - Atención primaria (AP),PEDIATRIA_AP,Total,_T,Personas distintas atendidas en consulta,PERSONAS_DISTINTAS_ATENDIDAS_CONSULTA,19032,,,,
Lanzarote,ES708,2011,2011,Pediatría - Atención primaria (AP),PEDIATRIA_AP,Centro,CENTRO,Personas distintas atendidas en consulta,PERSONAS_DISTINTAS_ATENDIDAS_CONSULTA,19021,,,,
Fuerteventura,ES704,2011,2011,Pediatría - Atención primaria (AP),PEDIATRIA_AP,Domicilio,DOMICILIO,Personas distintas atendidas en consulta,PERSONAS_DISTINTAS_ATENDIDAS_CONSULTA,2,,,,
Fuerteventura,ES704,2011,2011,Pediatría - Atención primaria (AP),PEDIATRIA_AP,Teleconsulta,TELECONSULTA,Personas distintas atendidas en consulta,PERSONAS_DISTINTAS_ATENDIDAS_CONSULTA,,Valor no disponible; el dato no existe,M,,
Fuerteventura,ES704,2011,2011,Pediatría - Atención primaria (AP),PEDIATRIA_AP,Total,_T,Personas distintas atendidas en consulta,PERSONAS_DISTINTAS_ATENDIDAS_CONSULTA,13178,,,,
Fuerteventura,ES704,2011,2011,Pediatría - Atención primaria (AP),PEDIATRIA_AP,Centro,CENTRO,Personas distintas atendidas en consulta,PERSONAS_DISTINTAS_ATENDIDAS_CONSULTA,13176,,,,
Gran Canaria,ES705,2011,2011,Pediatría - Atención primaria (AP),PEDIATRIA_AP,Domicilio,DOMICILIO,Personas distintas atendidas en consulta,PERSONAS_DISTINTAS_ATENDIDAS_CONSULTA,18,,,,
Gran Canaria,ES705,2011,2011,Pediatría - Atención primaria (AP),PEDIATRIA_AP,Teleconsulta,TELECONSULTA,Personas distintas atendidas en consulta,PERSONAS_DISTINTAS_ATENDIDAS_CONSULTA,,Valor no disponible; el dato no existe,M,,
Gran Canaria,ES705,2011,2011,Pediatría - Atención primaria (AP),PEDIATRIA_AP,Total,_T,Personas distintas atendidas en consulta,PERSONAS_DISTINTAS_ATENDIDAS_CONSULTA,95279,,,,
Gran Canaria,ES705,2011,2011,Pediatría - Atención primaria (AP),PEDIATRIA_AP,Centro,CENTRO,Personas distintas atendidas en consulta,PERSONAS_DISTINTAS_ATENDIDAS_CONSULTA,95261,,,,
Tenerife,ES709,2011,2011,Pediatría - Atención primaria (AP),PEDIATRIA_AP,Domicilio,DOMICILIO,Personas distintas atendidas en consulta,PERSONAS_DISTINTAS_ATENDIDAS_CONSULTA,31,,,,
Tenerife,ES709,2011,2011,Pediatría - Atención primaria (AP),PEDIATRIA_AP,Teleconsulta,TELECONSULTA,Personas distintas atendidas en consulta,PERSONAS_DISTINTAS_ATENDIDAS_CONSULTA,,Valor no disponible; el dato no existe,M,,
Tenerife,ES709,2011,2011,Pediatría - Atención primaria (AP),PEDIATRIA_AP,Total,_T,Personas distintas atendidas en consulta,PERSONAS_DISTINTAS_ATENDIDAS_CONSULTA,103694,,,,
Tenerife,ES709,2011,2011,Pediatría - Atención primaria (AP),PEDIATRIA_AP,Centro,CENTRO,Personas distintas atendidas en consulta,PERSONAS_DISTINTAS_ATENDIDAS_CONSULTA,103663,,,,
La Gomera,ES706,2011,2011,Pediatría - Atención primaria (AP),PEDIATRIA_AP,Domicilio,DOMICILIO,Personas distintas atendidas en consulta,PERSONAS_DISTINTAS_ATENDIDAS_CONSULTA,,Valor no disponible; el dato no existe,M,,
La Gomera,ES706,2011,2011,Pediatría - Atención primaria (AP),PEDIATRIA_AP,Teleconsulta,TELECONSULTA,Personas distintas atendidas en consulta,PERSONAS_DISTINTAS_ATENDIDAS_CONSULTA,,Valor no disponible; el dato no existe,M,,
La Gomera,ES706,2011,2011,Pediatría - Atención primaria (AP),PEDIATRIA_AP,Total,_T,Personas distintas atendidas en consulta,PERSONAS_DISTINTAS_ATENDIDAS_CONSULTA,1094,,,,
La Gomera,ES706,2011,2011,Pediatría - Atención primaria (AP),PEDIATRIA_AP,Centro,CENTRO,Personas distintas atendidas en consulta,PERSONAS_DISTINTAS_ATENDIDAS_CONSULTA,1094,,,,
La Palma,ES707,2011,2011,Pediatría - Atención primaria (AP),PEDIATRIA_AP,Domicilio,DOMICILIO,Personas distintas atendidas en consulta,PERSONAS_DISTINTAS_ATENDIDAS_CONSULTA,1,,,,
La Palma,ES707,2011,2011,Pediatría - Atención primaria (AP),PEDIATRIA_AP,Teleconsulta,TELECONSULTA,Personas distintas atendidas en consulta,PERSONAS_DISTINTAS_ATENDIDAS_CONSULTA,,Valor no disponible; el dato no existe,M,,
La Palma,ES707,2011,2011,Pediatría - Atención primaria (AP),PEDIATRIA_AP,Total,_T,Personas distintas atendidas en consulta,PERSONAS_DISTINTAS_ATENDIDAS_CONSULTA,9335,,,,
La Palma,ES707,2011,2011,Pediatría - Atención primaria (AP),PEDIATRIA_AP,Centro,CENTRO,Personas distintas atendidas en consulta,PERSONAS_DISTINTAS_ATENDIDAS_CONSULTA,9334,,,,
El Hierro,ES703,2011,2011,Pediatría - Atención primaria (AP),PEDIATRIA_AP,Domicilio,DOMICILIO,Personas distintas atendidas en consulta,PERSONAS_DISTINTAS_ATENDIDAS_CONSULTA,,Valor no disponible; el dato no existe,M,,
El Hierro,ES703,2011,2011,Pediatría - Atención primaria (AP),PEDIATRIA_AP,Teleconsulta,TELECONSULTA,Personas distintas atendidas en consulta,PERSONAS_DISTINTAS_ATENDIDAS_CONSULTA,,Valor no disponible; el dato no existe,M,,
El Hierro,ES703,2011,2011,Pediatría - Atención primaria (AP),PEDIATRIA_AP,Total,_T,Personas distintas atendidas en consulta,PERSONAS_DISTINTAS_ATENDIDAS_CONSULTA,1147,,,,
El Hierro,ES703,2011,2011,Pediatría - Atención primaria (AP),PEDIATRIA_AP,Centro,CENTRO,Personas distintas atendidas en consulta,PERSONAS_DISTINTAS_ATENDIDAS_CONSULTA,1147,,,,
Canarias,ES70,2011,2011,Medicina Familia y Comunitaria - Atención primaria (AP),FAMILIA_COMUNITARIA_AP,Domicilio,DOMICILIO,Personas distintas atendidas en consulta,PERSONAS_DISTINTAS_ATENDIDAS_CONSULTA,14976,,,,
Canarias,ES70,2011,2011,Medicina Familia y Comunitaria - Atención primaria (AP),FAMILIA_COMUNITARIA_AP,Teleconsulta,TELECONSULTA,Personas distintas atendidas en consulta,PERSONAS_DISTINTAS_ATENDIDAS_CONSULTA,,Valor no disponible; el dato no existe,M,,
Canarias,ES70,2011,2011,Medicina Familia y Comunitaria - Atención primaria (AP),FAMILIA_COMUNITARIA_AP,Total,_T,Personas distintas atendidas en consulta,PERSONAS_DISTINTAS_ATENDIDAS_CONSULTA,1317329,,,,
Canarias,ES70,2011,2011,Medicina Familia y Comunitaria - Atención primaria (AP),FAMILIA_COMUNITARIA_AP,Centro,CENTRO,Personas distintas atendidas en consulta,PERSONAS_DISTINTAS_ATENDIDAS_CONSULTA,1302353,,,,
Lanzarote,ES708,2011,2011,Medicina Familia y Comunitaria - Atención primaria (AP),FAMILIA_COMUNITARIA_AP,Domicilio,DOMICILIO,Personas distintas atendidas en consulta,PERSONAS_DISTINTAS_ATENDIDAS_CONSULTA,568,,,,
Lanzarote,ES708,2011,2011,Medicina Familia y Comunitaria - Atención primaria (AP),FAMILIA_COMUNITARIA_AP,Teleconsulta,TELECONSULTA,Personas distintas atendidas en consulta,PERSONAS_DISTINTAS_ATENDIDAS_CONSULTA,,Valor no disponible; el dato no existe,M,,
Lanzarote,ES708,2011,2011,Medicina Familia y Comunitaria - Atención primaria (AP),FAMILIA_COMUNITARIA_AP,Total,_T,Personas distintas atendidas en consulta,PERSONAS_DISTINTAS_ATENDIDAS_CONSULTA,83174,,,,
Lanzarote,ES708,2011,2011,Medicina Familia y Comunitaria - Atención primaria (AP),FAMILIA_COMUNITARIA_AP,Centro,CENTRO,Personas distintas atendidas en consulta,PERSONAS_DISTINTAS_ATENDIDAS_CONSULTA,82606,,,,
Fuerteventura,ES704,2011,2011,Medicina Familia y Comunitaria - Atención primaria (AP),FAMILIA_COMUNITARIA_AP,Domicilio,DOMICILIO,Personas distintas atendidas en consulta,PERSONAS_DISTINTAS_ATENDIDAS_CONSULTA,365,,,,
Fuerteventura,ES704,2011,2011,Medicina Familia y Comunitaria - Atención primaria (AP),FAMILIA_COMUNITARIA_AP,Teleconsulta,TELECONSULTA,Personas distintas atendidas en consulta,PERSONAS_DISTINTAS_ATENDIDAS_CONSULTA,,Valor no disponible; el dato no existe,M,,
Fuerteventura,ES704,2011,2011,Medicina Familia y Comunitaria - Atención primaria (AP),FAMILIA_COMUNITARIA_AP,Total,_T,Personas distintas atendidas en consulta,PERSONAS_DISTINTAS_ATENDIDAS_CONSULTA,55498,,,,
Fuerteventura,ES704,2011,2011,Medicina Familia y Comunitaria - Atención primaria (AP),FAMILIA_COMUNITARIA_AP,Centro,CENTRO,Personas distintas atendidas en consulta,PERSONAS_DISTINTAS_ATENDIDAS_CONSULTA,55133,,,,
Gran Canaria,ES705,2011,2011,Medicina Familia y Comunitaria - Atención primaria (AP),FAMILIA_COMUNITARIA_AP,Domicilio,DOMICILIO,Personas distintas atendidas en consulta,PERSONAS_DISTINTAS_ATENDIDAS_CONSULTA,4042,,,,
Gran Canaria,ES705,2011,2011,Medicina Familia y Comunitaria - Atención primaria (AP),FAMILIA_COMUNITARIA_AP,Teleconsulta,TELECONSULTA,Personas distintas atendidas en consulta,PERSONAS_DISTINTAS_ATENDIDAS_CONSULTA,,Valor no disponible; el dato no existe,M,,
Gran Canaria,ES705,2011,2011,Medicina Familia y Comunitaria - Atención primaria (AP),FAMILIA_COMUNITARIA_AP,Total,_T,Personas distintas atendidas en consulta,PERSONAS_DISTINTAS_ATENDIDAS_CONSULTA,559964,,,,
Gran Canaria,ES705,2011,2011,Medicina Familia y Comunitaria - Atención primaria (AP),FAMILIA_COMUNITARIA_AP,Centro,CENTRO,Personas distintas atendidas en consulta,PERSONAS_DISTINTAS_ATENDIDAS_CONSULTA,555922,,,,
Tenerife,ES709,2011,2011,Medicina Familia y Comunitaria - Atención primaria (AP),FAMILIA_COMUNITARIA_AP,Domicilio,DOMICILIO,Personas distintas atendidas en consulta,PERSONAS_DISTINTAS_ATENDIDAS_CONSULTA,8214,,,,
Tenerife,ES709,2011,2011,Medicina Familia y Comunitaria - Atención primaria (AP),FAMILIA_COMUNITARIA_AP,Teleconsulta,TELECONSULTA,Personas distintas atendidas en consulta,PERSONAS_DISTINTAS_ATENDIDAS_CONSULTA,,Valor no disponible; el dato no existe,M,,
Tenerife,ES709,2011,2011,Medicina Familia y Comunitaria - Atención primaria (AP),FAMILIA_COMUNITARIA_AP,Total,_T,Personas distintas atendidas en consulta,PERSONAS_DISTINTAS_ATENDIDAS_CONSULTA,544344,,,,
Tenerife,ES709,2011,2011,Medicina Familia y Comunitaria - Atención primaria (AP),FAMILIA_COMUNITARIA_AP,Centro,CENTRO,Personas distintas atendidas en consulta,PERSONAS_DISTINTAS_ATENDIDAS_CONSULTA,536130,,,,
La Gomera,ES706,2011,2011,Medicina Familia y Comunitaria - Atención primaria (AP),FAMILIA_COMUNITARIA_AP,Domicilio,DOMICILIO,Personas distintas atendidas en consulta,PERSONAS_DISTINTAS_ATENDIDAS_CONSULTA,320,,,,
La Gomera,ES706,2011,2011,Medicina Familia y Comunitaria - Atención primaria (AP),FAMILIA_COMUNITARIA_AP,Teleconsulta,TELECONSULTA,Personas distintas atendidas en consulta,PERSONAS_DISTINTAS_ATENDIDAS_CONSULTA,,Valor no disponible; el dato no existe,M,,
La Gomera,ES706,2011,2011,Medicina Familia y Comunitaria - Atención primaria (AP),FAMILIA_COMUNITARIA_AP,Total,_T,Personas distintas atendidas en consulta,PERSONAS_DISTINTAS_ATENDIDAS_CONSULTA,13077,,,,
La Gomera,ES706,2011,2011,Medicina Familia y Comunitaria - Atención primaria (AP),FAMILIA_COMUNITARIA_AP,Centro,CENTRO,Personas distintas atendidas en consulta,PERSONAS_DISTINTAS_ATENDIDAS_CONSULTA,12757,,,,
La Palma,ES707,2011,2011,Medicina Familia y Comunitaria - Atención primaria (AP),FAMILIA_COMUNITARIA_AP,Domicilio,DOMICILIO,Personas distintas atendidas en consulta,PERSONAS_DISTINTAS_ATENDIDAS_CONSULTA,1261,,,,
La Palma,ES707,2011,2011,Medicina Familia y Comunitaria - Atención primaria (AP),FAMILIA_COMUNITARIA_AP,Teleconsulta,TELECONSULTA,Personas distintas atendidas en consulta,PERSONAS_DISTINTAS_ATENDIDAS_CONSULTA,,Valor no disponible; el dato no existe,M,,
La Palma,ES707,2011,2011,Medicina Familia y Comunitaria - Atención primaria (AP),FAMILIA_COMUNITARIA_AP,Total,_T,Personas distintas atendidas en consulta,PERSONAS_DISTINTAS_ATENDIDAS_CONSULTA,54162,,,,
La Palma,ES707,2011,2011,Medicina Familia y Comunitaria - Atención primaria (AP),FAMILIA_COMUNITARIA_AP,Centro,CENTRO,Personas distintas atendidas en consulta,PERSONAS_DISTINTAS_ATENDIDAS_CONSULTA,52901,,,,
El Hierro,ES703,2011,2011,Medicina Familia y Comunitaria - Atención primaria (AP),FAMILIA_COMUNITARIA_AP,Domicilio,DOMICILIO,Personas distintas atendidas en consulta,PERSONAS_DISTINTAS_ATENDIDAS_CONSULTA,206,,,,
El Hierro,ES703,2011,2011,Medicina Familia y Comunitaria - Atención primaria (AP),FAMILIA_COMUNITARIA_AP,Teleconsulta,TELECONSULTA,Personas distintas atendidas en consulta,PERSONAS_DISTINTAS_ATENDIDAS_CONSULTA,,Valor no disponible; el dato no existe,M,,
El Hierro,ES703,2011,2011,Medicina Familia y Comunitaria - Atención primaria (AP),FAMILIA_COMUNITARIA_AP,Total,_T,Personas distintas atendidas en consulta,PERSONAS_DISTINTAS_ATENDIDAS_CONSULTA,7110,,,,
El Hierro,ES703,2011,2011,Medicina Familia y Comunitaria - Atención primaria (AP),FAMILIA_COMUNITARIA_AP,Centro,CENTRO,Personas distintas atendidas en consulta,PERSONAS_DISTINTAS_ATENDIDAS_CONSULTA,6904,,,,
Canarias,ES70,2012,2012,Enfermería - Atención primaria (AP),ENFERMERIA_AP,Domicilio,DOMICILIO,Personas distintas atendidas en consulta,PERSONAS_DISTINTAS_ATENDIDAS_CONSULTA,30187,,,,
Canarias,ES70,2012,2012,Enfermería - Atención primaria (AP),ENFERMERIA_AP,Teleconsulta,TELECONSULTA,Personas distintas atendidas en consulta,PERSONAS_DISTINTAS_ATENDIDAS_CONSULTA,,Valor no disponible; el dato no existe,M,,
Canarias,ES70,2012,2012,Enfermería - Atención primaria (AP),ENFERMERIA_AP,Total,_T,Personas distintas atendidas en consulta,PERSONAS_DISTINTAS_ATENDIDAS_CONSULTA,950566,,,,
Canarias,ES70,2012,2012,Enfermería - Atención primaria (AP),ENFERMERIA_AP,Centro,CENTRO,Personas distintas atendidas en consulta,PERSONAS_DISTINTAS_ATENDIDAS_CONSULTA,920379,,,,
Lanzarote,ES708,2012,2012,Enfermería - Atención primaria (AP),ENFERMERIA_AP,Domicilio,DOMICILIO,Personas distintas atendidas en consulta,PERSONAS_DISTINTAS_ATENDIDAS_CONSULTA,1337,,,,
Lanzarote,ES708,2012,2012,Enfermería - Atención primaria (AP),ENFERMERIA_AP,Teleconsulta,TELECONSULTA,Personas distintas atendidas en consulta,PERSONAS_DISTINTAS_ATENDIDAS_CONSULTA,,Valor no disponible; el dato no existe,M,,
Lanzarote,ES708,2012,2012,Enfermería - Atención primaria (AP),ENFERMERIA_AP,Total,_T,Personas distintas atendidas en consulta,PERSONAS_DISTINTAS_ATENDIDAS_CONSULTA,64651,,,,
Lanzarote,ES708,2012,2012,Enfermería - Atención primaria (AP),ENFERMERIA_AP,Centro,CENTRO,Personas distintas atendidas en consulta,PERSONAS_DISTINTAS_ATENDIDAS_CONSULTA,63314,,,,
Fuerteventura,ES704,2012,2012,Enfermería - Atención primaria (AP),ENFERMERIA_AP,Domicilio,DOMICILIO,Personas distintas atendidas en consulta,PERSONAS_DISTINTAS_ATENDIDAS_CONSULTA,1084,,,,
Fuerteventura,ES704,2012,2012,Enfermería - Atención primaria (AP),ENFERMERIA_AP,Teleconsulta,TELECONSULTA,Personas distintas atendidas en consulta,PERSONAS_DISTINTAS_ATENDIDAS_CONSULTA,,Valor no disponible; el dato no existe,M,,
Fuerteventura,ES704,2012,2012,Enfermería - Atención primaria (AP),ENFERMERIA_AP,Total,_T,Personas distintas atendidas en consulta,PERSONAS_DISTINTAS_ATENDIDAS_CONSULTA,46923,,,,
Fuerteventura,ES704,2012,2012,Enfermería - Atención primaria (AP),ENFERMERIA_AP,Centro,CENTRO,Personas distintas atendidas en consulta,PERSONAS_DISTINTAS_ATENDIDAS_CONSULTA,45839,,,,
Gran Canaria,ES705,2012,2012,Enfermería - Atención primaria (AP),ENFERMERIA_AP,Domicilio,DOMICILIO,Personas distintas atendidas en consulta,PERSONAS_DISTINTAS_ATENDIDAS_CONSULTA,13650,,,,
Gran Canaria,ES705,2012,2012,Enfermería - Atención primaria (AP),ENFERMERIA_AP,Teleconsulta,TELECONSULTA,Personas distintas atendidas en consulta,PERSONAS_DISTINTAS_ATENDIDAS_CONSULTA,,Valor no disponible; el dato no existe,M,,
Gran Canaria,ES705,2012,2012,Enfermería - Atención primaria (AP),ENFERMERIA_AP,Total,_T,Personas distintas atendidas en consulta,PERSONAS_DISTINTAS_ATENDIDAS_CONSULTA,358542,,,,
Gran Canaria,ES705,2012,2012,Enfermería - Atención primaria (AP),ENFERMERIA_AP,Centro,CENTRO,Personas distintas atendidas en consulta,PERSONAS_DISTINTAS_ATENDIDAS_CONSULTA,344892,,,,
Tenerife,ES709,2012,2012,Enfermería - Atención primaria (AP),ENFERMERIA_AP,Domicilio,DOMICILIO,Personas distintas atendidas en consulta,PERSONAS_DISTINTAS_ATENDIDAS_CONSULTA,11267,,,,
Tenerife,ES709,2012,2012,Enfermería - Atención primaria (AP),ENFERMERIA_AP,Teleconsulta,TELECONSULTA,Personas distintas atendidas en consulta,PERSONAS_DISTINTAS_ATENDIDAS_CONSULTA,,Valor no disponible; el dato no existe,M,,
Tenerife,ES709,2012,2012,Enfermería - Atención primaria (AP),ENFERMERIA_AP,Total,_T,Personas distintas atendidas en consulta,PERSONAS_DISTINTAS_ATENDIDAS_CONSULTA,418889,,,,
Tenerife,ES709,2012,2012,Enfermería - Atención primaria (AP),ENFERMERIA_AP,Centro,CENTRO,Personas distintas atendidas en consulta,PERSONAS_DISTINTAS_ATENDIDAS_CONSULTA,407622,,,,
La Gomera,ES706,2012,2012,Enfermería - Atención primaria (AP),ENFERMERIA_AP,Domicilio,DOMICILIO,Personas distintas atendidas en consulta,PERSONAS_DISTINTAS_ATENDIDAS_CONSULTA,600,,,,
La Gomera,ES706,2012,2012,Enfermería - Atención primaria (AP),ENFERMERIA_AP,Teleconsulta,TELECONSULTA,Personas distintas atendidas en consulta,PERSONAS_DISTINTAS_ATENDIDAS_CONSULTA,,Valor no disponible; el dato no existe,M,,
La Gomera,ES706,2012,2012,Enfermería - Atención primaria (AP),ENFERMERIA_AP,Total,_T,Personas distintas atendidas en consulta,PERSONAS_DISTINTAS_ATENDIDAS_CONSULTA,11304,,,,
La Gomera,ES706,2012,2012,Enfermería - Atención primaria (AP),ENFERMERIA_AP,Centro,CENTRO,Personas distintas atendidas en consulta,PERSONAS_DISTINTAS_ATENDIDAS_CONSULTA,10704,,,,
La Palma,ES707,2012,2012,Enfermería - Atención primaria (AP),ENFERMERIA_AP,Domicilio,DOMICILIO,Personas distintas atendidas en consulta,PERSONAS_DISTINTAS_ATENDIDAS_CONSULTA,1932,,,,
La Palma,ES707,2012,2012,Enfermería - Atención primaria (AP),ENFERMERIA_AP,Teleconsulta,TELECONSULTA,Personas distintas atendidas en consulta,PERSONAS_DISTINTAS_ATENDIDAS_CONSULTA,,Valor no disponible; el dato no existe,M,,
La Palma,ES707,2012,2012,Enfermería - Atención primaria (AP),ENFERMERIA_AP,Total,_T,Personas distintas atendidas en consulta,PERSONAS_DISTINTAS_ATENDIDAS_CONSULTA,44733,,,,
La Palma,ES707,2012,2012,Enfermería - Atención primaria (AP),ENFERMERIA_AP,Centro,CENTRO,Personas distintas atendidas en consulta,PERSONAS_DISTINTAS_ATENDIDAS_CONSULTA,42801,,,,
El Hierro,ES703,2012,2012,Enfermería - Atención primaria (AP),ENFERMERIA_AP,Domicilio,DOMICILIO,Personas distintas atendidas en consulta,PERSONAS_DISTINTAS_ATENDIDAS_CONSULTA,317,,,,
El Hierro,ES703,2012,2012,Enfermería - Atención primaria (AP),ENFERMERIA_AP,Teleconsulta,TELECONSULTA,Personas distintas atendidas en consulta,PERSONAS_DISTINTAS_ATENDIDAS_CONSULTA,,Valor no disponible; el dato no existe,M,,
El Hierro,ES703,2012,2012,Enfermería - Atención primaria (AP),ENFERMERIA_AP,Total,_T,Personas distintas atendidas en consulta,PERSONAS_DISTINTAS_ATENDIDAS_CONSULTA,5524,,,,
El Hierro,ES703,2012,2012,Enfermería - Atención primaria (AP),ENFERMERIA_AP,Centro,CENTRO,Personas distintas atendidas en consulta,PERSONAS_DISTINTAS_ATENDIDAS_CONSULTA,5207,,,,
Canarias,ES70,2012,2012,Pediatría - Atención primaria (AP),PEDIATRIA_AP,Domicilio,DOMICILIO,Personas distintas atendidas en consulta,PERSONAS_DISTINTAS_ATENDIDAS_CONSULTA,30,,,,
Canarias,ES70,2012,2012,Pediatría - Atención primaria (AP),PEDIATRIA_AP,Teleconsulta,TELECONSULTA,Personas distintas atendidas en consulta,PERSONAS_DISTINTAS_ATENDIDAS_CONSULTA,,Valor no disponible; el dato no existe,M,,
Canarias,ES70,2012,2012,Pediatría - Atención primaria (AP),PEDIATRIA_AP,Total,_T,Personas distintas atendidas en consulta,PERSONAS_DISTINTAS_ATENDIDAS_CONSULTA,240376,,,,
Canarias,ES70,2012,2012,Pediatría - Atención primaria (AP),PEDIATRIA_AP,Centro,CENTRO,Personas distintas atendidas en consulta,PERSONAS_DISTINTAS_ATENDIDAS_CONSULTA,240346,,,,
Lanzarote,ES708,2012,2012,Pediatría - Atención primaria (AP),PEDIATRIA_AP,Domicilio,DOMICILIO,Personas distintas atendidas en consulta,PERSONAS_DISTINTAS_ATENDIDAS_CONSULTA,,Valor no disponible; el dato no existe,M,,
Lanzarote,ES708,2012,2012,Pediatría - Atención primaria (AP),PEDIATRIA_AP,Teleconsulta,TELECONSULTA,Personas distintas atendidas en consulta,PERSONAS_DISTINTAS_ATENDIDAS_CONSULTA,,Valor no disponible; el dato no existe,M,,
Lanzarote,ES708,2012,2012,Pediatría - Atención primaria (AP),PEDIATRIA_AP,Total,_T,Personas distintas atendidas en consulta,PERSONAS_DISTINTAS_ATENDIDAS_CONSULTA,19145,,,,
Lanzarote,ES708,2012,2012,Pediatría - Atención primaria (AP),PEDIATRIA_AP,Centro,CENTRO,Personas distintas atendidas en consulta,PERSONAS_DISTINTAS_ATENDIDAS_CONSULTA,19145,,,,
Fuerteventura,ES704,2012,2012,Pediatría - Atención primaria (AP),PEDIATRIA_AP,Domicilio,DOMICILIO,Personas distintas atendidas en consulta,PERSONAS_DISTINTAS_ATENDIDAS_CONSULTA,1,,,,
Fuerteventura,ES704,2012,2012,Pediatría - Atención primaria (AP),PEDIATRIA_AP,Teleconsulta,TELECONSULTA,Personas distintas atendidas en consulta,PERSONAS_DISTINTAS_ATENDIDAS_CONSULTA,,Valor no disponible; el dato no existe,M,,
Fuerteventura,ES704,2012,2012,Pediatría - Atención primaria (AP),PEDIATRIA_AP,Total,_T,Personas distintas atendidas en consulta,PERSONAS_DISTINTAS_ATENDIDAS_CONSULTA,13410,,,,
Fuerteventura,ES704,2012,2012,Pediatría - Atención primaria (AP),PEDIATRIA_AP,Centro,CENTRO,Personas distintas atendidas en consulta,PERSONAS_DISTINTAS_ATENDIDAS_CONSULTA,13409,,,,
Gran Canaria,ES705,2012,2012,Pediatría - Atención primaria (AP),PEDIATRIA_AP,Domicilio,DOMICILIO,Personas distintas atendidas en consulta,PERSONAS_DISTINTAS_ATENDIDAS_CONSULTA,15,,,,
Gran Canaria,ES705,2012,2012,Pediatría - Atención primaria (AP),PEDIATRIA_AP,Teleconsulta,TELECONSULTA,Personas distintas atendidas en consulta,PERSONAS_DISTINTAS_ATENDIDAS_CONSULTA,,Valor no disponible; el dato no existe,M,,
Gran Canaria,ES705,2012,2012,Pediatría - Atención primaria (AP),PEDIATRIA_AP,Total,_T,Personas distintas atendidas en consulta,PERSONAS_DISTINTAS_ATENDIDAS_CONSULTA,93891,,,,
Gran Canaria,ES705,2012,2012,Pediatría - Atención primaria (AP),PEDIATRIA_AP,Centro,CENTRO,Personas distintas atendidas en consulta,PERSONAS_DISTINTAS_ATENDIDAS_CONSULTA,93876,,,,
Tenerife,ES709,2012,2012,Pediatría - Atención primaria (AP),PEDIATRIA_AP,Domicilio,DOMICILIO,Personas distintas atendidas en consulta,PERSONAS_DISTINTAS_ATENDIDAS_CONSULTA,12,,,,
Tenerife,ES709,2012,2012,Pediatría - Atención primaria (AP),PEDIATRIA_AP,Teleconsulta,TELECONSULTA,Personas distintas atendidas en consulta,PERSONAS_DISTINTAS_ATENDIDAS_CONSULTA,,Valor no disponible; el dato no existe,M,,
Tenerife,ES709,2012,2012,Pediatría - Atención primaria (AP),PEDIATRIA_AP,Total,_T,Personas distintas atendidas en consulta,PERSONAS_DISTINTAS_ATENDIDAS_CONSULTA,102666,,,,
Tenerife,ES709,2012,2012,Pediatría - Atención primaria (AP),PEDIATRIA_AP,Centro,CENTRO,Personas distintas atendidas en consulta,PERSONAS_DISTINTAS_ATENDIDAS_CONSULTA,102654,,,,
La Gomera,ES706,2012,2012,Pediatría - Atención primaria (AP),PEDIATRIA_AP,Domicilio,DOMICILIO,Personas distintas atendidas en consulta,PERSONAS_DISTINTAS_ATENDIDAS_CONSULTA,,Valor no disponible; el dato no existe,M,,
La Gomera,ES706,2012,2012,Pediatría - Atención primaria (AP),PEDIATRIA_AP,Teleconsulta,TELECONSULTA,Personas distintas atendidas en consulta,PERSONAS_DISTINTAS_ATENDIDAS_CONSULTA,,Valor no disponible; el dato no existe,M,,
La Gomera,ES706,2012,2012,Pediatría - Atención primaria (AP),PEDIATRIA_AP,Total,_T,Personas distintas atendidas en consulta,PERSONAS_DISTINTAS_ATENDIDAS_CONSULTA,1073,,,,
La Gomera,ES706,2012,2012,Pediatría - Atención primaria (AP),PEDIATRIA_AP,Centro,CENTRO,Personas distintas atendidas en consulta,PERSONAS_DISTINTAS_ATENDIDAS_CONSULTA,1073,,,,
La Palma,ES707,2012,2012,Pediatría - Atención primaria (AP),PEDIATRIA_AP,Domicilio,DOMICILIO,Personas distintas atendidas en consulta,PERSONAS_DISTINTAS_ATENDIDAS_CONSULTA,2,,,,
La Palma,ES707,2012,2012,Pediatría - Atención primaria (AP),PEDIATRIA_AP,Teleconsulta,TELECONSULTA,Personas distintas atendidas en consulta,PERSONAS_DISTINTAS_ATENDIDAS_CONSULTA,,Valor no disponible; el dato no existe,M,,
La Palma,ES707,2012,2012,Pediatría - Atención primaria (AP),PEDIATRIA_AP,Total,_T,Personas distintas atendidas en consulta,PERSONAS_DISTINTAS_ATENDIDAS_CONSULTA,9077,,,,
La Palma,ES707,2012,2012,Pediatría - Atención primaria (AP),PEDIATRIA_AP,Centro,CENTRO,Personas distintas atendidas en consulta,PERSONAS_DISTINTAS_ATENDIDAS_CONSULTA,9075,,,,
El Hierro,ES703,2012,2012,Pediatría - Atención primaria (AP),PEDIATRIA_AP,Domicilio,DOMICILIO,Personas distintas atendidas en consulta,PERSONAS_DISTINTAS_ATENDIDAS_CONSULTA,,Valor no disponible; el dato no existe,M,,
El Hierro,ES703,2012,2012,Pediatría - Atención primaria (AP),PEDIATRIA_AP,Teleconsulta,TELECONSULTA,Personas distintas atendidas en consulta,PERSONAS_DISTINTAS_ATENDIDAS_CONSULTA,,Valor no disponible; el dato no existe,M,,
El Hierro,ES703,2012,2012,Pediatría - Atención primaria (AP),PEDIATRIA_AP,Total,_T,Personas distintas atendidas en consulta,PERSONAS_DISTINTAS_ATENDIDAS_CONSULTA,1114,,,,
El Hierro,ES703,2012,2012,Pediatría - Atención primaria (AP),PEDIATRIA_AP,Centro,CENTRO,Personas distintas atendidas en consulta,PERSONAS_DISTINTAS_ATENDIDAS_CONSULTA,1114,,,,
Canarias,ES70,2012,2012,Medicina Familia y Comunitaria - Atención primaria (AP),FAMILIA_COMUNITARIA_AP,Domicilio,DOMICILIO,Personas distintas atendidas en consulta,PERSONAS_DISTINTAS_ATENDIDAS_CONSULTA,15437,,,,
Canarias,ES70,2012,2012,Medicina Familia y Comunitaria - Atención primaria (AP),FAMILIA_COMUNITARIA_AP,Teleconsulta,TELECONSULTA,Personas distintas atendidas en consulta,PERSONAS_DISTINTAS_ATENDIDAS_CONSULTA,,Valor no disponible; el dato no existe,M,,
Canarias,ES70,2012,2012,Medicina Familia y Comunitaria - Atención primaria (AP),FAMILIA_COMUNITARIA_AP,Total,_T,Personas distintas atendidas en consulta,PERSONAS_DISTINTAS_ATENDIDAS_CONSULTA,1314000,,,,
Canarias,ES70,2012,2012,Medicina Familia y Comunitaria - Atención primaria (AP),FAMILIA_COMUNITARIA_AP,Centro,CENTRO,Personas distintas atendidas en consulta,PERSONAS_DISTINTAS_ATENDIDAS_CONSULTA,1298563,,,,
Lanzarote,ES708,2012,2012,Medicina Familia y Comunitaria - Atención primaria (AP),FAMILIA_COMUNITARIA_AP,Domicilio,DOMICILIO,Personas distintas atendidas en consulta,PERSONAS_DISTINTAS_ATENDIDAS_CONSULTA,640,,,,
Lanzarote,ES708,2012,2012,Medicina Familia y Comunitaria - Atención primaria (AP),FAMILIA_COMUNITARIA_AP,Teleconsulta,TELECONSULTA,Personas distintas atendidas en consulta,PERSONAS_DISTINTAS_ATENDIDAS_CONSULTA,,Valor no disponible; el dato no existe,M,,
Lanzarote,ES708,2012,2012,Medicina Familia y Comunitaria - Atención primaria (AP),FAMILIA_COMUNITARIA_AP,Total,_T,Personas distintas atendidas en consulta,PERSONAS_DISTINTAS_ATENDIDAS_CONSULTA,81907,,,,
Lanzarote,ES708,2012,2012,Medicina Familia y Comunitaria - Atención primaria (AP),FAMILIA_COMUNITARIA_AP,Centro,CENTRO,Personas distintas atendidas en consulta,PERSONAS_DISTINTAS_ATENDIDAS_CONSULTA,81267,,,,
Fuerteventura,ES704,2012,2012,Medicina Familia y Comunitaria - Atención primaria (AP),FAMILIA_COMUNITARIA_AP,Domicilio,DOMICILIO,Personas distintas atendidas en consulta,PERSONAS_DISTINTAS_ATENDIDAS_CONSULTA,397,,,,
Fuerteventura,ES704,2012,2012,Medicina Familia y Comunitaria - Atención primaria (AP),FAMILIA_COMUNITARIA_AP,Teleconsulta,TELECONSULTA,Personas distintas atendidas en consulta,PERSONAS_DISTINTAS_ATENDIDAS_CONSULTA,,Valor no disponible; el dato no existe,M,,
Fuerteventura,ES704,2012,2012,Medicina Familia y Comunitaria - Atención primaria (AP),FAMILIA_COMUNITARIA_AP,Total,_T,Personas distintas atendidas en consulta,PERSONAS_DISTINTAS_ATENDIDAS_CONSULTA,60934,,,,
Fuerteventura,ES704,2012,2012,Medicina Familia y Comunitaria - Atención primaria (AP),FAMILIA_COMUNITARIA_AP,Centro,CENTRO,Personas distintas atendidas en consulta,PERSONAS_DISTINTAS_ATENDIDAS_CONSULTA,60537,,,,
Gran Canaria,ES705,2012,2012,Medicina Familia y Comunitaria - Atención primaria (AP),FAMILIA_COMUNITARIA_AP,Domicilio,DOMICILIO,Personas distintas atendidas en consulta,PERSONAS_DISTINTAS_ATENDIDAS_CONSULTA,4309,,,,
Gran Canaria,ES705,2012,2012,Medicina Familia y Comunitaria - Atención primaria (AP),FAMILIA_COMUNITARIA_AP,Teleconsulta,TELECONSULTA,Personas distintas atendidas en consulta,PERSONAS_DISTINTAS_ATENDIDAS_CONSULTA,,Valor no disponible; el dato no existe,M,,
Gran Canaria,ES705,2012,2012,Medicina Familia y Comunitaria - Atención primaria (AP),FAMILIA_COMUNITARIA_AP,Total,_T,Personas distintas atendidas en consulta,PERSONAS_DISTINTAS_ATENDIDAS_CONSULTA,557948,,,,
Gran Canaria,ES705,2012,2012,Medicina Familia y Comunitaria - Atención primaria (AP),FAMILIA_COMUNITARIA_AP,Centro,CENTRO,Personas distintas atendidas en consulta,PERSONAS_DISTINTAS_ATENDIDAS_CONSULTA,553639,,,,
Tenerife,ES709,2012,2012,Medicina Familia y Comunitaria - Atención primaria (AP),FAMILIA_COMUNITARIA_AP,Domicilio,DOMICILIO,Personas distintas atendidas en consulta,PERSONAS_DISTINTAS_ATENDIDAS_CONSULTA,8316,,,,
Tenerife,ES709,2012,2012,Medicina Familia y Comunitaria - Atención primaria (AP),FAMILIA_COMUNITARIA_AP,Teleconsulta,TELECONSULTA,Personas distintas atendidas en consulta,PERSONAS_DISTINTAS_ATENDIDAS_CONSULTA,,Valor no disponible; el dato no existe,M,,
Tenerife,ES709,2012,2012,Medicina Familia y Comunitaria - Atención primaria (AP),FAMILIA_COMUNITARIA_AP,Total,_T,Personas distintas atendidas en consulta,PERSONAS_DISTINTAS_ATENDIDAS_CONSULTA,539261,,,,
Tenerife,ES709,2012,2012,Medicina Familia y Comunitaria - Atención primaria (AP),FAMILIA_COMUNITARIA_AP,Centro,CENTRO,Personas distintas atendidas en consulta,PERSONAS_DISTINTAS_ATENDIDAS_CONSULTA,530945,,,,
La Gomera,ES706,2012,2012,Medicina Familia y Comunitaria - Atención primaria (AP),FAMILIA_COMUNITARIA_AP,Domicilio,DOMICILIO,Personas distintas atendidas en consulta,PERSONAS_DISTINTAS_ATENDIDAS_CONSULTA,369,,,,
La Gomera,ES706,2012,2012,Medicina Familia y Comunitaria - Atención primaria (AP),FAMILIA_COMUNITARIA_AP,Teleconsulta,TELECONSULTA,Personas distintas atendidas en consulta,PERSONAS_DISTINTAS_ATENDIDAS_CONSULTA,,Valor no disponible; el dato no existe,M,,
La Gomera,ES706,2012,2012,Medicina Familia y Comunitaria - Atención primaria (AP),FAMILIA_COMUNITARIA_AP,Total,_T,Personas distintas atendidas en consulta,PERSONAS_DISTINTAS_ATENDIDAS_CONSULTA,13101,,,,
La Gomera,ES706,2012,2012,Medicina Familia y Comunitaria - Atención primaria (AP),FAMILIA_COMUNITARIA_AP,Centro,CENTRO,Personas distintas atendidas en consulta,PERSONAS_DISTINTAS_ATENDIDAS_CONSULTA,12732,,,,
La Palma,ES707,2012,2012,Medicina Familia y Comunitaria - Atención primaria (AP),FAMILIA_COMUNITARIA_AP,Domicilio,DOMICILIO,Personas distintas atendidas en consulta,PERSONAS_DISTINTAS_ATENDIDAS_CONSULTA,1218,,,,
La Palma,ES707,2012,2012,Medicina Familia y Comunitaria - Atención primaria (AP),FAMILIA_COMUNITARIA_AP,Teleconsulta,TELECONSULTA,Personas distintas atendidas en consulta,PERSONAS_DISTINTAS_ATENDIDAS_CONSULTA,,Valor no disponible; el dato no existe,M,,
La Palma,ES707,2012,2012,Medicina Familia y Comunitaria - Atención primaria (AP),FAMILIA_COMUNITARIA_AP,Total,_T,Personas distintas atendidas en consulta,PERSONAS_DISTINTAS_ATENDIDAS_CONSULTA,53766,,,,
La Palma,ES707,2012,2012,Medicina Familia y Comunitaria - Atención primaria (AP),FAMILIA_COMUNITARIA_AP,Centro,CENTRO,Personas distintas atendidas en consulta,PERSONAS_DISTINTAS_ATENDIDAS_CONSULTA,52548,,,,
El Hierro,ES703,2012,2012,Medicina Familia y Comunitaria - Atención primaria (AP),FAMILIA_COMUNITARIA_AP,Domicilio,DOMICILIO,Personas distintas atendidas en consulta,PERSONAS_DISTINTAS_ATENDIDAS_CONSULTA,188,,,,
El Hierro,ES703,2012,2012,Medicina Familia y Comunitaria - Atención primaria (AP),FAMILIA_COMUNITARIA_AP,Teleconsulta,TELECONSULTA,Personas distintas atendidas en consulta,PERSONAS_DISTINTAS_ATENDIDAS_CONSULTA,,Valor no disponible; el dato no existe,M,,
El Hierro,ES703,2012,2012,Medicina Familia y Comunitaria - Atención primaria (AP),FAMILIA_COMUNITARIA_AP,Total,_T,Personas distintas atendidas en consulta,PERSONAS_DISTINTAS_ATENDIDAS_CONSULTA,7083,,,,
El Hierro,ES703,2012,2012,Medicina Familia y Comunitaria - Atención primaria (AP),FAMILIA_COMUNITARIA_AP,Centro,CENTRO,Personas distintas atendidas en consulta,PERSONAS_DISTINTAS_ATENDIDAS_CONSULTA,6895,,,,
Canarias,ES70,2013,2013,Enfermería - Atención primaria (AP),ENFERMERIA_AP,Domicilio,DOMICILIO,Personas distintas atendidas en consulta,PERSONAS_DISTINTAS_ATENDIDAS_CONSULTA,29926,,,,
Canarias,ES70,2013,2013,Enfermería - Atención primaria (AP),ENFERMERIA_AP,Teleconsulta,TELECONSULTA,Personas distintas atendidas en consulta,PERSONAS_DISTINTAS_ATENDIDAS_CONSULTA,,Valor no disponible; el dato no existe,M,,
Canarias,ES70,2013,2013,Enfermería - Atención primaria (AP),ENFERMERIA_AP,Total,_T,Personas distintas atendidas en consulta,PERSONAS_DISTINTAS_ATENDIDAS_CONSULTA,959257,,,,
Canarias,ES70,2013,2013,Enfermería - Atención primaria (AP),ENFERMERIA_AP,Centro,CENTRO,Personas distintas atendidas en consulta,PERSONAS_DISTINTAS_ATENDIDAS_CONSULTA,929331,,,,
Lanzarote,ES708,2013,2013,Enfermería - Atención primaria (AP),ENFERMERIA_AP,Domicilio,DOMICILIO,Personas distintas atendidas en consulta,PERSONAS_DISTINTAS_ATENDIDAS_CONSULTA,1363,,,,
Lanzarote,ES708,2013,2013,Enfermería - Atención primaria (AP),ENFERMERIA_AP,Teleconsulta,TELECONSULTA,Personas distintas atendidas en consulta,PERSONAS_DISTINTAS_ATENDIDAS_CONSULTA,,Valor no disponible; el dato no existe,M,,
Lanzarote,ES708,2013,2013,Enfermería - Atención primaria (AP),ENFERMERIA_AP,Total,_T,Personas distintas atendidas en consulta,PERSONAS_DISTINTAS_ATENDIDAS_CONSULTA,71693,,,,
Lanzarote,ES708,2013,2013,Enfermería - Atención primaria (AP),ENFERMERIA_AP,Centro,CENTRO,Personas distintas atendidas en consulta,PERSONAS_DISTINTAS_ATENDIDAS_CONSULTA,70330,,,,
Fuerteventura,ES704,2013,2013,Enfermería - Atención primaria (AP),ENFERMERIA_AP,Domicilio,DOMICILIO,Personas distintas atendidas en consulta,PERSONAS_DISTINTAS_ATENDIDAS_CONSULTA,1049,,,,
Fuerteventura,ES704,2013,2013,Enfermería - Atención primaria (AP),ENFERMERIA_AP,Teleconsulta,TELECONSULTA,Personas distintas atendidas en consulta,PERSONAS_DISTINTAS_ATENDIDAS_CONSULTA,,Valor no disponible; el dato no existe,M,,
Fuerteventura,ES704,2013,2013,Enfermería - Atención primaria (AP),ENFERMERIA_AP,Total,_T,Personas distintas atendidas en consulta,PERSONAS_DISTINTAS_ATENDIDAS_CONSULTA,47319,,,,
Fuerteventura,ES704,2013,2013,Enfermería - Atención primaria (AP),ENFERMERIA_AP,Centro,CENTRO,Personas distintas atendidas en consulta,PERSONAS_DISTINTAS_ATENDIDAS_CONSULTA,46270,,,,
Gran Canaria,ES705,2013,2013,Enfermería - Atención primaria (AP),ENFERMERIA_AP,Domicilio,DOMICILIO,Personas distintas atendidas en consulta,PERSONAS_DISTINTAS_ATENDIDAS_CONSULTA,13261,,,,
Gran Canaria,ES705,2013,2013,Enfermería - Atención primaria (AP),ENFERMERIA_AP,Teleconsulta,TELECONSULTA,Personas distintas atendidas en consulta,PERSONAS_DISTINTAS_ATENDIDAS_CONSULTA,,Valor no disponible; el dato no existe,M,,
Gran Canaria,ES705,2013,2013,Enfermería - Atención primaria (AP),ENFERMERIA_AP,Total,_T,Personas distintas atendidas en consulta,PERSONAS_DISTINTAS_ATENDIDAS_CONSULTA,353272,,,,
Gran Canaria,ES705,2013,2013,Enfermería - Atención primaria (AP),ENFERMERIA_AP,Centro,CENTRO,Personas distintas atendidas en consulta,PERSONAS_DISTINTAS_ATENDIDAS_CONSULTA,340011,,,,
Tenerife,ES709,2013,2013,Enfermería - Atención primaria (AP),ENFERMERIA_AP,Domicilio,DOMICILIO,Personas distintas atendidas en consulta,PERSONAS_DISTINTAS_ATENDIDAS_CONSULTA,11285,,,,
Tenerife,ES709,2013,2013,Enfermería - Atención primaria (AP),ENFERMERIA_AP,Teleconsulta,TELECONSULTA,Personas distintas atendidas en consulta,PERSONAS_DISTINTAS_ATENDIDAS_CONSULTA,,Valor no disponible; el dato no existe,M,,
Tenerife,ES709,2013,2013,Enfermería - Atención primaria (AP),ENFERMERIA_AP,Total,_T,Personas distintas atendidas en consulta,PERSONAS_DISTINTAS_ATENDIDAS_CONSULTA,425169,,,,
Tenerife,ES709,2013,2013,Enfermería - Atención primaria (AP),ENFERMERIA_AP,Centro,CENTRO,Personas distintas atendidas en consulta,PERSONAS_DISTINTAS_ATENDIDAS_CONSULTA,413884,,,,
La Gomera,ES706,2013,2013,Enfermería - Atención primaria (AP),ENFERMERIA_AP,Domicilio,DOMICILIO,Personas distintas atendidas en consulta,PERSONAS_DISTINTAS_ATENDIDAS_CONSULTA,573,,,,
La Gomera,ES706,2013,2013,Enfermería - Atención primaria (AP),ENFERMERIA_AP,Teleconsulta,TELECONSULTA,Personas distintas atendidas en consulta,PERSONAS_DISTINTAS_ATENDIDAS_CONSULTA,,Valor no disponible; el dato no existe,M,,
La Gomera,ES706,2013,2013,Enfermería - Atención primaria (AP),ENFERMERIA_AP,Total,_T,Personas distintas atendidas en consulta,PERSONAS_DISTINTAS_ATENDIDAS_CONSULTA,11151,,,,
La Gomera,ES706,2013,2013,Enfermería - Atención primaria (AP),ENFERMERIA_AP,Centro,CENTRO,Personas distintas atendidas en consulta,PERSONAS_DISTINTAS_ATENDIDAS_CONSULTA,10578,,,,
La Palma,ES707,2013,2013,Enfermería - Atención primaria (AP),ENFERMERIA_AP,Domicilio,DOMICILIO,Personas distintas atendidas en consulta,PERSONAS_DISTINTAS_ATENDIDAS_CONSULTA,2022,,,,
La Palma,ES707,2013,2013,Enfermería - Atención primaria (AP),ENFERMERIA_AP,Teleconsulta,TELECONSULTA,Personas distintas atendidas en consulta,PERSONAS_DISTINTAS_ATENDIDAS_CONSULTA,,Valor no disponible; el dato no existe,M,,
La Palma,ES707,2013,2013,Enfermería - Atención primaria (AP),ENFERMERIA_AP,Total,_T,Personas distintas atendidas en consulta,PERSONAS_DISTINTAS_ATENDIDAS_CONSULTA,45130,,,,
La Palma,ES707,2013,2013,Enfermería - Atención primaria (AP),ENFERMERIA_AP,Centro,CENTRO,Personas distintas atendidas en consulta,PERSONAS_DISTINTAS_ATENDIDAS_CONSULTA,43108,,,,
El Hierro,ES703,2013,2013,Enfermería - Atención primaria (AP),ENFERMERIA_AP,Domicilio,DOMICILIO,Personas distintas atendidas en consulta,PERSONAS_DISTINTAS_ATENDIDAS_CONSULTA,373,,,,
El Hierro,ES703,2013,2013,Enfermería - Atención primaria (AP),ENFERMERIA_AP,Teleconsulta,TELECONSULTA,Personas distintas atendidas en consulta,PERSONAS_DISTINTAS_ATENDIDAS_CONSULTA,,Valor no disponible; el dato no existe,M,,
El Hierro,ES703,2013,2013,Enfermería - Atención primaria (AP),ENFERMERIA_AP,Total,_T,Personas distintas atendidas en consulta,PERSONAS_DISTINTAS_ATENDIDAS_CONSULTA,5523,,,,
El Hierro,ES703,2013,2013,Enfermería - Atención primaria (AP),ENFERMERIA_AP,Centro,CENTRO,Personas distintas atendidas en consulta,PERSONAS_DISTINTAS_ATENDIDAS_CONSULTA,5150,,,,
Canarias,ES70,2013,2013,Pediatría - Atención primaria (AP),PEDIATRIA_AP,Domicilio,DOMICILIO,Personas distintas atendidas en consulta,PERSONAS_DISTINTAS_ATENDIDAS_CONSULTA,24,,,,
Canarias,ES70,2013,2013,Pediatría - Atención primaria (AP),PEDIATRIA_AP,Teleconsulta,TELECONSULTA,Personas distintas atendidas en consulta,PERSONAS_DISTINTAS_ATENDIDAS_CONSULTA,,Valor no disponible; el dato no existe,M,,
Canarias,ES70,2013,2013,Pediatría - Atención primaria (AP),PEDIATRIA_AP,Total,_T,Personas distintas atendidas en consulta,PERSONAS_DISTINTAS_ATENDIDAS_CONSULTA,236418,,,,
Canarias,ES70,2013,2013,Pediatría - Atención primaria (AP),PEDIATRIA_AP,Centro,CENTRO,Personas distintas atendidas en consulta,PERSONAS_DISTINTAS_ATENDIDAS_CONSULTA,236394,,,,
Lanzarote,ES708,2013,2013,Pediatría - Atención primaria (AP),PEDIATRIA_AP,Domicilio,DOMICILIO,Personas distintas atendidas en consulta,PERSONAS_DISTINTAS_ATENDIDAS_CONSULTA,2,,,,
Lanzarote,ES708,2013,2013,Pediatría - Atención primaria (AP),PEDIATRIA_AP,Teleconsulta,TELECONSULTA,Personas distintas atendidas en consulta,PERSONAS_DISTINTAS_ATENDIDAS_CONSULTA,,Valor no disponible; el dato no existe,M,,
Lanzarote,ES708,2013,2013,Pediatría - Atención primaria (AP),PEDIATRIA_AP,Total,_T,Personas distintas atendidas en consulta,PERSONAS_DISTINTAS_ATENDIDAS_CONSULTA,19105,,,,
Lanzarote,ES708,2013,2013,Pediatría - Atención primaria (AP),PEDIATRIA_AP,Centro,CENTRO,Personas distintas atendidas en consulta,PERSONAS_DISTINTAS_ATENDIDAS_CONSULTA,19103,,,,
Fuerteventura,ES704,2013,2013,Pediatría - Atención primaria (AP),PEDIATRIA_AP,Domicilio,DOMICILIO,Personas distintas atendidas en consulta,PERSONAS_DISTINTAS_ATENDIDAS_CONSULTA,0,,,,
Fuerteventura,ES704,2013,2013,Pediatría - Atención primaria (AP),PEDIATRIA_AP,Teleconsulta,TELECONSULTA,Personas distintas atendidas en consulta,PERSONAS_DISTINTAS_ATENDIDAS_CONSULTA,,Valor no disponible; el dato no existe,M,,
Fuerteventura,ES704,2013,2013,Pediatría - Atención primaria (AP),PEDIATRIA_AP,Total,_T,Personas distintas atendidas en consulta,PERSONAS_DISTINTAS_ATENDIDAS_CONSULTA,13304,,,,
Fuerteventura,ES704,2013,2013,Pediatría - Atención primaria (AP),PEDIATRIA_AP,Centro,CENTRO,Personas distintas atendidas en consulta,PERSONAS_DISTINTAS_ATENDIDAS_CONSULTA,13304,,,,
Gran Canaria,ES705,2013,2013,Pediatría - Atención primaria (AP),PEDIATRIA_AP,Domicilio,DOMICILIO,Personas distintas atendidas en consulta,PERSONAS_DISTINTAS_ATENDIDAS_CONSULTA,13,,,,
Gran Canaria,ES705,2013,2013,Pediatría - Atención primaria (AP),PEDIATRIA_AP,Teleconsulta,TELECONSULTA,Personas distintas atendidas en consulta,PERSONAS_DISTINTAS_ATENDIDAS_CONSULTA,,Valor no disponible; el dato no existe,M,,
Gran Canaria,ES705,2013,2013,Pediatría - Atención primaria (AP),PEDIATRIA_AP,Total,_T,Personas distintas atendidas en consulta,PERSONAS_DISTINTAS_ATENDIDAS_CONSULTA,92007,,,,
Gran Canaria,ES705,2013,2013,Pediatría - Atención primaria (AP),PEDIATRIA_AP,Centro,CENTRO,Personas distintas atendidas en consulta,PERSONAS_DISTINTAS_ATENDIDAS_CONSULTA,91994,,,,
Tenerife,ES709,2013,2013,Pediatría - Atención primaria (AP),PEDIATRIA_AP,Domicilio,DOMICILIO,Personas distintas atendidas en consulta,PERSONAS_DISTINTAS_ATENDIDAS_CONSULTA,9,,,,
Tenerife,ES709,2013,2013,Pediatría - Atención primaria (AP),PEDIATRIA_AP,Teleconsulta,TELECONSULTA,Personas distintas atendidas en consulta,PERSONAS_DISTINTAS_ATENDIDAS_CONSULTA,,Valor no disponible; el dato no existe,M,,
Tenerife,ES709,2013,2013,Pediatría - Atención primaria (AP),PEDIATRIA_AP,Total,_T,Personas distintas atendidas en consulta,PERSONAS_DISTINTAS_ATENDIDAS_CONSULTA,100989,,,,
Tenerife,ES709,2013,2013,Pediatría - Atención primaria (AP),PEDIATRIA_AP,Centro,CENTRO,Personas distintas atendidas en consulta,PERSONAS_DISTINTAS_ATENDIDAS_CONSULTA,100980,,,,
La Gomera,ES706,2013,2013,Pediatría - Atención primaria (AP),PEDIATRIA_AP,Domicilio,DOMICILIO,Personas distintas atendidas en consulta,PERSONAS_DISTINTAS_ATENDIDAS_CONSULTA,0,,,,
La Gomera,ES706,2013,2013,Pediatría - Atención primaria (AP),PEDIATRIA_AP,Teleconsulta,TELECONSULTA,Personas distintas atendidas en consulta,PERSONAS_DISTINTAS_ATENDIDAS_CONSULTA,,Valor no disponible; el dato no existe,M,,
La Gomera,ES706,2013,2013,Pediatría - Atención primaria (AP),PEDIATRIA_AP,Total,_T,Personas distintas atendidas en consulta,PERSONAS_DISTINTAS_ATENDIDAS_CONSULTA,1039,,,,
La Gomera,ES706,2013,2013,Pediatría - Atención primaria (AP),PEDIATRIA_AP,Centro,CENTRO,Personas distintas atendidas en consulta,PERSONAS_DISTINTAS_ATENDIDAS_CONSULTA,1039,,,,
La Palma,ES707,2013,2013,Pediatría - Atención primaria (AP),PEDIATRIA_AP,Domicilio,DOMICILIO,Personas distintas atendidas en consulta,PERSONAS_DISTINTAS_ATENDIDAS_CONSULTA,0,,,,
La Palma,ES707,2013,2013,Pediatría - Atención primaria (AP),PEDIATRIA_AP,Teleconsulta,TELECONSULTA,Personas distintas atendidas en consulta,PERSONAS_DISTINTAS_ATENDIDAS_CONSULTA,,Valor no disponible; el dato no existe,M,,
La Palma,ES707,2013,2013,Pediatría - Atención primaria (AP),PEDIATRIA_AP,Total,_T,Personas distintas atendidas en consulta,PERSONAS_DISTINTAS_ATENDIDAS_CONSULTA,8883,,,,
La Palma,ES707,2013,2013,Pediatría - Atención primaria (AP),PEDIATRIA_AP,Centro,CENTRO,Personas distintas atendidas en consulta,PERSONAS_DISTINTAS_ATENDIDAS_CONSULTA,8883,,,,
El Hierro,ES703,2013,2013,Pediatría - Atención primaria (AP),PEDIATRIA_AP,Domicilio,DOMICILIO,Personas distintas atendidas en consulta,PERSONAS_DISTINTAS_ATENDIDAS_CONSULTA,0,,,,
El Hierro,ES703,2013,2013,Pediatría - Atención primaria (AP),PEDIATRIA_AP,Teleconsulta,TELECONSULTA,Personas distintas atendidas en consulta,PERSONAS_DISTINTAS_ATENDIDAS_CONSULTA,,Valor no disponible; el dato no existe,M,,
El Hierro,ES703,2013,2013,Pediatría - Atención primaria (AP),PEDIATRIA_AP,Total,_T,Personas distintas atendidas en consulta,PERSONAS_DISTINTAS_ATENDIDAS_CONSULTA,1091,,,,
El Hierro,ES703,2013,2013,Pediatría - Atención primaria (AP),PEDIATRIA_AP,Centro,CENTRO,Personas distintas atendidas en consulta,PERSONAS_DISTINTAS_ATENDIDAS_CONSULTA,1091,,,,
Canarias,ES70,2013,2013,Medicina Familia y Comunitaria - Atención primaria (AP),FAMILIA_COMUNITARIA_AP,Domicilio,DOMICILIO,Personas distintas atendidas en consulta,PERSONAS_DISTINTAS_ATENDIDAS_CONSULTA,15181,,,,
Canarias,ES70,2013,2013,Medicina Familia y Comunitaria - Atención primaria (AP),FAMILIA_COMUNITARIA_AP,Teleconsulta,TELECONSULTA,Personas distintas atendidas en consulta,PERSONAS_DISTINTAS_ATENDIDAS_CONSULTA,,Valor no disponible; el dato no existe,M,,
Canarias,ES70,2013,2013,Medicina Familia y Comunitaria - Atención primaria (AP),FAMILIA_COMUNITARIA_AP,Total,_T,Personas distintas atendidas en consulta,PERSONAS_DISTINTAS_ATENDIDAS_CONSULTA,1315058,,,,
Canarias,ES70,2013,2013,Medicina Familia y Comunitaria - Atención primaria (AP),FAMILIA_COMUNITARIA_AP,Centro,CENTRO,Personas distintas atendidas en consulta,PERSONAS_DISTINTAS_ATENDIDAS_CONSULTA,1299877,,,,
Lanzarote,ES708,2013,2013,Medicina Familia y Comunitaria - Atención primaria (AP),FAMILIA_COMUNITARIA_AP,Domicilio,DOMICILIO,Personas distintas atendidas en consulta,PERSONAS_DISTINTAS_ATENDIDAS_CONSULTA,585,,,,
Lanzarote,ES708,2013,2013,Medicina Familia y Comunitaria - Atención primaria (AP),FAMILIA_COMUNITARIA_AP,Teleconsulta,TELECONSULTA,Personas distintas atendidas en consulta,PERSONAS_DISTINTAS_ATENDIDAS_CONSULTA,,Valor no disponible; el dato no existe,M,,
Lanzarote,ES708,2013,2013,Medicina Familia y Comunitaria - Atención primaria (AP),FAMILIA_COMUNITARIA_AP,Total,_T,Personas distintas atendidas en consulta,PERSONAS_DISTINTAS_ATENDIDAS_CONSULTA,83136,,,,
Lanzarote,ES708,2013,2013,Medicina Familia y Comunitaria - Atención primaria (AP),FAMILIA_COMUNITARIA_AP,Centro,CENTRO,Personas distintas atendidas en consulta,PERSONAS_DISTINTAS_ATENDIDAS_CONSULTA,82551,,,,
Fuerteventura,ES704,2013,2013,Medicina Familia y Comunitaria - Atención primaria (AP),FAMILIA_COMUNITARIA_AP,Domicilio,DOMICILIO,Personas distintas atendidas en consulta,PERSONAS_DISTINTAS_ATENDIDAS_CONSULTA,392,,,,
Fuerteventura,ES704,2013,2013,Medicina Familia y Comunitaria - Atención primaria (AP),FAMILIA_COMUNITARIA_AP,Teleconsulta,TELECONSULTA,Personas distintas atendidas en consulta,PERSONAS_DISTINTAS_ATENDIDAS_CONSULTA,,Valor no disponible; el dato no existe,M,,
Fuerteventura,ES704,2013,2013,Medicina Familia y Comunitaria - Atención primaria (AP),FAMILIA_COMUNITARIA_AP,Total,_T,Personas distintas atendidas en consulta,PERSONAS_DISTINTAS_ATENDIDAS_CONSULTA,62260,,,,
Fuerteventura,ES704,2013,2013,Medicina Familia y Comunitaria - Atención primaria (AP),FAMILIA_COMUNITARIA_AP,Centro,CENTRO,Personas distintas atendidas en consulta,PERSONAS_DISTINTAS_ATENDIDAS_CONSULTA,61868,,,,
Gran Canaria,ES705,2013,2013,Medicina Familia y Comunitaria - Atención primaria (AP),FAMILIA_COMUNITARIA_AP,Domicilio,DOMICILIO,Personas distintas atendidas en consulta,PERSONAS_DISTINTAS_ATENDIDAS_CONSULTA,4432,,,,
Gran Canaria,ES705,2013,2013,Medicina Familia y Comunitaria - Atención primaria (AP),FAMILIA_COMUNITARIA_AP,Teleconsulta,TELECONSULTA,Personas distintas atendidas en consulta,PERSONAS_DISTINTAS_ATENDIDAS_CONSULTA,,Valor no disponible; el dato no existe,M,,
Gran Canaria,ES705,2013,2013,Medicina Familia y Comunitaria - Atención primaria (AP),FAMILIA_COMUNITARIA_AP,Total,_T,Personas distintas atendidas en consulta,PERSONAS_DISTINTAS_ATENDIDAS_CONSULTA,555004,,,,
Gran Canaria,ES705,2013,2013,Medicina Familia y Comunitaria - Atención primaria (AP),FAMILIA_COMUNITARIA_AP,Centro,CENTRO,Personas distintas atendidas en consulta,PERSONAS_DISTINTAS_ATENDIDAS_CONSULTA,550572,,,,
Tenerife,ES709,2013,2013,Medicina Familia y Comunitaria - Atención primaria (AP),FAMILIA_COMUNITARIA_AP,Domicilio,DOMICILIO,Personas distintas atendidas en consulta,PERSONAS_DISTINTAS_ATENDIDAS_CONSULTA,7952,,,,
Tenerife,ES709,2013,2013,Medicina Familia y Comunitaria - Atención primaria (AP),FAMILIA_COMUNITARIA_AP,Teleconsulta,TELECONSULTA,Personas distintas atendidas en consulta,PERSONAS_DISTINTAS_ATENDIDAS_CONSULTA,,Valor no disponible; el dato no existe,M,,
Tenerife,ES709,2013,2013,Medicina Familia y Comunitaria - Atención primaria (AP),FAMILIA_COMUNITARIA_AP,Total,_T,Personas distintas atendidas en consulta,PERSONAS_DISTINTAS_ATENDIDAS_CONSULTA,541737,,,,
Tenerife,ES709,2013,2013,Medicina Familia y Comunitaria - Atención primaria (AP),FAMILIA_COMUNITARIA_AP,Centro,CENTRO,Personas distintas atendidas en consulta,PERSONAS_DISTINTAS_ATENDIDAS_CONSULTA,533785,,,,
La Gomera,ES706,2013,2013,Medicina Familia y Comunitaria - Atención primaria (AP),FAMILIA_COMUNITARIA_AP,Domicilio,DOMICILIO,Personas distintas atendidas en consulta,PERSONAS_DISTINTAS_ATENDIDAS_CONSULTA,381,,,,
La Gomera,ES706,2013,2013,Medicina Familia y Comunitaria - Atención primaria (AP),FAMILIA_COMUNITARIA_AP,Teleconsulta,TELECONSULTA,Personas distintas atendidas en consulta,PERSONAS_DISTINTAS_ATENDIDAS_CONSULTA,,Valor no disponible; el dato no existe,M,,
La Gomera,ES706,2013,2013,Medicina Familia y Comunitaria - Atención primaria (AP),FAMILIA_COMUNITARIA_AP,Total,_T,Personas distintas atendidas en consulta,PERSONAS_DISTINTAS_ATENDIDAS_CONSULTA,12946,,,,
La Gomera,ES706,2013,2013,Medicina Familia y Comunitaria - Atención primaria (AP),FAMILIA_COMUNITARIA_AP,Centro,CENTRO,Personas distintas atendidas en consulta,PERSONAS_DISTINTAS_ATENDIDAS_CONSULTA,12565,,,,
La Palma,ES707,2013,2013,Medicina Familia y Comunitaria - Atención primaria (AP),FAMILIA_COMUNITARIA_AP,Domicilio,DOMICILIO,Personas distintas atendidas en consulta,PERSONAS_DISTINTAS_ATENDIDAS_CONSULTA,1239,,,,
La Palma,ES707,2013,2013,Medicina Familia y Comunitaria - Atención primaria (AP),FAMILIA_COMUNITARIA_AP,Teleconsulta,TELECONSULTA,Personas distintas atendidas en consulta,PERSONAS_DISTINTAS_ATENDIDAS_CONSULTA,,Valor no disponible; el dato no existe,M,,
La Palma,ES707,2013,2013,Medicina Familia y Comunitaria - Atención primaria (AP),FAMILIA_COMUNITARIA_AP,Total,_T,Personas distintas atendidas en consulta,PERSONAS_DISTINTAS_ATENDIDAS_CONSULTA,52981,,,,
La Palma,ES707,2013,2013,Medicina Familia y Comunitaria - Atención primaria (AP),FAMILIA_COMUNITARIA_AP,Centro,CENTRO,Personas distintas atendidas en consulta,PERSONAS_DISTINTAS_ATENDIDAS_CONSULTA,51742,,,,
El Hierro,ES703,2013,2013,Medicina Familia y Comunitaria - Atención primaria (AP),FAMILIA_COMUNITARIA_AP,Domicilio,DOMICILIO,Personas distintas atendidas en consulta,PERSONAS_DISTINTAS_ATENDIDAS_CONSULTA,200,,,,
El Hierro,ES703,2013,2013,Medicina Familia y Comunitaria - Atención primaria (AP),FAMILIA_COMUNITARIA_AP,Teleconsulta,TELECONSULTA,Personas distintas atendidas en consulta,PERSONAS_DISTINTAS_ATENDIDAS_CONSULTA,,Valor no disponible; el dato no existe,M,,
El Hierro,ES703,2013,2013,Medicina Familia y Comunitaria - Atención primaria (AP),FAMILIA_COMUNITARIA_AP,Total,_T,Personas distintas atendidas en consulta,PERSONAS_DISTINTAS_ATENDIDAS_CONSULTA,6994,,,,
El Hierro,ES703,2013,2013,Medicina Familia y Comunitaria - Atención primaria (AP),FAMILIA_COMUNITARIA_AP,Centro,CENTRO,Personas distintas atendidas en consulta,PERSONAS_DISTINTAS_ATENDIDAS_CONSULTA,6794,,,,
Canarias,ES70,2014,2014,Enfermería - Atención primaria (AP),ENFERMERIA_AP,Domicilio,DOMICILIO,Personas distintas atendidas en consulta,PERSONAS_DISTINTAS_ATENDIDAS_CONSULTA,31421,,,,
Canarias,ES70,2014,2014,Enfermería - Atención primaria (AP),ENFERMERIA_AP,Teleconsulta,TELECONSULTA,Personas distintas atendidas en consulta,PERSONAS_DISTINTAS_ATENDIDAS_CONSULTA,,Valor no disponible; el dato no existe,M,,
Canarias,ES70,2014,2014,Enfermería - Atención primaria (AP),ENFERMERIA_AP,Total,_T,Personas distintas atendidas en consulta,PERSONAS_DISTINTAS_ATENDIDAS_CONSULTA,980608,,,,
Canarias,ES70,2014,2014,Enfermería - Atención primaria (AP),ENFERMERIA_AP,Centro,CENTRO,Personas distintas atendidas en consulta,PERSONAS_DISTINTAS_ATENDIDAS_CONSULTA,949187,,,,
Lanzarote,ES708,2014,2014,Enfermería - Atención primaria (AP),ENFERMERIA_AP,Domicilio,DOMICILIO,Personas distintas atendidas en consulta,PERSONAS_DISTINTAS_ATENDIDAS_CONSULTA,1420,,,,
Lanzarote,ES708,2014,2014,Enfermería - Atención primaria (AP),ENFERMERIA_AP,Teleconsulta,TELECONSULTA,Personas distintas atendidas en consulta,PERSONAS_DISTINTAS_ATENDIDAS_CONSULTA,,Valor no disponible; el dato no existe,M,,
Lanzarote,ES708,2014,2014,Enfermería - Atención primaria (AP),ENFERMERIA_AP,Total,_T,Personas distintas atendidas en consulta,PERSONAS_DISTINTAS_ATENDIDAS_CONSULTA,77096,,,,
Lanzarote,ES708,2014,2014,Enfermería - Atención primaria (AP),ENFERMERIA_AP,Centro,CENTRO,Personas distintas atendidas en consulta,PERSONAS_DISTINTAS_ATENDIDAS_CONSULTA,75676,,,,
Fuerteventura,ES704,2014,2014,Enfermería - Atención primaria (AP),ENFERMERIA_AP,Domicilio,DOMICILIO,Personas distintas atendidas en consulta,PERSONAS_DISTINTAS_ATENDIDAS_CONSULTA,1010,,,,
Fuerteventura,ES704,2014,2014,Enfermería - Atención primaria (AP),ENFERMERIA_AP,Teleconsulta,TELECONSULTA,Personas distintas atendidas en consulta,PERSONAS_DISTINTAS_ATENDIDAS_CONSULTA,,Valor no disponible; el dato no existe,M,,
Fuerteventura,ES704,2014,2014,Enfermería - Atención primaria (AP),ENFERMERIA_AP,Total,_T,Personas distintas atendidas en consulta,PERSONAS_DISTINTAS_ATENDIDAS_CONSULTA,46941,,,,
Fuerteventura,ES704,2014,2014,Enfermería - Atención primaria (AP),ENFERMERIA_AP,Centro,CENTRO,Personas distintas atendidas en consulta,PERSONAS_DISTINTAS_ATENDIDAS_CONSULTA,45931,,,,
Gran Canaria,ES705,2014,2014,Enfermería - Atención primaria (AP),ENFERMERIA_AP,Domicilio,DOMICILIO,Personas distintas atendidas en consulta,PERSONAS_DISTINTAS_ATENDIDAS_CONSULTA,14043,,,,
Gran Canaria,ES705,2014,2014,Enfermería - Atención primaria (AP),ENFERMERIA_AP,Teleconsulta,TELECONSULTA,Personas distintas atendidas en consulta,PERSONAS_DISTINTAS_ATENDIDAS_CONSULTA,,Valor no disponible; el dato no existe,M,,
Gran Canaria,ES705,2014,2014,Enfermería - Atención primaria (AP),ENFERMERIA_AP,Total,_T,Personas distintas atendidas en consulta,PERSONAS_DISTINTAS_ATENDIDAS_CONSULTA,361675,,,,
Gran Canaria,ES705,2014,2014,Enfermería - Atención primaria (AP),ENFERMERIA_AP,Centro,CENTRO,Personas distintas atendidas en consulta,PERSONAS_DISTINTAS_ATENDIDAS_CONSULTA,347632,,,,
Tenerife,ES709,2014,2014,Enfermería - Atención primaria (AP),ENFERMERIA_AP,Domicilio,DOMICILIO,Personas distintas atendidas en consulta,PERSONAS_DISTINTAS_ATENDIDAS_CONSULTA,11761,,,,
Tenerife,ES709,2014,2014,Enfermería - Atención primaria (AP),ENFERMERIA_AP,Teleconsulta,TELECONSULTA,Personas distintas atendidas en consulta,PERSONAS_DISTINTAS_ATENDIDAS_CONSULTA,,Valor no disponible; el dato no existe,M,,
Tenerife,ES709,2014,2014,Enfermería - Atención primaria (AP),ENFERMERIA_AP,Total,_T,Personas distintas atendidas en consulta,PERSONAS_DISTINTAS_ATENDIDAS_CONSULTA,432183,,,,
Tenerife,ES709,2014,2014,Enfermería - Atención primaria (AP),ENFERMERIA_AP,Centro,CENTRO,Personas distintas atendidas en consulta,PERSONAS_DISTINTAS_ATENDIDAS_CONSULTA,420422,,,,
La Gomera,ES706,2014,2014,Enfermería - Atención primaria (AP),ENFERMERIA_AP,Domicilio,DOMICILIO,Personas distintas atendidas en consulta,PERSONAS_DISTINTAS_ATENDIDAS_CONSULTA,656,,,,
La Gomera,ES706,2014,2014,Enfermería - Atención primaria (AP),ENFERMERIA_AP,Teleconsulta,TELECONSULTA,Personas distintas atendidas en consulta,PERSONAS_DISTINTAS_ATENDIDAS_CONSULTA,,Valor no disponible; el dato no existe,M,,
La Gomera,ES706,2014,2014,Enfermería - Atención primaria (AP),ENFERMERIA_AP,Total,_T,Personas distintas atendidas en consulta,PERSONAS_DISTINTAS_ATENDIDAS_CONSULTA,11365,,,,
La Gomera,ES706,2014,2014,Enfermería - Atención primaria (AP),ENFERMERIA_AP,Centro,CENTRO,Personas distintas atendidas en consulta,PERSONAS_DISTINTAS_ATENDIDAS_CONSULTA,10709,,,,
La Palma,ES707,2014,2014,Enfermería - Atención primaria (AP),ENFERMERIA_AP,Domicilio,DOMICILIO,Personas distintas atendidas en consulta,PERSONAS_DISTINTAS_ATENDIDAS_CONSULTA,2233,,,,
La Palma,ES707,2014,2014,Enfermería - Atención primaria (AP),ENFERMERIA_AP,Teleconsulta,TELECONSULTA,Personas distintas atendidas en consulta,PERSONAS_DISTINTAS_ATENDIDAS_CONSULTA,,Valor no disponible; el dato no existe,M,,
La Palma,ES707,2014,2014,Enfermería - Atención primaria (AP),ENFERMERIA_AP,Total,_T,Personas distintas atendidas en consulta,PERSONAS_DISTINTAS_ATENDIDAS_CONSULTA,45999,,,,
La Palma,ES707,2014,2014,Enfermería - Atención primaria (AP),ENFERMERIA_AP,Centro,CENTRO,Personas distintas atendidas en consulta,PERSONAS_DISTINTAS_ATENDIDAS_CONSULTA,43766,,,,
El Hierro,ES703,2014,2014,Enfermería - Atención primaria (AP),ENFERMERIA_AP,Domicilio,DOMICILIO,Personas distintas atendidas en consulta,PERSONAS_DISTINTAS_ATENDIDAS_CONSULTA,298,,,,
El Hierro,ES703,2014,2014,Enfermería - Atención primaria (AP),ENFERMERIA_AP,Teleconsulta,TELECONSULTA,Personas distintas atendidas en consulta,PERSONAS_DISTINTAS_ATENDIDAS_CONSULTA,,Valor no disponible; el dato no existe,M,,
El Hierro,ES703,2014,2014,Enfermería - Atención primaria (AP),ENFERMERIA_AP,Total,_T,Personas distintas atendidas en consulta,PERSONAS_DISTINTAS_ATENDIDAS_CONSULTA,5349,,,,
El Hierro,ES703,2014,2014,Enfermería - Atención primaria (AP),ENFERMERIA_AP,Centro,CENTRO,Personas distintas atendidas en consulta,PERSONAS_DISTINTAS_ATENDIDAS_CONSULTA,5051,,,,
Canarias,ES70,2014,2014,Pediatría - Atención primaria (AP),PEDIATRIA_AP,Domicilio,DOMICILIO,Personas distintas atendidas en consulta,PERSONAS_DISTINTAS_ATENDIDAS_CONSULTA,20,,,,
Canarias,ES70,2014,2014,Pediatría - Atención primaria (AP),PEDIATRIA_AP,Teleconsulta,TELECONSULTA,Personas distintas atendidas en consulta,PERSONAS_DISTINTAS_ATENDIDAS_CONSULTA,,Valor no disponible; el dato no existe,M,,
Canarias,ES70,2014,2014,Pediatría - Atención primaria (AP),PEDIATRIA_AP,Total,_T,Personas distintas atendidas en consulta,PERSONAS_DISTINTAS_ATENDIDAS_CONSULTA,233592,,,,
Canarias,ES70,2014,2014,Pediatría - Atención primaria (AP),PEDIATRIA_AP,Centro,CENTRO,Personas distintas atendidas en consulta,PERSONAS_DISTINTAS_ATENDIDAS_CONSULTA,233572,,,,
Lanzarote,ES708,2014,2014,Pediatría - Atención primaria (AP),PEDIATRIA_AP,Domicilio,DOMICILIO,Personas distintas atendidas en consulta,PERSONAS_DISTINTAS_ATENDIDAS_CONSULTA,0,,,,
Lanzarote,ES708,2014,2014,Pediatría - Atención primaria (AP),PEDIATRIA_AP,Teleconsulta,TELECONSULTA,Personas distintas atendidas en consulta,PERSONAS_DISTINTAS_ATENDIDAS_CONSULTA,,Valor no disponible; el dato no existe,M,,
Lanzarote,ES708,2014,2014,Pediatría - Atención primaria (AP),PEDIATRIA_AP,Total,_T,Personas distintas atendidas en consulta,PERSONAS_DISTINTAS_ATENDIDAS_CONSULTA,19047,,,,
Lanzarote,ES708,2014,2014,Pediatría - Atención primaria (AP),PEDIATRIA_AP,Centro,CENTRO,Personas distintas atendidas en consulta,PERSONAS_DISTINTAS_ATENDIDAS_CONSULTA,19047,,,,
Fuerteventura,ES704,2014,2014,Pediatría - Atención primaria (AP),PEDIATRIA_AP,Domicilio,DOMICILIO,Personas distintas atendidas en consulta,PERSONAS_DISTINTAS_ATENDIDAS_CONSULTA,1,,,,
Fuerteventura,ES704,2014,2014,Pediatría - Atención primaria (AP),PEDIATRIA_AP,Teleconsulta,TELECONSULTA,Personas distintas atendidas en consulta,PERSONAS_DISTINTAS_ATENDIDAS_CONSULTA,,Valor no disponible; el dato no existe,M,,
Fuerteventura,ES704,2014,2014,Pediatría - Atención primaria (AP),PEDIATRIA_AP,Total,_T,Personas distintas atendidas en consulta,PERSONAS_DISTINTAS_ATENDIDAS_CONSULTA,13171,,,,
Fuerteventura,ES704,2014,2014,Pediatría - Atención primaria (AP),PEDIATRIA_AP,Centro,CENTRO,Personas distintas atendidas en consulta,PERSONAS_DISTINTAS_ATENDIDAS_CONSULTA,13170,,,,
Gran Canaria,ES705,2014,2014,Pediatría - Atención primaria (AP),PEDIATRIA_AP,Domicilio,DOMICILIO,Personas distintas atendidas en consulta,PERSONAS_DISTINTAS_ATENDIDAS_CONSULTA,3,,,,
Gran Canaria,ES705,2014,2014,Pediatría - Atención primaria (AP),PEDIATRIA_AP,Teleconsulta,TELECONSULTA,Personas distintas atendidas en consulta,PERSONAS_DISTINTAS_ATENDIDAS_CONSULTA,,Valor no disponible; el dato no existe,M,,
Gran Canaria,ES705,2014,2014,Pediatría - Atención primaria (AP),PEDIATRIA_AP,Total,_T,Personas distintas atendidas en consulta,PERSONAS_DISTINTAS_ATENDIDAS_CONSULTA,90584,,,,
Gran Canaria,ES705,2014,2014,Pediatría - Atención primaria (AP),PEDIATRIA_AP,Centro,CENTRO,Personas distintas atendidas en consulta,PERSONAS_DISTINTAS_ATENDIDAS_CONSULTA,90581,,,,
Tenerife,ES709,2014,2014,Pediatría - Atención primaria (AP),PEDIATRIA_AP,Domicilio,DOMICILIO,Personas distintas atendidas en consulta,PERSONAS_DISTINTAS_ATENDIDAS_CONSULTA,16,,,,
Tenerife,ES709,2014,2014,Pediatría - Atención primaria (AP),PEDIATRIA_AP,Teleconsulta,TELECONSULTA,Personas distintas atendidas en consulta,PERSONAS_DISTINTAS_ATENDIDAS_CONSULTA,,Valor no disponible; el dato no existe,M,,
Tenerife,ES709,2014,2014,Pediatría - Atención primaria (AP),PEDIATRIA_AP,Total,_T,Personas distintas atendidas en consulta,PERSONAS_DISTINTAS_ATENDIDAS_CONSULTA,99977,,,,
Tenerife,ES709,2014,2014,Pediatría - Atención primaria (AP),PEDIATRIA_AP,Centro,CENTRO,Personas distintas atendidas en consulta,PERSONAS_DISTINTAS_ATENDIDAS_CONSULTA,99961,,,,
La Gomera,ES706,2014,2014,Pediatría - Atención primaria (AP),PEDIATRIA_AP,Domicilio,DOMICILIO,Personas distintas atendidas en consulta,PERSONAS_DISTINTAS_ATENDIDAS_CONSULTA,0,,,,
La Gomera,ES706,2014,2014,Pediatría - Atención primaria (AP),PEDIATRIA_AP,Teleconsulta,TELECONSULTA,Personas distintas atendidas en consulta,PERSONAS_DISTINTAS_ATENDIDAS_CONSULTA,,Valor no disponible; el dato no existe,M,,
La Gomera,ES706,2014,2014,Pediatría - Atención primaria (AP),PEDIATRIA_AP,Total,_T,Personas distintas atendidas en consulta,PERSONAS_DISTINTAS_ATENDIDAS_CONSULTA,1077,,,,
La Gomera,ES706,2014,2014,Pediatría - Atención primaria (AP),PEDIATRIA_AP,Centro,CENTRO,Personas distintas atendidas en consulta,PERSONAS_DISTINTAS_ATENDIDAS_CONSULTA,1077,,,,
La Palma,ES707,2014,2014,Pediatría - Atención primaria (AP),PEDIATRIA_AP,Domicilio,DOMICILIO,Personas distintas atendidas en consulta,PERSONAS_DISTINTAS_ATENDIDAS_CONSULTA,0,,,,
La Palma,ES707,2014,2014,Pediatría - Atención primaria (AP),PEDIATRIA_AP,Teleconsulta,TELECONSULTA,Personas distintas atendidas en consulta,PERSONAS_DISTINTAS_ATENDIDAS_CONSULTA,,Valor no disponible; el dato no existe,M,,
La Palma,ES707,2014,2014,Pediatría - Atención primaria (AP),PEDIATRIA_AP,Total,_T,Personas distintas atendidas en consulta,PERSONAS_DISTINTAS_ATENDIDAS_CONSULTA,8648,,,,
La Palma,ES707,2014,2014,Pediatría - Atención primaria (AP),PEDIATRIA_AP,Centro,CENTRO,Personas distintas atendidas en consulta,PERSONAS_DISTINTAS_ATENDIDAS_CONSULTA,8648,,,,
El Hierro,ES703,2014,2014,Pediatría - Atención primaria (AP),PEDIATRIA_AP,Domicilio,DOMICILIO,Personas distintas atendidas en consulta,PERSONAS_DISTINTAS_ATENDIDAS_CONSULTA,0,,,,
El Hierro,ES703,2014,2014,Pediatría - Atención primaria (AP),PEDIATRIA_AP,Teleconsulta,TELECONSULTA,Personas distintas atendidas en consulta,PERSONAS_DISTINTAS_ATENDIDAS_CONSULTA,,Valor no disponible; el dato no existe,M,,
El Hierro,ES703,2014,2014,Pediatría - Atención primaria (AP),PEDIATRIA_AP,Total,_T,Personas distintas atendidas en consulta,PERSONAS_DISTINTAS_ATENDIDAS_CONSULTA,1088,,,,
El Hierro,ES703,2014,2014,Pediatría - Atención primaria (AP),PEDIATRIA_AP,Centro,CENTRO,Personas distintas atendidas en consulta,PERSONAS_DISTINTAS_ATENDIDAS_CONSULTA,1088,,,,
Canarias,ES70,2014,2014,Medicina Familia y Comunitaria - Atención primaria (AP),FAMILIA_COMUNITARIA_AP,Domicilio,DOMICILIO,Personas distintas atendidas en consulta,PERSONAS_DISTINTAS_ATENDIDAS_CONSULTA,16075,,,,
Canarias,ES70,2014,2014,Medicina Familia y Comunitaria - Atención primaria (AP),FAMILIA_COMUNITARIA_AP,Teleconsulta,TELECONSULTA,Personas distintas atendidas en consulta,PERSONAS_DISTINTAS_ATENDIDAS_CONSULTA,,Valor no disponible; el dato no existe,M,,
Canarias,ES70,2014,2014,Medicina Familia y Comunitaria - Atención primaria (AP),FAMILIA_COMUNITARIA_AP,Total,_T,Personas distintas atendidas en consulta,PERSONAS_DISTINTAS_ATENDIDAS_CONSULTA,1324208,,,,
Canarias,ES70,2014,2014,Medicina Familia y Comunitaria - Atención primaria (AP),FAMILIA_COMUNITARIA_AP,Centro,CENTRO,Personas distintas atendidas en consulta,PERSONAS_DISTINTAS_ATENDIDAS_CONSULTA,1308133,,,,
Lanzarote,ES708,2014,2014,Medicina Familia y Comunitaria - Atención primaria (AP),FAMILIA_COMUNITARIA_AP,Domicilio,DOMICILIO,Personas distintas atendidas en consulta,PERSONAS_DISTINTAS_ATENDIDAS_CONSULTA,691,,,,
Lanzarote,ES708,2014,2014,Medicina Familia y Comunitaria - Atención primaria (AP),FAMILIA_COMUNITARIA_AP,Teleconsulta,TELECONSULTA,Personas distintas atendidas en consulta,PERSONAS_DISTINTAS_ATENDIDAS_CONSULTA,,Valor no disponible; el dato no existe,M,,
Lanzarote,ES708,2014,2014,Medicina Familia y Comunitaria - Atención primaria (AP),FAMILIA_COMUNITARIA_AP,Total,_T,Personas distintas atendidas en consulta,PERSONAS_DISTINTAS_ATENDIDAS_CONSULTA,84339,,,,
Lanzarote,ES708,2014,2014,Medicina Familia y Comunitaria - Atención primaria (AP),FAMILIA_COMUNITARIA_AP,Centro,CENTRO,Personas distintas atendidas en consulta,PERSONAS_DISTINTAS_ATENDIDAS_CONSULTA,83648,,,,
Fuerteventura,ES704,2014,2014,Medicina Familia y Comunitaria - Atención primaria (AP),FAMILIA_COMUNITARIA_AP,Domicilio,DOMICILIO,Personas distintas atendidas en consulta,PERSONAS_DISTINTAS_ATENDIDAS_CONSULTA,440,,,,
Fuerteventura,ES704,2014,2014,Medicina Familia y Comunitaria - Atención primaria (AP),FAMILIA_COMUNITARIA_AP,Teleconsulta,TELECONSULTA,Personas distintas atendidas en consulta,PERSONAS_DISTINTAS_ATENDIDAS_CONSULTA,,Valor no disponible; el dato no existe,M,,
Fuerteventura,ES704,2014,2014,Medicina Familia y Comunitaria - Atención primaria (AP),FAMILIA_COMUNITARIA_AP,Total,_T,Personas distintas atendidas en consulta,PERSONAS_DISTINTAS_ATENDIDAS_CONSULTA,62410,,,,
Fuerteventura,ES704,2014,2014,Medicina Familia y Comunitaria - Atención primaria (AP),FAMILIA_COMUNITARIA_AP,Centro,CENTRO,Personas distintas atendidas en consulta,PERSONAS_DISTINTAS_ATENDIDAS_CONSULTA,61970,,,,
Gran Canaria,ES705,2014,2014,Medicina Familia y Comunitaria - Atención primaria (AP),FAMILIA_COMUNITARIA_AP,Domicilio,DOMICILIO,Personas distintas atendidas en consulta,PERSONAS_DISTINTAS_ATENDIDAS_CONSULTA,4737,,,,
Gran Canaria,ES705,2014,2014,Medicina Familia y Comunitaria - Atención primaria (AP),FAMILIA_COMUNITARIA_AP,Teleconsulta,TELECONSULTA,Personas distintas atendidas en consulta,PERSONAS_DISTINTAS_ATENDIDAS_CONSULTA,,Valor no disponible; el dato no existe,M,,
Gran Canaria,ES705,2014,2014,Medicina Familia y Comunitaria - Atención primaria (AP),FAMILIA_COMUNITARIA_AP,Total,_T,Personas distintas atendidas en consulta,PERSONAS_DISTINTAS_ATENDIDAS_CONSULTA,554943,,,,
Gran Canaria,ES705,2014,2014,Medicina Familia y Comunitaria - Atención primaria (AP),FAMILIA_COMUNITARIA_AP,Centro,CENTRO,Personas distintas atendidas en consulta,PERSONAS_DISTINTAS_ATENDIDAS_CONSULTA,550206,,,,
Tenerife,ES709,2014,2014,Medicina Familia y Comunitaria - Atención primaria (AP),FAMILIA_COMUNITARIA_AP,Domicilio,DOMICILIO,Personas distintas atendidas en consulta,PERSONAS_DISTINTAS_ATENDIDAS_CONSULTA,8241,,,,
Tenerife,ES709,2014,2014,Medicina Familia y Comunitaria - Atención primaria (AP),FAMILIA_COMUNITARIA_AP,Teleconsulta,TELECONSULTA,Personas distintas atendidas en consulta,PERSONAS_DISTINTAS_ATENDIDAS_CONSULTA,,Valor no disponible; el dato no existe,M,,
Tenerife,ES709,2014,2014,Medicina Familia y Comunitaria - Atención primaria (AP),FAMILIA_COMUNITARIA_AP,Total,_T,Personas distintas atendidas en consulta,PERSONAS_DISTINTAS_ATENDIDAS_CONSULTA,549668,,,,
Tenerife,ES709,2014,2014,Medicina Familia y Comunitaria - Atención primaria (AP),FAMILIA_COMUNITARIA_AP,Centro,CENTRO,Personas distintas atendidas en consulta,PERSONAS_DISTINTAS_ATENDIDAS_CONSULTA,541427,,,,
La Gomera,ES706,2014,2014,Medicina Familia y Comunitaria - Atención primaria (AP),FAMILIA_COMUNITARIA_AP,Domicilio,DOMICILIO,Personas distintas atendidas en consulta,PERSONAS_DISTINTAS_ATENDIDAS_CONSULTA,432,,,,
La Gomera,ES706,2014,2014,Medicina Familia y Comunitaria - Atención primaria (AP),FAMILIA_COMUNITARIA_AP,Teleconsulta,TELECONSULTA,Personas distintas atendidas en consulta,PERSONAS_DISTINTAS_ATENDIDAS_CONSULTA,,Valor no disponible; el dato no existe,M,,
La Gomera,ES706,2014,2014,Medicina Familia y Comunitaria - Atención primaria (AP),FAMILIA_COMUNITARIA_AP,Total,_T,Personas distintas atendidas en consulta,PERSONAS_DISTINTAS_ATENDIDAS_CONSULTA,12976,,,,
La Gomera,ES706,2014,2014,Medicina Familia y Comunitaria - Atención primaria (AP),FAMILIA_COMUNITARIA_AP,Centro,CENTRO,Personas distintas atendidas en consulta,PERSONAS_DISTINTAS_ATENDIDAS_CONSULTA,12544,,,,
La Palma,ES707,2014,2014,Medicina Familia y Comunitaria - Atención primaria (AP),FAMILIA_COMUNITARIA_AP,Domicilio,DOMICILIO,Personas distintas atendidas en consulta,PERSONAS_DISTINTAS_ATENDIDAS_CONSULTA,1310,,,,
La Palma,ES707,2014,2014,Medicina Familia y Comunitaria - Atención primaria (AP),FAMILIA_COMUNITARIA_AP,Teleconsulta,TELECONSULTA,Personas distintas atendidas en consulta,PERSONAS_DISTINTAS_ATENDIDAS_CONSULTA,,Valor no disponible; el dato no existe,M,,
La Palma,ES707,2014,2014,Medicina Familia y Comunitaria - Atención primaria (AP),FAMILIA_COMUNITARIA_AP,Total,_T,Personas distintas atendidas en consulta,PERSONAS_DISTINTAS_ATENDIDAS_CONSULTA,52873,,,,
La Palma,ES707,2014,2014,Medicina Familia y Comunitaria - Atención primaria (AP),FAMILIA_COMUNITARIA_AP,Centro,CENTRO,Personas distintas atendidas en consulta,PERSONAS_DISTINTAS_ATENDIDAS_CONSULTA,51563,,,,
El Hierro,ES703,2014,2014,Medicina Familia y Comunitaria - Atención primaria (AP),FAMILIA_COMUNITARIA_AP,Domicilio,DOMICILIO,Personas distintas atendidas en consulta,PERSONAS_DISTINTAS_ATENDIDAS_CONSULTA,224,,,,
El Hierro,ES703,2014,2014,Medicina Familia y Comunitaria - Atención primaria (AP),FAMILIA_COMUNITARIA_AP,Teleconsulta,TELECONSULTA,Personas distintas atendidas en consulta,PERSONAS_DISTINTAS_ATENDIDAS_CONSULTA,,Valor no disponible; el dato no existe,M,,
El Hierro,ES703,2014,2014,Medicina Familia y Comunitaria - Atención primaria (AP),FAMILIA_COMUNITARIA_AP,Total,_T,Personas distintas atendidas en consulta,PERSONAS_DISTINTAS_ATENDIDAS_CONSULTA,6999,,,,
El Hierro,ES703,2014,2014,Medicina Familia y Comunitaria - Atención primaria (AP),FAMILIA_COMUNITARIA_AP,Centro,CENTRO,Personas distintas atendidas en consulta,PERSONAS_DISTINTAS_ATENDIDAS_CONSULTA,6775,,,,
Canarias,ES70,2015,2015,Enfermería - Atención primaria (AP),ENFERMERIA_AP,Domicilio,DOMICILIO,Personas distintas atendidas en consulta,PERSONAS_DISTINTAS_ATENDIDAS_CONSULTA,37322,,,,
Canarias,ES70,2015,2015,Enfermería - Atención primaria (AP),ENFERMERIA_AP,Teleconsulta,TELECONSULTA,Personas distintas atendidas en consulta,PERSONAS_DISTINTAS_ATENDIDAS_CONSULTA,,Valor no disponible; el dato no existe,M,,
Canarias,ES70,2015,2015,Enfermería - Atención primaria (AP),ENFERMERIA_AP,Total,_T,Personas distintas atendidas en consulta,PERSONAS_DISTINTAS_ATENDIDAS_CONSULTA,1068677,,,,
Canarias,ES70,2015,2015,Enfermería - Atención primaria (AP),ENFERMERIA_AP,Centro,CENTRO,Personas distintas atendidas en consulta,PERSONAS_DISTINTAS_ATENDIDAS_CONSULTA,1031355,,,,
Lanzarote,ES708,2015,2015,Enfermería - Atención primaria (AP),ENFERMERIA_AP,Domicilio,DOMICILIO,Personas distintas atendidas en consulta,PERSONAS_DISTINTAS_ATENDIDAS_CONSULTA,1565,,,,
Lanzarote,ES708,2015,2015,Enfermería - Atención primaria (AP),ENFERMERIA_AP,Teleconsulta,TELECONSULTA,Personas distintas atendidas en consulta,PERSONAS_DISTINTAS_ATENDIDAS_CONSULTA,,Valor no disponible; el dato no existe,M,,
Lanzarote,ES708,2015,2015,Enfermería - Atención primaria (AP),ENFERMERIA_AP,Total,_T,Personas distintas atendidas en consulta,PERSONAS_DISTINTAS_ATENDIDAS_CONSULTA,95575,,,,
Lanzarote,ES708,2015,2015,Enfermería - Atención primaria (AP),ENFERMERIA_AP,Centro,CENTRO,Personas distintas atendidas en consulta,PERSONAS_DISTINTAS_ATENDIDAS_CONSULTA,94010,,,,
Fuerteventura,ES704,2015,2015,Enfermería - Atención primaria (AP),ENFERMERIA_AP,Domicilio,DOMICILIO,Personas distintas atendidas en consulta,PERSONAS_DISTINTAS_ATENDIDAS_CONSULTA,1217,,,,
Fuerteventura,ES704,2015,2015,Enfermería - Atención primaria (AP),ENFERMERIA_AP,Teleconsulta,TELECONSULTA,Personas distintas atendidas en consulta,PERSONAS_DISTINTAS_ATENDIDAS_CONSULTA,,Valor no disponible; el dato no existe,M,,
Fuerteventura,ES704,2015,2015,Enfermería - Atención primaria (AP),ENFERMERIA_AP,Total,_T,Personas distintas atendidas en consulta,PERSONAS_DISTINTAS_ATENDIDAS_CONSULTA,55312,,,,
Fuerteventura,ES704,2015,2015,Enfermería - Atención primaria (AP),ENFERMERIA_AP,Centro,CENTRO,Personas distintas atendidas en consulta,PERSONAS_DISTINTAS_ATENDIDAS_CONSULTA,54095,,,,
Gran Canaria,ES705,2015,2015,Enfermería - Atención primaria (AP),ENFERMERIA_AP,Domicilio,DOMICILIO,Personas distintas atendidas en consulta,PERSONAS_DISTINTAS_ATENDIDAS_CONSULTA,16799,,,,
Gran Canaria,ES705,2015,2015,Enfermería - Atención primaria (AP),ENFERMERIA_AP,Teleconsulta,TELECONSULTA,Personas distintas atendidas en consulta,PERSONAS_DISTINTAS_ATENDIDAS_CONSULTA,,Valor no disponible; el dato no existe,M,,
Gran Canaria,ES705,2015,2015,Enfermería - Atención primaria (AP),ENFERMERIA_AP,Total,_T,Personas distintas atendidas en consulta,PERSONAS_DISTINTAS_ATENDIDAS_CONSULTA,389686,,,,
Gran Canaria,ES705,2015,2015,Enfermería - Atención primaria (AP),ENFERMERIA_AP,Centro,CENTRO,Personas distintas atendidas en consulta,PERSONAS_DISTINTAS_ATENDIDAS_CONSULTA,372887,,,,
Tenerife,ES709,2015,2015,Enfermería - Atención primaria (AP),ENFERMERIA_AP,Domicilio,DOMICILIO,Personas distintas atendidas en consulta,PERSONAS_DISTINTAS_ATENDIDAS_CONSULTA,13992,,,,
Tenerife,ES709,2015,2015,Enfermería - Atención primaria (AP),ENFERMERIA_AP,Teleconsulta,TELECONSULTA,Personas distintas atendidas en consulta,PERSONAS_DISTINTAS_ATENDIDAS_CONSULTA,,Valor no disponible; el dato no existe,M,,
Tenerife,ES709,2015,2015,Enfermería - Atención primaria (AP),ENFERMERIA_AP,Total,_T,Personas distintas atendidas en consulta,PERSONAS_DISTINTAS_ATENDIDAS_CONSULTA,458541,,,,
Tenerife,ES709,2015,2015,Enfermería - Atención primaria (AP),ENFERMERIA_AP,Centro,CENTRO,Personas distintas atendidas en consulta,PERSONAS_DISTINTAS_ATENDIDAS_CONSULTA,444549,,,,
La Gomera,ES706,2015,2015,Enfermería - Atención primaria (AP),ENFERMERIA_AP,Domicilio,DOMICILIO,Personas distintas atendidas en consulta,PERSONAS_DISTINTAS_ATENDIDAS_CONSULTA,755,,,,
La Gomera,ES706,2015,2015,Enfermería - Atención primaria (AP),ENFERMERIA_AP,Teleconsulta,TELECONSULTA,Personas distintas atendidas en consulta,PERSONAS_DISTINTAS_ATENDIDAS_CONSULTA,,Valor no disponible; el dato no existe,M,,
La Gomera,ES706,2015,2015,Enfermería - Atención primaria (AP),ENFERMERIA_AP,Total,_T,Personas distintas atendidas en consulta,PERSONAS_DISTINTAS_ATENDIDAS_CONSULTA,13662,,,,
La Gomera,ES706,2015,2015,Enfermería - Atención primaria (AP),ENFERMERIA_AP,Centro,CENTRO,Personas distintas atendidas en consulta,PERSONAS_DISTINTAS_ATENDIDAS_CONSULTA,12907,,,,
La Palma,ES707,2015,2015,Enfermería - Atención primaria (AP),ENFERMERIA_AP,Domicilio,DOMICILIO,Personas distintas atendidas en consulta,PERSONAS_DISTINTAS_ATENDIDAS_CONSULTA,2590,,,,
La Palma,ES707,2015,2015,Enfermería - Atención primaria (AP),ENFERMERIA_AP,Teleconsulta,TELECONSULTA,Personas distintas atendidas en consulta,PERSONAS_DISTINTAS_ATENDIDAS_CONSULTA,,Valor no disponible; el dato no existe,M,,
La Palma,ES707,2015,2015,Enfermería - Atención primaria (AP),ENFERMERIA_AP,Total,_T,Personas distintas atendidas en consulta,PERSONAS_DISTINTAS_ATENDIDAS_CONSULTA,49606,,,,
La Palma,ES707,2015,2015,Enfermería - Atención primaria (AP),ENFERMERIA_AP,Centro,CENTRO,Personas distintas atendidas en consulta,PERSONAS_DISTINTAS_ATENDIDAS_CONSULTA,47016,,,,
El Hierro,ES703,2015,2015,Enfermería - Atención primaria (AP),ENFERMERIA_AP,Domicilio,DOMICILIO,Personas distintas atendidas en consulta,PERSONAS_DISTINTAS_ATENDIDAS_CONSULTA,404,,,,
El Hierro,ES703,2015,2015,Enfermería - Atención primaria (AP),ENFERMERIA_AP,Teleconsulta,TELECONSULTA,Personas distintas atendidas en consulta,PERSONAS_DISTINTAS_ATENDIDAS_CONSULTA,,Valor no disponible; el dato no existe,M,,
El Hierro,ES703,2015,2015,Enfermería - Atención primaria (AP),ENFERMERIA_AP,Total,_T,Personas distintas atendidas en consulta,PERSONAS_DISTINTAS_ATENDIDAS_CONSULTA,6295,,,,
El Hierro,ES703,2015,2015,Enfermería - Atención primaria (AP),ENFERMERIA_AP,Centro,CENTRO,Personas distintas atendidas en consulta,PERSONAS_DISTINTAS_ATENDIDAS_CONSULTA,5891,,,,
Canarias,ES70,2015,2015,Pediatría - Atención primaria (AP),PEDIATRIA_AP,Domicilio,DOMICILIO,Personas distintas atendidas en consulta,PERSONAS_DISTINTAS_ATENDIDAS_CONSULTA,22,,,,
Canarias,ES70,2015,2015,Pediatría - Atención primaria (AP),PEDIATRIA_AP,Teleconsulta,TELECONSULTA,Personas distintas atendidas en consulta,PERSONAS_DISTINTAS_ATENDIDAS_CONSULTA,,Valor no disponible; el dato no existe,M,,
Canarias,ES70,2015,2015,Pediatría - Atención primaria (AP),PEDIATRIA_AP,Total,_T,Personas distintas atendidas en consulta,PERSONAS_DISTINTAS_ATENDIDAS_CONSULTA,241257,,,,
Canarias,ES70,2015,2015,Pediatría - Atención primaria (AP),PEDIATRIA_AP,Centro,CENTRO,Personas distintas atendidas en consulta,PERSONAS_DISTINTAS_ATENDIDAS_CONSULTA,241235,,,,
Lanzarote,ES708,2015,2015,Pediatría - Atención primaria (AP),PEDIATRIA_AP,Domicilio,DOMICILIO,Personas distintas atendidas en consulta,PERSONAS_DISTINTAS_ATENDIDAS_CONSULTA,1,,,,
Lanzarote,ES708,2015,2015,Pediatría - Atención primaria (AP),PEDIATRIA_AP,Teleconsulta,TELECONSULTA,Personas distintas atendidas en consulta,PERSONAS_DISTINTAS_ATENDIDAS_CONSULTA,,Valor no disponible; el dato no existe,M,,
Lanzarote,ES708,2015,2015,Pediatría - Atención primaria (AP),PEDIATRIA_AP,Total,_T,Personas distintas atendidas en consulta,PERSONAS_DISTINTAS_ATENDIDAS_CONSULTA,21372,,,,
Lanzarote,ES708,2015,2015,Pediatría - Atención primaria (AP),PEDIATRIA_AP,Centro,CENTRO,Personas distintas atendidas en consulta,PERSONAS_DISTINTAS_ATENDIDAS_CONSULTA,21371,,,,
Fuerteventura,ES704,2015,2015,Pediatría - Atención primaria (AP),PEDIATRIA_AP,Domicilio,DOMICILIO,Personas distintas atendidas en consulta,PERSONAS_DISTINTAS_ATENDIDAS_CONSULTA,0,,,,
Fuerteventura,ES704,2015,2015,Pediatría - Atención primaria (AP),PEDIATRIA_AP,Teleconsulta,TELECONSULTA,Personas distintas atendidas en consulta,PERSONAS_DISTINTAS_ATENDIDAS_CONSULTA,,Valor no disponible; el dato no existe,M,,
Fuerteventura,ES704,2015,2015,Pediatría - Atención primaria (AP),PEDIATRIA_AP,Total,_T,Personas distintas atendidas en consulta,PERSONAS_DISTINTAS_ATENDIDAS_CONSULTA,13920,,,,
Fuerteventura,ES704,2015,2015,Pediatría - Atención primaria (AP),PEDIATRIA_AP,Centro,CENTRO,Personas distintas atendidas en consulta,PERSONAS_DISTINTAS_ATENDIDAS_CONSULTA,13920,,,,
Gran Canaria,ES705,2015,2015,Pediatría - Atención primaria (AP),PEDIATRIA_AP,Domicilio,DOMICILIO,Personas distintas atendidas en consulta,PERSONAS_DISTINTAS_ATENDIDAS_CONSULTA,12,,,,
Gran Canaria,ES705,2015,2015,Pediatría - Atención primaria (AP),PEDIATRIA_AP,Teleconsulta,TELECONSULTA,Personas distintas atendidas en consulta,PERSONAS_DISTINTAS_ATENDIDAS_CONSULTA,,Valor no disponible; el dato no existe,M,,
Gran Canaria,ES705,2015,2015,Pediatría - Atención primaria (AP),PEDIATRIA_AP,Total,_T,Personas distintas atendidas en consulta,PERSONAS_DISTINTAS_ATENDIDAS_CONSULTA,91723,,,,
Gran Canaria,ES705,2015,2015,Pediatría - Atención primaria (AP),PEDIATRIA_AP,Centro,CENTRO,Personas distintas atendidas en consulta,PERSONAS_DISTINTAS_ATENDIDAS_CONSULTA,91711,,,,
Tenerife,ES709,2015,2015,Pediatría - Atención primaria (AP),PEDIATRIA_AP,Domicilio,DOMICILIO,Personas distintas atendidas en consulta,PERSONAS_DISTINTAS_ATENDIDAS_CONSULTA,8,,,,
Tenerife,ES709,2015,2015,Pediatría - Atención primaria (AP),PEDIATRIA_AP,Teleconsulta,TELECONSULTA,Personas distintas atendidas en consulta,PERSONAS_DISTINTAS_ATENDIDAS_CONSULTA,,Valor no disponible; el dato no existe,M,,
Tenerife,ES709,2015,2015,Pediatría - Atención primaria (AP),PEDIATRIA_AP,Total,_T,Personas distintas atendidas en consulta,PERSONAS_DISTINTAS_ATENDIDAS_CONSULTA,102837,,,,
Tenerife,ES709,2015,2015,Pediatría - Atención primaria (AP),PEDIATRIA_AP,Centro,CENTRO,Personas distintas atendidas en consulta,PERSONAS_DISTINTAS_ATENDIDAS_CONSULTA,102829,,,,
La Gomera,ES706,2015,2015,Pediatría - Atención primaria (AP),PEDIATRIA_AP,Domicilio,DOMICILIO,Personas distintas atendidas en consulta,PERSONAS_DISTINTAS_ATENDIDAS_CONSULTA,0,,,,
La Gomera,ES706,2015,2015,Pediatría - Atención primaria (AP),PEDIATRIA_AP,Teleconsulta,TELECONSULTA,Personas distintas atendidas en consulta,PERSONAS_DISTINTAS_ATENDIDAS_CONSULTA,,Valor no disponible; el dato no existe,M,,
La Gomera,ES706,2015,2015,Pediatría - Atención primaria (AP),PEDIATRIA_AP,Total,_T,Personas distintas atendidas en consulta,PERSONAS_DISTINTAS_ATENDIDAS_CONSULTA,1044,,,,
La Gomera,ES706,2015,2015,Pediatría - Atención primaria (AP),PEDIATRIA_AP,Centro,CENTRO,Personas distintas atendidas en consulta,PERSONAS_DISTINTAS_ATENDIDAS_CONSULTA,1044,,,,
La Palma,ES707,2015,2015,Pediatría - Atención primaria (AP),PEDIATRIA_AP,Domicilio,DOMICILIO,Personas distintas atendidas en consulta,PERSONAS_DISTINTAS_ATENDIDAS_CONSULTA,0,,,,
La Palma,ES707,2015,2015,Pediatría - Atención primaria (AP),PEDIATRIA_AP,Teleconsulta,TELECONSULTA,Personas distintas atendidas en consulta,PERSONAS_DISTINTAS_ATENDIDAS_CONSULTA,,Valor no disponible; el dato no existe,M,,
La Palma,ES707,2015,2015,Pediatría - Atención primaria (AP),PEDIATRIA_AP,Total,_T,Personas distintas atendidas en consulta,PERSONAS_DISTINTAS_ATENDIDAS_CONSULTA,9168,,,,
La Palma,ES707,2015,2015,Pediatría - Atención primaria (AP),PEDIATRIA_AP,Centro,CENTRO,Personas distintas atendidas en consulta,PERSONAS_DISTINTAS_ATENDIDAS_CONSULTA,9168,,,,
El Hierro,ES703,2015,2015,Pediatría - Atención primaria (AP),PEDIATRIA_AP,Domicilio,DOMICILIO,Personas distintas atendidas en consulta,PERSONAS_DISTINTAS_ATENDIDAS_CONSULTA,1,,,,
El Hierro,ES703,2015,2015,Pediatría - Atención primaria (AP),PEDIATRIA_AP,Teleconsulta,TELECONSULTA,Personas distintas atendidas en consulta,PERSONAS_DISTINTAS_ATENDIDAS_CONSULTA,,Valor no disponible; el dato no existe,M,,
El Hierro,ES703,2015,2015,Pediatría - Atención primaria (AP),PEDIATRIA_AP,Total,_T,Personas distintas atendidas en consulta,PERSONAS_DISTINTAS_ATENDIDAS_CONSULTA,1193,,,,
El Hierro,ES703,2015,2015,Pediatría - Atención primaria (AP),PEDIATRIA_AP,Centro,CENTRO,Personas distintas atendidas en consulta,PERSONAS_DISTINTAS_ATENDIDAS_CONSULTA,1192,,,,
Canarias,ES70,2015,2015,Medicina Familia y Comunitaria - Atención primaria (AP),FAMILIA_COMUNITARIA_AP,Domicilio,DOMICILIO,Personas distintas atendidas en consulta,PERSONAS_DISTINTAS_ATENDIDAS_CONSULTA,20714,,,,
Canarias,ES70,2015,2015,Medicina Familia y Comunitaria - Atención primaria (AP),FAMILIA_COMUNITARIA_AP,Teleconsulta,TELECONSULTA,Personas distintas atendidas en consulta,PERSONAS_DISTINTAS_ATENDIDAS_CONSULTA,,Valor no disponible; el dato no existe,M,,
Canarias,ES70,2015,2015,Medicina Familia y Comunitaria - Atención primaria (AP),FAMILIA_COMUNITARIA_AP,Total,_T,Personas distintas atendidas en consulta,PERSONAS_DISTINTAS_ATENDIDAS_CONSULTA,1421488,,,,
Canarias,ES70,2015,2015,Medicina Familia y Comunitaria - Atención primaria (AP),FAMILIA_COMUNITARIA_AP,Centro,CENTRO,Personas distintas atendidas en consulta,PERSONAS_DISTINTAS_ATENDIDAS_CONSULTA,1400774,,,,
Lanzarote,ES708,2015,2015,Medicina Familia y Comunitaria - Atención primaria (AP),FAMILIA_COMUNITARIA_AP,Domicilio,DOMICILIO,Personas distintas atendidas en consulta,PERSONAS_DISTINTAS_ATENDIDAS_CONSULTA,793,,,,
Lanzarote,ES708,2015,2015,Medicina Familia y Comunitaria - Atención primaria (AP),FAMILIA_COMUNITARIA_AP,Teleconsulta,TELECONSULTA,Personas distintas atendidas en consulta,PERSONAS_DISTINTAS_ATENDIDAS_CONSULTA,,Valor no disponible; el dato no existe,M,,
Lanzarote,ES708,2015,2015,Medicina Familia y Comunitaria - Atención primaria (AP),FAMILIA_COMUNITARIA_AP,Total,_T,Personas distintas atendidas en consulta,PERSONAS_DISTINTAS_ATENDIDAS_CONSULTA,101586,,,,
Lanzarote,ES708,2015,2015,Medicina Familia y Comunitaria - Atención primaria (AP),FAMILIA_COMUNITARIA_AP,Centro,CENTRO,Personas distintas atendidas en consulta,PERSONAS_DISTINTAS_ATENDIDAS_CONSULTA,100793,,,,
Fuerteventura,ES704,2015,2015,Medicina Familia y Comunitaria - Atención primaria (AP),FAMILIA_COMUNITARIA_AP,Domicilio,DOMICILIO,Personas distintas atendidas en consulta,PERSONAS_DISTINTAS_ATENDIDAS_CONSULTA,545,,,,
Fuerteventura,ES704,2015,2015,Medicina Familia y Comunitaria - Atención primaria (AP),FAMILIA_COMUNITARIA_AP,Teleconsulta,TELECONSULTA,Personas distintas atendidas en consulta,PERSONAS_DISTINTAS_ATENDIDAS_CONSULTA,,Valor no disponible; el dato no existe,M,,
Fuerteventura,ES704,2015,2015,Medicina Familia y Comunitaria - Atención primaria (AP),FAMILIA_COMUNITARIA_AP,Total,_T,Personas distintas atendidas en consulta,PERSONAS_DISTINTAS_ATENDIDAS_CONSULTA,74758,,,,
Fuerteventura,ES704,2015,2015,Medicina Familia y Comunitaria - Atención primaria (AP),FAMILIA_COMUNITARIA_AP,Centro,CENTRO,Personas distintas atendidas en consulta,PERSONAS_DISTINTAS_ATENDIDAS_CONSULTA,74213,,,,
Gran Canaria,ES705,2015,2015,Medicina Familia y Comunitaria - Atención primaria (AP),FAMILIA_COMUNITARIA_AP,Domicilio,DOMICILIO,Personas distintas atendidas en consulta,PERSONAS_DISTINTAS_ATENDIDAS_CONSULTA,6737,,,,
Gran Canaria,ES705,2015,2015,Medicina Familia y Comunitaria - Atención primaria (AP),FAMILIA_COMUNITARIA_AP,Teleconsulta,TELECONSULTA,Personas distintas atendidas en consulta,PERSONAS_DISTINTAS_ATENDIDAS_CONSULTA,,Valor no disponible; el dato no existe,M,,
Gran Canaria,ES705,2015,2015,Medicina Familia y Comunitaria - Atención primaria (AP),FAMILIA_COMUNITARIA_AP,Total,_T,Personas distintas atendidas en consulta,PERSONAS_DISTINTAS_ATENDIDAS_CONSULTA,583365,,,,
Gran Canaria,ES705,2015,2015,Medicina Familia y Comunitaria - Atención primaria (AP),FAMILIA_COMUNITARIA_AP,Centro,CENTRO,Personas distintas atendidas en consulta,PERSONAS_DISTINTAS_ATENDIDAS_CONSULTA,576628,,,,
Tenerife,ES709,2015,2015,Medicina Familia y Comunitaria - Atención primaria (AP),FAMILIA_COMUNITARIA_AP,Domicilio,DOMICILIO,Personas distintas atendidas en consulta,PERSONAS_DISTINTAS_ATENDIDAS_CONSULTA,10172,,,,
Tenerife,ES709,2015,2015,Medicina Familia y Comunitaria - Atención primaria (AP),FAMILIA_COMUNITARIA_AP,Teleconsulta,TELECONSULTA,Personas distintas atendidas en consulta,PERSONAS_DISTINTAS_ATENDIDAS_CONSULTA,,Valor no disponible; el dato no existe,M,,
Tenerife,ES709,2015,2015,Medicina Familia y Comunitaria - Atención primaria (AP),FAMILIA_COMUNITARIA_AP,Total,_T,Personas distintas atendidas en consulta,PERSONAS_DISTINTAS_ATENDIDAS_CONSULTA,580773,,,,
Tenerife,ES709,2015,2015,Medicina Familia y Comunitaria - Atención primaria (AP),FAMILIA_COMUNITARIA_AP,Centro,CENTRO,Personas distintas atendidas en consulta,PERSONAS_DISTINTAS_ATENDIDAS_CONSULTA,570601,,,,
La Gomera,ES706,2015,2015,Medicina Familia y Comunitaria - Atención primaria (AP),FAMILIA_COMUNITARIA_AP,Domicilio,DOMICILIO,Personas distintas atendidas en consulta,PERSONAS_DISTINTAS_ATENDIDAS_CONSULTA,531,,,,
La Gomera,ES706,2015,2015,Medicina Familia y Comunitaria - Atención primaria (AP),FAMILIA_COMUNITARIA_AP,Teleconsulta,TELECONSULTA,Personas distintas atendidas en consulta,PERSONAS_DISTINTAS_ATENDIDAS_CONSULTA,,Valor no disponible; el dato no existe,M,,
La Gomera,ES706,2015,2015,Medicina Familia y Comunitaria - Atención primaria (AP),FAMILIA_COMUNITARIA_AP,Total,_T,Personas distintas atendidas en consulta,PERSONAS_DISTINTAS_ATENDIDAS_CONSULTA,16045,,,,
La Gomera,ES706,2015,2015,Medicina Familia y Comunitaria - Atención primaria (AP),FAMILIA_COMUNITARIA_AP,Centro,CENTRO,Personas distintas atendidas en consulta,PERSONAS_DISTINTAS_ATENDIDAS_CONSULTA,15514,,,,
La Palma,ES707,2015,2015,Medicina Familia y Comunitaria - Atención primaria (AP),FAMILIA_COMUNITARIA_AP,Domicilio,DOMICILIO,Personas distintas atendidas en consulta,PERSONAS_DISTINTAS_ATENDIDAS_CONSULTA,1653,,,,
La Palma,ES707,2015,2015,Medicina Familia y Comunitaria - Atención primaria (AP),FAMILIA_COMUNITARIA_AP,Teleconsulta,TELECONSULTA,Personas distintas atendidas en consulta,PERSONAS_DISTINTAS_ATENDIDAS_CONSULTA,,Valor no disponible; el dato no existe,M,,
La Palma,ES707,2015,2015,Medicina Familia y Comunitaria - Atención primaria (AP),FAMILIA_COMUNITARIA_AP,Total,_T,Personas distintas atendidas en consulta,PERSONAS_DISTINTAS_ATENDIDAS_CONSULTA,56761,,,,
La Palma,ES707,2015,2015,Medicina Familia y Comunitaria - Atención primaria (AP),FAMILIA_COMUNITARIA_AP,Centro,CENTRO,Personas distintas atendidas en consulta,PERSONAS_DISTINTAS_ATENDIDAS_CONSULTA,55108,,,,
El Hierro,ES703,2015,2015,Medicina Familia y Comunitaria - Atención primaria (AP),FAMILIA_COMUNITARIA_AP,Domicilio,DOMICILIO,Personas distintas atendidas en consulta,PERSONAS_DISTINTAS_ATENDIDAS_CONSULTA,283,,,,
El Hierro,ES703,2015,2015,Medicina Familia y Comunitaria - Atención primaria (AP),FAMILIA_COMUNITARIA_AP,Teleconsulta,TELECONSULTA,Personas distintas atendidas en consulta,PERSONAS_DISTINTAS_ATENDIDAS_CONSULTA,,Valor no disponible; el dato no existe,M,,
El Hierro,ES703,2015,2015,Medicina Familia y Comunitaria - Atención primaria (AP),FAMILIA_COMUNITARIA_AP,Total,_T,Personas distintas atendidas en consulta,PERSONAS_DISTINTAS_ATENDIDAS_CONSULTA,8200,,,,
El Hierro,ES703,2015,2015,Medicina Familia y Comunitaria - Atención primaria (AP),FAMILIA_COMUNITARIA_AP,Centro,CENTRO,Personas distintas atendidas en consulta,PERSONAS_DISTINTAS_ATENDIDAS_CONSULTA,7917,,,,
Canarias,ES70,2016,2016,Enfermería - Atención primaria (AP),ENFERMERIA_AP,Domicilio,DOMICILIO,Personas distintas atendidas en consulta,PERSONAS_DISTINTAS_ATENDIDAS_CONSULTA,38040,,,,
Canarias,ES70,2016,2016,Enfermería - Atención primaria (AP),ENFERMERIA_AP,Teleconsulta,TELECONSULTA,Personas distintas atendidas en consulta,PERSONAS_DISTINTAS_ATENDIDAS_CONSULTA,,Valor no disponible; el dato no existe,M,,
Canarias,ES70,2016,2016,Enfermería - Atención primaria (AP),ENFERMERIA_AP,Total,_T,Personas distintas atendidas en consulta,PERSONAS_DISTINTAS_ATENDIDAS_CONSULTA,1103588,,,,
Canarias,ES70,2016,2016,Enfermería - Atención primaria (AP),ENFERMERIA_AP,Centro,CENTRO,Personas distintas atendidas en consulta,PERSONAS_DISTINTAS_ATENDIDAS_CONSULTA,1065548,,,,
Lanzarote,ES708,2016,2016,Enfermería - Atención primaria (AP),ENFERMERIA_AP,Domicilio,DOMICILIO,Personas distintas atendidas en consulta,PERSONAS_DISTINTAS_ATENDIDAS_CONSULTA,1610,,,,
Lanzarote,ES708,2016,2016,Enfermería - Atención primaria (AP),ENFERMERIA_AP,Teleconsulta,TELECONSULTA,Personas distintas atendidas en consulta,PERSONAS_DISTINTAS_ATENDIDAS_CONSULTA,,Valor no disponible; el dato no existe,M,,
Lanzarote,ES708,2016,2016,Enfermería - Atención primaria (AP),ENFERMERIA_AP,Total,_T,Personas distintas atendidas en consulta,PERSONAS_DISTINTAS_ATENDIDAS_CONSULTA,98356,,,,
Lanzarote,ES708,2016,2016,Enfermería - Atención primaria (AP),ENFERMERIA_AP,Centro,CENTRO,Personas distintas atendidas en consulta,PERSONAS_DISTINTAS_ATENDIDAS_CONSULTA,96746,,,,
Fuerteventura,ES704,2016,2016,Enfermería - Atención primaria (AP),ENFERMERIA_AP,Domicilio,DOMICILIO,Personas distintas atendidas en consulta,PERSONAS_DISTINTAS_ATENDIDAS_CONSULTA,1210,,,,
Fuerteventura,ES704,2016,2016,Enfermería - Atención primaria (AP),ENFERMERIA_AP,Teleconsulta,TELECONSULTA,Personas distintas atendidas en consulta,PERSONAS_DISTINTAS_ATENDIDAS_CONSULTA,,Valor no disponible; el dato no existe,M,,
Fuerteventura,ES704,2016,2016,Enfermería - Atención primaria (AP),ENFERMERIA_AP,Total,_T,Personas distintas atendidas en consulta,PERSONAS_DISTINTAS_ATENDIDAS_CONSULTA,56223,,,,
Fuerteventura,ES704,2016,2016,Enfermería - Atención primaria (AP),ENFERMERIA_AP,Centro,CENTRO,Personas distintas atendidas en consulta,PERSONAS_DISTINTAS_ATENDIDAS_CONSULTA,55013,,,,
Gran Canaria,ES705,2016,2016,Enfermería - Atención primaria (AP),ENFERMERIA_AP,Domicilio,DOMICILIO,Personas distintas atendidas en consulta,PERSONAS_DISTINTAS_ATENDIDAS_CONSULTA,17308,,,,
Gran Canaria,ES705,2016,2016,Enfermería - Atención primaria (AP),ENFERMERIA_AP,Teleconsulta,TELECONSULTA,Personas distintas atendidas en consulta,PERSONAS_DISTINTAS_ATENDIDAS_CONSULTA,,Valor no disponible; el dato no existe,M,,
Gran Canaria,ES705,2016,2016,Enfermería - Atención primaria (AP),ENFERMERIA_AP,Total,_T,Personas distintas atendidas en consulta,PERSONAS_DISTINTAS_ATENDIDAS_CONSULTA,404454,,,,
Gran Canaria,ES705,2016,2016,Enfermería - Atención primaria (AP),ENFERMERIA_AP,Centro,CENTRO,Personas distintas atendidas en consulta,PERSONAS_DISTINTAS_ATENDIDAS_CONSULTA,387146,,,,
Tenerife,ES709,2016,2016,Enfermería - Atención primaria (AP),ENFERMERIA_AP,Domicilio,DOMICILIO,Personas distintas atendidas en consulta,PERSONAS_DISTINTAS_ATENDIDAS_CONSULTA,14196,,,,
Tenerife,ES709,2016,2016,Enfermería - Atención primaria (AP),ENFERMERIA_AP,Teleconsulta,TELECONSULTA,Personas distintas atendidas en consulta,PERSONAS_DISTINTAS_ATENDIDAS_CONSULTA,,Valor no disponible; el dato no existe,M,,
Tenerife,ES709,2016,2016,Enfermería - Atención primaria (AP),ENFERMERIA_AP,Total,_T,Personas distintas atendidas en consulta,PERSONAS_DISTINTAS_ATENDIDAS_CONSULTA,473903,,,,
Tenerife,ES709,2016,2016,Enfermería - Atención primaria (AP),ENFERMERIA_AP,Centro,CENTRO,Personas distintas atendidas en consulta,PERSONAS_DISTINTAS_ATENDIDAS_CONSULTA,459707,,,,
La Gomera,ES706,2016,2016,Enfermería - Atención primaria (AP),ENFERMERIA_AP,Domicilio,DOMICILIO,Personas distintas atendidas en consulta,PERSONAS_DISTINTAS_ATENDIDAS_CONSULTA,912,,,,
La Gomera,ES706,2016,2016,Enfermería - Atención primaria (AP),ENFERMERIA_AP,Teleconsulta,TELECONSULTA,Personas distintas atendidas en consulta,PERSONAS_DISTINTAS_ATENDIDAS_CONSULTA,,Valor no disponible; el dato no existe,M,,
La Gomera,ES706,2016,2016,Enfermería - Atención primaria (AP),ENFERMERIA_AP,Total,_T,Personas distintas atendidas en consulta,PERSONAS_DISTINTAS_ATENDIDAS_CONSULTA,13728,,,,
La Gomera,ES706,2016,2016,Enfermería - Atención primaria (AP),ENFERMERIA_AP,Centro,CENTRO,Personas distintas atendidas en consulta,PERSONAS_DISTINTAS_ATENDIDAS_CONSULTA,12816,,,,
La Palma,ES707,2016,2016,Enfermería - Atención primaria (AP),ENFERMERIA_AP,Domicilio,DOMICILIO,Personas distintas atendidas en consulta,PERSONAS_DISTINTAS_ATENDIDAS_CONSULTA,2445,,,,
La Palma,ES707,2016,2016,Enfermería - Atención primaria (AP),ENFERMERIA_AP,Teleconsulta,TELECONSULTA,Personas distintas atendidas en consulta,PERSONAS_DISTINTAS_ATENDIDAS_CONSULTA,,Valor no disponible; el dato no existe,M,,
La Palma,ES707,2016,2016,Enfermería - Atención primaria (AP),ENFERMERIA_AP,Total,_T,Personas distintas atendidas en consulta,PERSONAS_DISTINTAS_ATENDIDAS_CONSULTA,50195,,,,
La Palma,ES707,2016,2016,Enfermería - Atención primaria (AP),ENFERMERIA_AP,Centro,CENTRO,Personas distintas atendidas en consulta,PERSONAS_DISTINTAS_ATENDIDAS_CONSULTA,47750,,,,
El Hierro,ES703,2016,2016,Enfermería - Atención primaria (AP),ENFERMERIA_AP,Domicilio,DOMICILIO,Personas distintas atendidas en consulta,PERSONAS_DISTINTAS_ATENDIDAS_CONSULTA,359,,,,
El Hierro,ES703,2016,2016,Enfermería - Atención primaria (AP),ENFERMERIA_AP,Teleconsulta,TELECONSULTA,Personas distintas atendidas en consulta,PERSONAS_DISTINTAS_ATENDIDAS_CONSULTA,,Valor no disponible; el dato no existe,M,,
El Hierro,ES703,2016,2016,Enfermería - Atención primaria (AP),ENFERMERIA_AP,Total,_T,Personas distintas atendidas en consulta,PERSONAS_DISTINTAS_ATENDIDAS_CONSULTA,6729,,,,
El Hierro,ES703,2016,2016,Enfermería - Atención primaria (AP),ENFERMERIA_AP,Centro,CENTRO,Personas distintas atendidas en consulta,PERSONAS_DISTINTAS_ATENDIDAS_CONSULTA,6370,,,,
Canarias,ES70,2016,2016,Pediatría - Atención primaria (AP),PEDIATRIA_AP,Domicilio,DOMICILIO,Personas distintas atendidas en consulta,PERSONAS_DISTINTAS_ATENDIDAS_CONSULTA,42,,,,
Canarias,ES70,2016,2016,Pediatría - Atención primaria (AP),PEDIATRIA_AP,Teleconsulta,TELECONSULTA,Personas distintas atendidas en consulta,PERSONAS_DISTINTAS_ATENDIDAS_CONSULTA,,Valor no disponible; el dato no existe,M,,
Canarias,ES70,2016,2016,Pediatría - Atención primaria (AP),PEDIATRIA_AP,Total,_T,Personas distintas atendidas en consulta,PERSONAS_DISTINTAS_ATENDIDAS_CONSULTA,242188,,,,
Canarias,ES70,2016,2016,Pediatría - Atención primaria (AP),PEDIATRIA_AP,Centro,CENTRO,Personas distintas atendidas en consulta,PERSONAS_DISTINTAS_ATENDIDAS_CONSULTA,242146,,,,
Lanzarote,ES708,2016,2016,Pediatría - Atención primaria (AP),PEDIATRIA_AP,Domicilio,DOMICILIO,Personas distintas atendidas en consulta,PERSONAS_DISTINTAS_ATENDIDAS_CONSULTA,1,,,,
Lanzarote,ES708,2016,2016,Pediatría - Atención primaria (AP),PEDIATRIA_AP,Teleconsulta,TELECONSULTA,Personas distintas atendidas en consulta,PERSONAS_DISTINTAS_ATENDIDAS_CONSULTA,,Valor no disponible; el dato no existe,M,,
Lanzarote,ES708,2016,2016,Pediatría - Atención primaria (AP),PEDIATRIA_AP,Total,_T,Personas distintas atendidas en consulta,PERSONAS_DISTINTAS_ATENDIDAS_CONSULTA,21447,,,,
Lanzarote,ES708,2016,2016,Pediatría - Atención primaria (AP),PEDIATRIA_AP,Centro,CENTRO,Personas distintas atendidas en consulta,PERSONAS_DISTINTAS_ATENDIDAS_CONSULTA,21446,,,,
Fuerteventura,ES704,2016,2016,Pediatría - Atención primaria (AP),PEDIATRIA_AP,Domicilio,DOMICILIO,Personas distintas atendidas en consulta,PERSONAS_DISTINTAS_ATENDIDAS_CONSULTA,2,,,,
Fuerteventura,ES704,2016,2016,Pediatría - Atención primaria (AP),PEDIATRIA_AP,Teleconsulta,TELECONSULTA,Personas distintas atendidas en consulta,PERSONAS_DISTINTAS_ATENDIDAS_CONSULTA,,Valor no disponible; el dato no existe,M,,
Fuerteventura,ES704,2016,2016,Pediatría - Atención primaria (AP),PEDIATRIA_AP,Total,_T,Personas distintas atendidas en consulta,PERSONAS_DISTINTAS_ATENDIDAS_CONSULTA,14165,,,,
Fuerteventura,ES704,2016,2016,Pediatría - Atención primaria (AP),PEDIATRIA_AP,Centro,CENTRO,Personas distintas atendidas en consulta,PERSONAS_DISTINTAS_ATENDIDAS_CONSULTA,14163,,,,
Gran Canaria,ES705,2016,2016,Pediatría - Atención primaria (AP),PEDIATRIA_AP,Domicilio,DOMICILIO,Personas distintas atendidas en consulta,PERSONAS_DISTINTAS_ATENDIDAS_CONSULTA,23,,,,
Gran Canaria,ES705,2016,2016,Pediatría - Atención primaria (AP),PEDIATRIA_AP,Teleconsulta,TELECONSULTA,Personas distintas atendidas en consulta,PERSONAS_DISTINTAS_ATENDIDAS_CONSULTA,,Valor no disponible; el dato no existe,M,,
Gran Canaria,ES705,2016,2016,Pediatría - Atención primaria (AP),PEDIATRIA_AP,Total,_T,Personas distintas atendidas en consulta,PERSONAS_DISTINTAS_ATENDIDAS_CONSULTA,91179,,,,
Gran Canaria,ES705,2016,2016,Pediatría - Atención primaria (AP),PEDIATRIA_AP,Centro,CENTRO,Personas distintas atendidas en consulta,PERSONAS_DISTINTAS_ATENDIDAS_CONSULTA,91156,,,,
Tenerife,ES709,2016,2016,Pediatría - Atención primaria (AP),PEDIATRIA_AP,Domicilio,DOMICILIO,Personas distintas atendidas en consulta,PERSONAS_DISTINTAS_ATENDIDAS_CONSULTA,16,,,,
Tenerife,ES709,2016,2016,Pediatría - Atención primaria (AP),PEDIATRIA_AP,Teleconsulta,TELECONSULTA,Personas distintas atendidas en consulta,PERSONAS_DISTINTAS_ATENDIDAS_CONSULTA,,Valor no disponible; el dato no existe,M,,
Tenerife,ES709,2016,2016,Pediatría - Atención primaria (AP),PEDIATRIA_AP,Total,_T,Personas distintas atendidas en consulta,PERSONAS_DISTINTAS_ATENDIDAS_CONSULTA,104210,,,,
Tenerife,ES709,2016,2016,Pediatría - Atención primaria (AP),PEDIATRIA_AP,Centro,CENTRO,Personas distintas atendidas en consulta,PERSONAS_DISTINTAS_ATENDIDAS_CONSULTA,104194,,,,
La Gomera,ES706,2016,2016,Pediatría - Atención primaria (AP),PEDIATRIA_AP,Domicilio,DOMICILIO,Personas distintas atendidas en consulta,PERSONAS_DISTINTAS_ATENDIDAS_CONSULTA,0,,,,
La Gomera,ES706,2016,2016,Pediatría - Atención primaria (AP),PEDIATRIA_AP,Teleconsulta,TELECONSULTA,Personas distintas atendidas en consulta,PERSONAS_DISTINTAS_ATENDIDAS_CONSULTA,,Valor no disponible; el dato no existe,M,,
La Gomera,ES706,2016,2016,Pediatría - Atención primaria (AP),PEDIATRIA_AP,Total,_T,Personas distintas atendidas en consulta,PERSONAS_DISTINTAS_ATENDIDAS_CONSULTA,1091,,,,
La Gomera,ES706,2016,2016,Pediatría - Atención primaria (AP),PEDIATRIA_AP,Centro,CENTRO,Personas distintas atendidas en consulta,PERSONAS_DISTINTAS_ATENDIDAS_CONSULTA,1091,,,,
La Palma,ES707,2016,2016,Pediatría - Atención primaria (AP),PEDIATRIA_AP,Domicilio,DOMICILIO,Personas distintas atendidas en consulta,PERSONAS_DISTINTAS_ATENDIDAS_CONSULTA,0,,,,
La Palma,ES707,2016,2016,Pediatría - Atención primaria (AP),PEDIATRIA_AP,Teleconsulta,TELECONSULTA,Personas distintas atendidas en consulta,PERSONAS_DISTINTAS_ATENDIDAS_CONSULTA,,Valor no disponible; el dato no existe,M,,
La Palma,ES707,2016,2016,Pediatría - Atención primaria (AP),PEDIATRIA_AP,Total,_T,Personas distintas atendidas en consulta,PERSONAS_DISTINTAS_ATENDIDAS_CONSULTA,8960,,,,
La Palma,ES707,2016,2016,Pediatría - Atención primaria (AP),PEDIATRIA_AP,Centro,CENTRO,Personas distintas atendidas en consulta,PERSONAS_DISTINTAS_ATENDIDAS_CONSULTA,8960,,,,
El Hierro,ES703,2016,2016,Pediatría - Atención primaria (AP),PEDIATRIA_AP,Domicilio,DOMICILIO,Personas distintas atendidas en consulta,PERSONAS_DISTINTAS_ATENDIDAS_CONSULTA,0,,,,
El Hierro,ES703,2016,2016,Pediatría - Atención primaria (AP),PEDIATRIA_AP,Teleconsulta,TELECONSULTA,Personas distintas atendidas en consulta,PERSONAS_DISTINTAS_ATENDIDAS_CONSULTA,,Valor no disponible; el dato no existe,M,,
El Hierro,ES703,2016,2016,Pediatría - Atención primaria (AP),PEDIATRIA_AP,Total,_T,Personas distintas atendidas en consulta,PERSONAS_DISTINTAS_ATENDIDAS_CONSULTA,1136,,,,
El Hierro,ES703,2016,2016,Pediatría - Atención primaria (AP),PEDIATRIA_AP,Centro,CENTRO,Personas distintas atendidas en consulta,PERSONAS_DISTINTAS_ATENDIDAS_CONSULTA,1136,,,,
Canarias,ES70,2016,2016,Medicina Familia y Comunitaria - Atención primaria (AP),FAMILIA_COMUNITARIA_AP,Domicilio,DOMICILIO,Personas distintas atendidas en consulta,PERSONAS_DISTINTAS_ATENDIDAS_CONSULTA,21892,,,,
Canarias,ES70,2016,2016,Medicina Familia y Comunitaria - Atención primaria (AP),FAMILIA_COMUNITARIA_AP,Teleconsulta,TELECONSULTA,Personas distintas atendidas en consulta,PERSONAS_DISTINTAS_ATENDIDAS_CONSULTA,,Valor no disponible; el dato no existe,M,,
Canarias,ES70,2016,2016,Medicina Familia y Comunitaria - Atención primaria (AP),FAMILIA_COMUNITARIA_AP,Total,_T,Personas distintas atendidas en consulta,PERSONAS_DISTINTAS_ATENDIDAS_CONSULTA,1445071,,,,
Canarias,ES70,2016,2016,Medicina Familia y Comunitaria - Atención primaria (AP),FAMILIA_COMUNITARIA_AP,Centro,CENTRO,Personas distintas atendidas en consulta,PERSONAS_DISTINTAS_ATENDIDAS_CONSULTA,1423179,,,,
Lanzarote,ES708,2016,2016,Medicina Familia y Comunitaria - Atención primaria (AP),FAMILIA_COMUNITARIA_AP,Domicilio,DOMICILIO,Personas distintas atendidas en consulta,PERSONAS_DISTINTAS_ATENDIDAS_CONSULTA,853,,,,
Lanzarote,ES708,2016,2016,Medicina Familia y Comunitaria - Atención primaria (AP),FAMILIA_COMUNITARIA_AP,Teleconsulta,TELECONSULTA,Personas distintas atendidas en consulta,PERSONAS_DISTINTAS_ATENDIDAS_CONSULTA,,Valor no disponible; el dato no existe,M,,
Lanzarote,ES708,2016,2016,Medicina Familia y Comunitaria - Atención primaria (AP),FAMILIA_COMUNITARIA_AP,Total,_T,Personas distintas atendidas en consulta,PERSONAS_DISTINTAS_ATENDIDAS_CONSULTA,103429,,,,
Lanzarote,ES708,2016,2016,Medicina Familia y Comunitaria - Atención primaria (AP),FAMILIA_COMUNITARIA_AP,Centro,CENTRO,Personas distintas atendidas en consulta,PERSONAS_DISTINTAS_ATENDIDAS_CONSULTA,102576,,,,
Fuerteventura,ES704,2016,2016,Medicina Familia y Comunitaria - Atención primaria (AP),FAMILIA_COMUNITARIA_AP,Domicilio,DOMICILIO,Personas distintas atendidas en consulta,PERSONAS_DISTINTAS_ATENDIDAS_CONSULTA,553,,,,
Fuerteventura,ES704,2016,2016,Medicina Familia y Comunitaria - Atención primaria (AP),FAMILIA_COMUNITARIA_AP,Teleconsulta,TELECONSULTA,Personas distintas atendidas en consulta,PERSONAS_DISTINTAS_ATENDIDAS_CONSULTA,,Valor no disponible; el dato no existe,M,,
Fuerteventura,ES704,2016,2016,Medicina Familia y Comunitaria - Atención primaria (AP),FAMILIA_COMUNITARIA_AP,Total,_T,Personas distintas atendidas en consulta,PERSONAS_DISTINTAS_ATENDIDAS_CONSULTA,75502,,,,
Fuerteventura,ES704,2016,2016,Medicina Familia y Comunitaria - Atención primaria (AP),FAMILIA_COMUNITARIA_AP,Centro,CENTRO,Personas distintas atendidas en consulta,PERSONAS_DISTINTAS_ATENDIDAS_CONSULTA,74949,,,,
Gran Canaria,ES705,2016,2016,Medicina Familia y Comunitaria - Atención primaria (AP),FAMILIA_COMUNITARIA_AP,Domicilio,DOMICILIO,Personas distintas atendidas en consulta,PERSONAS_DISTINTAS_ATENDIDAS_CONSULTA,7677,,,,
Gran Canaria,ES705,2016,2016,Medicina Familia y Comunitaria - Atención primaria (AP),FAMILIA_COMUNITARIA_AP,Teleconsulta,TELECONSULTA,Personas distintas atendidas en consulta,PERSONAS_DISTINTAS_ATENDIDAS_CONSULTA,,Valor no disponible; el dato no existe,M,,
Gran Canaria,ES705,2016,2016,Medicina Familia y Comunitaria - Atención primaria (AP),FAMILIA_COMUNITARIA_AP,Total,_T,Personas distintas atendidas en consulta,PERSONAS_DISTINTAS_ATENDIDAS_CONSULTA,593337,,,,
Gran Canaria,ES705,2016,2016,Medicina Familia y Comunitaria - Atención primaria (AP),FAMILIA_COMUNITARIA_AP,Centro,CENTRO,Personas distintas atendidas en consulta,PERSONAS_DISTINTAS_ATENDIDAS_CONSULTA,585660,,,,
Tenerife,ES709,2016,2016,Medicina Familia y Comunitaria - Atención primaria (AP),FAMILIA_COMUNITARIA_AP,Domicilio,DOMICILIO,Personas distintas atendidas en consulta,PERSONAS_DISTINTAS_ATENDIDAS_CONSULTA,10324,,,,
Tenerife,ES709,2016,2016,Medicina Familia y Comunitaria - Atención primaria (AP),FAMILIA_COMUNITARIA_AP,Teleconsulta,TELECONSULTA,Personas distintas atendidas en consulta,PERSONAS_DISTINTAS_ATENDIDAS_CONSULTA,,Valor no disponible; el dato no existe,M,,
Tenerife,ES709,2016,2016,Medicina Familia y Comunitaria - Atención primaria (AP),FAMILIA_COMUNITARIA_AP,Total,_T,Personas distintas atendidas en consulta,PERSONAS_DISTINTAS_ATENDIDAS_CONSULTA,590960,,,,
Tenerife,ES709,2016,2016,Medicina Familia y Comunitaria - Atención primaria (AP),FAMILIA_COMUNITARIA_AP,Centro,CENTRO,Personas distintas atendidas en consulta,PERSONAS_DISTINTAS_ATENDIDAS_CONSULTA,580636,,,,
La Gomera,ES706,2016,2016,Medicina Familia y Comunitaria - Atención primaria (AP),FAMILIA_COMUNITARIA_AP,Domicilio,DOMICILIO,Personas distintas atendidas en consulta,PERSONAS_DISTINTAS_ATENDIDAS_CONSULTA,526,,,,
La Gomera,ES706,2016,2016,Medicina Familia y Comunitaria - Atención primaria (AP),FAMILIA_COMUNITARIA_AP,Teleconsulta,TELECONSULTA,Personas distintas atendidas en consulta,PERSONAS_DISTINTAS_ATENDIDAS_CONSULTA,,Valor no disponible; el dato no existe,M,,
La Gomera,ES706,2016,2016,Medicina Familia y Comunitaria - Atención primaria (AP),FAMILIA_COMUNITARIA_AP,Total,_T,Personas distintas atendidas en consulta,PERSONAS_DISTINTAS_ATENDIDAS_CONSULTA,16030,,,,
La Gomera,ES706,2016,2016,Medicina Familia y Comunitaria - Atención primaria (AP),FAMILIA_COMUNITARIA_AP,Centro,CENTRO,Personas distintas atendidas en consulta,PERSONAS_DISTINTAS_ATENDIDAS_CONSULTA,15504,,,,
La Palma,ES707,2016,2016,Medicina Familia y Comunitaria - Atención primaria (AP),FAMILIA_COMUNITARIA_AP,Domicilio,DOMICILIO,Personas distintas atendidas en consulta,PERSONAS_DISTINTAS_ATENDIDAS_CONSULTA,1685,,,,
La Palma,ES707,2016,2016,Medicina Familia y Comunitaria - Atención primaria (AP),FAMILIA_COMUNITARIA_AP,Teleconsulta,TELECONSULTA,Personas distintas atendidas en consulta,PERSONAS_DISTINTAS_ATENDIDAS_CONSULTA,,Valor no disponible; el dato no existe,M,,
La Palma,ES707,2016,2016,Medicina Familia y Comunitaria - Atención primaria (AP),FAMILIA_COMUNITARIA_AP,Total,_T,Personas distintas atendidas en consulta,PERSONAS_DISTINTAS_ATENDIDAS_CONSULTA,57520,,,,
La Palma,ES707,2016,2016,Medicina Familia y Comunitaria - Atención primaria (AP),FAMILIA_COMUNITARIA_AP,Centro,CENTRO,Personas distintas atendidas en consulta,PERSONAS_DISTINTAS_ATENDIDAS_CONSULTA,55835,,,,
El Hierro,ES703,2016,2016,Medicina Familia y Comunitaria - Atención primaria (AP),FAMILIA_COMUNITARIA_AP,Domicilio,DOMICILIO,Personas distintas atendidas en consulta,PERSONAS_DISTINTAS_ATENDIDAS_CONSULTA,274,,,,
El Hierro,ES703,2016,2016,Medicina Familia y Comunitaria - Atención primaria (AP),FAMILIA_COMUNITARIA_AP,Teleconsulta,TELECONSULTA,Personas distintas atendidas en consulta,PERSONAS_DISTINTAS_ATENDIDAS_CONSULTA,,Valor no disponible; el dato no existe,M,,
El Hierro,ES703,2016,2016,Medicina Familia y Comunitaria - Atención primaria (AP),FAMILIA_COMUNITARIA_AP,Total,_T,Personas distintas atendidas en consulta,PERSONAS_DISTINTAS_ATENDIDAS_CONSULTA,8293,,,,
El Hierro,ES703,2016,2016,Medicina Familia y Comunitaria - Atención primaria (AP),FAMILIA_COMUNITARIA_AP,Centro,CENTRO,Personas distintas atendidas en consulta,PERSONAS_DISTINTAS_ATENDIDAS_CONSULTA,8019,,,,
Canarias,ES70,2017,2017,Enfermería - Atención primaria (AP),ENFERMERIA_AP,Domicilio,DOMICILIO,Personas distintas atendidas en consulta,PERSONAS_DISTINTAS_ATENDIDAS_CONSULTA,40308,,,,
Canarias,ES70,2017,2017,Enfermería - Atención primaria (AP),ENFERMERIA_AP,Teleconsulta,TELECONSULTA,Personas distintas atendidas en consulta,PERSONAS_DISTINTAS_ATENDIDAS_CONSULTA,,Valor no disponible; el dato no existe,M,,
Canarias,ES70,2017,2017,Enfermería - Atención primaria (AP),ENFERMERIA_AP,Total,_T,Personas distintas atendidas en consulta,PERSONAS_DISTINTAS_ATENDIDAS_CONSULTA,1125783,,,,
Canarias,ES70,2017,2017,Enfermería - Atención primaria (AP),ENFERMERIA_AP,Centro,CENTRO,Personas distintas atendidas en consulta,PERSONAS_DISTINTAS_ATENDIDAS_CONSULTA,1085475,,,,
Lanzarote,ES708,2017,2017,Enfermería - Atención primaria (AP),ENFERMERIA_AP,Domicilio,DOMICILIO,Personas distintas atendidas en consulta,PERSONAS_DISTINTAS_ATENDIDAS_CONSULTA,1817,,,,
Lanzarote,ES708,2017,2017,Enfermería - Atención primaria (AP),ENFERMERIA_AP,Teleconsulta,TELECONSULTA,Personas distintas atendidas en consulta,PERSONAS_DISTINTAS_ATENDIDAS_CONSULTA,,Valor no disponible; el dato no existe,M,,
Lanzarote,ES708,2017,2017,Enfermería - Atención primaria (AP),ENFERMERIA_AP,Total,_T,Personas distintas atendidas en consulta,PERSONAS_DISTINTAS_ATENDIDAS_CONSULTA,98507,,,,
Lanzarote,ES708,2017,2017,Enfermería - Atención primaria (AP),ENFERMERIA_AP,Centro,CENTRO,Personas distintas atendidas en consulta,PERSONAS_DISTINTAS_ATENDIDAS_CONSULTA,96690,,,,
Fuerteventura,ES704,2017,2017,Enfermería - Atención primaria (AP),ENFERMERIA_AP,Domicilio,DOMICILIO,Personas distintas atendidas en consulta,PERSONAS_DISTINTAS_ATENDIDAS_CONSULTA,1377,,,,
Fuerteventura,ES704,2017,2017,Enfermería - Atención primaria (AP),ENFERMERIA_AP,Teleconsulta,TELECONSULTA,Personas distintas atendidas en consulta,PERSONAS_DISTINTAS_ATENDIDAS_CONSULTA,,Valor no disponible; el dato no existe,M,,
Fuerteventura,ES704,2017,2017,Enfermería - Atención primaria (AP),ENFERMERIA_AP,Total,_T,Personas distintas atendidas en consulta,PERSONAS_DISTINTAS_ATENDIDAS_CONSULTA,58167,,,,
Fuerteventura,ES704,2017,2017,Enfermería - Atención primaria (AP),ENFERMERIA_AP,Centro,CENTRO,Personas distintas atendidas en consulta,PERSONAS_DISTINTAS_ATENDIDAS_CONSULTA,56790,,,,
Gran Canaria,ES705,2017,2017,Enfermería - Atención primaria (AP),ENFERMERIA_AP,Domicilio,DOMICILIO,Personas distintas atendidas en consulta,PERSONAS_DISTINTAS_ATENDIDAS_CONSULTA,17825,,,,
Gran Canaria,ES705,2017,2017,Enfermería - Atención primaria (AP),ENFERMERIA_AP,Teleconsulta,TELECONSULTA,Personas distintas atendidas en consulta,PERSONAS_DISTINTAS_ATENDIDAS_CONSULTA,,Valor no disponible; el dato no existe,M,,
Gran Canaria,ES705,2017,2017,Enfermería - Atención primaria (AP),ENFERMERIA_AP,Total,_T,Personas distintas atendidas en consulta,PERSONAS_DISTINTAS_ATENDIDAS_CONSULTA,417232,,,,
Gran Canaria,ES705,2017,2017,Enfermería - Atención primaria (AP),ENFERMERIA_AP,Centro,CENTRO,Personas distintas atendidas en consulta,PERSONAS_DISTINTAS_ATENDIDAS_CONSULTA,399407,,,,
Tenerife,ES709,2017,2017,Enfermería - Atención primaria (AP),ENFERMERIA_AP,Domicilio,DOMICILIO,Personas distintas atendidas en consulta,PERSONAS_DISTINTAS_ATENDIDAS_CONSULTA,15469,,,,
Tenerife,ES709,2017,2017,Enfermería - Atención primaria (AP),ENFERMERIA_AP,Teleconsulta,TELECONSULTA,Personas distintas atendidas en consulta,PERSONAS_DISTINTAS_ATENDIDAS_CONSULTA,,Valor no disponible; el dato no existe,M,,
Tenerife,ES709,2017,2017,Enfermería - Atención primaria (AP),ENFERMERIA_AP,Total,_T,Personas distintas atendidas en consulta,PERSONAS_DISTINTAS_ATENDIDAS_CONSULTA,480409,,,,
Tenerife,ES709,2017,2017,Enfermería - Atención primaria (AP),ENFERMERIA_AP,Centro,CENTRO,Personas distintas atendidas en consulta,PERSONAS_DISTINTAS_ATENDIDAS_CONSULTA,464940,,,,
La Gomera,ES706,2017,2017,Enfermería - Atención primaria (AP),ENFERMERIA_AP,Domicilio,DOMICILIO,Personas distintas atendidas en consulta,PERSONAS_DISTINTAS_ATENDIDAS_CONSULTA,787,,,,
La Gomera,ES706,2017,2017,Enfermería - Atención primaria (AP),ENFERMERIA_AP,Teleconsulta,TELECONSULTA,Personas distintas atendidas en consulta,PERSONAS_DISTINTAS_ATENDIDAS_CONSULTA,,Valor no disponible; el dato no existe,M,,
La Gomera,ES706,2017,2017,Enfermería - Atención primaria (AP),ENFERMERIA_AP,Total,_T,Personas distintas atendidas en consulta,PERSONAS_DISTINTAS_ATENDIDAS_CONSULTA,13413,,,,
La Gomera,ES706,2017,2017,Enfermería - Atención primaria (AP),ENFERMERIA_AP,Centro,CENTRO,Personas distintas atendidas en consulta,PERSONAS_DISTINTAS_ATENDIDAS_CONSULTA,12626,,,,
La Palma,ES707,2017,2017,Enfermería - Atención primaria (AP),ENFERMERIA_AP,Domicilio,DOMICILIO,Personas distintas atendidas en consulta,PERSONAS_DISTINTAS_ATENDIDAS_CONSULTA,2668,,,,
La Palma,ES707,2017,2017,Enfermería - Atención primaria (AP),ENFERMERIA_AP,Teleconsulta,TELECONSULTA,Personas distintas atendidas en consulta,PERSONAS_DISTINTAS_ATENDIDAS_CONSULTA,,Valor no disponible; el dato no existe,M,,
La Palma,ES707,2017,2017,Enfermería - Atención primaria (AP),ENFERMERIA_AP,Total,_T,Personas distintas atendidas en consulta,PERSONAS_DISTINTAS_ATENDIDAS_CONSULTA,50983,,,,
La Palma,ES707,2017,2017,Enfermería - Atención primaria (AP),ENFERMERIA_AP,Centro,CENTRO,Personas distintas atendidas en consulta,PERSONAS_DISTINTAS_ATENDIDAS_CONSULTA,48315,,,,
El Hierro,ES703,2017,2017,Enfermería - Atención primaria (AP),ENFERMERIA_AP,Domicilio,DOMICILIO,Personas distintas atendidas en consulta,PERSONAS_DISTINTAS_ATENDIDAS_CONSULTA,365,,,,
El Hierro,ES703,2017,2017,Enfermería - Atención primaria (AP),ENFERMERIA_AP,Teleconsulta,TELECONSULTA,Personas distintas atendidas en consulta,PERSONAS_DISTINTAS_ATENDIDAS_CONSULTA,,Valor no disponible; el dato no existe,M,,
El Hierro,ES703,2017,2017,Enfermería - Atención primaria (AP),ENFERMERIA_AP,Total,_T,Personas distintas atendidas en consulta,PERSONAS_DISTINTAS_ATENDIDAS_CONSULTA,7072,,,,
El Hierro,ES703,2017,2017,Enfermería - Atención primaria (AP),ENFERMERIA_AP,Centro,CENTRO,Personas distintas atendidas en consulta,PERSONAS_DISTINTAS_ATENDIDAS_CONSULTA,6707,,,,
Canarias,ES70,2017,2017,Pediatría - Atención primaria (AP),PEDIATRIA_AP,Domicilio,DOMICILIO,Personas distintas atendidas en consulta,PERSONAS_DISTINTAS_ATENDIDAS_CONSULTA,334,,,,
Canarias,ES70,2017,2017,Pediatría - Atención primaria (AP),PEDIATRIA_AP,Teleconsulta,TELECONSULTA,Personas distintas atendidas en consulta,PERSONAS_DISTINTAS_ATENDIDAS_CONSULTA,,Valor no disponible; el dato no existe,M,,
Canarias,ES70,2017,2017,Pediatría - Atención primaria (AP),PEDIATRIA_AP,Total,_T,Personas distintas atendidas en consulta,PERSONAS_DISTINTAS_ATENDIDAS_CONSULTA,241186,,,,
Canarias,ES70,2017,2017,Pediatría - Atención primaria (AP),PEDIATRIA_AP,Centro,CENTRO,Personas distintas atendidas en consulta,PERSONAS_DISTINTAS_ATENDIDAS_CONSULTA,240852,,,,
Lanzarote,ES708,2017,2017,Pediatría - Atención primaria (AP),PEDIATRIA_AP,Domicilio,DOMICILIO,Personas distintas atendidas en consulta,PERSONAS_DISTINTAS_ATENDIDAS_CONSULTA,18,,,,
Lanzarote,ES708,2017,2017,Pediatría - Atención primaria (AP),PEDIATRIA_AP,Teleconsulta,TELECONSULTA,Personas distintas atendidas en consulta,PERSONAS_DISTINTAS_ATENDIDAS_CONSULTA,,Valor no disponible; el dato no existe,M,,
Lanzarote,ES708,2017,2017,Pediatría - Atención primaria (AP),PEDIATRIA_AP,Total,_T,Personas distintas atendidas en consulta,PERSONAS_DISTINTAS_ATENDIDAS_CONSULTA,21482,,,,
Lanzarote,ES708,2017,2017,Pediatría - Atención primaria (AP),PEDIATRIA_AP,Centro,CENTRO,Personas distintas atendidas en consulta,PERSONAS_DISTINTAS_ATENDIDAS_CONSULTA,21464,,,,
Fuerteventura,ES704,2017,2017,Pediatría - Atención primaria (AP),PEDIATRIA_AP,Domicilio,DOMICILIO,Personas distintas atendidas en consulta,PERSONAS_DISTINTAS_ATENDIDAS_CONSULTA,10,,,,
Fuerteventura,ES704,2017,2017,Pediatría - Atención primaria (AP),PEDIATRIA_AP,Teleconsulta,TELECONSULTA,Personas distintas atendidas en consulta,PERSONAS_DISTINTAS_ATENDIDAS_CONSULTA,,Valor no disponible; el dato no existe,M,,
Fuerteventura,ES704,2017,2017,Pediatría - Atención primaria (AP),PEDIATRIA_AP,Total,_T,Personas distintas atendidas en consulta,PERSONAS_DISTINTAS_ATENDIDAS_CONSULTA,14402,,,,
Fuerteventura,ES704,2017,2017,Pediatría - Atención primaria (AP),PEDIATRIA_AP,Centro,CENTRO,Personas distintas atendidas en consulta,PERSONAS_DISTINTAS_ATENDIDAS_CONSULTA,14392,,,,
Gran Canaria,ES705,2017,2017,Pediatría - Atención primaria (AP),PEDIATRIA_AP,Domicilio,DOMICILIO,Personas distintas atendidas en consulta,PERSONAS_DISTINTAS_ATENDIDAS_CONSULTA,96,,,,
Gran Canaria,ES705,2017,2017,Pediatría - Atención primaria (AP),PEDIATRIA_AP,Teleconsulta,TELECONSULTA,Personas distintas atendidas en consulta,PERSONAS_DISTINTAS_ATENDIDAS_CONSULTA,,Valor no disponible; el dato no existe,M,,
Gran Canaria,ES705,2017,2017,Pediatría - Atención primaria (AP),PEDIATRIA_AP,Total,_T,Personas distintas atendidas en consulta,PERSONAS_DISTINTAS_ATENDIDAS_CONSULTA,88824,,,,
Gran Canaria,ES705,2017,2017,Pediatría - Atención primaria (AP),PEDIATRIA_AP,Centro,CENTRO,Personas distintas atendidas en consulta,PERSONAS_DISTINTAS_ATENDIDAS_CONSULTA,88728,,,,
Tenerife,ES709,2017,2017,Pediatría - Atención primaria (AP),PEDIATRIA_AP,Domicilio,DOMICILIO,Personas distintas atendidas en consulta,PERSONAS_DISTINTAS_ATENDIDAS_CONSULTA,185,,,,
Tenerife,ES709,2017,2017,Pediatría - Atención primaria (AP),PEDIATRIA_AP,Teleconsulta,TELECONSULTA,Personas distintas atendidas en consulta,PERSONAS_DISTINTAS_ATENDIDAS_CONSULTA,,Valor no disponible; el dato no existe,M,,
Tenerife,ES709,2017,2017,Pediatría - Atención primaria (AP),PEDIATRIA_AP,Total,_T,Personas distintas atendidas en consulta,PERSONAS_DISTINTAS_ATENDIDAS_CONSULTA,105308,,,,
Tenerife,ES709,2017,2017,Pediatría - Atención primaria (AP),PEDIATRIA_AP,Centro,CENTRO,Personas distintas atendidas en consulta,PERSONAS_DISTINTAS_ATENDIDAS_CONSULTA,105123,,,,
La Gomera,ES706,2017,2017,Pediatría - Atención primaria (AP),PEDIATRIA_AP,Domicilio,DOMICILIO,Personas distintas atendidas en consulta,PERSONAS_DISTINTAS_ATENDIDAS_CONSULTA,2,,,,
La Gomera,ES706,2017,2017,Pediatría - Atención primaria (AP),PEDIATRIA_AP,Teleconsulta,TELECONSULTA,Personas distintas atendidas en consulta,PERSONAS_DISTINTAS_ATENDIDAS_CONSULTA,,Valor no disponible; el dato no existe,M,,
La Gomera,ES706,2017,2017,Pediatría - Atención primaria (AP),PEDIATRIA_AP,Total,_T,Personas distintas atendidas en consulta,PERSONAS_DISTINTAS_ATENDIDAS_CONSULTA,1042,,,,
La Gomera,ES706,2017,2017,Pediatría - Atención primaria (AP),PEDIATRIA_AP,Centro,CENTRO,Personas distintas atendidas en consulta,PERSONAS_DISTINTAS_ATENDIDAS_CONSULTA,1040,,,,
La Palma,ES707,2017,2017,Pediatría - Atención primaria (AP),PEDIATRIA_AP,Domicilio,DOMICILIO,Personas distintas atendidas en consulta,PERSONAS_DISTINTAS_ATENDIDAS_CONSULTA,23,,,,
La Palma,ES707,2017,2017,Pediatría - Atención primaria (AP),PEDIATRIA_AP,Teleconsulta,TELECONSULTA,Personas distintas atendidas en consulta,PERSONAS_DISTINTAS_ATENDIDAS_CONSULTA,,Valor no disponible; el dato no existe,M,,
La Palma,ES707,2017,2017,Pediatría - Atención primaria (AP),PEDIATRIA_AP,Total,_T,Personas distintas atendidas en consulta,PERSONAS_DISTINTAS_ATENDIDAS_CONSULTA,8891,,,,
La Palma,ES707,2017,2017,Pediatría - Atención primaria (AP),PEDIATRIA_AP,Centro,CENTRO,Personas distintas atendidas en consulta,PERSONAS_DISTINTAS_ATENDIDAS_CONSULTA,8868,,,,
El Hierro,ES703,2017,2017,Pediatría - Atención primaria (AP),PEDIATRIA_AP,Domicilio,DOMICILIO,Personas distintas atendidas en consulta,PERSONAS_DISTINTAS_ATENDIDAS_CONSULTA,0,,,,
El Hierro,ES703,2017,2017,Pediatría - Atención primaria (AP),PEDIATRIA_AP,Teleconsulta,TELECONSULTA,Personas distintas atendidas en consulta,PERSONAS_DISTINTAS_ATENDIDAS_CONSULTA,,Valor no disponible; el dato no existe,M,,
El Hierro,ES703,2017,2017,Pediatría - Atención primaria (AP),PEDIATRIA_AP,Total,_T,Personas distintas atendidas en consulta,PERSONAS_DISTINTAS_ATENDIDAS_CONSULTA,1237,,,,
El Hierro,ES703,2017,2017,Pediatría - Atención primaria (AP),PEDIATRIA_AP,Centro,CENTRO,Personas distintas atendidas en consulta,PERSONAS_DISTINTAS_ATENDIDAS_CONSULTA,1237,,,,
Canarias,ES70,2017,2017,Medicina Familia y Comunitaria - Atención primaria (AP),FAMILIA_COMUNITARIA_AP,Domicilio,DOMICILIO,Personas distintas atendidas en consulta,PERSONAS_DISTINTAS_ATENDIDAS_CONSULTA,25132,,,,
Canarias,ES70,2017,2017,Medicina Familia y Comunitaria - Atención primaria (AP),FAMILIA_COMUNITARIA_AP,Teleconsulta,TELECONSULTA,Personas distintas atendidas en consulta,PERSONAS_DISTINTAS_ATENDIDAS_CONSULTA,,Valor no disponible; el dato no existe,M,,
Canarias,ES70,2017,2017,Medicina Familia y Comunitaria - Atención primaria (AP),FAMILIA_COMUNITARIA_AP,Total,_T,Personas distintas atendidas en consulta,PERSONAS_DISTINTAS_ATENDIDAS_CONSULTA,1461637,,,,
Canarias,ES70,2017,2017,Medicina Familia y Comunitaria - Atención primaria (AP),FAMILIA_COMUNITARIA_AP,Centro,CENTRO,Personas distintas atendidas en consulta,PERSONAS_DISTINTAS_ATENDIDAS_CONSULTA,1436505,,,,
Lanzarote,ES708,2017,2017,Medicina Familia y Comunitaria - Atención primaria (AP),FAMILIA_COMUNITARIA_AP,Domicilio,DOMICILIO,Personas distintas atendidas en consulta,PERSONAS_DISTINTAS_ATENDIDAS_CONSULTA,1025,,,,
Lanzarote,ES708,2017,2017,Medicina Familia y Comunitaria - Atención primaria (AP),FAMILIA_COMUNITARIA_AP,Teleconsulta,TELECONSULTA,Personas distintas atendidas en consulta,PERSONAS_DISTINTAS_ATENDIDAS_CONSULTA,,Valor no disponible; el dato no existe,M,,
Lanzarote,ES708,2017,2017,Medicina Familia y Comunitaria - Atención primaria (AP),FAMILIA_COMUNITARIA_AP,Total,_T,Personas distintas atendidas en consulta,PERSONAS_DISTINTAS_ATENDIDAS_CONSULTA,103453,,,,
Lanzarote,ES708,2017,2017,Medicina Familia y Comunitaria - Atención primaria (AP),FAMILIA_COMUNITARIA_AP,Centro,CENTRO,Personas distintas atendidas en consulta,PERSONAS_DISTINTAS_ATENDIDAS_CONSULTA,102428,,,,
Fuerteventura,ES704,2017,2017,Medicina Familia y Comunitaria - Atención primaria (AP),FAMILIA_COMUNITARIA_AP,Domicilio,DOMICILIO,Personas distintas atendidas en consulta,PERSONAS_DISTINTAS_ATENDIDAS_CONSULTA,603,,,,
Fuerteventura,ES704,2017,2017,Medicina Familia y Comunitaria - Atención primaria (AP),FAMILIA_COMUNITARIA_AP,Teleconsulta,TELECONSULTA,Personas distintas atendidas en consulta,PERSONAS_DISTINTAS_ATENDIDAS_CONSULTA,,Valor no disponible; el dato no existe,M,,
Fuerteventura,ES704,2017,2017,Medicina Familia y Comunitaria - Atención primaria (AP),FAMILIA_COMUNITARIA_AP,Total,_T,Personas distintas atendidas en consulta,PERSONAS_DISTINTAS_ATENDIDAS_CONSULTA,77049,,,,
Fuerteventura,ES704,2017,2017,Medicina Familia y Comunitaria - Atención primaria (AP),FAMILIA_COMUNITARIA_AP,Centro,CENTRO,Personas distintas atendidas en consulta,PERSONAS_DISTINTAS_ATENDIDAS_CONSULTA,76446,,,,
Gran Canaria,ES705,2017,2017,Medicina Familia y Comunitaria - Atención primaria (AP),FAMILIA_COMUNITARIA_AP,Domicilio,DOMICILIO,Personas distintas atendidas en consulta,PERSONAS_DISTINTAS_ATENDIDAS_CONSULTA,9026,,,,
Gran Canaria,ES705,2017,2017,Medicina Familia y Comunitaria - Atención primaria (AP),FAMILIA_COMUNITARIA_AP,Teleconsulta,TELECONSULTA,Personas distintas atendidas en consulta,PERSONAS_DISTINTAS_ATENDIDAS_CONSULTA,,Valor no disponible; el dato no existe,M,,
Gran Canaria,ES705,2017,2017,Medicina Familia y Comunitaria - Atención primaria (AP),FAMILIA_COMUNITARIA_AP,Total,_T,Personas distintas atendidas en consulta,PERSONAS_DISTINTAS_ATENDIDAS_CONSULTA,599217,,,,
Gran Canaria,ES705,2017,2017,Medicina Familia y Comunitaria - Atención primaria (AP),FAMILIA_COMUNITARIA_AP,Centro,CENTRO,Personas distintas atendidas en consulta,PERSONAS_DISTINTAS_ATENDIDAS_CONSULTA,590191,,,,
Tenerife,ES709,2017,2017,Medicina Familia y Comunitaria - Atención primaria (AP),FAMILIA_COMUNITARIA_AP,Domicilio,DOMICILIO,Personas distintas atendidas en consulta,PERSONAS_DISTINTAS_ATENDIDAS_CONSULTA,11785,,,,
Tenerife,ES709,2017,2017,Medicina Familia y Comunitaria - Atención primaria (AP),FAMILIA_COMUNITARIA_AP,Teleconsulta,TELECONSULTA,Personas distintas atendidas en consulta,PERSONAS_DISTINTAS_ATENDIDAS_CONSULTA,,Valor no disponible; el dato no existe,M,,
Tenerife,ES709,2017,2017,Medicina Familia y Comunitaria - Atención primaria (AP),FAMILIA_COMUNITARIA_AP,Total,_T,Personas distintas atendidas en consulta,PERSONAS_DISTINTAS_ATENDIDAS_CONSULTA,599063,,,,
Tenerife,ES709,2017,2017,Medicina Familia y Comunitaria - Atención primaria (AP),FAMILIA_COMUNITARIA_AP,Centro,CENTRO,Personas distintas atendidas en consulta,PERSONAS_DISTINTAS_ATENDIDAS_CONSULTA,587278,,,,
La Gomera,ES706,2017,2017,Medicina Familia y Comunitaria - Atención primaria (AP),FAMILIA_COMUNITARIA_AP,Domicilio,DOMICILIO,Personas distintas atendidas en consulta,PERSONAS_DISTINTAS_ATENDIDAS_CONSULTA,644,,,,
La Gomera,ES706,2017,2017,Medicina Familia y Comunitaria - Atención primaria (AP),FAMILIA_COMUNITARIA_AP,Teleconsulta,TELECONSULTA,Personas distintas atendidas en consulta,PERSONAS_DISTINTAS_ATENDIDAS_CONSULTA,,Valor no disponible; el dato no existe,M,,
La Gomera,ES706,2017,2017,Medicina Familia y Comunitaria - Atención primaria (AP),FAMILIA_COMUNITARIA_AP,Total,_T,Personas distintas atendidas en consulta,PERSONAS_DISTINTAS_ATENDIDAS_CONSULTA,16121,,,,
La Gomera,ES706,2017,2017,Medicina Familia y Comunitaria - Atención primaria (AP),FAMILIA_COMUNITARIA_AP,Centro,CENTRO,Personas distintas atendidas en consulta,PERSONAS_DISTINTAS_ATENDIDAS_CONSULTA,15477,,,,
La Palma,ES707,2017,2017,Medicina Familia y Comunitaria - Atención primaria (AP),FAMILIA_COMUNITARIA_AP,Domicilio,DOMICILIO,Personas distintas atendidas en consulta,PERSONAS_DISTINTAS_ATENDIDAS_CONSULTA,1755,,,,
La Palma,ES707,2017,2017,Medicina Familia y Comunitaria - Atención primaria (AP),FAMILIA_COMUNITARIA_AP,Teleconsulta,TELECONSULTA,Personas distintas atendidas en consulta,PERSONAS_DISTINTAS_ATENDIDAS_CONSULTA,,Valor no disponible; el dato no existe,M,,
La Palma,ES707,2017,2017,Medicina Familia y Comunitaria - Atención primaria (AP),FAMILIA_COMUNITARIA_AP,Total,_T,Personas distintas atendidas en consulta,PERSONAS_DISTINTAS_ATENDIDAS_CONSULTA,58074,,,,
La Palma,ES707,2017,2017,Medicina Familia y Comunitaria - Atención primaria (AP),FAMILIA_COMUNITARIA_AP,Centro,CENTRO,Personas distintas atendidas en consulta,PERSONAS_DISTINTAS_ATENDIDAS_CONSULTA,56319,,,,
El Hierro,ES703,2017,2017,Medicina Familia y Comunitaria - Atención primaria (AP),FAMILIA_COMUNITARIA_AP,Domicilio,DOMICILIO,Personas distintas atendidas en consulta,PERSONAS_DISTINTAS_ATENDIDAS_CONSULTA,294,,,,
El Hierro,ES703,2017,2017,Medicina Familia y Comunitaria - Atención primaria (AP),FAMILIA_COMUNITARIA_AP,Teleconsulta,TELECONSULTA,Personas distintas atendidas en consulta,PERSONAS_DISTINTAS_ATENDIDAS_CONSULTA,,Valor no disponible; el dato no existe,M,,
El Hierro,ES703,2017,2017,Medicina Familia y Comunitaria - Atención primaria (AP),FAMILIA_COMUNITARIA_AP,Total,_T,Personas distintas atendidas en consulta,PERSONAS_DISTINTAS_ATENDIDAS_CONSULTA,8660,,,,
El Hierro,ES703,2017,2017,Medicina Familia y Comunitaria - Atención primaria (AP),FAMILIA_COMUNITARIA_AP,Centro,CENTRO,Personas distintas atendidas en consulta,PERSONAS_DISTINTAS_ATENDIDAS_CONSULTA,8366,,,,
Canarias,ES70,2018,2018,Enfermería - Atención primaria (AP),ENFERMERIA_AP,Domicilio,DOMICILIO,Personas distintas atendidas en consulta,PERSONAS_DISTINTAS_ATENDIDAS_CONSULTA,40202,,,,
Canarias,ES70,2018,2018,Enfermería - Atención primaria (AP),ENFERMERIA_AP,Teleconsulta,TELECONSULTA,Personas distintas atendidas en consulta,PERSONAS_DISTINTAS_ATENDIDAS_CONSULTA,,Valor no disponible; el dato no existe,M,,
Canarias,ES70,2018,2018,Enfermería - Atención primaria (AP),ENFERMERIA_AP,Total,_T,Personas distintas atendidas en consulta,PERSONAS_DISTINTAS_ATENDIDAS_CONSULTA,1120058,,,,
Canarias,ES70,2018,2018,Enfermería - Atención primaria (AP),ENFERMERIA_AP,Centro,CENTRO,Personas distintas atendidas en consulta,PERSONAS_DISTINTAS_ATENDIDAS_CONSULTA,1079856,,,,
Lanzarote,ES708,2018,2018,Enfermería - Atención primaria (AP),ENFERMERIA_AP,Domicilio,DOMICILIO,Personas distintas atendidas en consulta,PERSONAS_DISTINTAS_ATENDIDAS_CONSULTA,1904,,,,
Lanzarote,ES708,2018,2018,Enfermería - Atención primaria (AP),ENFERMERIA_AP,Teleconsulta,TELECONSULTA,Personas distintas atendidas en consulta,PERSONAS_DISTINTAS_ATENDIDAS_CONSULTA,,Valor no disponible; el dato no existe,M,,
Lanzarote,ES708,2018,2018,Enfermería - Atención primaria (AP),ENFERMERIA_AP,Total,_T,Personas distintas atendidas en consulta,PERSONAS_DISTINTAS_ATENDIDAS_CONSULTA,99736,,,,
Lanzarote,ES708,2018,2018,Enfermería - Atención primaria (AP),ENFERMERIA_AP,Centro,CENTRO,Personas distintas atendidas en consulta,PERSONAS_DISTINTAS_ATENDIDAS_CONSULTA,97832,,,,
Fuerteventura,ES704,2018,2018,Enfermería - Atención primaria (AP),ENFERMERIA_AP,Domicilio,DOMICILIO,Personas distintas atendidas en consulta,PERSONAS_DISTINTAS_ATENDIDAS_CONSULTA,1509,,,,
Fuerteventura,ES704,2018,2018,Enfermería - Atención primaria (AP),ENFERMERIA_AP,Teleconsulta,TELECONSULTA,Personas distintas atendidas en consulta,PERSONAS_DISTINTAS_ATENDIDAS_CONSULTA,,Valor no disponible; el dato no existe,M,,
Fuerteventura,ES704,2018,2018,Enfermería - Atención primaria (AP),ENFERMERIA_AP,Total,_T,Personas distintas atendidas en consulta,PERSONAS_DISTINTAS_ATENDIDAS_CONSULTA,56652,,,,
Fuerteventura,ES704,2018,2018,Enfermería - Atención primaria (AP),ENFERMERIA_AP,Centro,CENTRO,Personas distintas atendidas en consulta,PERSONAS_DISTINTAS_ATENDIDAS_CONSULTA,55143,,,,
Gran Canaria,ES705,2018,2018,Enfermería - Atención primaria (AP),ENFERMERIA_AP,Domicilio,DOMICILIO,Personas distintas atendidas en consulta,PERSONAS_DISTINTAS_ATENDIDAS_CONSULTA,17895,,,,
Gran Canaria,ES705,2018,2018,Enfermería - Atención primaria (AP),ENFERMERIA_AP,Teleconsulta,TELECONSULTA,Personas distintas atendidas en consulta,PERSONAS_DISTINTAS_ATENDIDAS_CONSULTA,,Valor no disponible; el dato no existe,M,,
Gran Canaria,ES705,2018,2018,Enfermería - Atención primaria (AP),ENFERMERIA_AP,Total,_T,Personas distintas atendidas en consulta,PERSONAS_DISTINTAS_ATENDIDAS_CONSULTA,406617,,,,
Gran Canaria,ES705,2018,2018,Enfermería - Atención primaria (AP),ENFERMERIA_AP,Centro,CENTRO,Personas distintas atendidas en consulta,PERSONAS_DISTINTAS_ATENDIDAS_CONSULTA,388722,,,,
Tenerife,ES709,2018,2018,Enfermería - Atención primaria (AP),ENFERMERIA_AP,Domicilio,DOMICILIO,Personas distintas atendidas en consulta,PERSONAS_DISTINTAS_ATENDIDAS_CONSULTA,15249,,,,
Tenerife,ES709,2018,2018,Enfermería - Atención primaria (AP),ENFERMERIA_AP,Teleconsulta,TELECONSULTA,Personas distintas atendidas en consulta,PERSONAS_DISTINTAS_ATENDIDAS_CONSULTA,,Valor no disponible; el dato no existe,M,,
Tenerife,ES709,2018,2018,Enfermería - Atención primaria (AP),ENFERMERIA_AP,Total,_T,Personas distintas atendidas en consulta,PERSONAS_DISTINTAS_ATENDIDAS_CONSULTA,487163,,,,
Tenerife,ES709,2018,2018,Enfermería - Atención primaria (AP),ENFERMERIA_AP,Centro,CENTRO,Personas distintas atendidas en consulta,PERSONAS_DISTINTAS_ATENDIDAS_CONSULTA,471914,,,,
La Gomera,ES706,2018,2018,Enfermería - Atención primaria (AP),ENFERMERIA_AP,Domicilio,DOMICILIO,Personas distintas atendidas en consulta,PERSONAS_DISTINTAS_ATENDIDAS_CONSULTA,786,,,,
La Gomera,ES706,2018,2018,Enfermería - Atención primaria (AP),ENFERMERIA_AP,Teleconsulta,TELECONSULTA,Personas distintas atendidas en consulta,PERSONAS_DISTINTAS_ATENDIDAS_CONSULTA,,Valor no disponible; el dato no existe,M,,
La Gomera,ES706,2018,2018,Enfermería - Atención primaria (AP),ENFERMERIA_AP,Total,_T,Personas distintas atendidas en consulta,PERSONAS_DISTINTAS_ATENDIDAS_CONSULTA,13379,,,,
La Gomera,ES706,2018,2018,Enfermería - Atención primaria (AP),ENFERMERIA_AP,Centro,CENTRO,Personas distintas atendidas en consulta,PERSONAS_DISTINTAS_ATENDIDAS_CONSULTA,12593,,,,
La Palma,ES707,2018,2018,Enfermería - Atención primaria (AP),ENFERMERIA_AP,Domicilio,DOMICILIO,Personas distintas atendidas en consulta,PERSONAS_DISTINTAS_ATENDIDAS_CONSULTA,2456,,,,
La Palma,ES707,2018,2018,Enfermería - Atención primaria (AP),ENFERMERIA_AP,Teleconsulta,TELECONSULTA,Personas distintas atendidas en consulta,PERSONAS_DISTINTAS_ATENDIDAS_CONSULTA,,Valor no disponible; el dato no existe,M,,
La Palma,ES707,2018,2018,Enfermería - Atención primaria (AP),ENFERMERIA_AP,Total,_T,Personas distintas atendidas en consulta,PERSONAS_DISTINTAS_ATENDIDAS_CONSULTA,49664,,,,
La Palma,ES707,2018,2018,Enfermería - Atención primaria (AP),ENFERMERIA_AP,Centro,CENTRO,Personas distintas atendidas en consulta,PERSONAS_DISTINTAS_ATENDIDAS_CONSULTA,47208,,,,
El Hierro,ES703,2018,2018,Enfermería - Atención primaria (AP),ENFERMERIA_AP,Domicilio,DOMICILIO,Personas distintas atendidas en consulta,PERSONAS_DISTINTAS_ATENDIDAS_CONSULTA,403,,,,
El Hierro,ES703,2018,2018,Enfermería - Atención primaria (AP),ENFERMERIA_AP,Teleconsulta,TELECONSULTA,Personas distintas atendidas en consulta,PERSONAS_DISTINTAS_ATENDIDAS_CONSULTA,,Valor no disponible; el dato no existe,M,,
El Hierro,ES703,2018,2018,Enfermería - Atención primaria (AP),ENFERMERIA_AP,Total,_T,Personas distintas atendidas en consulta,PERSONAS_DISTINTAS_ATENDIDAS_CONSULTA,6847,,,,
El Hierro,ES703,2018,2018,Enfermería - Atención primaria (AP),ENFERMERIA_AP,Centro,CENTRO,Personas distintas atendidas en consulta,PERSONAS_DISTINTAS_ATENDIDAS_CONSULTA,6444,,,,
Canarias,ES70,2018,2018,Pediatría - Atención primaria (AP),PEDIATRIA_AP,Domicilio,DOMICILIO,Personas distintas atendidas en consulta,PERSONAS_DISTINTAS_ATENDIDAS_CONSULTA,277,,,,
Canarias,ES70,2018,2018,Pediatría - Atención primaria (AP),PEDIATRIA_AP,Teleconsulta,TELECONSULTA,Personas distintas atendidas en consulta,PERSONAS_DISTINTAS_ATENDIDAS_CONSULTA,,Valor no disponible; el dato no existe,M,,
Canarias,ES70,2018,2018,Pediatría - Atención primaria (AP),PEDIATRIA_AP,Total,_T,Personas distintas atendidas en consulta,PERSONAS_DISTINTAS_ATENDIDAS_CONSULTA,238130,,,,
Canarias,ES70,2018,2018,Pediatría - Atención primaria (AP),PEDIATRIA_AP,Centro,CENTRO,Personas distintas atendidas en consulta,PERSONAS_DISTINTAS_ATENDIDAS_CONSULTA,237853,,,,
Lanzarote,ES708,2018,2018,Pediatría - Atención primaria (AP),PEDIATRIA_AP,Domicilio,DOMICILIO,Personas distintas atendidas en consulta,PERSONAS_DISTINTAS_ATENDIDAS_CONSULTA,16,,,,
Lanzarote,ES708,2018,2018,Pediatría - Atención primaria (AP),PEDIATRIA_AP,Teleconsulta,TELECONSULTA,Personas distintas atendidas en consulta,PERSONAS_DISTINTAS_ATENDIDAS_CONSULTA,,Valor no disponible; el dato no existe,M,,
Lanzarote,ES708,2018,2018,Pediatría - Atención primaria (AP),PEDIATRIA_AP,Total,_T,Personas distintas atendidas en consulta,PERSONAS_DISTINTAS_ATENDIDAS_CONSULTA,21099,,,,
Lanzarote,ES708,2018,2018,Pediatría - Atención primaria (AP),PEDIATRIA_AP,Centro,CENTRO,Personas distintas atendidas en consulta,PERSONAS_DISTINTAS_ATENDIDAS_CONSULTA,21083,,,,
Fuerteventura,ES704,2018,2018,Pediatría - Atención primaria (AP),PEDIATRIA_AP,Domicilio,DOMICILIO,Personas distintas atendidas en consulta,PERSONAS_DISTINTAS_ATENDIDAS_CONSULTA,17,,,,
Fuerteventura,ES704,2018,2018,Pediatría - Atención primaria (AP),PEDIATRIA_AP,Teleconsulta,TELECONSULTA,Personas distintas atendidas en consulta,PERSONAS_DISTINTAS_ATENDIDAS_CONSULTA,,Valor no disponible; el dato no existe,M,,
Fuerteventura,ES704,2018,2018,Pediatría - Atención primaria (AP),PEDIATRIA_AP,Total,_T,Personas distintas atendidas en consulta,PERSONAS_DISTINTAS_ATENDIDAS_CONSULTA,14193,,,,
Fuerteventura,ES704,2018,2018,Pediatría - Atención primaria (AP),PEDIATRIA_AP,Centro,CENTRO,Personas distintas atendidas en consulta,PERSONAS_DISTINTAS_ATENDIDAS_CONSULTA,14176,,,,
Gran Canaria,ES705,2018,2018,Pediatría - Atención primaria (AP),PEDIATRIA_AP,Domicilio,DOMICILIO,Personas distintas atendidas en consulta,PERSONAS_DISTINTAS_ATENDIDAS_CONSULTA,114,,,,
Gran Canaria,ES705,2018,2018,Pediatría - Atención primaria (AP),PEDIATRIA_AP,Teleconsulta,TELECONSULTA,Personas distintas atendidas en consulta,PERSONAS_DISTINTAS_ATENDIDAS_CONSULTA,,Valor no disponible; el dato no existe,M,,
Gran Canaria,ES705,2018,2018,Pediatría - Atención primaria (AP),PEDIATRIA_AP,Total,_T,Personas distintas atendidas en consulta,PERSONAS_DISTINTAS_ATENDIDAS_CONSULTA,86815,,,,
Gran Canaria,ES705,2018,2018,Pediatría - Atención primaria (AP),PEDIATRIA_AP,Centro,CENTRO,Personas distintas atendidas en consulta,PERSONAS_DISTINTAS_ATENDIDAS_CONSULTA,86701,,,,
Tenerife,ES709,2018,2018,Pediatría - Atención primaria (AP),PEDIATRIA_AP,Domicilio,DOMICILIO,Personas distintas atendidas en consulta,PERSONAS_DISTINTAS_ATENDIDAS_CONSULTA,120,,,,
Tenerife,ES709,2018,2018,Pediatría - Atención primaria (AP),PEDIATRIA_AP,Teleconsulta,TELECONSULTA,Personas distintas atendidas en consulta,PERSONAS_DISTINTAS_ATENDIDAS_CONSULTA,,Valor no disponible; el dato no existe,M,,
Tenerife,ES709,2018,2018,Pediatría - Atención primaria (AP),PEDIATRIA_AP,Total,_T,Personas distintas atendidas en consulta,PERSONAS_DISTINTAS_ATENDIDAS_CONSULTA,104915,,,,
Tenerife,ES709,2018,2018,Pediatría - Atención primaria (AP),PEDIATRIA_AP,Centro,CENTRO,Personas distintas atendidas en consulta,PERSONAS_DISTINTAS_ATENDIDAS_CONSULTA,104795,,,,
La Gomera,ES706,2018,2018,Pediatría - Atención primaria (AP),PEDIATRIA_AP,Domicilio,DOMICILIO,Personas distintas atendidas en consulta,PERSONAS_DISTINTAS_ATENDIDAS_CONSULTA,1,,,,
La Gomera,ES706,2018,2018,Pediatría - Atención primaria (AP),PEDIATRIA_AP,Teleconsulta,TELECONSULTA,Personas distintas atendidas en consulta,PERSONAS_DISTINTAS_ATENDIDAS_CONSULTA,,Valor no disponible; el dato no existe,M,,
La Gomera,ES706,2018,2018,Pediatría - Atención primaria (AP),PEDIATRIA_AP,Total,_T,Personas distintas atendidas en consulta,PERSONAS_DISTINTAS_ATENDIDAS_CONSULTA,1057,,,,
La Gomera,ES706,2018,2018,Pediatría - Atención primaria (AP),PEDIATRIA_AP,Centro,CENTRO,Personas distintas atendidas en consulta,PERSONAS_DISTINTAS_ATENDIDAS_CONSULTA,1056,,,,
La Palma,ES707,2018,2018,Pediatría - Atención primaria (AP),PEDIATRIA_AP,Domicilio,DOMICILIO,Personas distintas atendidas en consulta,PERSONAS_DISTINTAS_ATENDIDAS_CONSULTA,6,,,,
La Palma,ES707,2018,2018,Pediatría - Atención primaria (AP),PEDIATRIA_AP,Teleconsulta,TELECONSULTA,Personas distintas atendidas en consulta,PERSONAS_DISTINTAS_ATENDIDAS_CONSULTA,,Valor no disponible; el dato no existe,M,,
La Palma,ES707,2018,2018,Pediatría - Atención primaria (AP),PEDIATRIA_AP,Total,_T,Personas distintas atendidas en consulta,PERSONAS_DISTINTAS_ATENDIDAS_CONSULTA,8823,,,,
La Palma,ES707,2018,2018,Pediatría - Atención primaria (AP),PEDIATRIA_AP,Centro,CENTRO,Personas distintas atendidas en consulta,PERSONAS_DISTINTAS_ATENDIDAS_CONSULTA,8817,,,,
El Hierro,ES703,2018,2018,Pediatría - Atención primaria (AP),PEDIATRIA_AP,Domicilio,DOMICILIO,Personas distintas atendidas en consulta,PERSONAS_DISTINTAS_ATENDIDAS_CONSULTA,3,,,,
El Hierro,ES703,2018,2018,Pediatría - Atención primaria (AP),PEDIATRIA_AP,Teleconsulta,TELECONSULTA,Personas distintas atendidas en consulta,PERSONAS_DISTINTAS_ATENDIDAS_CONSULTA,,Valor no disponible; el dato no existe,M,,
El Hierro,ES703,2018,2018,Pediatría - Atención primaria (AP),PEDIATRIA_AP,Total,_T,Personas distintas atendidas en consulta,PERSONAS_DISTINTAS_ATENDIDAS_CONSULTA,1228,,,,
El Hierro,ES703,2018,2018,Pediatría - Atención primaria (AP),PEDIATRIA_AP,Centro,CENTRO,Personas distintas atendidas en consulta,PERSONAS_DISTINTAS_ATENDIDAS_CONSULTA,1225,,,,
Canarias,ES70,2018,2018,Medicina Familia y Comunitaria - Atención primaria (AP),FAMILIA_COMUNITARIA_AP,Domicilio,DOMICILIO,Personas distintas atendidas en consulta,PERSONAS_DISTINTAS_ATENDIDAS_CONSULTA,24256,,,,
Canarias,ES70,2018,2018,Medicina Familia y Comunitaria - Atención primaria (AP),FAMILIA_COMUNITARIA_AP,Teleconsulta,TELECONSULTA,Personas distintas atendidas en consulta,PERSONAS_DISTINTAS_ATENDIDAS_CONSULTA,,Valor no disponible; el dato no existe,M,,
Canarias,ES70,2018,2018,Medicina Familia y Comunitaria - Atención primaria (AP),FAMILIA_COMUNITARIA_AP,Total,_T,Personas distintas atendidas en consulta,PERSONAS_DISTINTAS_ATENDIDAS_CONSULTA,1467820,,,,
Canarias,ES70,2018,2018,Medicina Familia y Comunitaria - Atención primaria (AP),FAMILIA_COMUNITARIA_AP,Centro,CENTRO,Personas distintas atendidas en consulta,PERSONAS_DISTINTAS_ATENDIDAS_CONSULTA,1443564,,,,
Lanzarote,ES708,2018,2018,Medicina Familia y Comunitaria - Atención primaria (AP),FAMILIA_COMUNITARIA_AP,Domicilio,DOMICILIO,Personas distintas atendidas en consulta,PERSONAS_DISTINTAS_ATENDIDAS_CONSULTA,1040,,,,
Lanzarote,ES708,2018,2018,Medicina Familia y Comunitaria - Atención primaria (AP),FAMILIA_COMUNITARIA_AP,Teleconsulta,TELECONSULTA,Personas distintas atendidas en consulta,PERSONAS_DISTINTAS_ATENDIDAS_CONSULTA,,Valor no disponible; el dato no existe,M,,
Lanzarote,ES708,2018,2018,Medicina Familia y Comunitaria - Atención primaria (AP),FAMILIA_COMUNITARIA_AP,Total,_T,Personas distintas atendidas en consulta,PERSONAS_DISTINTAS_ATENDIDAS_CONSULTA,105908,,,,
Lanzarote,ES708,2018,2018,Medicina Familia y Comunitaria - Atención primaria (AP),FAMILIA_COMUNITARIA_AP,Centro,CENTRO,Personas distintas atendidas en consulta,PERSONAS_DISTINTAS_ATENDIDAS_CONSULTA,104868,,,,
Fuerteventura,ES704,2018,2018,Medicina Familia y Comunitaria - Atención primaria (AP),FAMILIA_COMUNITARIA_AP,Domicilio,DOMICILIO,Personas distintas atendidas en consulta,PERSONAS_DISTINTAS_ATENDIDAS_CONSULTA,577,,,,
Fuerteventura,ES704,2018,2018,Medicina Familia y Comunitaria - Atención primaria (AP),FAMILIA_COMUNITARIA_AP,Teleconsulta,TELECONSULTA,Personas distintas atendidas en consulta,PERSONAS_DISTINTAS_ATENDIDAS_CONSULTA,,Valor no disponible; el dato no existe,M,,
Fuerteventura,ES704,2018,2018,Medicina Familia y Comunitaria - Atención primaria (AP),FAMILIA_COMUNITARIA_AP,Total,_T,Personas distintas atendidas en consulta,PERSONAS_DISTINTAS_ATENDIDAS_CONSULTA,75936,,,,
Fuerteventura,ES704,2018,2018,Medicina Familia y Comunitaria - Atención primaria (AP),FAMILIA_COMUNITARIA_AP,Centro,CENTRO,Personas distintas atendidas en consulta,PERSONAS_DISTINTAS_ATENDIDAS_CONSULTA,75359,,,,
Gran Canaria,ES705,2018,2018,Medicina Familia y Comunitaria - Atención primaria (AP),FAMILIA_COMUNITARIA_AP,Domicilio,DOMICILIO,Personas distintas atendidas en consulta,PERSONAS_DISTINTAS_ATENDIDAS_CONSULTA,8327,,,,
Gran Canaria,ES705,2018,2018,Medicina Familia y Comunitaria - Atención primaria (AP),FAMILIA_COMUNITARIA_AP,Teleconsulta,TELECONSULTA,Personas distintas atendidas en consulta,PERSONAS_DISTINTAS_ATENDIDAS_CONSULTA,,Valor no disponible; el dato no existe,M,,
Gran Canaria,ES705,2018,2018,Medicina Familia y Comunitaria - Atención primaria (AP),FAMILIA_COMUNITARIA_AP,Total,_T,Personas distintas atendidas en consulta,PERSONAS_DISTINTAS_ATENDIDAS_CONSULTA,594099,,,,
Gran Canaria,ES705,2018,2018,Medicina Familia y Comunitaria - Atención primaria (AP),FAMILIA_COMUNITARIA_AP,Centro,CENTRO,Personas distintas atendidas en consulta,PERSONAS_DISTINTAS_ATENDIDAS_CONSULTA,585772,,,,
Tenerife,ES709,2018,2018,Medicina Familia y Comunitaria - Atención primaria (AP),FAMILIA_COMUNITARIA_AP,Domicilio,DOMICILIO,Personas distintas atendidas en consulta,PERSONAS_DISTINTAS_ATENDIDAS_CONSULTA,11817,,,,
Tenerife,ES709,2018,2018,Medicina Familia y Comunitaria - Atención primaria (AP),FAMILIA_COMUNITARIA_AP,Teleconsulta,TELECONSULTA,Personas distintas atendidas en consulta,PERSONAS_DISTINTAS_ATENDIDAS_CONSULTA,,Valor no disponible; el dato no existe,M,,
Tenerife,ES709,2018,2018,Medicina Familia y Comunitaria - Atención primaria (AP),FAMILIA_COMUNITARIA_AP,Total,_T,Personas distintas atendidas en consulta,PERSONAS_DISTINTAS_ATENDIDAS_CONSULTA,609304,,,,
Tenerife,ES709,2018,2018,Medicina Familia y Comunitaria - Atención primaria (AP),FAMILIA_COMUNITARIA_AP,Centro,CENTRO,Personas distintas atendidas en consulta,PERSONAS_DISTINTAS_ATENDIDAS_CONSULTA,597487,,,,
La Gomera,ES706,2018,2018,Medicina Familia y Comunitaria - Atención primaria (AP),FAMILIA_COMUNITARIA_AP,Domicilio,DOMICILIO,Personas distintas atendidas en consulta,PERSONAS_DISTINTAS_ATENDIDAS_CONSULTA,615,,,,
La Gomera,ES706,2018,2018,Medicina Familia y Comunitaria - Atención primaria (AP),FAMILIA_COMUNITARIA_AP,Teleconsulta,TELECONSULTA,Personas distintas atendidas en consulta,PERSONAS_DISTINTAS_ATENDIDAS_CONSULTA,,Valor no disponible; el dato no existe,M,,
La Gomera,ES706,2018,2018,Medicina Familia y Comunitaria - Atención primaria (AP),FAMILIA_COMUNITARIA_AP,Total,_T,Personas distintas atendidas en consulta,PERSONAS_DISTINTAS_ATENDIDAS_CONSULTA,16298,,,,
La Gomera,ES706,2018,2018,Medicina Familia y Comunitaria - Atención primaria (AP),FAMILIA_COMUNITARIA_AP,Centro,CENTRO,Personas distintas atendidas en consulta,PERSONAS_DISTINTAS_ATENDIDAS_CONSULTA,15683,,,,
La Palma,ES707,2018,2018,Medicina Familia y Comunitaria - Atención primaria (AP),FAMILIA_COMUNITARIA_AP,Domicilio,DOMICILIO,Personas distintas atendidas en consulta,PERSONAS_DISTINTAS_ATENDIDAS_CONSULTA,1616,,,,
La Palma,ES707,2018,2018,Medicina Familia y Comunitaria - Atención primaria (AP),FAMILIA_COMUNITARIA_AP,Teleconsulta,TELECONSULTA,Personas distintas atendidas en consulta,PERSONAS_DISTINTAS_ATENDIDAS_CONSULTA,,Valor no disponible; el dato no existe,M,,
La Palma,ES707,2018,2018,Medicina Familia y Comunitaria - Atención primaria (AP),FAMILIA_COMUNITARIA_AP,Total,_T,Personas distintas atendidas en consulta,PERSONAS_DISTINTAS_ATENDIDAS_CONSULTA,57603,,,,
La Palma,ES707,2018,2018,Medicina Familia y Comunitaria - Atención primaria (AP),FAMILIA_COMUNITARIA_AP,Centro,CENTRO,Personas distintas atendidas en consulta,PERSONAS_DISTINTAS_ATENDIDAS_CONSULTA,55987,,,,
El Hierro,ES703,2018,2018,Medicina Familia y Comunitaria - Atención primaria (AP),FAMILIA_COMUNITARIA_AP,Domicilio,DOMICILIO,Personas distintas atendidas en consulta,PERSONAS_DISTINTAS_ATENDIDAS_CONSULTA,264,,,,
El Hierro,ES703,2018,2018,Medicina Familia y Comunitaria - Atención primaria (AP),FAMILIA_COMUNITARIA_AP,Teleconsulta,TELECONSULTA,Personas distintas atendidas en consulta,PERSONAS_DISTINTAS_ATENDIDAS_CONSULTA,,Valor no disponible; el dato no existe,M,,
El Hierro,ES703,2018,2018,Medicina Familia y Comunitaria - Atención primaria (AP),FAMILIA_COMUNITARIA_AP,Total,_T,Personas distintas atendidas en consulta,PERSONAS_DISTINTAS_ATENDIDAS_CONSULTA,8672,,,,
El Hierro,ES703,2018,2018,Medicina Familia y Comunitaria - Atención primaria (AP),FAMILIA_COMUNITARIA_AP,Centro,CENTRO,Personas distintas atendidas en consulta,PERSONAS_DISTINTAS_ATENDIDAS_CONSULTA,8408,,,,
Canarias,ES70,2019,2019,Enfermería - Atención primaria (AP),ENFERMERIA_AP,Domicilio,DOMICILIO,Personas distintas atendidas en consulta,PERSONAS_DISTINTAS_ATENDIDAS_CONSULTA,40178,,,,
Canarias,ES70,2019,2019,Enfermería - Atención primaria (AP),ENFERMERIA_AP,Teleconsulta,TELECONSULTA,Personas distintas atendidas en consulta,PERSONAS_DISTINTAS_ATENDIDAS_CONSULTA,655,,,,
Canarias,ES70,2019,2019,Enfermería - Atención primaria (AP),ENFERMERIA_AP,Total,_T,Personas distintas atendidas en consulta,PERSONAS_DISTINTAS_ATENDIDAS_CONSULTA,1140022,,,,
Canarias,ES70,2019,2019,Enfermería - Atención primaria (AP),ENFERMERIA_AP,Centro,CENTRO,Personas distintas atendidas en consulta,PERSONAS_DISTINTAS_ATENDIDAS_CONSULTA,1099189,,,,
Lanzarote,ES708,2019,2019,Enfermería - Atención primaria (AP),ENFERMERIA_AP,Domicilio,DOMICILIO,Personas distintas atendidas en consulta,PERSONAS_DISTINTAS_ATENDIDAS_CONSULTA,1873,,,,
Lanzarote,ES708,2019,2019,Enfermería - Atención primaria (AP),ENFERMERIA_AP,Teleconsulta,TELECONSULTA,Personas distintas atendidas en consulta,PERSONAS_DISTINTAS_ATENDIDAS_CONSULTA,0,,,,
Lanzarote,ES708,2019,2019,Enfermería - Atención primaria (AP),ENFERMERIA_AP,Total,_T,Personas distintas atendidas en consulta,PERSONAS_DISTINTAS_ATENDIDAS_CONSULTA,100023,,,,
Lanzarote,ES708,2019,2019,Enfermería - Atención primaria (AP),ENFERMERIA_AP,Centro,CENTRO,Personas distintas atendidas en consulta,PERSONAS_DISTINTAS_ATENDIDAS_CONSULTA,98150,,,,
Fuerteventura,ES704,2019,2019,Enfermería - Atención primaria (AP),ENFERMERIA_AP,Domicilio,DOMICILIO,Personas distintas atendidas en consulta,PERSONAS_DISTINTAS_ATENDIDAS_CONSULTA,1529,,,,
Fuerteventura,ES704,2019,2019,Enfermería - Atención primaria (AP),ENFERMERIA_AP,Teleconsulta,TELECONSULTA,Personas distintas atendidas en consulta,PERSONAS_DISTINTAS_ATENDIDAS_CONSULTA,0,,,,
Fuerteventura,ES704,2019,2019,Enfermería - Atención primaria (AP),ENFERMERIA_AP,Total,_T,Personas distintas atendidas en consulta,PERSONAS_DISTINTAS_ATENDIDAS_CONSULTA,57831,,,,
Fuerteventura,ES704,2019,2019,Enfermería - Atención primaria (AP),ENFERMERIA_AP,Centro,CENTRO,Personas distintas atendidas en consulta,PERSONAS_DISTINTAS_ATENDIDAS_CONSULTA,56302,,,,
Gran Canaria,ES705,2019,2019,Enfermería - Atención primaria (AP),ENFERMERIA_AP,Domicilio,DOMICILIO,Personas distintas atendidas en consulta,PERSONAS_DISTINTAS_ATENDIDAS_CONSULTA,17384,,,,
Gran Canaria,ES705,2019,2019,Enfermería - Atención primaria (AP),ENFERMERIA_AP,Teleconsulta,TELECONSULTA,Personas distintas atendidas en consulta,PERSONAS_DISTINTAS_ATENDIDAS_CONSULTA,21,,,,
Gran Canaria,ES705,2019,2019,Enfermería - Atención primaria (AP),ENFERMERIA_AP,Total,_T,Personas distintas atendidas en consulta,PERSONAS_DISTINTAS_ATENDIDAS_CONSULTA,410404,,,,
Gran Canaria,ES705,2019,2019,Enfermería - Atención primaria (AP),ENFERMERIA_AP,Centro,CENTRO,Personas distintas atendidas en consulta,PERSONAS_DISTINTAS_ATENDIDAS_CONSULTA,392999,,,,
Tenerife,ES709,2019,2019,Enfermería - Atención primaria (AP),ENFERMERIA_AP,Domicilio,DOMICILIO,Personas distintas atendidas en consulta,PERSONAS_DISTINTAS_ATENDIDAS_CONSULTA,15673,,,,
Tenerife,ES709,2019,2019,Enfermería - Atención primaria (AP),ENFERMERIA_AP,Teleconsulta,TELECONSULTA,Personas distintas atendidas en consulta,PERSONAS_DISTINTAS_ATENDIDAS_CONSULTA,596,,,,
Tenerife,ES709,2019,2019,Enfermería - Atención primaria (AP),ENFERMERIA_AP,Total,_T,Personas distintas atendidas en consulta,PERSONAS_DISTINTAS_ATENDIDAS_CONSULTA,501379,,,,
Tenerife,ES709,2019,2019,Enfermería - Atención primaria (AP),ENFERMERIA_AP,Centro,CENTRO,Personas distintas atendidas en consulta,PERSONAS_DISTINTAS_ATENDIDAS_CONSULTA,485110,,,,
La Gomera,ES706,2019,2019,Enfermería - Atención primaria (AP),ENFERMERIA_AP,Domicilio,DOMICILIO,Personas distintas atendidas en consulta,PERSONAS_DISTINTAS_ATENDIDAS_CONSULTA,742,,,,
La Gomera,ES706,2019,2019,Enfermería - Atención primaria (AP),ENFERMERIA_AP,Teleconsulta,TELECONSULTA,Personas distintas atendidas en consulta,PERSONAS_DISTINTAS_ATENDIDAS_CONSULTA,31,,,,
La Gomera,ES706,2019,2019,Enfermería - Atención primaria (AP),ENFERMERIA_AP,Total,_T,Personas distintas atendidas en consulta,PERSONAS_DISTINTAS_ATENDIDAS_CONSULTA,13347,,,,
La Gomera,ES706,2019,2019,Enfermería - Atención primaria (AP),ENFERMERIA_AP,Centro,CENTRO,Personas distintas atendidas en consulta,PERSONAS_DISTINTAS_ATENDIDAS_CONSULTA,12574,,,,
La Palma,ES707,2019,2019,Enfermería - Atención primaria (AP),ENFERMERIA_AP,Domicilio,DOMICILIO,Personas distintas atendidas en consulta,PERSONAS_DISTINTAS_ATENDIDAS_CONSULTA,2609,,,,
La Palma,ES707,2019,2019,Enfermería - Atención primaria (AP),ENFERMERIA_AP,Teleconsulta,TELECONSULTA,Personas distintas atendidas en consulta,PERSONAS_DISTINTAS_ATENDIDAS_CONSULTA,7,,,,
La Palma,ES707,2019,2019,Enfermería - Atención primaria (AP),ENFERMERIA_AP,Total,_T,Personas distintas atendidas en consulta,PERSONAS_DISTINTAS_ATENDIDAS_CONSULTA,49971,,,,
La Palma,ES707,2019,2019,Enfermería - Atención primaria (AP),ENFERMERIA_AP,Centro,CENTRO,Personas distintas atendidas en consulta,PERSONAS_DISTINTAS_ATENDIDAS_CONSULTA,47355,,,,
El Hierro,ES703,2019,2019,Enfermería - Atención primaria (AP),ENFERMERIA_AP,Domicilio,DOMICILIO,Personas distintas atendidas en consulta,PERSONAS_DISTINTAS_ATENDIDAS_CONSULTA,368,,,,
El Hierro,ES703,2019,2019,Enfermería - Atención primaria (AP),ENFERMERIA_AP,Teleconsulta,TELECONSULTA,Personas distintas atendidas en consulta,PERSONAS_DISTINTAS_ATENDIDAS_CONSULTA,0,,,,
El Hierro,ES703,2019,2019,Enfermería - Atención primaria (AP),ENFERMERIA_AP,Total,_T,Personas distintas atendidas en consulta,PERSONAS_DISTINTAS_ATENDIDAS_CONSULTA,7067,,,,
El Hierro,ES703,2019,2019,Enfermería - Atención primaria (AP),ENFERMERIA_AP,Centro,CENTRO,Personas distintas atendidas en consulta,PERSONAS_DISTINTAS_ATENDIDAS_CONSULTA,6699,,,,
Canarias,ES70,2019,2019,Pediatría - Atención primaria (AP),PEDIATRIA_AP,Domicilio,DOMICILIO,Personas distintas atendidas en consulta,PERSONAS_DISTINTAS_ATENDIDAS_CONSULTA,253,,,,
Canarias,ES70,2019,2019,Pediatría - Atención primaria (AP),PEDIATRIA_AP,Teleconsulta,TELECONSULTA,Personas distintas atendidas en consulta,PERSONAS_DISTINTAS_ATENDIDAS_CONSULTA,27947,,,,
Canarias,ES70,2019,2019,Pediatría - Atención primaria (AP),PEDIATRIA_AP,Total,_T,Personas distintas atendidas en consulta,PERSONAS_DISTINTAS_ATENDIDAS_CONSULTA,262050,,,,
Canarias,ES70,2019,2019,Pediatría - Atención primaria (AP),PEDIATRIA_AP,Centro,CENTRO,Personas distintas atendidas en consulta,PERSONAS_DISTINTAS_ATENDIDAS_CONSULTA,233850,,,,
Lanzarote,ES708,2019,2019,Pediatría - Atención primaria (AP),PEDIATRIA_AP,Domicilio,DOMICILIO,Personas distintas atendidas en consulta,PERSONAS_DISTINTAS_ATENDIDAS_CONSULTA,13,,,,
Lanzarote,ES708,2019,2019,Pediatría - Atención primaria (AP),PEDIATRIA_AP,Teleconsulta,TELECONSULTA,Personas distintas atendidas en consulta,PERSONAS_DISTINTAS_ATENDIDAS_CONSULTA,946,,,,
Lanzarote,ES708,2019,2019,Pediatría - Atención primaria (AP),PEDIATRIA_AP,Total,_T,Personas distintas atendidas en consulta,PERSONAS_DISTINTAS_ATENDIDAS_CONSULTA,21761,,,,
Lanzarote,ES708,2019,2019,Pediatría - Atención primaria (AP),PEDIATRIA_AP,Centro,CENTRO,Personas distintas atendidas en consulta,PERSONAS_DISTINTAS_ATENDIDAS_CONSULTA,20802,,,,
Fuerteventura,ES704,2019,2019,Pediatría - Atención primaria (AP),PEDIATRIA_AP,Domicilio,DOMICILIO,Personas distintas atendidas en consulta,PERSONAS_DISTINTAS_ATENDIDAS_CONSULTA,17,,,,
Fuerteventura,ES704,2019,2019,Pediatría - Atención primaria (AP),PEDIATRIA_AP,Teleconsulta,TELECONSULTA,Personas distintas atendidas en consulta,PERSONAS_DISTINTAS_ATENDIDAS_CONSULTA,695,,,,
Fuerteventura,ES704,2019,2019,Pediatría - Atención primaria (AP),PEDIATRIA_AP,Total,_T,Personas distintas atendidas en consulta,PERSONAS_DISTINTAS_ATENDIDAS_CONSULTA,14834,,,,
Fuerteventura,ES704,2019,2019,Pediatría - Atención primaria (AP),PEDIATRIA_AP,Centro,CENTRO,Personas distintas atendidas en consulta,PERSONAS_DISTINTAS_ATENDIDAS_CONSULTA,14122,,,,
Gran Canaria,ES705,2019,2019,Pediatría - Atención primaria (AP),PEDIATRIA_AP,Domicilio,DOMICILIO,Personas distintas atendidas en consulta,PERSONAS_DISTINTAS_ATENDIDAS_CONSULTA,103,,,,
Gran Canaria,ES705,2019,2019,Pediatría - Atención primaria (AP),PEDIATRIA_AP,Teleconsulta,TELECONSULTA,Personas distintas atendidas en consulta,PERSONAS_DISTINTAS_ATENDIDAS_CONSULTA,12320,,,,
Gran Canaria,ES705,2019,2019,Pediatría - Atención primaria (AP),PEDIATRIA_AP,Total,_T,Personas distintas atendidas en consulta,PERSONAS_DISTINTAS_ATENDIDAS_CONSULTA,96461,,,,
Gran Canaria,ES705,2019,2019,Pediatría - Atención primaria (AP),PEDIATRIA_AP,Centro,CENTRO,Personas distintas atendidas en consulta,PERSONAS_DISTINTAS_ATENDIDAS_CONSULTA,84038,,,,
Tenerife,ES709,2019,2019,Pediatría - Atención primaria (AP),PEDIATRIA_AP,Domicilio,DOMICILIO,Personas distintas atendidas en consulta,PERSONAS_DISTINTAS_ATENDIDAS_CONSULTA,111,,,,
Tenerife,ES709,2019,2019,Pediatría - Atención primaria (AP),PEDIATRIA_AP,Teleconsulta,TELECONSULTA,Personas distintas atendidas en consulta,PERSONAS_DISTINTAS_ATENDIDAS_CONSULTA,12797,,,,
Tenerife,ES709,2019,2019,Pediatría - Atención primaria (AP),PEDIATRIA_AP,Total,_T,Personas distintas atendidas en consulta,PERSONAS_DISTINTAS_ATENDIDAS_CONSULTA,116807,,,,
Tenerife,ES709,2019,2019,Pediatría - Atención primaria (AP),PEDIATRIA_AP,Centro,CENTRO,Personas distintas atendidas en consulta,PERSONAS_DISTINTAS_ATENDIDAS_CONSULTA,103899,,,,
La Gomera,ES706,2019,2019,Pediatría - Atención primaria (AP),PEDIATRIA_AP,Domicilio,DOMICILIO,Personas distintas atendidas en consulta,PERSONAS_DISTINTAS_ATENDIDAS_CONSULTA,2,,,,
La Gomera,ES706,2019,2019,Pediatría - Atención primaria (AP),PEDIATRIA_AP,Teleconsulta,TELECONSULTA,Personas distintas atendidas en consulta,PERSONAS_DISTINTAS_ATENDIDAS_CONSULTA,106,,,,
La Gomera,ES706,2019,2019,Pediatría - Atención primaria (AP),PEDIATRIA_AP,Total,_T,Personas distintas atendidas en consulta,PERSONAS_DISTINTAS_ATENDIDAS_CONSULTA,1197,,,,
La Gomera,ES706,2019,2019,Pediatría - Atención primaria (AP),PEDIATRIA_AP,Centro,CENTRO,Personas distintas atendidas en consulta,PERSONAS_DISTINTAS_ATENDIDAS_CONSULTA,1089,,,,
La Palma,ES707,2019,2019,Pediatría - Atención primaria (AP),PEDIATRIA_AP,Domicilio,DOMICILIO,Personas distintas atendidas en consulta,PERSONAS_DISTINTAS_ATENDIDAS_CONSULTA,7,,,,
La Palma,ES707,2019,2019,Pediatría - Atención primaria (AP),PEDIATRIA_AP,Teleconsulta,TELECONSULTA,Personas distintas atendidas en consulta,PERSONAS_DISTINTAS_ATENDIDAS_CONSULTA,947,,,,
La Palma,ES707,2019,2019,Pediatría - Atención primaria (AP),PEDIATRIA_AP,Total,_T,Personas distintas atendidas en consulta,PERSONAS_DISTINTAS_ATENDIDAS_CONSULTA,9645,,,,
La Palma,ES707,2019,2019,Pediatría - Atención primaria (AP),PEDIATRIA_AP,Centro,CENTRO,Personas distintas atendidas en consulta,PERSONAS_DISTINTAS_ATENDIDAS_CONSULTA,8691,,,,
El Hierro,ES703,2019,2019,Pediatría - Atención primaria (AP),PEDIATRIA_AP,Domicilio,DOMICILIO,Personas distintas atendidas en consulta,PERSONAS_DISTINTAS_ATENDIDAS_CONSULTA,0,,,,
El Hierro,ES703,2019,2019,Pediatría - Atención primaria (AP),PEDIATRIA_AP,Teleconsulta,TELECONSULTA,Personas distintas atendidas en consulta,PERSONAS_DISTINTAS_ATENDIDAS_CONSULTA,136,,,,
El Hierro,ES703,2019,2019,Pediatría - Atención primaria (AP),PEDIATRIA_AP,Total,_T,Personas distintas atendidas en consulta,PERSONAS_DISTINTAS_ATENDIDAS_CONSULTA,1345,,,,
El Hierro,ES703,2019,2019,Pediatría - Atención primaria (AP),PEDIATRIA_AP,Centro,CENTRO,Personas distintas atendidas en consulta,PERSONAS_DISTINTAS_ATENDIDAS_CONSULTA,1209,,,,
Canarias,ES70,2019,2019,Medicina Familia y Comunitaria - Atención primaria (AP),FAMILIA_COMUNITARIA_AP,Domicilio,DOMICILIO,Personas distintas atendidas en consulta,PERSONAS_DISTINTAS_ATENDIDAS_CONSULTA,24084,,,,
Canarias,ES70,2019,2019,Medicina Familia y Comunitaria - Atención primaria (AP),FAMILIA_COMUNITARIA_AP,Teleconsulta,TELECONSULTA,Personas distintas atendidas en consulta,PERSONAS_DISTINTAS_ATENDIDAS_CONSULTA,160473,,,,
Canarias,ES70,2019,2019,Medicina Familia y Comunitaria - Atención primaria (AP),FAMILIA_COMUNITARIA_AP,Total,_T,Personas distintas atendidas en consulta,PERSONAS_DISTINTAS_ATENDIDAS_CONSULTA,1645223,,,,
Canarias,ES70,2019,2019,Medicina Familia y Comunitaria - Atención primaria (AP),FAMILIA_COMUNITARIA_AP,Centro,CENTRO,Personas distintas atendidas en consulta,PERSONAS_DISTINTAS_ATENDIDAS_CONSULTA,1460666,,,,
Lanzarote,ES708,2019,2019,Medicina Familia y Comunitaria - Atención primaria (AP),FAMILIA_COMUNITARIA_AP,Domicilio,DOMICILIO,Personas distintas atendidas en consulta,PERSONAS_DISTINTAS_ATENDIDAS_CONSULTA,1020,,,,
Lanzarote,ES708,2019,2019,Medicina Familia y Comunitaria - Atención primaria (AP),FAMILIA_COMUNITARIA_AP,Teleconsulta,TELECONSULTA,Personas distintas atendidas en consulta,PERSONAS_DISTINTAS_ATENDIDAS_CONSULTA,6303,,,,
Lanzarote,ES708,2019,2019,Medicina Familia y Comunitaria - Atención primaria (AP),FAMILIA_COMUNITARIA_AP,Total,_T,Personas distintas atendidas en consulta,PERSONAS_DISTINTAS_ATENDIDAS_CONSULTA,115631,,,,
Lanzarote,ES708,2019,2019,Medicina Familia y Comunitaria - Atención primaria (AP),FAMILIA_COMUNITARIA_AP,Centro,CENTRO,Personas distintas atendidas en consulta,PERSONAS_DISTINTAS_ATENDIDAS_CONSULTA,108308,,,,
Fuerteventura,ES704,2019,2019,Medicina Familia y Comunitaria - Atención primaria (AP),FAMILIA_COMUNITARIA_AP,Domicilio,DOMICILIO,Personas distintas atendidas en consulta,PERSONAS_DISTINTAS_ATENDIDAS_CONSULTA,655,,,,
Fuerteventura,ES704,2019,2019,Medicina Familia y Comunitaria - Atención primaria (AP),FAMILIA_COMUNITARIA_AP,Teleconsulta,TELECONSULTA,Personas distintas atendidas en consulta,PERSONAS_DISTINTAS_ATENDIDAS_CONSULTA,3626,,,,
Fuerteventura,ES704,2019,2019,Medicina Familia y Comunitaria - Atención primaria (AP),FAMILIA_COMUNITARIA_AP,Total,_T,Personas distintas atendidas en consulta,PERSONAS_DISTINTAS_ATENDIDAS_CONSULTA,82193,,,,
Fuerteventura,ES704,2019,2019,Medicina Familia y Comunitaria - Atención primaria (AP),FAMILIA_COMUNITARIA_AP,Centro,CENTRO,Personas distintas atendidas en consulta,PERSONAS_DISTINTAS_ATENDIDAS_CONSULTA,77912,,,,
Gran Canaria,ES705,2019,2019,Medicina Familia y Comunitaria - Atención primaria (AP),FAMILIA_COMUNITARIA_AP,Domicilio,DOMICILIO,Personas distintas atendidas en consulta,PERSONAS_DISTINTAS_ATENDIDAS_CONSULTA,7983,,,,
Gran Canaria,ES705,2019,2019,Medicina Familia y Comunitaria - Atención primaria (AP),FAMILIA_COMUNITARIA_AP,Teleconsulta,TELECONSULTA,Personas distintas atendidas en consulta,PERSONAS_DISTINTAS_ATENDIDAS_CONSULTA,68229,,,,
Gran Canaria,ES705,2019,2019,Medicina Familia y Comunitaria - Atención primaria (AP),FAMILIA_COMUNITARIA_AP,Total,_T,Personas distintas atendidas en consulta,PERSONAS_DISTINTAS_ATENDIDAS_CONSULTA,663891,,,,
Gran Canaria,ES705,2019,2019,Medicina Familia y Comunitaria - Atención primaria (AP),FAMILIA_COMUNITARIA_AP,Centro,CENTRO,Personas distintas atendidas en consulta,PERSONAS_DISTINTAS_ATENDIDAS_CONSULTA,587679,,,,
Tenerife,ES709,2019,2019,Medicina Familia y Comunitaria - Atención primaria (AP),FAMILIA_COMUNITARIA_AP,Domicilio,DOMICILIO,Personas distintas atendidas en consulta,PERSONAS_DISTINTAS_ATENDIDAS_CONSULTA,11967,,,,
Tenerife,ES709,2019,2019,Medicina Familia y Comunitaria - Atención primaria (AP),FAMILIA_COMUNITARIA_AP,Teleconsulta,TELECONSULTA,Personas distintas atendidas en consulta,PERSONAS_DISTINTAS_ATENDIDAS_CONSULTA,73768,,,,
Tenerife,ES709,2019,2019,Medicina Familia y Comunitaria - Atención primaria (AP),FAMILIA_COMUNITARIA_AP,Total,_T,Personas distintas atendidas en consulta,PERSONAS_DISTINTAS_ATENDIDAS_CONSULTA,691879,,,,
Tenerife,ES709,2019,2019,Medicina Familia y Comunitaria - Atención primaria (AP),FAMILIA_COMUNITARIA_AP,Centro,CENTRO,Personas distintas atendidas en consulta,PERSONAS_DISTINTAS_ATENDIDAS_CONSULTA,606144,,,,
La Gomera,ES706,2019,2019,Medicina Familia y Comunitaria - Atención primaria (AP),FAMILIA_COMUNITARIA_AP,Domicilio,DOMICILIO,Personas distintas atendidas en consulta,PERSONAS_DISTINTAS_ATENDIDAS_CONSULTA,579,,,,
La Gomera,ES706,2019,2019,Medicina Familia y Comunitaria - Atención primaria (AP),FAMILIA_COMUNITARIA_AP,Teleconsulta,TELECONSULTA,Personas distintas atendidas en consulta,PERSONAS_DISTINTAS_ATENDIDAS_CONSULTA,1711,,,,
La Gomera,ES706,2019,2019,Medicina Familia y Comunitaria - Atención primaria (AP),FAMILIA_COMUNITARIA_AP,Total,_T,Personas distintas atendidas en consulta,PERSONAS_DISTINTAS_ATENDIDAS_CONSULTA,17851,,,,
La Gomera,ES706,2019,2019,Medicina Familia y Comunitaria - Atención primaria (AP),FAMILIA_COMUNITARIA_AP,Centro,CENTRO,Personas distintas atendidas en consulta,PERSONAS_DISTINTAS_ATENDIDAS_CONSULTA,15561,,,,
La Palma,ES707,2019,2019,Medicina Familia y Comunitaria - Atención primaria (AP),FAMILIA_COMUNITARIA_AP,Domicilio,DOMICILIO,Personas distintas atendidas en consulta,PERSONAS_DISTINTAS_ATENDIDAS_CONSULTA,1555,,,,
La Palma,ES707,2019,2019,Medicina Familia y Comunitaria - Atención primaria (AP),FAMILIA_COMUNITARIA_AP,Teleconsulta,TELECONSULTA,Personas distintas atendidas en consulta,PERSONAS_DISTINTAS_ATENDIDAS_CONSULTA,5444,,,,
La Palma,ES707,2019,2019,Medicina Familia y Comunitaria - Atención primaria (AP),FAMILIA_COMUNITARIA_AP,Total,_T,Personas distintas atendidas en consulta,PERSONAS_DISTINTAS_ATENDIDAS_CONSULTA,63393,,,,
La Palma,ES707,2019,2019,Medicina Familia y Comunitaria - Atención primaria (AP),FAMILIA_COMUNITARIA_AP,Centro,CENTRO,Personas distintas atendidas en consulta,PERSONAS_DISTINTAS_ATENDIDAS_CONSULTA,56394,,,,
El Hierro,ES703,2019,2019,Medicina Familia y Comunitaria - Atención primaria (AP),FAMILIA_COMUNITARIA_AP,Domicilio,DOMICILIO,Personas distintas atendidas en consulta,PERSONAS_DISTINTAS_ATENDIDAS_CONSULTA,325,,,,
El Hierro,ES703,2019,2019,Medicina Familia y Comunitaria - Atención primaria (AP),FAMILIA_COMUNITARIA_AP,Teleconsulta,TELECONSULTA,Personas distintas atendidas en consulta,PERSONAS_DISTINTAS_ATENDIDAS_CONSULTA,1392,,,,
El Hierro,ES703,2019,2019,Medicina Familia y Comunitaria - Atención primaria (AP),FAMILIA_COMUNITARIA_AP,Total,_T,Personas distintas atendidas en consulta,PERSONAS_DISTINTAS_ATENDIDAS_CONSULTA,10385,,,,
El Hierro,ES703,2019,2019,Medicina Familia y Comunitaria - Atención primaria (AP),FAMILIA_COMUNITARIA_AP,Centro,CENTRO,Personas distintas atendidas en consulta,PERSONAS_DISTINTAS_ATENDIDAS_CONSULTA,8668,,,,
Canarias,ES70,2020,2020,Enfermería - Atención primaria (AP),ENFERMERIA_AP,Domicilio,DOMICILIO,Personas distintas atendidas en consulta,PERSONAS_DISTINTAS_ATENDIDAS_CONSULTA,87059,,,,
Canarias,ES70,2020,2020,Enfermería - Atención primaria (AP),ENFERMERIA_AP,Teleconsulta,TELECONSULTA,Personas distintas atendidas en consulta,PERSONAS_DISTINTAS_ATENDIDAS_CONSULTA,133183,,,,
Canarias,ES70,2020,2020,Enfermería - Atención primaria (AP),ENFERMERIA_AP,Total,_T,Personas distintas atendidas en consulta,PERSONAS_DISTINTAS_ATENDIDAS_CONSULTA,1252752,,,,
Canarias,ES70,2020,2020,Enfermería - Atención primaria (AP),ENFERMERIA_AP,Centro,CENTRO,Personas distintas atendidas en consulta,PERSONAS_DISTINTAS_ATENDIDAS_CONSULTA,1032510,,,,
Lanzarote,ES708,2020,2020,Enfermería - Atención primaria (AP),ENFERMERIA_AP,Domicilio,DOMICILIO,Personas distintas atendidas en consulta,PERSONAS_DISTINTAS_ATENDIDAS_CONSULTA,1630,,,,
Lanzarote,ES708,2020,2020,Enfermería - Atención primaria (AP),ENFERMERIA_AP,Teleconsulta,TELECONSULTA,Personas distintas atendidas en consulta,PERSONAS_DISTINTAS_ATENDIDAS_CONSULTA,8443,,,,
Lanzarote,ES708,2020,2020,Enfermería - Atención primaria (AP),ENFERMERIA_AP,Total,_T,Personas distintas atendidas en consulta,PERSONAS_DISTINTAS_ATENDIDAS_CONSULTA,82124,,,,
Lanzarote,ES708,2020,2020,Enfermería - Atención primaria (AP),ENFERMERIA_AP,Centro,CENTRO,Personas distintas atendidas en consulta,PERSONAS_DISTINTAS_ATENDIDAS_CONSULTA,72051,,,,
Fuerteventura,ES704,2020,2020,Enfermería - Atención primaria (AP),ENFERMERIA_AP,Domicilio,DOMICILIO,Personas distintas atendidas en consulta,PERSONAS_DISTINTAS_ATENDIDAS_CONSULTA,1670,,,,
Fuerteventura,ES704,2020,2020,Enfermería - Atención primaria (AP),ENFERMERIA_AP,Teleconsulta,TELECONSULTA,Personas distintas atendidas en consulta,PERSONAS_DISTINTAS_ATENDIDAS_CONSULTA,4058,,,,
Fuerteventura,ES704,2020,2020,Enfermería - Atención primaria (AP),ENFERMERIA_AP,Total,_T,Personas distintas atendidas en consulta,PERSONAS_DISTINTAS_ATENDIDAS_CONSULTA,55020,,,,
Fuerteventura,ES704,2020,2020,Enfermería - Atención primaria (AP),ENFERMERIA_AP,Centro,CENTRO,Personas distintas atendidas en consulta,PERSONAS_DISTINTAS_ATENDIDAS_CONSULTA,49292,,,,
Gran Canaria,ES705,2020,2020,Enfermería - Atención primaria (AP),ENFERMERIA_AP,Domicilio,DOMICILIO,Personas distintas atendidas en consulta,PERSONAS_DISTINTAS_ATENDIDAS_CONSULTA,62467,,,,
Gran Canaria,ES705,2020,2020,Enfermería - Atención primaria (AP),ENFERMERIA_AP,Teleconsulta,TELECONSULTA,Personas distintas atendidas en consulta,PERSONAS_DISTINTAS_ATENDIDAS_CONSULTA,40686,,,,
Gran Canaria,ES705,2020,2020,Enfermería - Atención primaria (AP),ENFERMERIA_AP,Total,_T,Personas distintas atendidas en consulta,PERSONAS_DISTINTAS_ATENDIDAS_CONSULTA,521508,,,,
Gran Canaria,ES705,2020,2020,Enfermería - Atención primaria (AP),ENFERMERIA_AP,Centro,CENTRO,Personas distintas atendidas en consulta,PERSONAS_DISTINTAS_ATENDIDAS_CONSULTA,418355,,,,
Tenerife,ES709,2020,2020,Enfermería - Atención primaria (AP),ENFERMERIA_AP,Domicilio,DOMICILIO,Personas distintas atendidas en consulta,PERSONAS_DISTINTAS_ATENDIDAS_CONSULTA,17051,,,,
Tenerife,ES709,2020,2020,Enfermería - Atención primaria (AP),ENFERMERIA_AP,Teleconsulta,TELECONSULTA,Personas distintas atendidas en consulta,PERSONAS_DISTINTAS_ATENDIDAS_CONSULTA,76054,,,,
Tenerife,ES709,2020,2020,Enfermería - Atención primaria (AP),ENFERMERIA_AP,Total,_T,Personas distintas atendidas en consulta,PERSONAS_DISTINTAS_ATENDIDAS_CONSULTA,522715,,,,
Tenerife,ES709,2020,2020,Enfermería - Atención primaria (AP),ENFERMERIA_AP,Centro,CENTRO,Personas distintas atendidas en consulta,PERSONAS_DISTINTAS_ATENDIDAS_CONSULTA,429610,,,,
La Gomera,ES706,2020,2020,Enfermería - Atención primaria (AP),ENFERMERIA_AP,Domicilio,DOMICILIO,Personas distintas atendidas en consulta,PERSONAS_DISTINTAS_ATENDIDAS_CONSULTA,945,,,,
La Gomera,ES706,2020,2020,Enfermería - Atención primaria (AP),ENFERMERIA_AP,Teleconsulta,TELECONSULTA,Personas distintas atendidas en consulta,PERSONAS_DISTINTAS_ATENDIDAS_CONSULTA,1444,,,,
La Gomera,ES706,2020,2020,Enfermería - Atención primaria (AP),ENFERMERIA_AP,Total,_T,Personas distintas atendidas en consulta,PERSONAS_DISTINTAS_ATENDIDAS_CONSULTA,15005,,,,
La Gomera,ES706,2020,2020,Enfermería - Atención primaria (AP),ENFERMERIA_AP,Centro,CENTRO,Personas distintas atendidas en consulta,PERSONAS_DISTINTAS_ATENDIDAS_CONSULTA,12616,,,,
La Palma,ES707,2020,2020,Enfermería - Atención primaria (AP),ENFERMERIA_AP,Domicilio,DOMICILIO,Personas distintas atendidas en consulta,PERSONAS_DISTINTAS_ATENDIDAS_CONSULTA,2826,,,,
La Palma,ES707,2020,2020,Enfermería - Atención primaria (AP),ENFERMERIA_AP,Teleconsulta,TELECONSULTA,Personas distintas atendidas en consulta,PERSONAS_DISTINTAS_ATENDIDAS_CONSULTA,1881,,,,
La Palma,ES707,2020,2020,Enfermería - Atención primaria (AP),ENFERMERIA_AP,Total,_T,Personas distintas atendidas en consulta,PERSONAS_DISTINTAS_ATENDIDAS_CONSULTA,48533,,,,
La Palma,ES707,2020,2020,Enfermería - Atención primaria (AP),ENFERMERIA_AP,Centro,CENTRO,Personas distintas atendidas en consulta,PERSONAS_DISTINTAS_ATENDIDAS_CONSULTA,43826,,,,
El Hierro,ES703,2020,2020,Enfermería - Atención primaria (AP),ENFERMERIA_AP,Domicilio,DOMICILIO,Personas distintas atendidas en consulta,PERSONAS_DISTINTAS_ATENDIDAS_CONSULTA,470,,,,
El Hierro,ES703,2020,2020,Enfermería - Atención primaria (AP),ENFERMERIA_AP,Teleconsulta,TELECONSULTA,Personas distintas atendidas en consulta,PERSONAS_DISTINTAS_ATENDIDAS_CONSULTA,617,,,,
El Hierro,ES703,2020,2020,Enfermería - Atención primaria (AP),ENFERMERIA_AP,Total,_T,Personas distintas atendidas en consulta,PERSONAS_DISTINTAS_ATENDIDAS_CONSULTA,7847,,,,
El Hierro,ES703,2020,2020,Enfermería - Atención primaria (AP),ENFERMERIA_AP,Centro,CENTRO,Personas distintas atendidas en consulta,PERSONAS_DISTINTAS_ATENDIDAS_CONSULTA,6760,,,,
Canarias,ES70,2020,2020,Pediatría - Atención primaria (AP),PEDIATRIA_AP,Domicilio,DOMICILIO,Personas distintas atendidas en consulta,PERSONAS_DISTINTAS_ATENDIDAS_CONSULTA,260,,,,
Canarias,ES70,2020,2020,Pediatría - Atención primaria (AP),PEDIATRIA_AP,Teleconsulta,TELECONSULTA,Personas distintas atendidas en consulta,PERSONAS_DISTINTAS_ATENDIDAS_CONSULTA,146611,,,,
Canarias,ES70,2020,2020,Pediatría - Atención primaria (AP),PEDIATRIA_AP,Total,_T,Personas distintas atendidas en consulta,PERSONAS_DISTINTAS_ATENDIDAS_CONSULTA,351921,,,,
Canarias,ES70,2020,2020,Pediatría - Atención primaria (AP),PEDIATRIA_AP,Centro,CENTRO,Personas distintas atendidas en consulta,PERSONAS_DISTINTAS_ATENDIDAS_CONSULTA,205050,,,,
Lanzarote,ES708,2020,2020,Pediatría - Atención primaria (AP),PEDIATRIA_AP,Domicilio,DOMICILIO,Personas distintas atendidas en consulta,PERSONAS_DISTINTAS_ATENDIDAS_CONSULTA,7,,,,
Lanzarote,ES708,2020,2020,Pediatría - Atención primaria (AP),PEDIATRIA_AP,Teleconsulta,TELECONSULTA,Personas distintas atendidas en consulta,PERSONAS_DISTINTAS_ATENDIDAS_CONSULTA,9376,,,,
Lanzarote,ES708,2020,2020,Pediatría - Atención primaria (AP),PEDIATRIA_AP,Total,_T,Personas distintas atendidas en consulta,PERSONAS_DISTINTAS_ATENDIDAS_CONSULTA,27193,,,,
Lanzarote,ES708,2020,2020,Pediatría - Atención primaria (AP),PEDIATRIA_AP,Centro,CENTRO,Personas distintas atendidas en consulta,PERSONAS_DISTINTAS_ATENDIDAS_CONSULTA,17810,,,,
Fuerteventura,ES704,2020,2020,Pediatría - Atención primaria (AP),PEDIATRIA_AP,Domicilio,DOMICILIO,Personas distintas atendidas en consulta,PERSONAS_DISTINTAS_ATENDIDAS_CONSULTA,7,,,,
Fuerteventura,ES704,2020,2020,Pediatría - Atención primaria (AP),PEDIATRIA_AP,Teleconsulta,TELECONSULTA,Personas distintas atendidas en consulta,PERSONAS_DISTINTAS_ATENDIDAS_CONSULTA,6914,,,,
Fuerteventura,ES704,2020,2020,Pediatría - Atención primaria (AP),PEDIATRIA_AP,Total,_T,Personas distintas atendidas en consulta,PERSONAS_DISTINTAS_ATENDIDAS_CONSULTA,19722,,,,
Fuerteventura,ES704,2020,2020,Pediatría - Atención primaria (AP),PEDIATRIA_AP,Centro,CENTRO,Personas distintas atendidas en consulta,PERSONAS_DISTINTAS_ATENDIDAS_CONSULTA,12801,,,,
Gran Canaria,ES705,2020,2020,Pediatría - Atención primaria (AP),PEDIATRIA_AP,Domicilio,DOMICILIO,Personas distintas atendidas en consulta,PERSONAS_DISTINTAS_ATENDIDAS_CONSULTA,142,,,,
Gran Canaria,ES705,2020,2020,Pediatría - Atención primaria (AP),PEDIATRIA_AP,Teleconsulta,TELECONSULTA,Personas distintas atendidas en consulta,PERSONAS_DISTINTAS_ATENDIDAS_CONSULTA,57389,,,,
Gran Canaria,ES705,2020,2020,Pediatría - Atención primaria (AP),PEDIATRIA_AP,Total,_T,Personas distintas atendidas en consulta,PERSONAS_DISTINTAS_ATENDIDAS_CONSULTA,130683,,,,
Gran Canaria,ES705,2020,2020,Pediatría - Atención primaria (AP),PEDIATRIA_AP,Centro,CENTRO,Personas distintas atendidas en consulta,PERSONAS_DISTINTAS_ATENDIDAS_CONSULTA,73152,,,,
Tenerife,ES709,2020,2020,Pediatría - Atención primaria (AP),PEDIATRIA_AP,Domicilio,DOMICILIO,Personas distintas atendidas en consulta,PERSONAS_DISTINTAS_ATENDIDAS_CONSULTA,98,,,,
Tenerife,ES709,2020,2020,Pediatría - Atención primaria (AP),PEDIATRIA_AP,Teleconsulta,TELECONSULTA,Personas distintas atendidas en consulta,PERSONAS_DISTINTAS_ATENDIDAS_CONSULTA,67549,,,,
Tenerife,ES709,2020,2020,Pediatría - Atención primaria (AP),PEDIATRIA_AP,Total,_T,Personas distintas atendidas en consulta,PERSONAS_DISTINTAS_ATENDIDAS_CONSULTA,159081,,,,
Tenerife,ES709,2020,2020,Pediatría - Atención primaria (AP),PEDIATRIA_AP,Centro,CENTRO,Personas distintas atendidas en consulta,PERSONAS_DISTINTAS_ATENDIDAS_CONSULTA,91434,,,,
La Gomera,ES706,2020,2020,Pediatría - Atención primaria (AP),PEDIATRIA_AP,Domicilio,DOMICILIO,Personas distintas atendidas en consulta,PERSONAS_DISTINTAS_ATENDIDAS_CONSULTA,2,,,,
La Gomera,ES706,2020,2020,Pediatría - Atención primaria (AP),PEDIATRIA_AP,Teleconsulta,TELECONSULTA,Personas distintas atendidas en consulta,PERSONAS_DISTINTAS_ATENDIDAS_CONSULTA,653,,,,
La Gomera,ES706,2020,2020,Pediatría - Atención primaria (AP),PEDIATRIA_AP,Total,_T,Personas distintas atendidas en consulta,PERSONAS_DISTINTAS_ATENDIDAS_CONSULTA,1607,,,,
La Gomera,ES706,2020,2020,Pediatría - Atención primaria (AP),PEDIATRIA_AP,Centro,CENTRO,Personas distintas atendidas en consulta,PERSONAS_DISTINTAS_ATENDIDAS_CONSULTA,952,,,,
La Palma,ES707,2020,2020,Pediatría - Atención primaria (AP),PEDIATRIA_AP,Domicilio,DOMICILIO,Personas distintas atendidas en consulta,PERSONAS_DISTINTAS_ATENDIDAS_CONSULTA,3,,,,
La Palma,ES707,2020,2020,Pediatría - Atención primaria (AP),PEDIATRIA_AP,Teleconsulta,TELECONSULTA,Personas distintas atendidas en consulta,PERSONAS_DISTINTAS_ATENDIDAS_CONSULTA,4243,,,,
La Palma,ES707,2020,2020,Pediatría - Atención primaria (AP),PEDIATRIA_AP,Total,_T,Personas distintas atendidas en consulta,PERSONAS_DISTINTAS_ATENDIDAS_CONSULTA,12031,,,,
La Palma,ES707,2020,2020,Pediatría - Atención primaria (AP),PEDIATRIA_AP,Centro,CENTRO,Personas distintas atendidas en consulta,PERSONAS_DISTINTAS_ATENDIDAS_CONSULTA,7785,,,,
El Hierro,ES703,2020,2020,Pediatría - Atención primaria (AP),PEDIATRIA_AP,Domicilio,DOMICILIO,Personas distintas atendidas en consulta,PERSONAS_DISTINTAS_ATENDIDAS_CONSULTA,1,,,,
El Hierro,ES703,2020,2020,Pediatría - Atención primaria (AP),PEDIATRIA_AP,Teleconsulta,TELECONSULTA,Personas distintas atendidas en consulta,PERSONAS_DISTINTAS_ATENDIDAS_CONSULTA,487,,,,
El Hierro,ES703,2020,2020,Pediatría - Atención primaria (AP),PEDIATRIA_AP,Total,_T,Personas distintas atendidas en consulta,PERSONAS_DISTINTAS_ATENDIDAS_CONSULTA,1604,,,,
El Hierro,ES703,2020,2020,Pediatría - Atención primaria (AP),PEDIATRIA_AP,Centro,CENTRO,Personas distintas atendidas en consulta,PERSONAS_DISTINTAS_ATENDIDAS_CONSULTA,1116,,,,
Canarias,ES70,2020,2020,Medicina Familia y Comunitaria - Atención primaria (AP),FAMILIA_COMUNITARIA_AP,Domicilio,DOMICILIO,Personas distintas atendidas en consulta,PERSONAS_DISTINTAS_ATENDIDAS_CONSULTA,21554,,,,
Canarias,ES70,2020,2020,Medicina Familia y Comunitaria - Atención primaria (AP),FAMILIA_COMUNITARIA_AP,Teleconsulta,TELECONSULTA,Personas distintas atendidas en consulta,PERSONAS_DISTINTAS_ATENDIDAS_CONSULTA,1108746,,,,
Canarias,ES70,2020,2020,Medicina Familia y Comunitaria - Atención primaria (AP),FAMILIA_COMUNITARIA_AP,Total,_T,Personas distintas atendidas en consulta,PERSONAS_DISTINTAS_ATENDIDAS_CONSULTA,2392429,,,,
Canarias,ES70,2020,2020,Medicina Familia y Comunitaria - Atención primaria (AP),FAMILIA_COMUNITARIA_AP,Centro,CENTRO,Personas distintas atendidas en consulta,PERSONAS_DISTINTAS_ATENDIDAS_CONSULTA,1262129,,,,
Lanzarote,ES708,2020,2020,Medicina Familia y Comunitaria - Atención primaria (AP),FAMILIA_COMUNITARIA_AP,Domicilio,DOMICILIO,Personas distintas atendidas en consulta,PERSONAS_DISTINTAS_ATENDIDAS_CONSULTA,715,,,,
Lanzarote,ES708,2020,2020,Medicina Familia y Comunitaria - Atención primaria (AP),FAMILIA_COMUNITARIA_AP,Teleconsulta,TELECONSULTA,Personas distintas atendidas en consulta,PERSONAS_DISTINTAS_ATENDIDAS_CONSULTA,68522,,,,
Lanzarote,ES708,2020,2020,Medicina Familia y Comunitaria - Atención primaria (AP),FAMILIA_COMUNITARIA_AP,Total,_T,Personas distintas atendidas en consulta,PERSONAS_DISTINTAS_ATENDIDAS_CONSULTA,160180,,,,
Lanzarote,ES708,2020,2020,Medicina Familia y Comunitaria - Atención primaria (AP),FAMILIA_COMUNITARIA_AP,Centro,CENTRO,Personas distintas atendidas en consulta,PERSONAS_DISTINTAS_ATENDIDAS_CONSULTA,90943,,,,
Fuerteventura,ES704,2020,2020,Medicina Familia y Comunitaria - Atención primaria (AP),FAMILIA_COMUNITARIA_AP,Domicilio,DOMICILIO,Personas distintas atendidas en consulta,PERSONAS_DISTINTAS_ATENDIDAS_CONSULTA,677,,,,
Fuerteventura,ES704,2020,2020,Medicina Familia y Comunitaria - Atención primaria (AP),FAMILIA_COMUNITARIA_AP,Teleconsulta,TELECONSULTA,Personas distintas atendidas en consulta,PERSONAS_DISTINTAS_ATENDIDAS_CONSULTA,44106,,,,
Fuerteventura,ES704,2020,2020,Medicina Familia y Comunitaria - Atención primaria (AP),FAMILIA_COMUNITARIA_AP,Total,_T,Personas distintas atendidas en consulta,PERSONAS_DISTINTAS_ATENDIDAS_CONSULTA,112306,,,,
Fuerteventura,ES704,2020,2020,Medicina Familia y Comunitaria - Atención primaria (AP),FAMILIA_COMUNITARIA_AP,Centro,CENTRO,Personas distintas atendidas en consulta,PERSONAS_DISTINTAS_ATENDIDAS_CONSULTA,67523,,,,
Gran Canaria,ES705,2020,2020,Medicina Familia y Comunitaria - Atención primaria (AP),FAMILIA_COMUNITARIA_AP,Domicilio,DOMICILIO,Personas distintas atendidas en consulta,PERSONAS_DISTINTAS_ATENDIDAS_CONSULTA,7228,,,,
Gran Canaria,ES705,2020,2020,Medicina Familia y Comunitaria - Atención primaria (AP),FAMILIA_COMUNITARIA_AP,Teleconsulta,TELECONSULTA,Personas distintas atendidas en consulta,PERSONAS_DISTINTAS_ATENDIDAS_CONSULTA,460034,,,,
Gran Canaria,ES705,2020,2020,Medicina Familia y Comunitaria - Atención primaria (AP),FAMILIA_COMUNITARIA_AP,Total,_T,Personas distintas atendidas en consulta,PERSONAS_DISTINTAS_ATENDIDAS_CONSULTA,975284,,,,
Gran Canaria,ES705,2020,2020,Medicina Familia y Comunitaria - Atención primaria (AP),FAMILIA_COMUNITARIA_AP,Centro,CENTRO,Personas distintas atendidas en consulta,PERSONAS_DISTINTAS_ATENDIDAS_CONSULTA,508022,,,,
Tenerife,ES709,2020,2020,Medicina Familia y Comunitaria - Atención primaria (AP),FAMILIA_COMUNITARIA_AP,Domicilio,DOMICILIO,Personas distintas atendidas en consulta,PERSONAS_DISTINTAS_ATENDIDAS_CONSULTA,10667,,,,
Tenerife,ES709,2020,2020,Medicina Familia y Comunitaria - Atención primaria (AP),FAMILIA_COMUNITARIA_AP,Teleconsulta,TELECONSULTA,Personas distintas atendidas en consulta,PERSONAS_DISTINTAS_ATENDIDAS_CONSULTA,484367,,,,
Tenerife,ES709,2020,2020,Medicina Familia y Comunitaria - Atención primaria (AP),FAMILIA_COMUNITARIA_AP,Total,_T,Personas distintas atendidas en consulta,PERSONAS_DISTINTAS_ATENDIDAS_CONSULTA,1017757,,,,
Tenerife,ES709,2020,2020,Medicina Familia y Comunitaria - Atención primaria (AP),FAMILIA_COMUNITARIA_AP,Centro,CENTRO,Personas distintas atendidas en consulta,PERSONAS_DISTINTAS_ATENDIDAS_CONSULTA,522723,,,,
La Gomera,ES706,2020,2020,Medicina Familia y Comunitaria - Atención primaria (AP),FAMILIA_COMUNITARIA_AP,Domicilio,DOMICILIO,Personas distintas atendidas en consulta,PERSONAS_DISTINTAS_ATENDIDAS_CONSULTA,474,,,,
La Gomera,ES706,2020,2020,Medicina Familia y Comunitaria - Atención primaria (AP),FAMILIA_COMUNITARIA_AP,Teleconsulta,TELECONSULTA,Personas distintas atendidas en consulta,PERSONAS_DISTINTAS_ATENDIDAS_CONSULTA,8333,,,,
La Gomera,ES706,2020,2020,Medicina Familia y Comunitaria - Atención primaria (AP),FAMILIA_COMUNITARIA_AP,Total,_T,Personas distintas atendidas en consulta,PERSONAS_DISTINTAS_ATENDIDAS_CONSULTA,23171,,,,
La Gomera,ES706,2020,2020,Medicina Familia y Comunitaria - Atención primaria (AP),FAMILIA_COMUNITARIA_AP,Centro,CENTRO,Personas distintas atendidas en consulta,PERSONAS_DISTINTAS_ATENDIDAS_CONSULTA,14364,,,,
La Palma,ES707,2020,2020,Medicina Familia y Comunitaria - Atención primaria (AP),FAMILIA_COMUNITARIA_AP,Domicilio,DOMICILIO,Personas distintas atendidas en consulta,PERSONAS_DISTINTAS_ATENDIDAS_CONSULTA,1446,,,,
La Palma,ES707,2020,2020,Medicina Familia y Comunitaria - Atención primaria (AP),FAMILIA_COMUNITARIA_AP,Teleconsulta,TELECONSULTA,Personas distintas atendidas en consulta,PERSONAS_DISTINTAS_ATENDIDAS_CONSULTA,37416,,,,
La Palma,ES707,2020,2020,Medicina Familia y Comunitaria - Atención primaria (AP),FAMILIA_COMUNITARIA_AP,Total,_T,Personas distintas atendidas en consulta,PERSONAS_DISTINTAS_ATENDIDAS_CONSULTA,89897,,,,
La Palma,ES707,2020,2020,Medicina Familia y Comunitaria - Atención primaria (AP),FAMILIA_COMUNITARIA_AP,Centro,CENTRO,Personas distintas atendidas en consulta,PERSONAS_DISTINTAS_ATENDIDAS_CONSULTA,51035,,,,
El Hierro,ES703,2020,2020,Medicina Familia y Comunitaria - Atención primaria (AP),FAMILIA_COMUNITARIA_AP,Domicilio,DOMICILIO,Personas distintas atendidas en consulta,PERSONAS_DISTINTAS_ATENDIDAS_CONSULTA,347,,,,
El Hierro,ES703,2020,2020,Medicina Familia y Comunitaria - Atención primaria (AP),FAMILIA_COMUNITARIA_AP,Teleconsulta,TELECONSULTA,Personas distintas atendidas en consulta,PERSONAS_DISTINTAS_ATENDIDAS_CONSULTA,5968,,,,
El Hierro,ES703,2020,2020,Medicina Familia y Comunitaria - Atención primaria (AP),FAMILIA_COMUNITARIA_AP,Total,_T,Personas distintas atendidas en consulta,PERSONAS_DISTINTAS_ATENDIDAS_CONSULTA,13834,,,,
El Hierro,ES703,2020,2020,Medicina Familia y Comunitaria - Atención primaria (AP),FAMILIA_COMUNITARIA_AP,Centro,CENTRO,Personas distintas atendidas en consulta,PERSONAS_DISTINTAS_ATENDIDAS_CONSULTA,7519,,,,
Canarias,ES70,2021,2021,Enfermería - Atención primaria (AP),ENFERMERIA_AP,Domicilio,DOMICILIO,Personas distintas atendidas en consulta,PERSONAS_DISTINTAS_ATENDIDAS_CONSULTA,85580,,,,
Canarias,ES70,2021,2021,Enfermería - Atención primaria (AP),ENFERMERIA_AP,Teleconsulta,TELECONSULTA,Personas distintas atendidas en consulta,PERSONAS_DISTINTAS_ATENDIDAS_CONSULTA,220535,,,,
Canarias,ES70,2021,2021,Enfermería - Atención primaria (AP),ENFERMERIA_AP,Total,_T,Personas distintas atendidas en consulta,PERSONAS_DISTINTAS_ATENDIDAS_CONSULTA,1821962,,,,
Canarias,ES70,2021,2021,Enfermería - Atención primaria (AP),ENFERMERIA_AP,Centro,CENTRO,Personas distintas atendidas en consulta,PERSONAS_DISTINTAS_ATENDIDAS_CONSULTA,1515847,,,,
Lanzarote,ES708,2021,2021,Enfermería - Atención primaria (AP),ENFERMERIA_AP,Domicilio,DOMICILIO,Personas distintas atendidas en consulta,PERSONAS_DISTINTAS_ATENDIDAS_CONSULTA,3342,,,,
Lanzarote,ES708,2021,2021,Enfermería - Atención primaria (AP),ENFERMERIA_AP,Teleconsulta,TELECONSULTA,Personas distintas atendidas en consulta,PERSONAS_DISTINTAS_ATENDIDAS_CONSULTA,10151,,,,
Lanzarote,ES708,2021,2021,Enfermería - Atención primaria (AP),ENFERMERIA_AP,Total,_T,Personas distintas atendidas en consulta,PERSONAS_DISTINTAS_ATENDIDAS_CONSULTA,167749,,,,
Lanzarote,ES708,2021,2021,Enfermería - Atención primaria (AP),ENFERMERIA_AP,Centro,CENTRO,Personas distintas atendidas en consulta,PERSONAS_DISTINTAS_ATENDIDAS_CONSULTA,154256,,,,
Fuerteventura,ES704,2021,2021,Enfermería - Atención primaria (AP),ENFERMERIA_AP,Domicilio,DOMICILIO,Personas distintas atendidas en consulta,PERSONAS_DISTINTAS_ATENDIDAS_CONSULTA,1959,,,,
Fuerteventura,ES704,2021,2021,Enfermería - Atención primaria (AP),ENFERMERIA_AP,Teleconsulta,TELECONSULTA,Personas distintas atendidas en consulta,PERSONAS_DISTINTAS_ATENDIDAS_CONSULTA,6447,,,,
Fuerteventura,ES704,2021,2021,Enfermería - Atención primaria (AP),ENFERMERIA_AP,Total,_T,Personas distintas atendidas en consulta,PERSONAS_DISTINTAS_ATENDIDAS_CONSULTA,87009,,,,
Fuerteventura,ES704,2021,2021,Enfermería - Atención primaria (AP),ENFERMERIA_AP,Centro,CENTRO,Personas distintas atendidas en consulta,PERSONAS_DISTINTAS_ATENDIDAS_CONSULTA,78603,,,,
Gran Canaria,ES705,2021,2021,Enfermería - Atención primaria (AP),ENFERMERIA_AP,Domicilio,DOMICILIO,Personas distintas atendidas en consulta,PERSONAS_DISTINTAS_ATENDIDAS_CONSULTA,58399,,,,
Gran Canaria,ES705,2021,2021,Enfermería - Atención primaria (AP),ENFERMERIA_AP,Teleconsulta,TELECONSULTA,Personas distintas atendidas en consulta,PERSONAS_DISTINTAS_ATENDIDAS_CONSULTA,51839,,,,
Gran Canaria,ES705,2021,2021,Enfermería - Atención primaria (AP),ENFERMERIA_AP,Total,_T,Personas distintas atendidas en consulta,PERSONAS_DISTINTAS_ATENDIDAS_CONSULTA,852879,,,,
Gran Canaria,ES705,2021,2021,Enfermería - Atención primaria (AP),ENFERMERIA_AP,Centro,CENTRO,Personas distintas atendidas en consulta,PERSONAS_DISTINTAS_ATENDIDAS_CONSULTA,742641,,,,
Tenerife,ES709,2021,2021,Enfermería - Atención primaria (AP),ENFERMERIA_AP,Domicilio,DOMICILIO,Personas distintas atendidas en consulta,PERSONAS_DISTINTAS_ATENDIDAS_CONSULTA,17641,,,,
Tenerife,ES709,2021,2021,Enfermería - Atención primaria (AP),ENFERMERIA_AP,Teleconsulta,TELECONSULTA,Personas distintas atendidas en consulta,PERSONAS_DISTINTAS_ATENDIDAS_CONSULTA,145003,,,,
Tenerife,ES709,2021,2021,Enfermería - Atención primaria (AP),ENFERMERIA_AP,Total,_T,Personas distintas atendidas en consulta,PERSONAS_DISTINTAS_ATENDIDAS_CONSULTA,635404,,,,
Tenerife,ES709,2021,2021,Enfermería - Atención primaria (AP),ENFERMERIA_AP,Centro,CENTRO,Personas distintas atendidas en consulta,PERSONAS_DISTINTAS_ATENDIDAS_CONSULTA,472760,,,,
La Gomera,ES706,2021,2021,Enfermería - Atención primaria (AP),ENFERMERIA_AP,Domicilio,DOMICILIO,Personas distintas atendidas en consulta,PERSONAS_DISTINTAS_ATENDIDAS_CONSULTA,764,,,,
La Gomera,ES706,2021,2021,Enfermería - Atención primaria (AP),ENFERMERIA_AP,Teleconsulta,TELECONSULTA,Personas distintas atendidas en consulta,PERSONAS_DISTINTAS_ATENDIDAS_CONSULTA,2834,,,,
La Gomera,ES706,2021,2021,Enfermería - Atención primaria (AP),ENFERMERIA_AP,Total,_T,Personas distintas atendidas en consulta,PERSONAS_DISTINTAS_ATENDIDAS_CONSULTA,18253,,,,
La Gomera,ES706,2021,2021,Enfermería - Atención primaria (AP),ENFERMERIA_AP,Centro,CENTRO,Personas distintas atendidas en consulta,PERSONAS_DISTINTAS_ATENDIDAS_CONSULTA,14655,,,,
La Palma,ES707,2021,2021,Enfermería - Atención primaria (AP),ENFERMERIA_AP,Domicilio,DOMICILIO,Personas distintas atendidas en consulta,PERSONAS_DISTINTAS_ATENDIDAS_CONSULTA,2975,,,,
La Palma,ES707,2021,2021,Enfermería - Atención primaria (AP),ENFERMERIA_AP,Teleconsulta,TELECONSULTA,Personas distintas atendidas en consulta,PERSONAS_DISTINTAS_ATENDIDAS_CONSULTA,3017,,,,
La Palma,ES707,2021,2021,Enfermería - Atención primaria (AP),ENFERMERIA_AP,Total,_T,Personas distintas atendidas en consulta,PERSONAS_DISTINTAS_ATENDIDAS_CONSULTA,52130,,,,
La Palma,ES707,2021,2021,Enfermería - Atención primaria (AP),ENFERMERIA_AP,Centro,CENTRO,Personas distintas atendidas en consulta,PERSONAS_DISTINTAS_ATENDIDAS_CONSULTA,46138,,,,
El Hierro,ES703,2021,2021,Enfermería - Atención primaria (AP),ENFERMERIA_AP,Domicilio,DOMICILIO,Personas distintas atendidas en consulta,PERSONAS_DISTINTAS_ATENDIDAS_CONSULTA,500,,,,
El Hierro,ES703,2021,2021,Enfermería - Atención primaria (AP),ENFERMERIA_AP,Teleconsulta,TELECONSULTA,Personas distintas atendidas en consulta,PERSONAS_DISTINTAS_ATENDIDAS_CONSULTA,1244,,,,
El Hierro,ES703,2021,2021,Enfermería - Atención primaria (AP),ENFERMERIA_AP,Total,_T,Personas distintas atendidas en consulta,PERSONAS_DISTINTAS_ATENDIDAS_CONSULTA,8538,,,,
El Hierro,ES703,2021,2021,Enfermería - Atención primaria (AP),ENFERMERIA_AP,Centro,CENTRO,Personas distintas atendidas en consulta,PERSONAS_DISTINTAS_ATENDIDAS_CONSULTA,6794,,,,
Canarias,ES70,2021,2021,Pediatría - Atención primaria (AP),PEDIATRIA_AP,Domicilio,DOMICILIO,Personas distintas atendidas en consulta,PERSONAS_DISTINTAS_ATENDIDAS_CONSULTA,145,,,,
Canarias,ES70,2021,2021,Pediatría - Atención primaria (AP),PEDIATRIA_AP,Teleconsulta,TELECONSULTA,Personas distintas atendidas en consulta,PERSONAS_DISTINTAS_ATENDIDAS_CONSULTA,162624,,,,
Canarias,ES70,2021,2021,Pediatría - Atención primaria (AP),PEDIATRIA_AP,Total,_T,Personas distintas atendidas en consulta,PERSONAS_DISTINTAS_ATENDIDAS_CONSULTA,361483,,,,
Canarias,ES70,2021,2021,Pediatría - Atención primaria (AP),PEDIATRIA_AP,Centro,CENTRO,Personas distintas atendidas en consulta,PERSONAS_DISTINTAS_ATENDIDAS_CONSULTA,198714,,,,
Lanzarote,ES708,2021,2021,Pediatría - Atención primaria (AP),PEDIATRIA_AP,Domicilio,DOMICILIO,Personas distintas atendidas en consulta,PERSONAS_DISTINTAS_ATENDIDAS_CONSULTA,0,,,,
Lanzarote,ES708,2021,2021,Pediatría - Atención primaria (AP),PEDIATRIA_AP,Teleconsulta,TELECONSULTA,Personas distintas atendidas en consulta,PERSONAS_DISTINTAS_ATENDIDAS_CONSULTA,11850,,,,
Lanzarote,ES708,2021,2021,Pediatría - Atención primaria (AP),PEDIATRIA_AP,Total,_T,Personas distintas atendidas en consulta,PERSONAS_DISTINTAS_ATENDIDAS_CONSULTA,28965,,,,
Lanzarote,ES708,2021,2021,Pediatría - Atención primaria (AP),PEDIATRIA_AP,Centro,CENTRO,Personas distintas atendidas en consulta,PERSONAS_DISTINTAS_ATENDIDAS_CONSULTA,17115,,,,
Fuerteventura,ES704,2021,2021,Pediatría - Atención primaria (AP),PEDIATRIA_AP,Domicilio,DOMICILIO,Personas distintas atendidas en consulta,PERSONAS_DISTINTAS_ATENDIDAS_CONSULTA,5,,,,
Fuerteventura,ES704,2021,2021,Pediatría - Atención primaria (AP),PEDIATRIA_AP,Teleconsulta,TELECONSULTA,Personas distintas atendidas en consulta,PERSONAS_DISTINTAS_ATENDIDAS_CONSULTA,7861,,,,
Fuerteventura,ES704,2021,2021,Pediatría - Atención primaria (AP),PEDIATRIA_AP,Total,_T,Personas distintas atendidas en consulta,PERSONAS_DISTINTAS_ATENDIDAS_CONSULTA,20593,,,,
Fuerteventura,ES704,2021,2021,Pediatría - Atención primaria (AP),PEDIATRIA_AP,Centro,CENTRO,Personas distintas atendidas en consulta,PERSONAS_DISTINTAS_ATENDIDAS_CONSULTA,12727,,,,
Gran Canaria,ES705,2021,2021,Pediatría - Atención primaria (AP),PEDIATRIA_AP,Domicilio,DOMICILIO,Personas distintas atendidas en consulta,PERSONAS_DISTINTAS_ATENDIDAS_CONSULTA,98,,,,
Gran Canaria,ES705,2021,2021,Pediatría - Atención primaria (AP),PEDIATRIA_AP,Teleconsulta,TELECONSULTA,Personas distintas atendidas en consulta,PERSONAS_DISTINTAS_ATENDIDAS_CONSULTA,63157,,,,
Gran Canaria,ES705,2021,2021,Pediatría - Atención primaria (AP),PEDIATRIA_AP,Total,_T,Personas distintas atendidas en consulta,PERSONAS_DISTINTAS_ATENDIDAS_CONSULTA,132628,,,,
Gran Canaria,ES705,2021,2021,Pediatría - Atención primaria (AP),PEDIATRIA_AP,Centro,CENTRO,Personas distintas atendidas en consulta,PERSONAS_DISTINTAS_ATENDIDAS_CONSULTA,69373,,,,
Tenerife,ES709,2021,2021,Pediatría - Atención primaria (AP),PEDIATRIA_AP,Domicilio,DOMICILIO,Personas distintas atendidas en consulta,PERSONAS_DISTINTAS_ATENDIDAS_CONSULTA,40,,,,
Tenerife,ES709,2021,2021,Pediatría - Atención primaria (AP),PEDIATRIA_AP,Teleconsulta,TELECONSULTA,Personas distintas atendidas en consulta,PERSONAS_DISTINTAS_ATENDIDAS_CONSULTA,73809,,,,
Tenerife,ES709,2021,2021,Pediatría - Atención primaria (AP),PEDIATRIA_AP,Total,_T,Personas distintas atendidas en consulta,PERSONAS_DISTINTAS_ATENDIDAS_CONSULTA,163829,,,,
Tenerife,ES709,2021,2021,Pediatría - Atención primaria (AP),PEDIATRIA_AP,Centro,CENTRO,Personas distintas atendidas en consulta,PERSONAS_DISTINTAS_ATENDIDAS_CONSULTA,89980,,,,
La Gomera,ES706,2021,2021,Pediatría - Atención primaria (AP),PEDIATRIA_AP,Domicilio,DOMICILIO,Personas distintas atendidas en consulta,PERSONAS_DISTINTAS_ATENDIDAS_CONSULTA,0,,,,
La Gomera,ES706,2021,2021,Pediatría - Atención primaria (AP),PEDIATRIA_AP,Teleconsulta,TELECONSULTA,Personas distintas atendidas en consulta,PERSONAS_DISTINTAS_ATENDIDAS_CONSULTA,796,,,,
La Gomera,ES706,2021,2021,Pediatría - Atención primaria (AP),PEDIATRIA_AP,Total,_T,Personas distintas atendidas en consulta,PERSONAS_DISTINTAS_ATENDIDAS_CONSULTA,1719,,,,
La Gomera,ES706,2021,2021,Pediatría - Atención primaria (AP),PEDIATRIA_AP,Centro,CENTRO,Personas distintas atendidas en consulta,PERSONAS_DISTINTAS_ATENDIDAS_CONSULTA,923,,,,
La Palma,ES707,2021,2021,Pediatría - Atención primaria (AP),PEDIATRIA_AP,Domicilio,DOMICILIO,Personas distintas atendidas en consulta,PERSONAS_DISTINTAS_ATENDIDAS_CONSULTA,2,,,,
La Palma,ES707,2021,2021,Pediatría - Atención primaria (AP),PEDIATRIA_AP,Teleconsulta,TELECONSULTA,Personas distintas atendidas en consulta,PERSONAS_DISTINTAS_ATENDIDAS_CONSULTA,4662,,,,
La Palma,ES707,2021,2021,Pediatría - Atención primaria (AP),PEDIATRIA_AP,Total,_T,Personas distintas atendidas en consulta,PERSONAS_DISTINTAS_ATENDIDAS_CONSULTA,12132,,,,
La Palma,ES707,2021,2021,Pediatría - Atención primaria (AP),PEDIATRIA_AP,Centro,CENTRO,Personas distintas atendidas en consulta,PERSONAS_DISTINTAS_ATENDIDAS_CONSULTA,7468,,,,
El Hierro,ES703,2021,2021,Pediatría - Atención primaria (AP),PEDIATRIA_AP,Domicilio,DOMICILIO,Personas distintas atendidas en consulta,PERSONAS_DISTINTAS_ATENDIDAS_CONSULTA,0,,,,
El Hierro,ES703,2021,2021,Pediatría - Atención primaria (AP),PEDIATRIA_AP,Teleconsulta,TELECONSULTA,Personas distintas atendidas en consulta,PERSONAS_DISTINTAS_ATENDIDAS_CONSULTA,489,,,,
El Hierro,ES703,2021,2021,Pediatría - Atención primaria (AP),PEDIATRIA_AP,Total,_T,Personas distintas atendidas en consulta,PERSONAS_DISTINTAS_ATENDIDAS_CONSULTA,1617,,,,
El Hierro,ES703,2021,2021,Pediatría - Atención primaria (AP),PEDIATRIA_AP,Centro,CENTRO,Personas distintas atendidas en consulta,PERSONAS_DISTINTAS_ATENDIDAS_CONSULTA,1128,,,,
Canarias,ES70,2021,2021,Medicina Familia y Comunitaria - Atención primaria (AP),FAMILIA_COMUNITARIA_AP,Domicilio,DOMICILIO,Personas distintas atendidas en consulta,PERSONAS_DISTINTAS_ATENDIDAS_CONSULTA,21943,,,,
Canarias,ES70,2021,2021,Medicina Familia y Comunitaria - Atención primaria (AP),FAMILIA_COMUNITARIA_AP,Teleconsulta,TELECONSULTA,Personas distintas atendidas en consulta,PERSONAS_DISTINTAS_ATENDIDAS_CONSULTA,1257316,,,,
Canarias,ES70,2021,2021,Medicina Familia y Comunitaria - Atención primaria (AP),FAMILIA_COMUNITARIA_AP,Total,_T,Personas distintas atendidas en consulta,PERSONAS_DISTINTAS_ATENDIDAS_CONSULTA,2525599,,,,
Canarias,ES70,2021,2021,Medicina Familia y Comunitaria - Atención primaria (AP),FAMILIA_COMUNITARIA_AP,Centro,CENTRO,Personas distintas atendidas en consulta,PERSONAS_DISTINTAS_ATENDIDAS_CONSULTA,1246340,,,,
Lanzarote,ES708,2021,2021,Medicina Familia y Comunitaria - Atención primaria (AP),FAMILIA_COMUNITARIA_AP,Domicilio,DOMICILIO,Personas distintas atendidas en consulta,PERSONAS_DISTINTAS_ATENDIDAS_CONSULTA,831,,,,
Lanzarote,ES708,2021,2021,Medicina Familia y Comunitaria - Atención primaria (AP),FAMILIA_COMUNITARIA_AP,Teleconsulta,TELECONSULTA,Personas distintas atendidas en consulta,PERSONAS_DISTINTAS_ATENDIDAS_CONSULTA,79960,,,,
Lanzarote,ES708,2021,2021,Medicina Familia y Comunitaria - Atención primaria (AP),FAMILIA_COMUNITARIA_AP,Total,_T,Personas distintas atendidas en consulta,PERSONAS_DISTINTAS_ATENDIDAS_CONSULTA,168492,,,,
Lanzarote,ES708,2021,2021,Medicina Familia y Comunitaria - Atención primaria (AP),FAMILIA_COMUNITARIA_AP,Centro,CENTRO,Personas distintas atendidas en consulta,PERSONAS_DISTINTAS_ATENDIDAS_CONSULTA,87701,,,,
Fuerteventura,ES704,2021,2021,Medicina Familia y Comunitaria - Atención primaria (AP),FAMILIA_COMUNITARIA_AP,Domicilio,DOMICILIO,Personas distintas atendidas en consulta,PERSONAS_DISTINTAS_ATENDIDAS_CONSULTA,694,,,,
Fuerteventura,ES704,2021,2021,Medicina Familia y Comunitaria - Atención primaria (AP),FAMILIA_COMUNITARIA_AP,Teleconsulta,TELECONSULTA,Personas distintas atendidas en consulta,PERSONAS_DISTINTAS_ATENDIDAS_CONSULTA,51992,,,,
Fuerteventura,ES704,2021,2021,Medicina Familia y Comunitaria - Atención primaria (AP),FAMILIA_COMUNITARIA_AP,Total,_T,Personas distintas atendidas en consulta,PERSONAS_DISTINTAS_ATENDIDAS_CONSULTA,123117,,,,
Fuerteventura,ES704,2021,2021,Medicina Familia y Comunitaria - Atención primaria (AP),FAMILIA_COMUNITARIA_AP,Centro,CENTRO,Personas distintas atendidas en consulta,PERSONAS_DISTINTAS_ATENDIDAS_CONSULTA,70431,,,,
Gran Canaria,ES705,2021,2021,Medicina Familia y Comunitaria - Atención primaria (AP),FAMILIA_COMUNITARIA_AP,Domicilio,DOMICILIO,Personas distintas atendidas en consulta,PERSONAS_DISTINTAS_ATENDIDAS_CONSULTA,8572,,,,
Gran Canaria,ES705,2021,2021,Medicina Familia y Comunitaria - Atención primaria (AP),FAMILIA_COMUNITARIA_AP,Teleconsulta,TELECONSULTA,Personas distintas atendidas en consulta,PERSONAS_DISTINTAS_ATENDIDAS_CONSULTA,530310,,,,
Gran Canaria,ES705,2021,2021,Medicina Familia y Comunitaria - Atención primaria (AP),FAMILIA_COMUNITARIA_AP,Total,_T,Personas distintas atendidas en consulta,PERSONAS_DISTINTAS_ATENDIDAS_CONSULTA,1029497,,,,
Gran Canaria,ES705,2021,2021,Medicina Familia y Comunitaria - Atención primaria (AP),FAMILIA_COMUNITARIA_AP,Centro,CENTRO,Personas distintas atendidas en consulta,PERSONAS_DISTINTAS_ATENDIDAS_CONSULTA,490615,,,,
Tenerife,ES709,2021,2021,Medicina Familia y Comunitaria - Atención primaria (AP),FAMILIA_COMUNITARIA_AP,Domicilio,DOMICILIO,Personas distintas atendidas en consulta,PERSONAS_DISTINTAS_ATENDIDAS_CONSULTA,9683,,,,
Tenerife,ES709,2021,2021,Medicina Familia y Comunitaria - Atención primaria (AP),FAMILIA_COMUNITARIA_AP,Teleconsulta,TELECONSULTA,Personas distintas atendidas en consulta,PERSONAS_DISTINTAS_ATENDIDAS_CONSULTA,538302,,,,
Tenerife,ES709,2021,2021,Medicina Familia y Comunitaria - Atención primaria (AP),FAMILIA_COMUNITARIA_AP,Total,_T,Personas distintas atendidas en consulta,PERSONAS_DISTINTAS_ATENDIDAS_CONSULTA,1072005,,,,
Tenerife,ES709,2021,2021,Medicina Familia y Comunitaria - Atención primaria (AP),FAMILIA_COMUNITARIA_AP,Centro,CENTRO,Personas distintas atendidas en consulta,PERSONAS_DISTINTAS_ATENDIDAS_CONSULTA,524020,,,,
La Gomera,ES706,2021,2021,Medicina Familia y Comunitaria - Atención primaria (AP),FAMILIA_COMUNITARIA_AP,Domicilio,DOMICILIO,Personas distintas atendidas en consulta,PERSONAS_DISTINTAS_ATENDIDAS_CONSULTA,404,,,,
La Gomera,ES706,2021,2021,Medicina Familia y Comunitaria - Atención primaria (AP),FAMILIA_COMUNITARIA_AP,Teleconsulta,TELECONSULTA,Personas distintas atendidas en consulta,PERSONAS_DISTINTAS_ATENDIDAS_CONSULTA,8993,,,,
La Gomera,ES706,2021,2021,Medicina Familia y Comunitaria - Atención primaria (AP),FAMILIA_COMUNITARIA_AP,Total,_T,Personas distintas atendidas en consulta,PERSONAS_DISTINTAS_ATENDIDAS_CONSULTA,24335,,,,
La Gomera,ES706,2021,2021,Medicina Familia y Comunitaria - Atención primaria (AP),FAMILIA_COMUNITARIA_AP,Centro,CENTRO,Personas distintas atendidas en consulta,PERSONAS_DISTINTAS_ATENDIDAS_CONSULTA,14938,,,,
La Palma,ES707,2021,2021,Medicina Familia y Comunitaria - Atención primaria (AP),FAMILIA_COMUNITARIA_AP,Domicilio,DOMICILIO,Personas distintas atendidas en consulta,PERSONAS_DISTINTAS_ATENDIDAS_CONSULTA,1397,,,,
La Palma,ES707,2021,2021,Medicina Familia y Comunitaria - Atención primaria (AP),FAMILIA_COMUNITARIA_AP,Teleconsulta,TELECONSULTA,Personas distintas atendidas en consulta,PERSONAS_DISTINTAS_ATENDIDAS_CONSULTA,40972,,,,
La Palma,ES707,2021,2021,Medicina Familia y Comunitaria - Atención primaria (AP),FAMILIA_COMUNITARIA_AP,Total,_T,Personas distintas atendidas en consulta,PERSONAS_DISTINTAS_ATENDIDAS_CONSULTA,93280,,,,
La Palma,ES707,2021,2021,Medicina Familia y Comunitaria - Atención primaria (AP),FAMILIA_COMUNITARIA_AP,Centro,CENTRO,Personas distintas atendidas en consulta,PERSONAS_DISTINTAS_ATENDIDAS_CONSULTA,50911,,,,
El Hierro,ES703,2021,2021,Medicina Familia y Comunitaria - Atención primaria (AP),FAMILIA_COMUNITARIA_AP,Domicilio,DOMICILIO,Personas distintas atendidas en consulta,PERSONAS_DISTINTAS_ATENDIDAS_CONSULTA,362,,,,
El Hierro,ES703,2021,2021,Medicina Familia y Comunitaria - Atención primaria (AP),FAMILIA_COMUNITARIA_AP,Teleconsulta,TELECONSULTA,Personas distintas atendidas en consulta,PERSONAS_DISTINTAS_ATENDIDAS_CONSULTA,6787,,,,
El Hierro,ES703,2021,2021,Medicina Familia y Comunitaria - Atención primaria (AP),FAMILIA_COMUNITARIA_AP,Total,_T,Personas distintas atendidas en consulta,PERSONAS_DISTINTAS_ATENDIDAS_CONSULTA,14873,,,,
El Hierro,ES703,2021,2021,Medicina Familia y Comunitaria - Atención primaria (AP),FAMILIA_COMUNITARIA_AP,Centro,CENTRO,Personas distintas atendidas en consulta,PERSONAS_DISTINTAS_ATENDIDAS_CONSULTA,7724,,,,
Canarias,ES70,2022,2022,Enfermería - Atención primaria (AP),ENFERMERIA_AP,Domicilio,DOMICILIO,Personas distintas atendidas en consulta,PERSONAS_DISTINTAS_ATENDIDAS_CONSULTA,58873,,,,
Canarias,ES70,2022,2022,Enfermería - Atención primaria (AP),ENFERMERIA_AP,Teleconsulta,TELECONSULTA,Personas distintas atendidas en consulta,PERSONAS_DISTINTAS_ATENDIDAS_CONSULTA,200640,,,,
Canarias,ES70,2022,2022,Enfermería - Atención primaria (AP),ENFERMERIA_AP,Total,_T,Personas distintas atendidas en consulta,PERSONAS_DISTINTAS_ATENDIDAS_CONSULTA,1655517,,,,
Canarias,ES70,2022,2022,Enfermería - Atención primaria (AP),ENFERMERIA_AP,Centro,CENTRO,Personas distintas atendidas en consulta,PERSONAS_DISTINTAS_ATENDIDAS_CONSULTA,1396004,,,,
Lanzarote,ES708,2022,2022,Enfermería - Atención primaria (AP),ENFERMERIA_AP,Domicilio,DOMICILIO,Personas distintas atendidas en consulta,PERSONAS_DISTINTAS_ATENDIDAS_CONSULTA,2013,,,,
Lanzarote,ES708,2022,2022,Enfermería - Atención primaria (AP),ENFERMERIA_AP,Teleconsulta,TELECONSULTA,Personas distintas atendidas en consulta,PERSONAS_DISTINTAS_ATENDIDAS_CONSULTA,7498,,,,
Lanzarote,ES708,2022,2022,Enfermería - Atención primaria (AP),ENFERMERIA_AP,Total,_T,Personas distintas atendidas en consulta,PERSONAS_DISTINTAS_ATENDIDAS_CONSULTA,128265,,,,
Lanzarote,ES708,2022,2022,Enfermería - Atención primaria (AP),ENFERMERIA_AP,Centro,CENTRO,Personas distintas atendidas en consulta,PERSONAS_DISTINTAS_ATENDIDAS_CONSULTA,118754,,,,
Fuerteventura,ES704,2022,2022,Enfermería - Atención primaria (AP),ENFERMERIA_AP,Domicilio,DOMICILIO,Personas distintas atendidas en consulta,PERSONAS_DISTINTAS_ATENDIDAS_CONSULTA,1840,,,,
Fuerteventura,ES704,2022,2022,Enfermería - Atención primaria (AP),ENFERMERIA_AP,Teleconsulta,TELECONSULTA,Personas distintas atendidas en consulta,PERSONAS_DISTINTAS_ATENDIDAS_CONSULTA,6699,,,,
Fuerteventura,ES704,2022,2022,Enfermería - Atención primaria (AP),ENFERMERIA_AP,Total,_T,Personas distintas atendidas en consulta,PERSONAS_DISTINTAS_ATENDIDAS_CONSULTA,97274,,,,
Fuerteventura,ES704,2022,2022,Enfermería - Atención primaria (AP),ENFERMERIA_AP,Centro,CENTRO,Personas distintas atendidas en consulta,PERSONAS_DISTINTAS_ATENDIDAS_CONSULTA,88735,,,,
Gran Canaria,ES705,2022,2022,Enfermería - Atención primaria (AP),ENFERMERIA_AP,Domicilio,DOMICILIO,Personas distintas atendidas en consulta,PERSONAS_DISTINTAS_ATENDIDAS_CONSULTA,31425,,,,
Gran Canaria,ES705,2022,2022,Enfermería - Atención primaria (AP),ENFERMERIA_AP,Teleconsulta,TELECONSULTA,Personas distintas atendidas en consulta,PERSONAS_DISTINTAS_ATENDIDAS_CONSULTA,46397,,,,
Gran Canaria,ES705,2022,2022,Enfermería - Atención primaria (AP),ENFERMERIA_AP,Total,_T,Personas distintas atendidas en consulta,PERSONAS_DISTINTAS_ATENDIDAS_CONSULTA,648310,,,,
Gran Canaria,ES705,2022,2022,Enfermería - Atención primaria (AP),ENFERMERIA_AP,Centro,CENTRO,Personas distintas atendidas en consulta,PERSONAS_DISTINTAS_ATENDIDAS_CONSULTA,570488,,,,
Tenerife,ES709,2022,2022,Enfermería - Atención primaria (AP),ENFERMERIA_AP,Domicilio,DOMICILIO,Personas distintas atendidas en consulta,PERSONAS_DISTINTAS_ATENDIDAS_CONSULTA,19194,,,,
Tenerife,ES709,2022,2022,Enfermería - Atención primaria (AP),ENFERMERIA_AP,Teleconsulta,TELECONSULTA,Personas distintas atendidas en consulta,PERSONAS_DISTINTAS_ATENDIDAS_CONSULTA,133092,,,,
Tenerife,ES709,2022,2022,Enfermería - Atención primaria (AP),ENFERMERIA_AP,Total,_T,Personas distintas atendidas en consulta,PERSONAS_DISTINTAS_ATENDIDAS_CONSULTA,699427,,,,
Tenerife,ES709,2022,2022,Enfermería - Atención primaria (AP),ENFERMERIA_AP,Centro,CENTRO,Personas distintas atendidas en consulta,PERSONAS_DISTINTAS_ATENDIDAS_CONSULTA,547141,,,,
La Gomera,ES706,2022,2022,Enfermería - Atención primaria (AP),ENFERMERIA_AP,Domicilio,DOMICILIO,Personas distintas atendidas en consulta,PERSONAS_DISTINTAS_ATENDIDAS_CONSULTA,829,,,,
La Gomera,ES706,2022,2022,Enfermería - Atención primaria (AP),ENFERMERIA_AP,Teleconsulta,TELECONSULTA,Personas distintas atendidas en consulta,PERSONAS_DISTINTAS_ATENDIDAS_CONSULTA,2513,,,,
La Gomera,ES706,2022,2022,Enfermería - Atención primaria (AP),ENFERMERIA_AP,Total,_T,Personas distintas atendidas en consulta,PERSONAS_DISTINTAS_ATENDIDAS_CONSULTA,18103,,,,
La Gomera,ES706,2022,2022,Enfermería - Atención primaria (AP),ENFERMERIA_AP,Centro,CENTRO,Personas distintas atendidas en consulta,PERSONAS_DISTINTAS_ATENDIDAS_CONSULTA,14761,,,,
La Palma,ES707,2022,2022,Enfermería - Atención primaria (AP),ENFERMERIA_AP,Domicilio,DOMICILIO,Personas distintas atendidas en consulta,PERSONAS_DISTINTAS_ATENDIDAS_CONSULTA,3028,,,,
La Palma,ES707,2022,2022,Enfermería - Atención primaria (AP),ENFERMERIA_AP,Teleconsulta,TELECONSULTA,Personas distintas atendidas en consulta,PERSONAS_DISTINTAS_ATENDIDAS_CONSULTA,3207,,,,
La Palma,ES707,2022,2022,Enfermería - Atención primaria (AP),ENFERMERIA_AP,Total,_T,Personas distintas atendidas en consulta,PERSONAS_DISTINTAS_ATENDIDAS_CONSULTA,54405,,,,
La Palma,ES707,2022,2022,Enfermería - Atención primaria (AP),ENFERMERIA_AP,Centro,CENTRO,Personas distintas atendidas en consulta,PERSONAS_DISTINTAS_ATENDIDAS_CONSULTA,48170,,,,
El Hierro,ES703,2022,2022,Enfermería - Atención primaria (AP),ENFERMERIA_AP,Domicilio,DOMICILIO,Personas distintas atendidas en consulta,PERSONAS_DISTINTAS_ATENDIDAS_CONSULTA,544,,,,
El Hierro,ES703,2022,2022,Enfermería - Atención primaria (AP),ENFERMERIA_AP,Teleconsulta,TELECONSULTA,Personas distintas atendidas en consulta,PERSONAS_DISTINTAS_ATENDIDAS_CONSULTA,1234,,,,
El Hierro,ES703,2022,2022,Enfermería - Atención primaria (AP),ENFERMERIA_AP,Total,_T,Personas distintas atendidas en consulta,PERSONAS_DISTINTAS_ATENDIDAS_CONSULTA,9733,,,,
El Hierro,ES703,2022,2022,Enfermería - Atención primaria (AP),ENFERMERIA_AP,Centro,CENTRO,Personas distintas atendidas en consulta,PERSONAS_DISTINTAS_ATENDIDAS_CONSULTA,7955,,,,
Canarias,ES70,2022,2022,Pediatría - Atención primaria (AP),PEDIATRIA_AP,Domicilio,DOMICILIO,Personas distintas atendidas en consulta,PERSONAS_DISTINTAS_ATENDIDAS_CONSULTA,64,,,,
Canarias,ES70,2022,2022,Pediatría - Atención primaria (AP),PEDIATRIA_AP,Teleconsulta,TELECONSULTA,Personas distintas atendidas en consulta,PERSONAS_DISTINTAS_ATENDIDAS_CONSULTA,144821,,,,
Canarias,ES70,2022,2022,Pediatría - Atención primaria (AP),PEDIATRIA_AP,Total,_T,Personas distintas atendidas en consulta,PERSONAS_DISTINTAS_ATENDIDAS_CONSULTA,352428,,,,
Canarias,ES70,2022,2022,Pediatría - Atención primaria (AP),PEDIATRIA_AP,Centro,CENTRO,Personas distintas atendidas en consulta,PERSONAS_DISTINTAS_ATENDIDAS_CONSULTA,207543,,,,
Lanzarote,ES708,2022,2022,Pediatría - Atención primaria (AP),PEDIATRIA_AP,Domicilio,DOMICILIO,Personas distintas atendidas en consulta,PERSONAS_DISTINTAS_ATENDIDAS_CONSULTA,4,,,,
Lanzarote,ES708,2022,2022,Pediatría - Atención primaria (AP),PEDIATRIA_AP,Teleconsulta,TELECONSULTA,Personas distintas atendidas en consulta,PERSONAS_DISTINTAS_ATENDIDAS_CONSULTA,8900,,,,
Lanzarote,ES708,2022,2022,Pediatría - Atención primaria (AP),PEDIATRIA_AP,Total,_T,Personas distintas atendidas en consulta,PERSONAS_DISTINTAS_ATENDIDAS_CONSULTA,26631,,,,
Lanzarote,ES708,2022,2022,Pediatría - Atención primaria (AP),PEDIATRIA_AP,Centro,CENTRO,Personas distintas atendidas en consulta,PERSONAS_DISTINTAS_ATENDIDAS_CONSULTA,17727,,,,
Fuerteventura,ES704,2022,2022,Pediatría - Atención primaria (AP),PEDIATRIA_AP,Domicilio,DOMICILIO,Personas distintas atendidas en consulta,PERSONAS_DISTINTAS_ATENDIDAS_CONSULTA,7,,,,
Fuerteventura,ES704,2022,2022,Pediatría - Atención primaria (AP),PEDIATRIA_AP,Teleconsulta,TELECONSULTA,Personas distintas atendidas en consulta,PERSONAS_DISTINTAS_ATENDIDAS_CONSULTA,7314,,,,
Fuerteventura,ES704,2022,2022,Pediatría - Atención primaria (AP),PEDIATRIA_AP,Total,_T,Personas distintas atendidas en consulta,PERSONAS_DISTINTAS_ATENDIDAS_CONSULTA,20397,,,,
Fuerteventura,ES704,2022,2022,Pediatría - Atención primaria (AP),PEDIATRIA_AP,Centro,CENTRO,Personas distintas atendidas en consulta,PERSONAS_DISTINTAS_ATENDIDAS_CONSULTA,13076,,,,
Gran Canaria,ES705,2022,2022,Pediatría - Atención primaria (AP),PEDIATRIA_AP,Domicilio,DOMICILIO,Personas distintas atendidas en consulta,PERSONAS_DISTINTAS_ATENDIDAS_CONSULTA,32,,,,
Gran Canaria,ES705,2022,2022,Pediatría - Atención primaria (AP),PEDIATRIA_AP,Teleconsulta,TELECONSULTA,Personas distintas atendidas en consulta,PERSONAS_DISTINTAS_ATENDIDAS_CONSULTA,58824,,,,
Gran Canaria,ES705,2022,2022,Pediatría - Atención primaria (AP),PEDIATRIA_AP,Total,_T,Personas distintas atendidas en consulta,PERSONAS_DISTINTAS_ATENDIDAS_CONSULTA,132024,,,,
Gran Canaria,ES705,2022,2022,Pediatría - Atención primaria (AP),PEDIATRIA_AP,Centro,CENTRO,Personas distintas atendidas en consulta,PERSONAS_DISTINTAS_ATENDIDAS_CONSULTA,73168,,,,
Tenerife,ES709,2022,2022,Pediatría - Atención primaria (AP),PEDIATRIA_AP,Domicilio,DOMICILIO,Personas distintas atendidas en consulta,PERSONAS_DISTINTAS_ATENDIDAS_CONSULTA,21,,,,
Tenerife,ES709,2022,2022,Pediatría - Atención primaria (AP),PEDIATRIA_AP,Teleconsulta,TELECONSULTA,Personas distintas atendidas en consulta,PERSONAS_DISTINTAS_ATENDIDAS_CONSULTA,63579,,,,
Tenerife,ES709,2022,2022,Pediatría - Atención primaria (AP),PEDIATRIA_AP,Total,_T,Personas distintas atendidas en consulta,PERSONAS_DISTINTAS_ATENDIDAS_CONSULTA,157155,,,,
Tenerife,ES709,2022,2022,Pediatría - Atención primaria (AP),PEDIATRIA_AP,Centro,CENTRO,Personas distintas atendidas en consulta,PERSONAS_DISTINTAS_ATENDIDAS_CONSULTA,93555,,,,
La Gomera,ES706,2022,2022,Pediatría - Atención primaria (AP),PEDIATRIA_AP,Domicilio,DOMICILIO,Personas distintas atendidas en consulta,PERSONAS_DISTINTAS_ATENDIDAS_CONSULTA,0,,,,
La Gomera,ES706,2022,2022,Pediatría - Atención primaria (AP),PEDIATRIA_AP,Teleconsulta,TELECONSULTA,Personas distintas atendidas en consulta,PERSONAS_DISTINTAS_ATENDIDAS_CONSULTA,718,,,,
La Gomera,ES706,2022,2022,Pediatría - Atención primaria (AP),PEDIATRIA_AP,Total,_T,Personas distintas atendidas en consulta,PERSONAS_DISTINTAS_ATENDIDAS_CONSULTA,1691,,,,
La Gomera,ES706,2022,2022,Pediatría - Atención primaria (AP),PEDIATRIA_AP,Centro,CENTRO,Personas distintas atendidas en consulta,PERSONAS_DISTINTAS_ATENDIDAS_CONSULTA,973,,,,
La Palma,ES707,2022,2022,Pediatría - Atención primaria (AP),PEDIATRIA_AP,Domicilio,DOMICILIO,Personas distintas atendidas en consulta,PERSONAS_DISTINTAS_ATENDIDAS_CONSULTA,0,,,,
La Palma,ES707,2022,2022,Pediatría - Atención primaria (AP),PEDIATRIA_AP,Teleconsulta,TELECONSULTA,Personas distintas atendidas en consulta,PERSONAS_DISTINTAS_ATENDIDAS_CONSULTA,4892,,,,
La Palma,ES707,2022,2022,Pediatría - Atención primaria (AP),PEDIATRIA_AP,Total,_T,Personas distintas atendidas en consulta,PERSONAS_DISTINTAS_ATENDIDAS_CONSULTA,12732,,,,
La Palma,ES707,2022,2022,Pediatría - Atención primaria (AP),PEDIATRIA_AP,Centro,CENTRO,Personas distintas atendidas en consulta,PERSONAS_DISTINTAS_ATENDIDAS_CONSULTA,7840,,,,
El Hierro,ES703,2022,2022,Pediatría - Atención primaria (AP),PEDIATRIA_AP,Domicilio,DOMICILIO,Personas distintas atendidas en consulta,PERSONAS_DISTINTAS_ATENDIDAS_CONSULTA,0,,,,
El Hierro,ES703,2022,2022,Pediatría - Atención primaria (AP),PEDIATRIA_AP,Teleconsulta,TELECONSULTA,Personas distintas atendidas en consulta,PERSONAS_DISTINTAS_ATENDIDAS_CONSULTA,594,,,,
El Hierro,ES703,2022,2022,Pediatría - Atención primaria (AP),PEDIATRIA_AP,Total,_T,Personas distintas atendidas en consulta,PERSONAS_DISTINTAS_ATENDIDAS_CONSULTA,1798,,,,
El Hierro,ES703,2022,2022,Pediatría - Atención primaria (AP),PEDIATRIA_AP,Centro,CENTRO,Personas distintas atendidas en consulta,PERSONAS_DISTINTAS_ATENDIDAS_CONSULTA,1204,,,,
Canarias,ES70,2022,2022,Medicina Familia y Comunitaria - Atención primaria (AP),FAMILIA_COMUNITARIA_AP,Domicilio,DOMICILIO,Personas distintas atendidas en consulta,PERSONAS_DISTINTAS_ATENDIDAS_CONSULTA,22712,,,,
Canarias,ES70,2022,2022,Medicina Familia y Comunitaria - Atención primaria (AP),FAMILIA_COMUNITARIA_AP,Teleconsulta,TELECONSULTA,Personas distintas atendidas en consulta,PERSONAS_DISTINTAS_ATENDIDAS_CONSULTA,1231049,,,,
Canarias,ES70,2022,2022,Medicina Familia y Comunitaria - Atención primaria (AP),FAMILIA_COMUNITARIA_AP,Total,_T,Personas distintas atendidas en consulta,PERSONAS_DISTINTAS_ATENDIDAS_CONSULTA,2627269,,,,
Canarias,ES70,2022,2022,Medicina Familia y Comunitaria - Atención primaria (AP),FAMILIA_COMUNITARIA_AP,Centro,CENTRO,Personas distintas atendidas en consulta,PERSONAS_DISTINTAS_ATENDIDAS_CONSULTA,1373508,,,,
Lanzarote,ES708,2022,2022,Medicina Familia y Comunitaria - Atención primaria (AP),FAMILIA_COMUNITARIA_AP,Domicilio,DOMICILIO,Personas distintas atendidas en consulta,PERSONAS_DISTINTAS_ATENDIDAS_CONSULTA,870,,,,
Lanzarote,ES708,2022,2022,Medicina Familia y Comunitaria - Atención primaria (AP),FAMILIA_COMUNITARIA_AP,Teleconsulta,TELECONSULTA,Personas distintas atendidas en consulta,PERSONAS_DISTINTAS_ATENDIDAS_CONSULTA,74317,,,,
Lanzarote,ES708,2022,2022,Medicina Familia y Comunitaria - Atención primaria (AP),FAMILIA_COMUNITARIA_AP,Total,_T,Personas distintas atendidas en consulta,PERSONAS_DISTINTAS_ATENDIDAS_CONSULTA,172074,,,,
Lanzarote,ES708,2022,2022,Medicina Familia y Comunitaria - Atención primaria (AP),FAMILIA_COMUNITARIA_AP,Centro,CENTRO,Personas distintas atendidas en consulta,PERSONAS_DISTINTAS_ATENDIDAS_CONSULTA,96887,,,,
Fuerteventura,ES704,2022,2022,Medicina Familia y Comunitaria - Atención primaria (AP),FAMILIA_COMUNITARIA_AP,Domicilio,DOMICILIO,Personas distintas atendidas en consulta,PERSONAS_DISTINTAS_ATENDIDAS_CONSULTA,773,,,,
Fuerteventura,ES704,2022,2022,Medicina Familia y Comunitaria - Atención primaria (AP),FAMILIA_COMUNITARIA_AP,Teleconsulta,TELECONSULTA,Personas distintas atendidas en consulta,PERSONAS_DISTINTAS_ATENDIDAS_CONSULTA,56647,,,,
Fuerteventura,ES704,2022,2022,Medicina Familia y Comunitaria - Atención primaria (AP),FAMILIA_COMUNITARIA_AP,Total,_T,Personas distintas atendidas en consulta,PERSONAS_DISTINTAS_ATENDIDAS_CONSULTA,135965,,,,
Fuerteventura,ES704,2022,2022,Medicina Familia y Comunitaria - Atención primaria (AP),FAMILIA_COMUNITARIA_AP,Centro,CENTRO,Personas distintas atendidas en consulta,PERSONAS_DISTINTAS_ATENDIDAS_CONSULTA,78545,,,,
Gran Canaria,ES705,2022,2022,Medicina Familia y Comunitaria - Atención primaria (AP),FAMILIA_COMUNITARIA_AP,Domicilio,DOMICILIO,Personas distintas atendidas en consulta,PERSONAS_DISTINTAS_ATENDIDAS_CONSULTA,8603,,,,
Gran Canaria,ES705,2022,2022,Medicina Familia y Comunitaria - Atención primaria (AP),FAMILIA_COMUNITARIA_AP,Teleconsulta,TELECONSULTA,Personas distintas atendidas en consulta,PERSONAS_DISTINTAS_ATENDIDAS_CONSULTA,530807,,,,
Gran Canaria,ES705,2022,2022,Medicina Familia y Comunitaria - Atención primaria (AP),FAMILIA_COMUNITARIA_AP,Total,_T,Personas distintas atendidas en consulta,PERSONAS_DISTINTAS_ATENDIDAS_CONSULTA,1083849,,,,
Gran Canaria,ES705,2022,2022,Medicina Familia y Comunitaria - Atención primaria (AP),FAMILIA_COMUNITARIA_AP,Centro,CENTRO,Personas distintas atendidas en consulta,PERSONAS_DISTINTAS_ATENDIDAS_CONSULTA,544439,,,,
Tenerife,ES709,2022,2022,Medicina Familia y Comunitaria - Atención primaria (AP),FAMILIA_COMUNITARIA_AP,Domicilio,DOMICILIO,Personas distintas atendidas en consulta,PERSONAS_DISTINTAS_ATENDIDAS_CONSULTA,10355,,,,
Tenerife,ES709,2022,2022,Medicina Familia y Comunitaria - Atención primaria (AP),FAMILIA_COMUNITARIA_AP,Teleconsulta,TELECONSULTA,Personas distintas atendidas en consulta,PERSONAS_DISTINTAS_ATENDIDAS_CONSULTA,511465,,,,
Tenerife,ES709,2022,2022,Medicina Familia y Comunitaria - Atención primaria (AP),FAMILIA_COMUNITARIA_AP,Total,_T,Personas distintas atendidas en consulta,PERSONAS_DISTINTAS_ATENDIDAS_CONSULTA,1097748,,,,
Tenerife,ES709,2022,2022,Medicina Familia y Comunitaria - Atención primaria (AP),FAMILIA_COMUNITARIA_AP,Centro,CENTRO,Personas distintas atendidas en consulta,PERSONAS_DISTINTAS_ATENDIDAS_CONSULTA,575928,,,,
La Gomera,ES706,2022,2022,Medicina Familia y Comunitaria - Atención primaria (AP),FAMILIA_COMUNITARIA_AP,Domicilio,DOMICILIO,Personas distintas atendidas en consulta,PERSONAS_DISTINTAS_ATENDIDAS_CONSULTA,441,,,,
La Gomera,ES706,2022,2022,Medicina Familia y Comunitaria - Atención primaria (AP),FAMILIA_COMUNITARIA_AP,Teleconsulta,TELECONSULTA,Personas distintas atendidas en consulta,PERSONAS_DISTINTAS_ATENDIDAS_CONSULTA,9461,,,,
La Gomera,ES706,2022,2022,Medicina Familia y Comunitaria - Atención primaria (AP),FAMILIA_COMUNITARIA_AP,Total,_T,Personas distintas atendidas en consulta,PERSONAS_DISTINTAS_ATENDIDAS_CONSULTA,25274,,,,
La Gomera,ES706,2022,2022,Medicina Familia y Comunitaria - Atención primaria (AP),FAMILIA_COMUNITARIA_AP,Centro,CENTRO,Personas distintas atendidas en consulta,PERSONAS_DISTINTAS_ATENDIDAS_CONSULTA,15372,,,,
La Palma,ES707,2022,2022,Medicina Familia y Comunitaria - Atención primaria (AP),FAMILIA_COMUNITARIA_AP,Domicilio,DOMICILIO,Personas distintas atendidas en consulta,PERSONAS_DISTINTAS_ATENDIDAS_CONSULTA,1294,,,,
La Palma,ES707,2022,2022,Medicina Familia y Comunitaria - Atención primaria (AP),FAMILIA_COMUNITARIA_AP,Teleconsulta,TELECONSULTA,Personas distintas atendidas en consulta,PERSONAS_DISTINTAS_ATENDIDAS_CONSULTA,42234,,,,
La Palma,ES707,2022,2022,Medicina Familia y Comunitaria - Atención primaria (AP),FAMILIA_COMUNITARIA_AP,Total,_T,Personas distintas atendidas en consulta,PERSONAS_DISTINTAS_ATENDIDAS_CONSULTA,97548,,,,
La Palma,ES707,2022,2022,Medicina Familia y Comunitaria - Atención primaria (AP),FAMILIA_COMUNITARIA_AP,Centro,CENTRO,Personas distintas atendidas en consulta,PERSONAS_DISTINTAS_ATENDIDAS_CONSULTA,54020,,,,
El Hierro,ES703,2022,2022,Medicina Familia y Comunitaria - Atención primaria (AP),FAMILIA_COMUNITARIA_AP,Domicilio,DOMICILIO,Personas distintas atendidas en consulta,PERSONAS_DISTINTAS_ATENDIDAS_CONSULTA,376,,,,
El Hierro,ES703,2022,2022,Medicina Familia y Comunitaria - Atención primaria (AP),FAMILIA_COMUNITARIA_AP,Teleconsulta,TELECONSULTA,Personas distintas atendidas en consulta,PERSONAS_DISTINTAS_ATENDIDAS_CONSULTA,6118,,,,
El Hierro,ES703,2022,2022,Medicina Familia y Comunitaria - Atención primaria (AP),FAMILIA_COMUNITARIA_AP,Total,_T,Personas distintas atendidas en consulta,PERSONAS_DISTINTAS_ATENDIDAS_CONSULTA,14811,,,,
El Hierro,ES703,2022,2022,Medicina Familia y Comunitaria - Atención primaria (AP),FAMILIA_COMUNITARIA_AP,Centro,CENTRO,Personas distintas atendidas en consulta,PERSONAS_DISTINTAS_ATENDIDAS_CONSULTA,8317,,,,
Canarias,ES70,2023,2023,Enfermería - Atención primaria (AP),ENFERMERIA_AP,Domicilio,DOMICILIO,Personas distintas atendidas en consulta,PERSONAS_DISTINTAS_ATENDIDAS_CONSULTA,49673,,,,
Canarias,ES70,2023,2023,Enfermería - Atención primaria (AP),ENFERMERIA_AP,Teleconsulta,TELECONSULTA,Personas distintas atendidas en consulta,PERSONAS_DISTINTAS_ATENDIDAS_CONSULTA,168568,,,,
Canarias,ES70,2023,2023,Enfermería - Atención primaria (AP),ENFERMERIA_AP,Total,_T,Personas distintas atendidas en consulta,PERSONAS_DISTINTAS_ATENDIDAS_CONSULTA,1414603,,,,
Canarias,ES70,2023,2023,Enfermería - Atención primaria (AP),ENFERMERIA_AP,Centro,CENTRO,Personas distintas atendidas en consulta,PERSONAS_DISTINTAS_ATENDIDAS_CONSULTA,1196362,,,,
Lanzarote,ES708,2023,2023,Enfermería - Atención primaria (AP),ENFERMERIA_AP,Domicilio,DOMICILIO,Personas distintas atendidas en consulta,PERSONAS_DISTINTAS_ATENDIDAS_CONSULTA,2170,,,,
Lanzarote,ES708,2023,2023,Enfermería - Atención primaria (AP),ENFERMERIA_AP,Teleconsulta,TELECONSULTA,Personas distintas atendidas en consulta,PERSONAS_DISTINTAS_ATENDIDAS_CONSULTA,7796,,,,
Lanzarote,ES708,2023,2023,Enfermería - Atención primaria (AP),ENFERMERIA_AP,Total,_T,Personas distintas atendidas en consulta,PERSONAS_DISTINTAS_ATENDIDAS_CONSULTA,86508,,,,
Lanzarote,ES708,2023,2023,Enfermería - Atención primaria (AP),ENFERMERIA_AP,Centro,CENTRO,Personas distintas atendidas en consulta,PERSONAS_DISTINTAS_ATENDIDAS_CONSULTA,76542,,,,
Fuerteventura,ES704,2023,2023,Enfermería - Atención primaria (AP),ENFERMERIA_AP,Domicilio,DOMICILIO,Personas distintas atendidas en consulta,PERSONAS_DISTINTAS_ATENDIDAS_CONSULTA,1645,,,,
Fuerteventura,ES704,2023,2023,Enfermería - Atención primaria (AP),ENFERMERIA_AP,Teleconsulta,TELECONSULTA,Personas distintas atendidas en consulta,PERSONAS_DISTINTAS_ATENDIDAS_CONSULTA,8499,,,,
Fuerteventura,ES704,2023,2023,Enfermería - Atención primaria (AP),ENFERMERIA_AP,Total,_T,Personas distintas atendidas en consulta,PERSONAS_DISTINTAS_ATENDIDAS_CONSULTA,77169,,,,
Fuerteventura,ES704,2023,2023,Enfermería - Atención primaria (AP),ENFERMERIA_AP,Centro,CENTRO,Personas distintas atendidas en consulta,PERSONAS_DISTINTAS_ATENDIDAS_CONSULTA,67025,,,,
Gran Canaria,ES705,2023,2023,Enfermería - Atención primaria (AP),ENFERMERIA_AP,Domicilio,DOMICILIO,Personas distintas atendidas en consulta,PERSONAS_DISTINTAS_ATENDIDAS_CONSULTA,21413,,,,
Gran Canaria,ES705,2023,2023,Enfermería - Atención primaria (AP),ENFERMERIA_AP,Teleconsulta,TELECONSULTA,Personas distintas atendidas en consulta,PERSONAS_DISTINTAS_ATENDIDAS_CONSULTA,48592,,,,
Gran Canaria,ES705,2023,2023,Enfermería - Atención primaria (AP),ENFERMERIA_AP,Total,_T,Personas distintas atendidas en consulta,PERSONAS_DISTINTAS_ATENDIDAS_CONSULTA,504999,,,,
Gran Canaria,ES705,2023,2023,Enfermería - Atención primaria (AP),ENFERMERIA_AP,Centro,CENTRO,Personas distintas atendidas en consulta,PERSONAS_DISTINTAS_ATENDIDAS_CONSULTA,434994,,,,
Tenerife,ES709,2023,2023,Enfermería - Atención primaria (AP),ENFERMERIA_AP,Domicilio,DOMICILIO,Personas distintas atendidas en consulta,PERSONAS_DISTINTAS_ATENDIDAS_CONSULTA,20293,,,,
Tenerife,ES709,2023,2023,Enfermería - Atención primaria (AP),ENFERMERIA_AP,Teleconsulta,TELECONSULTA,Personas distintas atendidas en consulta,PERSONAS_DISTINTAS_ATENDIDAS_CONSULTA,97199,,,,
Tenerife,ES709,2023,2023,Enfermería - Atención primaria (AP),ENFERMERIA_AP,Total,_T,Personas distintas atendidas en consulta,PERSONAS_DISTINTAS_ATENDIDAS_CONSULTA,663308,,,,
Tenerife,ES709,2023,2023,Enfermería - Atención primaria (AP),ENFERMERIA_AP,Centro,CENTRO,Personas distintas atendidas en consulta,PERSONAS_DISTINTAS_ATENDIDAS_CONSULTA,545816,,,,
La Gomera,ES706,2023,2023,Enfermería - Atención primaria (AP),ENFERMERIA_AP,Domicilio,DOMICILIO,Personas distintas atendidas en consulta,PERSONAS_DISTINTAS_ATENDIDAS_CONSULTA,808,,,,
La Gomera,ES706,2023,2023,Enfermería - Atención primaria (AP),ENFERMERIA_AP,Teleconsulta,TELECONSULTA,Personas distintas atendidas en consulta,PERSONAS_DISTINTAS_ATENDIDAS_CONSULTA,1074,,,,
La Gomera,ES706,2023,2023,Enfermería - Atención primaria (AP),ENFERMERIA_AP,Total,_T,Personas distintas atendidas en consulta,PERSONAS_DISTINTAS_ATENDIDAS_CONSULTA,15274,,,,
La Gomera,ES706,2023,2023,Enfermería - Atención primaria (AP),ENFERMERIA_AP,Centro,CENTRO,Personas distintas atendidas en consulta,PERSONAS_DISTINTAS_ATENDIDAS_CONSULTA,13392,,,,
La Palma,ES707,2023,2023,Enfermería - Atención primaria (AP),ENFERMERIA_AP,Domicilio,DOMICILIO,Personas distintas atendidas en consulta,PERSONAS_DISTINTAS_ATENDIDAS_CONSULTA,2885,,,,
La Palma,ES707,2023,2023,Enfermería - Atención primaria (AP),ENFERMERIA_AP,Teleconsulta,TELECONSULTA,Personas distintas atendidas en consulta,PERSONAS_DISTINTAS_ATENDIDAS_CONSULTA,4882,,,,
La Palma,ES707,2023,2023,Enfermería - Atención primaria (AP),ENFERMERIA_AP,Total,_T,Personas distintas atendidas en consulta,PERSONAS_DISTINTAS_ATENDIDAS_CONSULTA,57966,,,,
La Palma,ES707,2023,2023,Enfermería - Atención primaria (AP),ENFERMERIA_AP,Centro,CENTRO,Personas distintas atendidas en consulta,PERSONAS_DISTINTAS_ATENDIDAS_CONSULTA,50199,,,,
El Hierro,ES703,2023,2023,Enfermería - Atención primaria (AP),ENFERMERIA_AP,Domicilio,DOMICILIO,Personas distintas atendidas en consulta,PERSONAS_DISTINTAS_ATENDIDAS_CONSULTA,459,,,,
El Hierro,ES703,2023,2023,Enfermería - Atención primaria (AP),ENFERMERIA_AP,Teleconsulta,TELECONSULTA,Personas distintas atendidas en consulta,PERSONAS_DISTINTAS_ATENDIDAS_CONSULTA,526,,,,
El Hierro,ES703,2023,2023,Enfermería - Atención primaria (AP),ENFERMERIA_AP,Total,_T,Personas distintas atendidas en consulta,PERSONAS_DISTINTAS_ATENDIDAS_CONSULTA,9379,,,,
El Hierro,ES703,2023,2023,Enfermería - Atención primaria (AP),ENFERMERIA_AP,Centro,CENTRO,Personas distintas atendidas en consulta,PERSONAS_DISTINTAS_ATENDIDAS_CONSULTA,8394,,,,
Canarias,ES70,2023,2023,Pediatría - Atención primaria (AP),PEDIATRIA_AP,Domicilio,DOMICILIO,Personas distintas atendidas en consulta,PERSONAS_DISTINTAS_ATENDIDAS_CONSULTA,43,,,,
Canarias,ES70,2023,2023,Pediatría - Atención primaria (AP),PEDIATRIA_AP,Teleconsulta,TELECONSULTA,Personas distintas atendidas en consulta,PERSONAS_DISTINTAS_ATENDIDAS_CONSULTA,112731,,,,
Canarias,ES70,2023,2023,Pediatría - Atención primaria (AP),PEDIATRIA_AP,Total,_T,Personas distintas atendidas en consulta,PERSONAS_DISTINTAS_ATENDIDAS_CONSULTA,321773,,,,
Canarias,ES70,2023,2023,Pediatría - Atención primaria (AP),PEDIATRIA_AP,Centro,CENTRO,Personas distintas atendidas en consulta,PERSONAS_DISTINTAS_ATENDIDAS_CONSULTA,208999,,,,
Lanzarote,ES708,2023,2023,Pediatría - Atención primaria (AP),PEDIATRIA_AP,Domicilio,DOMICILIO,Personas distintas atendidas en consulta,PERSONAS_DISTINTAS_ATENDIDAS_CONSULTA,1,,,,
Lanzarote,ES708,2023,2023,Pediatría - Atención primaria (AP),PEDIATRIA_AP,Teleconsulta,TELECONSULTA,Personas distintas atendidas en consulta,PERSONAS_DISTINTAS_ATENDIDAS_CONSULTA,6855,,,,
Lanzarote,ES708,2023,2023,Pediatría - Atención primaria (AP),PEDIATRIA_AP,Total,_T,Personas distintas atendidas en consulta,PERSONAS_DISTINTAS_ATENDIDAS_CONSULTA,25022,,,,
Lanzarote,ES708,2023,2023,Pediatría - Atención primaria (AP),PEDIATRIA_AP,Centro,CENTRO,Personas distintas atendidas en consulta,PERSONAS_DISTINTAS_ATENDIDAS_CONSULTA,18166,,,,
Fuerteventura,ES704,2023,2023,Pediatría - Atención primaria (AP),PEDIATRIA_AP,Domicilio,DOMICILIO,Personas distintas atendidas en consulta,PERSONAS_DISTINTAS_ATENDIDAS_CONSULTA,3,,,,
Fuerteventura,ES704,2023,2023,Pediatría - Atención primaria (AP),PEDIATRIA_AP,Teleconsulta,TELECONSULTA,Personas distintas atendidas en consulta,PERSONAS_DISTINTAS_ATENDIDAS_CONSULTA,5541,,,,
Fuerteventura,ES704,2023,2023,Pediatría - Atención primaria (AP),PEDIATRIA_AP,Total,_T,Personas distintas atendidas en consulta,PERSONAS_DISTINTAS_ATENDIDAS_CONSULTA,18874,,,,
Fuerteventura,ES704,2023,2023,Pediatría - Atención primaria (AP),PEDIATRIA_AP,Centro,CENTRO,Personas distintas atendidas en consulta,PERSONAS_DISTINTAS_ATENDIDAS_CONSULTA,13330,,,,
Gran Canaria,ES705,2023,2023,Pediatría - Atención primaria (AP),PEDIATRIA_AP,Domicilio,DOMICILIO,Personas distintas atendidas en consulta,PERSONAS_DISTINTAS_ATENDIDAS_CONSULTA,17,,,,
Gran Canaria,ES705,2023,2023,Pediatría - Atención primaria (AP),PEDIATRIA_AP,Teleconsulta,TELECONSULTA,Personas distintas atendidas en consulta,PERSONAS_DISTINTAS_ATENDIDAS_CONSULTA,46392,,,,
Gran Canaria,ES705,2023,2023,Pediatría - Atención primaria (AP),PEDIATRIA_AP,Total,_T,Personas distintas atendidas en consulta,PERSONAS_DISTINTAS_ATENDIDAS_CONSULTA,120468,,,,
Gran Canaria,ES705,2023,2023,Pediatría - Atención primaria (AP),PEDIATRIA_AP,Centro,CENTRO,Personas distintas atendidas en consulta,PERSONAS_DISTINTAS_ATENDIDAS_CONSULTA,74059,,,,
Tenerife,ES709,2023,2023,Pediatría - Atención primaria (AP),PEDIATRIA_AP,Domicilio,DOMICILIO,Personas distintas atendidas en consulta,PERSONAS_DISTINTAS_ATENDIDAS_CONSULTA,19,,,,
Tenerife,ES709,2023,2023,Pediatría - Atención primaria (AP),PEDIATRIA_AP,Teleconsulta,TELECONSULTA,Personas distintas atendidas en consulta,PERSONAS_DISTINTAS_ATENDIDAS_CONSULTA,49350,,,,
Tenerife,ES709,2023,2023,Pediatría - Atención primaria (AP),PEDIATRIA_AP,Total,_T,Personas distintas atendidas en consulta,PERSONAS_DISTINTAS_ATENDIDAS_CONSULTA,142744,,,,
Tenerife,ES709,2023,2023,Pediatría - Atención primaria (AP),PEDIATRIA_AP,Centro,CENTRO,Personas distintas atendidas en consulta,PERSONAS_DISTINTAS_ATENDIDAS_CONSULTA,93375,,,,
La Gomera,ES706,2023,2023,Pediatría - Atención primaria (AP),PEDIATRIA_AP,Domicilio,DOMICILIO,Personas distintas atendidas en consulta,PERSONAS_DISTINTAS_ATENDIDAS_CONSULTA,1,,,,
La Gomera,ES706,2023,2023,Pediatría - Atención primaria (AP),PEDIATRIA_AP,Teleconsulta,TELECONSULTA,Personas distintas atendidas en consulta,PERSONAS_DISTINTAS_ATENDIDAS_CONSULTA,486,,,,
La Gomera,ES706,2023,2023,Pediatría - Atención primaria (AP),PEDIATRIA_AP,Total,_T,Personas distintas atendidas en consulta,PERSONAS_DISTINTAS_ATENDIDAS_CONSULTA,1455,,,,
La Gomera,ES706,2023,2023,Pediatría - Atención primaria (AP),PEDIATRIA_AP,Centro,CENTRO,Personas distintas atendidas en consulta,PERSONAS_DISTINTAS_ATENDIDAS_CONSULTA,968,,,,
La Palma,ES707,2023,2023,Pediatría - Atención primaria (AP),PEDIATRIA_AP,Domicilio,DOMICILIO,Personas distintas atendidas en consulta,PERSONAS_DISTINTAS_ATENDIDAS_CONSULTA,2,,,,
La Palma,ES707,2023,2023,Pediatría - Atención primaria (AP),PEDIATRIA_AP,Teleconsulta,TELECONSULTA,Personas distintas atendidas en consulta,PERSONAS_DISTINTAS_ATENDIDAS_CONSULTA,3762,,,,
La Palma,ES707,2023,2023,Pediatría - Atención primaria (AP),PEDIATRIA_AP,Total,_T,Personas distintas atendidas en consulta,PERSONAS_DISTINTAS_ATENDIDAS_CONSULTA,11579,,,,
La Palma,ES707,2023,2023,Pediatría - Atención primaria (AP),PEDIATRIA_AP,Centro,CENTRO,Personas distintas atendidas en consulta,PERSONAS_DISTINTAS_ATENDIDAS_CONSULTA,7815,,,,
El Hierro,ES703,2023,2023,Pediatría - Atención primaria (AP),PEDIATRIA_AP,Domicilio,DOMICILIO,Personas distintas atendidas en consulta,PERSONAS_DISTINTAS_ATENDIDAS_CONSULTA,0,,,,
El Hierro,ES703,2023,2023,Pediatría - Atención primaria (AP),PEDIATRIA_AP,Teleconsulta,TELECONSULTA,Personas distintas atendidas en consulta,PERSONAS_DISTINTAS_ATENDIDAS_CONSULTA,345,,,,
El Hierro,ES703,2023,2023,Pediatría - Atención primaria (AP),PEDIATRIA_AP,Total,_T,Personas distintas atendidas en consulta,PERSONAS_DISTINTAS_ATENDIDAS_CONSULTA,1631,,,,
El Hierro,ES703,2023,2023,Pediatría - Atención primaria (AP),PEDIATRIA_AP,Centro,CENTRO,Personas distintas atendidas en consulta,PERSONAS_DISTINTAS_ATENDIDAS_CONSULTA,1286,,,,
Canarias,ES70,2023,2023,Medicina Familia y Comunitaria - Atención primaria (AP),FAMILIA_COMUNITARIA_AP,Domicilio,DOMICILIO,Personas distintas atendidas en consulta,PERSONAS_DISTINTAS_ATENDIDAS_CONSULTA,22606,,,,
Canarias,ES70,2023,2023,Medicina Familia y Comunitaria - Atención primaria (AP),FAMILIA_COMUNITARIA_AP,Teleconsulta,TELECONSULTA,Personas distintas atendidas en consulta,PERSONAS_DISTINTAS_ATENDIDAS_CONSULTA,1006669,,,,
Canarias,ES70,2023,2023,Medicina Familia y Comunitaria - Atención primaria (AP),FAMILIA_COMUNITARIA_AP,Total,_T,Personas distintas atendidas en consulta,PERSONAS_DISTINTAS_ATENDIDAS_CONSULTA,2487866,,,,
Canarias,ES70,2023,2023,Medicina Familia y Comunitaria - Atención primaria (AP),FAMILIA_COMUNITARIA_AP,Centro,CENTRO,Personas distintas atendidas en consulta,PERSONAS_DISTINTAS_ATENDIDAS_CONSULTA,1458591,,,,
Lanzarote,ES708,2023,2023,Medicina Familia y Comunitaria - Atención primaria (AP),FAMILIA_COMUNITARIA_AP,Domicilio,DOMICILIO,Personas distintas atendidas en consulta,PERSONAS_DISTINTAS_ATENDIDAS_CONSULTA,832,,,,
Lanzarote,ES708,2023,2023,Medicina Familia y Comunitaria - Atención primaria (AP),FAMILIA_COMUNITARIA_AP,Teleconsulta,TELECONSULTA,Personas distintas atendidas en consulta,PERSONAS_DISTINTAS_ATENDIDAS_CONSULTA,58932,,,,
Lanzarote,ES708,2023,2023,Medicina Familia y Comunitaria - Atención primaria (AP),FAMILIA_COMUNITARIA_AP,Total,_T,Personas distintas atendidas en consulta,PERSONAS_DISTINTAS_ATENDIDAS_CONSULTA,163129,,,,
Lanzarote,ES708,2023,2023,Medicina Familia y Comunitaria - Atención primaria (AP),FAMILIA_COMUNITARIA_AP,Centro,CENTRO,Personas distintas atendidas en consulta,PERSONAS_DISTINTAS_ATENDIDAS_CONSULTA,103365,,,,
Fuerteventura,ES704,2023,2023,Medicina Familia y Comunitaria - Atención primaria (AP),FAMILIA_COMUNITARIA_AP,Domicilio,DOMICILIO,Personas distintas atendidas en consulta,PERSONAS_DISTINTAS_ATENDIDAS_CONSULTA,718,,,,
Fuerteventura,ES704,2023,2023,Medicina Familia y Comunitaria - Atención primaria (AP),FAMILIA_COMUNITARIA_AP,Teleconsulta,TELECONSULTA,Personas distintas atendidas en consulta,PERSONAS_DISTINTAS_ATENDIDAS_CONSULTA,37611,,,,
Fuerteventura,ES704,2023,2023,Medicina Familia y Comunitaria - Atención primaria (AP),FAMILIA_COMUNITARIA_AP,Total,_T,Personas distintas atendidas en consulta,PERSONAS_DISTINTAS_ATENDIDAS_CONSULTA,121583,,,,
Fuerteventura,ES704,2023,2023,Medicina Familia y Comunitaria - Atención primaria (AP),FAMILIA_COMUNITARIA_AP,Centro,CENTRO,Personas distintas atendidas en consulta,PERSONAS_DISTINTAS_ATENDIDAS_CONSULTA,83254,,,,
Gran Canaria,ES705,2023,2023,Medicina Familia y Comunitaria - Atención primaria (AP),FAMILIA_COMUNITARIA_AP,Domicilio,DOMICILIO,Personas distintas atendidas en consulta,PERSONAS_DISTINTAS_ATENDIDAS_CONSULTA,8115,,,,
Gran Canaria,ES705,2023,2023,Medicina Familia y Comunitaria - Atención primaria (AP),FAMILIA_COMUNITARIA_AP,Teleconsulta,TELECONSULTA,Personas distintas atendidas en consulta,PERSONAS_DISTINTAS_ATENDIDAS_CONSULTA,458268,,,,
Gran Canaria,ES705,2023,2023,Medicina Familia y Comunitaria - Atención primaria (AP),FAMILIA_COMUNITARIA_AP,Total,_T,Personas distintas atendidas en consulta,PERSONAS_DISTINTAS_ATENDIDAS_CONSULTA,1039482,,,,
Gran Canaria,ES705,2023,2023,Medicina Familia y Comunitaria - Atención primaria (AP),FAMILIA_COMUNITARIA_AP,Centro,CENTRO,Personas distintas atendidas en consulta,PERSONAS_DISTINTAS_ATENDIDAS_CONSULTA,573099,,,,
Tenerife,ES709,2023,2023,Medicina Familia y Comunitaria - Atención primaria (AP),FAMILIA_COMUNITARIA_AP,Domicilio,DOMICILIO,Personas distintas atendidas en consulta,PERSONAS_DISTINTAS_ATENDIDAS_CONSULTA,10890,,,,
Tenerife,ES709,2023,2023,Medicina Familia y Comunitaria - Atención primaria (AP),FAMILIA_COMUNITARIA_AP,Teleconsulta,TELECONSULTA,Personas distintas atendidas en consulta,PERSONAS_DISTINTAS_ATENDIDAS_CONSULTA,403289,,,,
Tenerife,ES709,2023,2023,Medicina Familia y Comunitaria - Atención primaria (AP),FAMILIA_COMUNITARIA_AP,Total,_T,Personas distintas atendidas en consulta,PERSONAS_DISTINTAS_ATENDIDAS_CONSULTA,1033308,,,,
Tenerife,ES709,2023,2023,Medicina Familia y Comunitaria - Atención primaria (AP),FAMILIA_COMUNITARIA_AP,Centro,CENTRO,Personas distintas atendidas en consulta,PERSONAS_DISTINTAS_ATENDIDAS_CONSULTA,619129,,,,
La Gomera,ES706,2023,2023,Medicina Familia y Comunitaria - Atención primaria (AP),FAMILIA_COMUNITARIA_AP,Domicilio,DOMICILIO,Personas distintas atendidas en consulta,PERSONAS_DISTINTAS_ATENDIDAS_CONSULTA,426,,,,
La Gomera,ES706,2023,2023,Medicina Familia y Comunitaria - Atención primaria (AP),FAMILIA_COMUNITARIA_AP,Teleconsulta,TELECONSULTA,Personas distintas atendidas en consulta,PERSONAS_DISTINTAS_ATENDIDAS_CONSULTA,7820,,,,
La Gomera,ES706,2023,2023,Medicina Familia y Comunitaria - Atención primaria (AP),FAMILIA_COMUNITARIA_AP,Total,_T,Personas distintas atendidas en consulta,PERSONAS_DISTINTAS_ATENDIDAS_CONSULTA,23809,,,,
La Gomera,ES706,2023,2023,Medicina Familia y Comunitaria - Atención primaria (AP),FAMILIA_COMUNITARIA_AP,Centro,CENTRO,Personas distintas atendidas en consulta,PERSONAS_DISTINTAS_ATENDIDAS_CONSULTA,15563,,,,
La Palma,ES707,2023,2023,Medicina Familia y Comunitaria - Atención primaria (AP),FAMILIA_COMUNITARIA_AP,Domicilio,DOMICILIO,Personas distintas atendidas en consulta,PERSONAS_DISTINTAS_ATENDIDAS_CONSULTA,1314,,,,
La Palma,ES707,2023,2023,Medicina Familia y Comunitaria - Atención primaria (AP),FAMILIA_COMUNITARIA_AP,Teleconsulta,TELECONSULTA,Personas distintas atendidas en consulta,PERSONAS_DISTINTAS_ATENDIDAS_CONSULTA,36039,,,,
La Palma,ES707,2023,2023,Medicina Familia y Comunitaria - Atención primaria (AP),FAMILIA_COMUNITARIA_AP,Total,_T,Personas distintas atendidas en consulta,PERSONAS_DISTINTAS_ATENDIDAS_CONSULTA,92589,,,,
La Palma,ES707,2023,2023,Medicina Familia y Comunitaria - Atención primaria (AP),FAMILIA_COMUNITARIA_AP,Centro,CENTRO,Personas distintas atendidas en consulta,PERSONAS_DISTINTAS_ATENDIDAS_CONSULTA,55236,,,,
El Hierro,ES703,2023,2023,Medicina Familia y Comunitaria - Atención primaria (AP),FAMILIA_COMUNITARIA_AP,Domicilio,DOMICILIO,Personas distintas atendidas en consulta,PERSONAS_DISTINTAS_ATENDIDAS_CONSULTA,311,,,,
El Hierro,ES703,2023,2023,Medicina Familia y Comunitaria - Atención primaria (AP),FAMILIA_COMUNITARIA_AP,Teleconsulta,TELECONSULTA,Personas distintas atendidas en consulta,PERSONAS_DISTINTAS_ATENDIDAS_CONSULTA,4710,,,,
El Hierro,ES703,2023,2023,Medicina Familia y Comunitaria - Atención primaria (AP),FAMILIA_COMUNITARIA_AP,Total,_T,Personas distintas atendidas en consulta,PERSONAS_DISTINTAS_ATENDIDAS_CONSULTA,13966,,,,
El Hierro,ES703,2023,2023,Medicina Familia y Comunitaria - Atención primaria (AP),FAMILIA_COMUNITARIA_AP,Centro,CENTRO,Personas distintas atendidas en consulta,PERSONAS_DISTINTAS_ATENDIDAS_CONSULTA,8945,,,,
Canarias,ES70,2024,2024,Enfermería - Atención primaria (AP),ENFERMERIA_AP,Domicilio,DOMICILIO,Personas distintas atendidas en consulta,PERSONAS_DISTINTAS_ATENDIDAS_CONSULTA,49869,,,,
Canarias,ES70,2024,2024,Enfermería - Atención primaria (AP),ENFERMERIA_AP,Teleconsulta,TELECONSULTA,Personas distintas atendidas en consulta,PERSONAS_DISTINTAS_ATENDIDAS_CONSULTA,187588,,,,
Canarias,ES70,2024,2024,Enfermería - Atención primaria (AP),ENFERMERIA_AP,Total,_T,Personas distintas atendidas en consulta,PERSONAS_DISTINTAS_ATENDIDAS_CONSULTA,1432957,,,,
Canarias,ES70,2024,2024,Enfermería - Atención primaria (AP),ENFERMERIA_AP,Centro,CENTRO,Personas distintas atendidas en consulta,PERSONAS_DISTINTAS_ATENDIDAS_CONSULTA,1195500,,,,
Lanzarote,ES708,2024,2024,Enfermería - Atención primaria (AP),ENFERMERIA_AP,Domicilio,DOMICILIO,Personas distintas atendidas en consulta,PERSONAS_DISTINTAS_ATENDIDAS_CONSULTA,2247,,,,
Lanzarote,ES708,2024,2024,Enfermería - Atención primaria (AP),ENFERMERIA_AP,Teleconsulta,TELECONSULTA,Personas distintas atendidas en consulta,PERSONAS_DISTINTAS_ATENDIDAS_CONSULTA,11002,,,,
Lanzarote,ES708,2024,2024,Enfermería - Atención primaria (AP),ENFERMERIA_AP,Total,_T,Personas distintas atendidas en consulta,PERSONAS_DISTINTAS_ATENDIDAS_CONSULTA,88158,,,,
Lanzarote,ES708,2024,2024,Enfermería - Atención primaria (AP),ENFERMERIA_AP,Centro,CENTRO,Personas distintas atendidas en consulta,PERSONAS_DISTINTAS_ATENDIDAS_CONSULTA,74909,,,,
Fuerteventura,ES704,2024,2024,Enfermería - Atención primaria (AP),ENFERMERIA_AP,Domicilio,DOMICILIO,Personas distintas atendidas en consulta,PERSONAS_DISTINTAS_ATENDIDAS_CONSULTA,1906,,,,
Fuerteventura,ES704,2024,2024,Enfermería - Atención primaria (AP),ENFERMERIA_AP,Teleconsulta,TELECONSULTA,Personas distintas atendidas en consulta,PERSONAS_DISTINTAS_ATENDIDAS_CONSULTA,7971,,,,
Fuerteventura,ES704,2024,2024,Enfermería - Atención primaria (AP),ENFERMERIA_AP,Total,_T,Personas distintas atendidas en consulta,PERSONAS_DISTINTAS_ATENDIDAS_CONSULTA,76879,,,,
Fuerteventura,ES704,2024,2024,Enfermería - Atención primaria (AP),ENFERMERIA_AP,Centro,CENTRO,Personas distintas atendidas en consulta,PERSONAS_DISTINTAS_ATENDIDAS_CONSULTA,67002,,,,
Gran Canaria,ES705,2024,2024,Enfermería - Atención primaria (AP),ENFERMERIA_AP,Domicilio,DOMICILIO,Personas distintas atendidas en consulta,PERSONAS_DISTINTAS_ATENDIDAS_CONSULTA,20994,,,,
Gran Canaria,ES705,2024,2024,Enfermería - Atención primaria (AP),ENFERMERIA_AP,Teleconsulta,TELECONSULTA,Personas distintas atendidas en consulta,PERSONAS_DISTINTAS_ATENDIDAS_CONSULTA,60199,,,,
Gran Canaria,ES705,2024,2024,Enfermería - Atención primaria (AP),ENFERMERIA_AP,Total,_T,Personas distintas atendidas en consulta,PERSONAS_DISTINTAS_ATENDIDAS_CONSULTA,510142,,,,
Gran Canaria,ES705,2024,2024,Enfermería - Atención primaria (AP),ENFERMERIA_AP,Centro,CENTRO,Personas distintas atendidas en consulta,PERSONAS_DISTINTAS_ATENDIDAS_CONSULTA,428949,,,,
Tenerife,ES709,2024,2024,Enfermería - Atención primaria (AP),ENFERMERIA_AP,Domicilio,DOMICILIO,Personas distintas atendidas en consulta,PERSONAS_DISTINTAS_ATENDIDAS_CONSULTA,20433,,,,
Tenerife,ES709,2024,2024,Enfermería - Atención primaria (AP),ENFERMERIA_AP,Teleconsulta,TELECONSULTA,Personas distintas atendidas en consulta,PERSONAS_DISTINTAS_ATENDIDAS_CONSULTA,102634,,,,
Tenerife,ES709,2024,2024,Enfermería - Atención primaria (AP),ENFERMERIA_AP,Total,_T,Personas distintas atendidas en consulta,PERSONAS_DISTINTAS_ATENDIDAS_CONSULTA,678854,,,,
Tenerife,ES709,2024,2024,Enfermería - Atención primaria (AP),ENFERMERIA_AP,Centro,CENTRO,Personas distintas atendidas en consulta,PERSONAS_DISTINTAS_ATENDIDAS_CONSULTA,555787,,,,
La Gomera,ES706,2024,2024,Enfermería - Atención primaria (AP),ENFERMERIA_AP,Domicilio,DOMICILIO,Personas distintas atendidas en consulta,PERSONAS_DISTINTAS_ATENDIDAS_CONSULTA,787,,,,
La Gomera,ES706,2024,2024,Enfermería - Atención primaria (AP),ENFERMERIA_AP,Teleconsulta,TELECONSULTA,Personas distintas atendidas en consulta,PERSONAS_DISTINTAS_ATENDIDAS_CONSULTA,938,,,,
La Gomera,ES706,2024,2024,Enfermería - Atención primaria (AP),ENFERMERIA_AP,Total,_T,Personas distintas atendidas en consulta,PERSONAS_DISTINTAS_ATENDIDAS_CONSULTA,15611,,,,
La Gomera,ES706,2024,2024,Enfermería - Atención primaria (AP),ENFERMERIA_AP,Centro,CENTRO,Personas distintas atendidas en consulta,PERSONAS_DISTINTAS_ATENDIDAS_CONSULTA,13886,,,,
La Palma,ES707,2024,2024,Enfermería - Atención primaria (AP),ENFERMERIA_AP,Domicilio,DOMICILIO,Personas distintas atendidas en consulta,PERSONAS_DISTINTAS_ATENDIDAS_CONSULTA,3078,,,,
La Palma,ES707,2024,2024,Enfermería - Atención primaria (AP),ENFERMERIA_AP,Teleconsulta,TELECONSULTA,Personas distintas atendidas en consulta,PERSONAS_DISTINTAS_ATENDIDAS_CONSULTA,4340,,,,
La Palma,ES707,2024,2024,Enfermería - Atención primaria (AP),ENFERMERIA_AP,Total,_T,Personas distintas atendidas en consulta,PERSONAS_DISTINTAS_ATENDIDAS_CONSULTA,53867,,,,
La Palma,ES707,2024,2024,Enfermería - Atención primaria (AP),ENFERMERIA_AP,Centro,CENTRO,Personas distintas atendidas en consulta,PERSONAS_DISTINTAS_ATENDIDAS_CONSULTA,46449,,,,
El Hierro,ES703,2024,2024,Enfermería - Atención primaria (AP),ENFERMERIA_AP,Domicilio,DOMICILIO,Personas distintas atendidas en consulta,PERSONAS_DISTINTAS_ATENDIDAS_CONSULTA,424,,,,
El Hierro,ES703,2024,2024,Enfermería - Atención primaria (AP),ENFERMERIA_AP,Teleconsulta,TELECONSULTA,Personas distintas atendidas en consulta,PERSONAS_DISTINTAS_ATENDIDAS_CONSULTA,504,,,,
El Hierro,ES703,2024,2024,Enfermería - Atención primaria (AP),ENFERMERIA_AP,Total,_T,Personas distintas atendidas en consulta,PERSONAS_DISTINTAS_ATENDIDAS_CONSULTA,9446,,,,
El Hierro,ES703,2024,2024,Enfermería - Atención primaria (AP),ENFERMERIA_AP,Centro,CENTRO,Personas distintas atendidas en consulta,PERSONAS_DISTINTAS_ATENDIDAS_CONSULTA,8518,,,,
Canarias,ES70,2024,2024,Pediatría - Atención primaria (AP),PEDIATRIA_AP,Domicilio,DOMICILIO,Personas distintas atendidas en consulta,PERSONAS_DISTINTAS_ATENDIDAS_CONSULTA,35,,,,
Canarias,ES70,2024,2024,Pediatría - Atención primaria (AP),PEDIATRIA_AP,Teleconsulta,TELECONSULTA,Personas distintas atendidas en consulta,PERSONAS_DISTINTAS_ATENDIDAS_CONSULTA,107319,,,,
Canarias,ES70,2024,2024,Pediatría - Atención primaria (AP),PEDIATRIA_AP,Total,_T,Personas distintas atendidas en consulta,PERSONAS_DISTINTAS_ATENDIDAS_CONSULTA,315100,,,,
Canarias,ES70,2024,2024,Pediatría - Atención primaria (AP),PEDIATRIA_AP,Centro,CENTRO,Personas distintas atendidas en consulta,PERSONAS_DISTINTAS_ATENDIDAS_CONSULTA,207746,,,,
Lanzarote,ES708,2024,2024,Pediatría - Atención primaria (AP),PEDIATRIA_AP,Domicilio,DOMICILIO,Personas distintas atendidas en consulta,PERSONAS_DISTINTAS_ATENDIDAS_CONSULTA,0,,,,
Lanzarote,ES708,2024,2024,Pediatría - Atención primaria (AP),PEDIATRIA_AP,Teleconsulta,TELECONSULTA,Personas distintas atendidas en consulta,PERSONAS_DISTINTAS_ATENDIDAS_CONSULTA,6768,,,,
Lanzarote,ES708,2024,2024,Pediatría - Atención primaria (AP),PEDIATRIA_AP,Total,_T,Personas distintas atendidas en consulta,PERSONAS_DISTINTAS_ATENDIDAS_CONSULTA,24971,,,,
Lanzarote,ES708,2024,2024,Pediatría - Atención primaria (AP),PEDIATRIA_AP,Centro,CENTRO,Personas distintas atendidas en consulta,PERSONAS_DISTINTAS_ATENDIDAS_CONSULTA,18203,,,,
Fuerteventura,ES704,2024,2024,Pediatría - Atención primaria (AP),PEDIATRIA_AP,Domicilio,DOMICILIO,Personas distintas atendidas en consulta,PERSONAS_DISTINTAS_ATENDIDAS_CONSULTA,1,,,,
Fuerteventura,ES704,2024,2024,Pediatría - Atención primaria (AP),PEDIATRIA_AP,Teleconsulta,TELECONSULTA,Personas distintas atendidas en consulta,PERSONAS_DISTINTAS_ATENDIDAS_CONSULTA,5098,,,,
Fuerteventura,ES704,2024,2024,Pediatría - Atención primaria (AP),PEDIATRIA_AP,Total,_T,Personas distintas atendidas en consulta,PERSONAS_DISTINTAS_ATENDIDAS_CONSULTA,18367,,,,
Fuerteventura,ES704,2024,2024,Pediatría - Atención primaria (AP),PEDIATRIA_AP,Centro,CENTRO,Personas distintas atendidas en consulta,PERSONAS_DISTINTAS_ATENDIDAS_CONSULTA,13268,,,,
Gran Canaria,ES705,2024,2024,Pediatría - Atención primaria (AP),PEDIATRIA_AP,Domicilio,DOMICILIO,Personas distintas atendidas en consulta,PERSONAS_DISTINTAS_ATENDIDAS_CONSULTA,12,,,,
Gran Canaria,ES705,2024,2024,Pediatría - Atención primaria (AP),PEDIATRIA_AP,Teleconsulta,TELECONSULTA,Personas distintas atendidas en consulta,PERSONAS_DISTINTAS_ATENDIDAS_CONSULTA,44809,,,,
Gran Canaria,ES705,2024,2024,Pediatría - Atención primaria (AP),PEDIATRIA_AP,Total,_T,Personas distintas atendidas en consulta,PERSONAS_DISTINTAS_ATENDIDAS_CONSULTA,118067,,,,
Gran Canaria,ES705,2024,2024,Pediatría - Atención primaria (AP),PEDIATRIA_AP,Centro,CENTRO,Personas distintas atendidas en consulta,PERSONAS_DISTINTAS_ATENDIDAS_CONSULTA,73246,,,,
Tenerife,ES709,2024,2024,Pediatría - Atención primaria (AP),PEDIATRIA_AP,Domicilio,DOMICILIO,Personas distintas atendidas en consulta,PERSONAS_DISTINTAS_ATENDIDAS_CONSULTA,15,,,,
Tenerife,ES709,2024,2024,Pediatría - Atención primaria (AP),PEDIATRIA_AP,Teleconsulta,TELECONSULTA,Personas distintas atendidas en consulta,PERSONAS_DISTINTAS_ATENDIDAS_CONSULTA,46184,,,,
Tenerife,ES709,2024,2024,Pediatría - Atención primaria (AP),PEDIATRIA_AP,Total,_T,Personas distintas atendidas en consulta,PERSONAS_DISTINTAS_ATENDIDAS_CONSULTA,138885,,,,
Tenerife,ES709,2024,2024,Pediatría - Atención primaria (AP),PEDIATRIA_AP,Centro,CENTRO,Personas distintas atendidas en consulta,PERSONAS_DISTINTAS_ATENDIDAS_CONSULTA,92686,,,,
La Gomera,ES706,2024,2024,Pediatría - Atención primaria (AP),PEDIATRIA_AP,Domicilio,DOMICILIO,Personas distintas atendidas en consulta,PERSONAS_DISTINTAS_ATENDIDAS_CONSULTA,0,,,,
La Gomera,ES706,2024,2024,Pediatría - Atención primaria (AP),PEDIATRIA_AP,Teleconsulta,TELECONSULTA,Personas distintas atendidas en consulta,PERSONAS_DISTINTAS_ATENDIDAS_CONSULTA,472,,,,
La Gomera,ES706,2024,2024,Pediatría - Atención primaria (AP),PEDIATRIA_AP,Total,_T,Personas distintas atendidas en consulta,PERSONAS_DISTINTAS_ATENDIDAS_CONSULTA,1641,,,,
La Gomera,ES706,2024,2024,Pediatría - Atención primaria (AP),PEDIATRIA_AP,Centro,CENTRO,Personas distintas atendidas en consulta,PERSONAS_DISTINTAS_ATENDIDAS_CONSULTA,1169,,,,
La Palma,ES707,2024,2024,Pediatría - Atención primaria (AP),PEDIATRIA_AP,Domicilio,DOMICILIO,Personas distintas atendidas en consulta,PERSONAS_DISTINTAS_ATENDIDAS_CONSULTA,7,,,,
La Palma,ES707,2024,2024,Pediatría - Atención primaria (AP),PEDIATRIA_AP,Teleconsulta,TELECONSULTA,Personas distintas atendidas en consulta,PERSONAS_DISTINTAS_ATENDIDAS_CONSULTA,3578,,,,
La Palma,ES707,2024,2024,Pediatría - Atención primaria (AP),PEDIATRIA_AP,Total,_T,Personas distintas atendidas en consulta,PERSONAS_DISTINTAS_ATENDIDAS_CONSULTA,11390,,,,
La Palma,ES707,2024,2024,Pediatría - Atención primaria (AP),PEDIATRIA_AP,Centro,CENTRO,Personas distintas atendidas en consulta,PERSONAS_DISTINTAS_ATENDIDAS_CONSULTA,7805,,,,
El Hierro,ES703,2024,2024,Pediatría - Atención primaria (AP),PEDIATRIA_AP,Domicilio,DOMICILIO,Personas distintas atendidas en consulta,PERSONAS_DISTINTAS_ATENDIDAS_CONSULTA,0,,,,
El Hierro,ES703,2024,2024,Pediatría - Atención primaria (AP),PEDIATRIA_AP,Teleconsulta,TELECONSULTA,Personas distintas atendidas en consulta,PERSONAS_DISTINTAS_ATENDIDAS_CONSULTA,410,,,,
El Hierro,ES703,2024,2024,Pediatría - Atención primaria (AP),PEDIATRIA_AP,Total,_T,Personas distintas atendidas en consulta,PERSONAS_DISTINTAS_ATENDIDAS_CONSULTA,1779,,,,
El Hierro,ES703,2024,2024,Pediatría - Atención primaria (AP),PEDIATRIA_AP,Centro,CENTRO,Personas distintas atendidas en consulta,PERSONAS_DISTINTAS_ATENDIDAS_CONSULTA,1369,,,,
Canarias,ES70,2024,2024,Medicina Familia y Comunitaria - Atención primaria (AP),FAMILIA_COMUNITARIA_AP,Domicilio,DOMICILIO,Personas distintas atendidas en consulta,PERSONAS_DISTINTAS_ATENDIDAS_CONSULTA,21897,,,,
Canarias,ES70,2024,2024,Medicina Familia y Comunitaria - Atención primaria (AP),FAMILIA_COMUNITARIA_AP,Teleconsulta,TELECONSULTA,Personas distintas atendidas en consulta,PERSONAS_DISTINTAS_ATENDIDAS_CONSULTA,957710,,,,
Canarias,ES70,2024,2024,Medicina Familia y Comunitaria - Atención primaria (AP),FAMILIA_COMUNITARIA_AP,Total,_T,Personas distintas atendidas en consulta,PERSONAS_DISTINTAS_ATENDIDAS_CONSULTA,2484423,,,,
Canarias,ES70,2024,2024,Medicina Familia y Comunitaria - Atención primaria (AP),FAMILIA_COMUNITARIA_AP,Centro,CENTRO,Personas distintas atendidas en consulta,PERSONAS_DISTINTAS_ATENDIDAS_CONSULTA,1504816,,,,
Lanzarote,ES708,2024,2024,Medicina Familia y Comunitaria - Atención primaria (AP),FAMILIA_COMUNITARIA_AP,Domicilio,DOMICILIO,Personas distintas atendidas en consulta,PERSONAS_DISTINTAS_ATENDIDAS_CONSULTA,781,,,,
Lanzarote,ES708,2024,2024,Medicina Familia y Comunitaria - Atención primaria (AP),FAMILIA_COMUNITARIA_AP,Teleconsulta,TELECONSULTA,Personas distintas atendidas en consulta,PERSONAS_DISTINTAS_ATENDIDAS_CONSULTA,59353,,,,
Lanzarote,ES708,2024,2024,Medicina Familia y Comunitaria - Atención primaria (AP),FAMILIA_COMUNITARIA_AP,Total,_T,Personas distintas atendidas en consulta,PERSONAS_DISTINTAS_ATENDIDAS_CONSULTA,167737,,,,
Lanzarote,ES708,2024,2024,Medicina Familia y Comunitaria - Atención primaria (AP),FAMILIA_COMUNITARIA_AP,Centro,CENTRO,Personas distintas atendidas en consulta,PERSONAS_DISTINTAS_ATENDIDAS_CONSULTA,107603,,,,
Fuerteventura,ES704,2024,2024,Medicina Familia y Comunitaria - Atención primaria (AP),FAMILIA_COMUNITARIA_AP,Domicilio,DOMICILIO,Personas distintas atendidas en consulta,PERSONAS_DISTINTAS_ATENDIDAS_CONSULTA,553,,,,
Fuerteventura,ES704,2024,2024,Medicina Familia y Comunitaria - Atención primaria (AP),FAMILIA_COMUNITARIA_AP,Teleconsulta,TELECONSULTA,Personas distintas atendidas en consulta,PERSONAS_DISTINTAS_ATENDIDAS_CONSULTA,38115,,,,
Fuerteventura,ES704,2024,2024,Medicina Familia y Comunitaria - Atención primaria (AP),FAMILIA_COMUNITARIA_AP,Total,_T,Personas distintas atendidas en consulta,PERSONAS_DISTINTAS_ATENDIDAS_CONSULTA,124712,,,,
Fuerteventura,ES704,2024,2024,Medicina Familia y Comunitaria - Atención primaria (AP),FAMILIA_COMUNITARIA_AP,Centro,CENTRO,Personas distintas atendidas en consulta,PERSONAS_DISTINTAS_ATENDIDAS_CONSULTA,86044,,,,
Gran Canaria,ES705,2024,2024,Medicina Familia y Comunitaria - Atención primaria (AP),FAMILIA_COMUNITARIA_AP,Domicilio,DOMICILIO,Personas distintas atendidas en consulta,PERSONAS_DISTINTAS_ATENDIDAS_CONSULTA,8003,,,,
Gran Canaria,ES705,2024,2024,Medicina Familia y Comunitaria - Atención primaria (AP),FAMILIA_COMUNITARIA_AP,Teleconsulta,TELECONSULTA,Personas distintas atendidas en consulta,PERSONAS_DISTINTAS_ATENDIDAS_CONSULTA,451420,,,,
Gran Canaria,ES705,2024,2024,Medicina Familia y Comunitaria - Atención primaria (AP),FAMILIA_COMUNITARIA_AP,Total,_T,Personas distintas atendidas en consulta,PERSONAS_DISTINTAS_ATENDIDAS_CONSULTA,1049057,,,,
Gran Canaria,ES705,2024,2024,Medicina Familia y Comunitaria - Atención primaria (AP),FAMILIA_COMUNITARIA_AP,Centro,CENTRO,Personas distintas atendidas en consulta,PERSONAS_DISTINTAS_ATENDIDAS_CONSULTA,589634,,,,
Tenerife,ES709,2024,2024,Medicina Familia y Comunitaria - Atención primaria (AP),FAMILIA_COMUNITARIA_AP,Domicilio,DOMICILIO,Personas distintas atendidas en consulta,PERSONAS_DISTINTAS_ATENDIDAS_CONSULTA,10563,,,,
Tenerife,ES709,2024,2024,Medicina Familia y Comunitaria - Atención primaria (AP),FAMILIA_COMUNITARIA_AP,Teleconsulta,TELECONSULTA,Personas distintas atendidas en consulta,PERSONAS_DISTINTAS_ATENDIDAS_CONSULTA,361772,,,,
Tenerife,ES709,2024,2024,Medicina Familia y Comunitaria - Atención primaria (AP),FAMILIA_COMUNITARIA_AP,Total,_T,Personas distintas atendidas en consulta,PERSONAS_DISTINTAS_ATENDIDAS_CONSULTA,1012709,,,,
Tenerife,ES709,2024,2024,Medicina Familia y Comunitaria - Atención primaria (AP),FAMILIA_COMUNITARIA_AP,Centro,CENTRO,Personas distintas atendidas en consulta,PERSONAS_DISTINTAS_ATENDIDAS_CONSULTA,640374,,,,
La Gomera,ES706,2024,2024,Medicina Familia y Comunitaria - Atención primaria (AP),FAMILIA_COMUNITARIA_AP,Domicilio,DOMICILIO,Personas distintas atendidas en consulta,PERSONAS_DISTINTAS_ATENDIDAS_CONSULTA,438,,,,
La Gomera,ES706,2024,2024,Medicina Familia y Comunitaria - Atención primaria (AP),FAMILIA_COMUNITARIA_AP,Teleconsulta,TELECONSULTA,Personas distintas atendidas en consulta,PERSONAS_DISTINTAS_ATENDIDAS_CONSULTA,7730,,,,
La Gomera,ES706,2024,2024,Medicina Familia y Comunitaria - Atención primaria (AP),FAMILIA_COMUNITARIA_AP,Total,_T,Personas distintas atendidas en consulta,PERSONAS_DISTINTAS_ATENDIDAS_CONSULTA,24134,,,,
La Gomera,ES706,2024,2024,Medicina Familia y Comunitaria - Atención primaria (AP),FAMILIA_COMUNITARIA_AP,Centro,CENTRO,Personas distintas atendidas en consulta,PERSONAS_DISTINTAS_ATENDIDAS_CONSULTA,15966,,,,
La Palma,ES707,2024,2024,Medicina Familia y Comunitaria - Atención primaria (AP),FAMILIA_COMUNITARIA_AP,Domicilio,DOMICILIO,Personas distintas atendidas en consulta,PERSONAS_DISTINTAS_ATENDIDAS_CONSULTA,1306,,,,
La Palma,ES707,2024,2024,Medicina Familia y Comunitaria - Atención primaria (AP),FAMILIA_COMUNITARIA_AP,Teleconsulta,TELECONSULTA,Personas distintas atendidas en consulta,PERSONAS_DISTINTAS_ATENDIDAS_CONSULTA,35244,,,,
La Palma,ES707,2024,2024,Medicina Familia y Comunitaria - Atención primaria (AP),FAMILIA_COMUNITARIA_AP,Total,_T,Personas distintas atendidas en consulta,PERSONAS_DISTINTAS_ATENDIDAS_CONSULTA,92402,,,,
La Palma,ES707,2024,2024,Medicina Familia y Comunitaria - Atención primaria (AP),FAMILIA_COMUNITARIA_AP,Centro,CENTRO,Personas distintas atendidas en consulta,PERSONAS_DISTINTAS_ATENDIDAS_CONSULTA,55852,,,,
El Hierro,ES703,2024,2024,Medicina Familia y Comunitaria - Atención primaria (AP),FAMILIA_COMUNITARIA_AP,Domicilio,DOMICILIO,Personas distintas atendidas en consulta,PERSONAS_DISTINTAS_ATENDIDAS_CONSULTA,253,,,,
El Hierro,ES703,2024,2024,Medicina Familia y Comunitaria - Atención primaria (AP),FAMILIA_COMUNITARIA_AP,Teleconsulta,TELECONSULTA,Personas distintas atendidas en consulta,PERSONAS_DISTINTAS_ATENDIDAS_CONSULTA,4076,,,,
El Hierro,ES703,2024,2024,Medicina Familia y Comunitaria - Atención primaria (AP),FAMILIA_COMUNITARIA_AP,Total,_T,Personas distintas atendidas en consulta,PERSONAS_DISTINTAS_ATENDIDAS_CONSULTA,13672,,,,
El Hierro,ES703,2024,2024,Medicina Familia y Comunitaria - Atención primaria (AP),FAMILIA_COMUNITARIA_AP,Centro,CENTRO,Personas distintas atendidas en consulta,PERSONAS_DISTINTAS_ATENDIDAS_CONSULTA,9343,,,,
