TERRITORIO#es,TERRITORIO_CODE,TIME_PERIOD#es,TIME_PERIOD_CODE,TIPO_PROFESIONAL_ATENCION_PRIMARIA#es,TIPO_PROFESIONAL_ATENCION_PRIMARIA_CODE,LUGAR_CONSULTA#es,LUGAR_CONSULTA_CODE,MEDIDAS#es,MEDIDAS_CODE,OBS_VALUE,ESTADO_OBSERVACION#es,ESTADO_OBSERVACION_CODE,CONFIDENCIALIDAD_OBSERVACION#es,NOTAS_OBSERVACION#es
Canarias,ES70,2007,2007,Enfermería - Atención primaria (AP),ENFERMERIA_AP,Domicilio,DOMICILIO,Consultas,CONSULTAS,161788,,,,
Canarias,ES70,2007,2007,Enfermería - Atención primaria (AP),ENFERMERIA_AP,Teleconsulta,TELECONSULTA,Consultas,CONSULTAS,,Valor no disponible; el dato no existe,M,,
Canarias,ES70,2007,2007,Enfermería - Atención primaria (AP),ENFERMERIA_AP,Total,_T,Consultas,CONSULTAS,3152421,,,,
Canarias,ES70,2007,2007,Enfermería - Atención primaria (AP),ENFERMERIA_AP,Centro,CENTRO,Consultas,CONSULTAS,2990633,,,,
Lanzarote,ES708,2007,2007,Enfermería - Atención primaria (AP),ENFERMERIA_AP,Domicilio,DOMICILIO,Consultas,CONSULTAS,12178,,,,
Lanzarote,ES708,2007,2007,Enfermería - Atención primaria (AP),ENFERMERIA_AP,Teleconsulta,TELECONSULTA,Consultas,CONSULTAS,,Valor no disponible; el dato no existe,M,,
Lanzarote,ES708,2007,2007,Enfermería - Atención primaria (AP),ENFERMERIA_AP,Total,_T,Consultas,CONSULTAS,242608,,,,
Lanzarote,ES708,2007,2007,Enfermería - Atención primaria (AP),ENFERMERIA_AP,Centro,CENTRO,Consultas,CONSULTAS,230430,,,,
Fuerteventura,ES704,2007,2007,Enfermería - Atención primaria (AP),ENFERMERIA_AP,Domicilio,DOMICILIO,Consultas,CONSULTAS,4476,,,,
Fuerteventura,ES704,2007,2007,Enfermería - Atención primaria (AP),ENFERMERIA_AP,Teleconsulta,TELECONSULTA,Consultas,CONSULTAS,,Valor no disponible; el dato no existe,M,,
Fuerteventura,ES704,2007,2007,Enfermería - Atención primaria (AP),ENFERMERIA_AP,Total,_T,Consultas,CONSULTAS,90101,,,,
Fuerteventura,ES704,2007,2007,Enfermería - Atención primaria (AP),ENFERMERIA_AP,Centro,CENTRO,Consultas,CONSULTAS,85625,,,,
Gran Canaria,ES705,2007,2007,Enfermería - Atención primaria (AP),ENFERMERIA_AP,Domicilio,DOMICILIO,Consultas,CONSULTAS,82864,,,,
Gran Canaria,ES705,2007,2007,Enfermería - Atención primaria (AP),ENFERMERIA_AP,Teleconsulta,TELECONSULTA,Consultas,CONSULTAS,,Valor no disponible; el dato no existe,M,,
Gran Canaria,ES705,2007,2007,Enfermería - Atención primaria (AP),ENFERMERIA_AP,Total,_T,Consultas,CONSULTAS,1171805,,,,
Gran Canaria,ES705,2007,2007,Enfermería - Atención primaria (AP),ENFERMERIA_AP,Centro,CENTRO,Consultas,CONSULTAS,1088941,,,,
Tenerife,ES709,2007,2007,Enfermería - Atención primaria (AP),ENFERMERIA_AP,Domicilio,DOMICILIO,Consultas,CONSULTAS,42635,,,,
Tenerife,ES709,2007,2007,Enfermería - Atención primaria (AP),ENFERMERIA_AP,Teleconsulta,TELECONSULTA,Consultas,CONSULTAS,,Valor no disponible; el dato no existe,M,,
Tenerife,ES709,2007,2007,Enfermería - Atención primaria (AP),ENFERMERIA_AP,Total,_T,Consultas,CONSULTAS,1340034,,,,
Tenerife,ES709,2007,2007,Enfermería - Atención primaria (AP),ENFERMERIA_AP,Centro,CENTRO,Consultas,CONSULTAS,1297399,,,,
La Gomera,ES706,2007,2007,Enfermería - Atención primaria (AP),ENFERMERIA_AP,Domicilio,DOMICILIO,Consultas,CONSULTAS,3217,,,,
La Gomera,ES706,2007,2007,Enfermería - Atención primaria (AP),ENFERMERIA_AP,Teleconsulta,TELECONSULTA,Consultas,CONSULTAS,,Valor no disponible; el dato no existe,M,,
La Gomera,ES706,2007,2007,Enfermería - Atención primaria (AP),ENFERMERIA_AP,Total,_T,Consultas,CONSULTAS,60170,,,,
La Gomera,ES706,2007,2007,Enfermería - Atención primaria (AP),ENFERMERIA_AP,Centro,CENTRO,Consultas,CONSULTAS,56953,,,,
La Palma,ES707,2007,2007,Enfermería - Atención primaria (AP),ENFERMERIA_AP,Domicilio,DOMICILIO,Consultas,CONSULTAS,14574,,,,
La Palma,ES707,2007,2007,Enfermería - Atención primaria (AP),ENFERMERIA_AP,Teleconsulta,TELECONSULTA,Consultas,CONSULTAS,,Valor no disponible; el dato no existe,M,,
La Palma,ES707,2007,2007,Enfermería - Atención primaria (AP),ENFERMERIA_AP,Total,_T,Consultas,CONSULTAS,222265,,,,
La Palma,ES707,2007,2007,Enfermería - Atención primaria (AP),ENFERMERIA_AP,Centro,CENTRO,Consultas,CONSULTAS,207691,,,,
El Hierro,ES703,2007,2007,Enfermería - Atención primaria (AP),ENFERMERIA_AP,Domicilio,DOMICILIO,Consultas,CONSULTAS,1844,,,,
El Hierro,ES703,2007,2007,Enfermería - Atención primaria (AP),ENFERMERIA_AP,Teleconsulta,TELECONSULTA,Consultas,CONSULTAS,,Valor no disponible; el dato no existe,M,,
El Hierro,ES703,2007,2007,Enfermería - Atención primaria (AP),ENFERMERIA_AP,Total,_T,Consultas,CONSULTAS,25438,,,,
El Hierro,ES703,2007,2007,Enfermería - Atención primaria (AP),ENFERMERIA_AP,Centro,CENTRO,Consultas,CONSULTAS,23594,,,,
Canarias,ES70,2007,2007,Pediatría - Atención primaria (AP),PEDIATRIA_AP,Domicilio,DOMICILIO,Consultas,CONSULTAS,107,,,,
Canarias,ES70,2007,2007,Pediatría - Atención primaria (AP),PEDIATRIA_AP,Teleconsulta,TELECONSULTA,Consultas,CONSULTAS,,Valor no disponible; el dato no existe,M,,
Canarias,ES70,2007,2007,Pediatría - Atención primaria (AP),PEDIATRIA_AP,Total,_T,Consultas,CONSULTAS,1584902,,,,
Canarias,ES70,2007,2007,Pediatría - Atención primaria (AP),PEDIATRIA_AP,Centro,CENTRO,Consultas,CONSULTAS,1584795,,,,
Lanzarote,ES708,2007,2007,Pediatría - Atención primaria (AP),PEDIATRIA_AP,Domicilio,DOMICILIO,Consultas,CONSULTAS,0,,,,
Lanzarote,ES708,2007,2007,Pediatría - Atención primaria (AP),PEDIATRIA_AP,Teleconsulta,TELECONSULTA,Consultas,CONSULTAS,,Valor no disponible; el dato no existe,M,,
Lanzarote,ES708,2007,2007,Pediatría - Atención primaria (AP),PEDIATRIA_AP,Total,_T,Consultas,CONSULTAS,112079,,,,
Lanzarote,ES708,2007,2007,Pediatría - Atención primaria (AP),PEDIATRIA_AP,Centro,CENTRO,Consultas,CONSULTAS,112079,,,,
Fuerteventura,ES704,2007,2007,Pediatría - Atención primaria (AP),PEDIATRIA_AP,Domicilio,DOMICILIO,Consultas,CONSULTAS,6,,,,
Fuerteventura,ES704,2007,2007,Pediatría - Atención primaria (AP),PEDIATRIA_AP,Teleconsulta,TELECONSULTA,Consultas,CONSULTAS,,Valor no disponible; el dato no existe,M,,
Fuerteventura,ES704,2007,2007,Pediatría - Atención primaria (AP),PEDIATRIA_AP,Total,_T,Consultas,CONSULTAS,69455,,,,
Fuerteventura,ES704,2007,2007,Pediatría - Atención primaria (AP),PEDIATRIA_AP,Centro,CENTRO,Consultas,CONSULTAS,69449,,,,
Gran Canaria,ES705,2007,2007,Pediatría - Atención primaria (AP),PEDIATRIA_AP,Domicilio,DOMICILIO,Consultas,CONSULTAS,16,,,,
Gran Canaria,ES705,2007,2007,Pediatría - Atención primaria (AP),PEDIATRIA_AP,Teleconsulta,TELECONSULTA,Consultas,CONSULTAS,,Valor no disponible; el dato no existe,M,,
Gran Canaria,ES705,2007,2007,Pediatría - Atención primaria (AP),PEDIATRIA_AP,Total,_T,Consultas,CONSULTAS,626316,,,,
Gran Canaria,ES705,2007,2007,Pediatría - Atención primaria (AP),PEDIATRIA_AP,Centro,CENTRO,Consultas,CONSULTAS,626300,,,,
Tenerife,ES709,2007,2007,Pediatría - Atención primaria (AP),PEDIATRIA_AP,Domicilio,DOMICILIO,Consultas,CONSULTAS,78,,,,
Tenerife,ES709,2007,2007,Pediatría - Atención primaria (AP),PEDIATRIA_AP,Teleconsulta,TELECONSULTA,Consultas,CONSULTAS,,Valor no disponible; el dato no existe,M,,
Tenerife,ES709,2007,2007,Pediatría - Atención primaria (AP),PEDIATRIA_AP,Total,_T,Consultas,CONSULTAS,695106,,,,
Tenerife,ES709,2007,2007,Pediatría - Atención primaria (AP),PEDIATRIA_AP,Centro,CENTRO,Consultas,CONSULTAS,695028,,,,
La Gomera,ES706,2007,2007,Pediatría - Atención primaria (AP),PEDIATRIA_AP,Domicilio,DOMICILIO,Consultas,CONSULTAS,1,,,,
La Gomera,ES706,2007,2007,Pediatría - Atención primaria (AP),PEDIATRIA_AP,Teleconsulta,TELECONSULTA,Consultas,CONSULTAS,,Valor no disponible; el dato no existe,M,,
La Gomera,ES706,2007,2007,Pediatría - Atención primaria (AP),PEDIATRIA_AP,Total,_T,Consultas,CONSULTAS,4243,,,,
La Gomera,ES706,2007,2007,Pediatría - Atención primaria (AP),PEDIATRIA_AP,Centro,CENTRO,Consultas,CONSULTAS,4242,,,,
La Palma,ES707,2007,2007,Pediatría - Atención primaria (AP),PEDIATRIA_AP,Domicilio,DOMICILIO,Consultas,CONSULTAS,6,,,,
La Palma,ES707,2007,2007,Pediatría - Atención primaria (AP),PEDIATRIA_AP,Teleconsulta,TELECONSULTA,Consultas,CONSULTAS,,Valor no disponible; el dato no existe,M,,
La Palma,ES707,2007,2007,Pediatría - Atención primaria (AP),PEDIATRIA_AP,Total,_T,Consultas,CONSULTAS,71473,,,,
La Palma,ES707,2007,2007,Pediatría - Atención primaria (AP),PEDIATRIA_AP,Centro,CENTRO,Consultas,CONSULTAS,71467,,,,
El Hierro,ES703,2007,2007,Pediatría - Atención primaria (AP),PEDIATRIA_AP,Domicilio,DOMICILIO,Consultas,CONSULTAS,0,,,,
El Hierro,ES703,2007,2007,Pediatría - Atención primaria (AP),PEDIATRIA_AP,Teleconsulta,TELECONSULTA,Consultas,CONSULTAS,,Valor no disponible; el dato no existe,M,,
El Hierro,ES703,2007,2007,Pediatría - Atención primaria (AP),PEDIATRIA_AP,Total,_T,Consultas,CONSULTAS,6230,,,,
El Hierro,ES703,2007,2007,Pediatría - Atención primaria (AP),PEDIATRIA_AP,Centro,CENTRO,Consultas,CONSULTAS,6230,,,,
Canarias,ES70,2007,2007,Medicina Familia y Comunitaria - Atención primaria (AP),FAMILIA_COMUNITARIA_AP,Domicilio,DOMICILIO,Consultas,CONSULTAS,39223,,,,
Canarias,ES70,2007,2007,Medicina Familia y Comunitaria - Atención primaria (AP),FAMILIA_COMUNITARIA_AP,Teleconsulta,TELECONSULTA,Consultas,CONSULTAS,,Valor no disponible; el dato no existe,M,,
Canarias,ES70,2007,2007,Medicina Familia y Comunitaria - Atención primaria (AP),FAMILIA_COMUNITARIA_AP,Total,_T,Consultas,CONSULTAS,9289999,,,,
Canarias,ES70,2007,2007,Medicina Familia y Comunitaria - Atención primaria (AP),FAMILIA_COMUNITARIA_AP,Centro,CENTRO,Consultas,CONSULTAS,9250776,,,,
Lanzarote,ES708,2007,2007,Medicina Familia y Comunitaria - Atención primaria (AP),FAMILIA_COMUNITARIA_AP,Domicilio,DOMICILIO,Consultas,CONSULTAS,2240,,,,
Lanzarote,ES708,2007,2007,Medicina Familia y Comunitaria - Atención primaria (AP),FAMILIA_COMUNITARIA_AP,Teleconsulta,TELECONSULTA,Consultas,CONSULTAS,,Valor no disponible; el dato no existe,M,,
Lanzarote,ES708,2007,2007,Medicina Familia y Comunitaria - Atención primaria (AP),FAMILIA_COMUNITARIA_AP,Total,_T,Consultas,CONSULTAS,568878,,,,
Lanzarote,ES708,2007,2007,Medicina Familia y Comunitaria - Atención primaria (AP),FAMILIA_COMUNITARIA_AP,Centro,CENTRO,Consultas,CONSULTAS,566638,,,,
Fuerteventura,ES704,2007,2007,Medicina Familia y Comunitaria - Atención primaria (AP),FAMILIA_COMUNITARIA_AP,Domicilio,DOMICILIO,Consultas,CONSULTAS,1021,,,,
Fuerteventura,ES704,2007,2007,Medicina Familia y Comunitaria - Atención primaria (AP),FAMILIA_COMUNITARIA_AP,Teleconsulta,TELECONSULTA,Consultas,CONSULTAS,,Valor no disponible; el dato no existe,M,,
Fuerteventura,ES704,2007,2007,Medicina Familia y Comunitaria - Atención primaria (AP),FAMILIA_COMUNITARIA_AP,Total,_T,Consultas,CONSULTAS,383714,,,,
Fuerteventura,ES704,2007,2007,Medicina Familia y Comunitaria - Atención primaria (AP),FAMILIA_COMUNITARIA_AP,Centro,CENTRO,Consultas,CONSULTAS,382693,,,,
Gran Canaria,ES705,2007,2007,Medicina Familia y Comunitaria - Atención primaria (AP),FAMILIA_COMUNITARIA_AP,Domicilio,DOMICILIO,Consultas,CONSULTAS,11840,,,,
Gran Canaria,ES705,2007,2007,Medicina Familia y Comunitaria - Atención primaria (AP),FAMILIA_COMUNITARIA_AP,Teleconsulta,TELECONSULTA,Consultas,CONSULTAS,,Valor no disponible; el dato no existe,M,,
Gran Canaria,ES705,2007,2007,Medicina Familia y Comunitaria - Atención primaria (AP),FAMILIA_COMUNITARIA_AP,Total,_T,Consultas,CONSULTAS,3824680,,,,
Gran Canaria,ES705,2007,2007,Medicina Familia y Comunitaria - Atención primaria (AP),FAMILIA_COMUNITARIA_AP,Centro,CENTRO,Consultas,CONSULTAS,3812840,,,,
Tenerife,ES709,2007,2007,Medicina Familia y Comunitaria - Atención primaria (AP),FAMILIA_COMUNITARIA_AP,Domicilio,DOMICILIO,Consultas,CONSULTAS,18754,,,,
Tenerife,ES709,2007,2007,Medicina Familia y Comunitaria - Atención primaria (AP),FAMILIA_COMUNITARIA_AP,Teleconsulta,TELECONSULTA,Consultas,CONSULTAS,,Valor no disponible; el dato no existe,M,,
Tenerife,ES709,2007,2007,Medicina Familia y Comunitaria - Atención primaria (AP),FAMILIA_COMUNITARIA_AP,Total,_T,Consultas,CONSULTAS,3882399,,,,
Tenerife,ES709,2007,2007,Medicina Familia y Comunitaria - Atención primaria (AP),FAMILIA_COMUNITARIA_AP,Centro,CENTRO,Consultas,CONSULTAS,3863645,,,,
La Gomera,ES706,2007,2007,Medicina Familia y Comunitaria - Atención primaria (AP),FAMILIA_COMUNITARIA_AP,Domicilio,DOMICILIO,Consultas,CONSULTAS,854,,,,
La Gomera,ES706,2007,2007,Medicina Familia y Comunitaria - Atención primaria (AP),FAMILIA_COMUNITARIA_AP,Teleconsulta,TELECONSULTA,Consultas,CONSULTAS,,Valor no disponible; el dato no existe,M,,
La Gomera,ES706,2007,2007,Medicina Familia y Comunitaria - Atención primaria (AP),FAMILIA_COMUNITARIA_AP,Total,_T,Consultas,CONSULTAS,122517,,,,
La Gomera,ES706,2007,2007,Medicina Familia y Comunitaria - Atención primaria (AP),FAMILIA_COMUNITARIA_AP,Centro,CENTRO,Consultas,CONSULTAS,121663,,,,
La Palma,ES707,2007,2007,Medicina Familia y Comunitaria - Atención primaria (AP),FAMILIA_COMUNITARIA_AP,Domicilio,DOMICILIO,Consultas,CONSULTAS,3305,,,,
La Palma,ES707,2007,2007,Medicina Familia y Comunitaria - Atención primaria (AP),FAMILIA_COMUNITARIA_AP,Teleconsulta,TELECONSULTA,Consultas,CONSULTAS,,Valor no disponible; el dato no existe,M,,
La Palma,ES707,2007,2007,Medicina Familia y Comunitaria - Atención primaria (AP),FAMILIA_COMUNITARIA_AP,Total,_T,Consultas,CONSULTAS,456321,,,,
La Palma,ES707,2007,2007,Medicina Familia y Comunitaria - Atención primaria (AP),FAMILIA_COMUNITARIA_AP,Centro,CENTRO,Consultas,CONSULTAS,453016,,,,
El Hierro,ES703,2007,2007,Medicina Familia y Comunitaria - Atención primaria (AP),FAMILIA_COMUNITARIA_AP,Domicilio,DOMICILIO,Consultas,CONSULTAS,1209,,,,
El Hierro,ES703,2007,2007,Medicina Familia y Comunitaria - Atención primaria (AP),FAMILIA_COMUNITARIA_AP,Teleconsulta,TELECONSULTA,Consultas,CONSULTAS,,Valor no disponible; el dato no existe,M,,
El Hierro,ES703,2007,2007,Medicina Familia y Comunitaria - Atención primaria (AP),FAMILIA_COMUNITARIA_AP,Total,_T,Consultas,CONSULTAS,51490,,,,
El Hierro,ES703,2007,2007,Medicina Familia y Comunitaria - Atención primaria (AP),FAMILIA_COMUNITARIA_AP,Centro,CENTRO,Consultas,CONSULTAS,50281,,,,
Canarias,ES70,2008,2008,Enfermería - Atención primaria (AP),ENFERMERIA_AP,Domicilio,DOMICILIO,Consultas,CONSULTAS,166774,,,,
Canarias,ES70,2008,2008,Enfermería - Atención primaria (AP),ENFERMERIA_AP,Teleconsulta,TELECONSULTA,Consultas,CONSULTAS,,Valor no disponible; el dato no existe,M,,
Canarias,ES70,2008,2008,Enfermería - Atención primaria (AP),ENFERMERIA_AP,Total,_T,Consultas,CONSULTAS,3579029,,,,
Canarias,ES70,2008,2008,Enfermería - Atención primaria (AP),ENFERMERIA_AP,Centro,CENTRO,Consultas,CONSULTAS,3412255,,,,
Lanzarote,ES708,2008,2008,Enfermería - Atención primaria (AP),ENFERMERIA_AP,Domicilio,DOMICILIO,Consultas,CONSULTAS,10819,,,,
Lanzarote,ES708,2008,2008,Enfermería - Atención primaria (AP),ENFERMERIA_AP,Teleconsulta,TELECONSULTA,Consultas,CONSULTAS,,Valor no disponible; el dato no existe,M,,
Lanzarote,ES708,2008,2008,Enfermería - Atención primaria (AP),ENFERMERIA_AP,Total,_T,Consultas,CONSULTAS,264264,,,,
Lanzarote,ES708,2008,2008,Enfermería - Atención primaria (AP),ENFERMERIA_AP,Centro,CENTRO,Consultas,CONSULTAS,253445,,,,
Fuerteventura,ES704,2008,2008,Enfermería - Atención primaria (AP),ENFERMERIA_AP,Domicilio,DOMICILIO,Consultas,CONSULTAS,4852,,,,
Fuerteventura,ES704,2008,2008,Enfermería - Atención primaria (AP),ENFERMERIA_AP,Teleconsulta,TELECONSULTA,Consultas,CONSULTAS,,Valor no disponible; el dato no existe,M,,
Fuerteventura,ES704,2008,2008,Enfermería - Atención primaria (AP),ENFERMERIA_AP,Total,_T,Consultas,CONSULTAS,156157,,,,
Fuerteventura,ES704,2008,2008,Enfermería - Atención primaria (AP),ENFERMERIA_AP,Centro,CENTRO,Consultas,CONSULTAS,151305,,,,
Gran Canaria,ES705,2008,2008,Enfermería - Atención primaria (AP),ENFERMERIA_AP,Domicilio,DOMICILIO,Consultas,CONSULTAS,81821,,,,
Gran Canaria,ES705,2008,2008,Enfermería - Atención primaria (AP),ENFERMERIA_AP,Teleconsulta,TELECONSULTA,Consultas,CONSULTAS,,Valor no disponible; el dato no existe,M,,
Gran Canaria,ES705,2008,2008,Enfermería - Atención primaria (AP),ENFERMERIA_AP,Total,_T,Consultas,CONSULTAS,1258168,,,,
Gran Canaria,ES705,2008,2008,Enfermería - Atención primaria (AP),ENFERMERIA_AP,Centro,CENTRO,Consultas,CONSULTAS,1176347,,,,
Tenerife,ES709,2008,2008,Enfermería - Atención primaria (AP),ENFERMERIA_AP,Domicilio,DOMICILIO,Consultas,CONSULTAS,50240,,,,
Tenerife,ES709,2008,2008,Enfermería - Atención primaria (AP),ENFERMERIA_AP,Teleconsulta,TELECONSULTA,Consultas,CONSULTAS,,Valor no disponible; el dato no existe,M,,
Tenerife,ES709,2008,2008,Enfermería - Atención primaria (AP),ENFERMERIA_AP,Total,_T,Consultas,CONSULTAS,1596089,,,,
Tenerife,ES709,2008,2008,Enfermería - Atención primaria (AP),ENFERMERIA_AP,Centro,CENTRO,Consultas,CONSULTAS,1545849,,,,
La Gomera,ES706,2008,2008,Enfermería - Atención primaria (AP),ENFERMERIA_AP,Domicilio,DOMICILIO,Consultas,CONSULTAS,3218,,,,
La Gomera,ES706,2008,2008,Enfermería - Atención primaria (AP),ENFERMERIA_AP,Teleconsulta,TELECONSULTA,Consultas,CONSULTAS,,Valor no disponible; el dato no existe,M,,
La Gomera,ES706,2008,2008,Enfermería - Atención primaria (AP),ENFERMERIA_AP,Total,_T,Consultas,CONSULTAS,60987,,,,
La Gomera,ES706,2008,2008,Enfermería - Atención primaria (AP),ENFERMERIA_AP,Centro,CENTRO,Consultas,CONSULTAS,57769,,,,
La Palma,ES707,2008,2008,Enfermería - Atención primaria (AP),ENFERMERIA_AP,Domicilio,DOMICILIO,Consultas,CONSULTAS,13875,,,,
La Palma,ES707,2008,2008,Enfermería - Atención primaria (AP),ENFERMERIA_AP,Teleconsulta,TELECONSULTA,Consultas,CONSULTAS,,Valor no disponible; el dato no existe,M,,
La Palma,ES707,2008,2008,Enfermería - Atención primaria (AP),ENFERMERIA_AP,Total,_T,Consultas,CONSULTAS,218232,,,,
La Palma,ES707,2008,2008,Enfermería - Atención primaria (AP),ENFERMERIA_AP,Centro,CENTRO,Consultas,CONSULTAS,204357,,,,
El Hierro,ES703,2008,2008,Enfermería - Atención primaria (AP),ENFERMERIA_AP,Domicilio,DOMICILIO,Consultas,CONSULTAS,1949,,,,
El Hierro,ES703,2008,2008,Enfermería - Atención primaria (AP),ENFERMERIA_AP,Teleconsulta,TELECONSULTA,Consultas,CONSULTAS,,Valor no disponible; el dato no existe,M,,
El Hierro,ES703,2008,2008,Enfermería - Atención primaria (AP),ENFERMERIA_AP,Total,_T,Consultas,CONSULTAS,25132,,,,
El Hierro,ES703,2008,2008,Enfermería - Atención primaria (AP),ENFERMERIA_AP,Centro,CENTRO,Consultas,CONSULTAS,23183,,,,
Canarias,ES70,2008,2008,Pediatría - Atención primaria (AP),PEDIATRIA_AP,Domicilio,DOMICILIO,Consultas,CONSULTAS,151,,,,
Canarias,ES70,2008,2008,Pediatría - Atención primaria (AP),PEDIATRIA_AP,Teleconsulta,TELECONSULTA,Consultas,CONSULTAS,,Valor no disponible; el dato no existe,M,,
Canarias,ES70,2008,2008,Pediatría - Atención primaria (AP),PEDIATRIA_AP,Total,_T,Consultas,CONSULTAS,1628515,,,,
Canarias,ES70,2008,2008,Pediatría - Atención primaria (AP),PEDIATRIA_AP,Centro,CENTRO,Consultas,CONSULTAS,1628364,,,,
Lanzarote,ES708,2008,2008,Pediatría - Atención primaria (AP),PEDIATRIA_AP,Domicilio,DOMICILIO,Consultas,CONSULTAS,1,,,,
Lanzarote,ES708,2008,2008,Pediatría - Atención primaria (AP),PEDIATRIA_AP,Teleconsulta,TELECONSULTA,Consultas,CONSULTAS,,Valor no disponible; el dato no existe,M,,
Lanzarote,ES708,2008,2008,Pediatría - Atención primaria (AP),PEDIATRIA_AP,Total,_T,Consultas,CONSULTAS,118011,,,,
Lanzarote,ES708,2008,2008,Pediatría - Atención primaria (AP),PEDIATRIA_AP,Centro,CENTRO,Consultas,CONSULTAS,118010,,,,
Fuerteventura,ES704,2008,2008,Pediatría - Atención primaria (AP),PEDIATRIA_AP,Domicilio,DOMICILIO,Consultas,CONSULTAS,8,,,,
Fuerteventura,ES704,2008,2008,Pediatría - Atención primaria (AP),PEDIATRIA_AP,Teleconsulta,TELECONSULTA,Consultas,CONSULTAS,,Valor no disponible; el dato no existe,M,,
Fuerteventura,ES704,2008,2008,Pediatría - Atención primaria (AP),PEDIATRIA_AP,Total,_T,Consultas,CONSULTAS,74904,,,,
Fuerteventura,ES704,2008,2008,Pediatría - Atención primaria (AP),PEDIATRIA_AP,Centro,CENTRO,Consultas,CONSULTAS,74896,,,,
Gran Canaria,ES705,2008,2008,Pediatría - Atención primaria (AP),PEDIATRIA_AP,Domicilio,DOMICILIO,Consultas,CONSULTAS,15,,,,
Gran Canaria,ES705,2008,2008,Pediatría - Atención primaria (AP),PEDIATRIA_AP,Teleconsulta,TELECONSULTA,Consultas,CONSULTAS,,Valor no disponible; el dato no existe,M,,
Gran Canaria,ES705,2008,2008,Pediatría - Atención primaria (AP),PEDIATRIA_AP,Total,_T,Consultas,CONSULTAS,634690,,,,
Gran Canaria,ES705,2008,2008,Pediatría - Atención primaria (AP),PEDIATRIA_AP,Centro,CENTRO,Consultas,CONSULTAS,634675,,,,
Tenerife,ES709,2008,2008,Pediatría - Atención primaria (AP),PEDIATRIA_AP,Domicilio,DOMICILIO,Consultas,CONSULTAS,125,,,,
Tenerife,ES709,2008,2008,Pediatría - Atención primaria (AP),PEDIATRIA_AP,Teleconsulta,TELECONSULTA,Consultas,CONSULTAS,,Valor no disponible; el dato no existe,M,,
Tenerife,ES709,2008,2008,Pediatría - Atención primaria (AP),PEDIATRIA_AP,Total,_T,Consultas,CONSULTAS,722565,,,,
Tenerife,ES709,2008,2008,Pediatría - Atención primaria (AP),PEDIATRIA_AP,Centro,CENTRO,Consultas,CONSULTAS,722440,,,,
La Gomera,ES706,2008,2008,Pediatría - Atención primaria (AP),PEDIATRIA_AP,Domicilio,DOMICILIO,Consultas,CONSULTAS,0,,,,
La Gomera,ES706,2008,2008,Pediatría - Atención primaria (AP),PEDIATRIA_AP,Teleconsulta,TELECONSULTA,Consultas,CONSULTAS,,Valor no disponible; el dato no existe,M,,
La Gomera,ES706,2008,2008,Pediatría - Atención primaria (AP),PEDIATRIA_AP,Total,_T,Consultas,CONSULTAS,4965,,,,
La Gomera,ES706,2008,2008,Pediatría - Atención primaria (AP),PEDIATRIA_AP,Centro,CENTRO,Consultas,CONSULTAS,4965,,,,
La Palma,ES707,2008,2008,Pediatría - Atención primaria (AP),PEDIATRIA_AP,Domicilio,DOMICILIO,Consultas,CONSULTAS,2,,,,
La Palma,ES707,2008,2008,Pediatría - Atención primaria (AP),PEDIATRIA_AP,Teleconsulta,TELECONSULTA,Consultas,CONSULTAS,,Valor no disponible; el dato no existe,M,,
La Palma,ES707,2008,2008,Pediatría - Atención primaria (AP),PEDIATRIA_AP,Total,_T,Consultas,CONSULTAS,65866,,,,
La Palma,ES707,2008,2008,Pediatría - Atención primaria (AP),PEDIATRIA_AP,Centro,CENTRO,Consultas,CONSULTAS,65864,,,,
El Hierro,ES703,2008,2008,Pediatría - Atención primaria (AP),PEDIATRIA_AP,Domicilio,DOMICILIO,Consultas,CONSULTAS,0,,,,
El Hierro,ES703,2008,2008,Pediatría - Atención primaria (AP),PEDIATRIA_AP,Teleconsulta,TELECONSULTA,Consultas,CONSULTAS,,Valor no disponible; el dato no existe,M,,
El Hierro,ES703,2008,2008,Pediatría - Atención primaria (AP),PEDIATRIA_AP,Total,_T,Consultas,CONSULTAS,7514,,,,
El Hierro,ES703,2008,2008,Pediatría - Atención primaria (AP),PEDIATRIA_AP,Centro,CENTRO,Consultas,CONSULTAS,7514,,,,
Canarias,ES70,2008,2008,Medicina Familia y Comunitaria - Atención primaria (AP),FAMILIA_COMUNITARIA_AP,Domicilio,DOMICILIO,Consultas,CONSULTAS,38484,,,,
Canarias,ES70,2008,2008,Medicina Familia y Comunitaria - Atención primaria (AP),FAMILIA_COMUNITARIA_AP,Teleconsulta,TELECONSULTA,Consultas,CONSULTAS,,Valor no disponible; el dato no existe,M,,
Canarias,ES70,2008,2008,Medicina Familia y Comunitaria - Atención primaria (AP),FAMILIA_COMUNITARIA_AP,Total,_T,Consultas,CONSULTAS,9434729,,,,
Canarias,ES70,2008,2008,Medicina Familia y Comunitaria - Atención primaria (AP),FAMILIA_COMUNITARIA_AP,Centro,CENTRO,Consultas,CONSULTAS,9396245,,,,
Lanzarote,ES708,2008,2008,Medicina Familia y Comunitaria - Atención primaria (AP),FAMILIA_COMUNITARIA_AP,Domicilio,DOMICILIO,Consultas,CONSULTAS,1829,,,,
Lanzarote,ES708,2008,2008,Medicina Familia y Comunitaria - Atención primaria (AP),FAMILIA_COMUNITARIA_AP,Teleconsulta,TELECONSULTA,Consultas,CONSULTAS,,Valor no disponible; el dato no existe,M,,
Lanzarote,ES708,2008,2008,Medicina Familia y Comunitaria - Atención primaria (AP),FAMILIA_COMUNITARIA_AP,Total,_T,Consultas,CONSULTAS,572439,,,,
Lanzarote,ES708,2008,2008,Medicina Familia y Comunitaria - Atención primaria (AP),FAMILIA_COMUNITARIA_AP,Centro,CENTRO,Consultas,CONSULTAS,570610,,,,
Fuerteventura,ES704,2008,2008,Medicina Familia y Comunitaria - Atención primaria (AP),FAMILIA_COMUNITARIA_AP,Domicilio,DOMICILIO,Consultas,CONSULTAS,903,,,,
Fuerteventura,ES704,2008,2008,Medicina Familia y Comunitaria - Atención primaria (AP),FAMILIA_COMUNITARIA_AP,Teleconsulta,TELECONSULTA,Consultas,CONSULTAS,,Valor no disponible; el dato no existe,M,,
Fuerteventura,ES704,2008,2008,Medicina Familia y Comunitaria - Atención primaria (AP),FAMILIA_COMUNITARIA_AP,Total,_T,Consultas,CONSULTAS,453547,,,,
Fuerteventura,ES704,2008,2008,Medicina Familia y Comunitaria - Atención primaria (AP),FAMILIA_COMUNITARIA_AP,Centro,CENTRO,Consultas,CONSULTAS,452644,,,,
Gran Canaria,ES705,2008,2008,Medicina Familia y Comunitaria - Atención primaria (AP),FAMILIA_COMUNITARIA_AP,Domicilio,DOMICILIO,Consultas,CONSULTAS,11049,,,,
Gran Canaria,ES705,2008,2008,Medicina Familia y Comunitaria - Atención primaria (AP),FAMILIA_COMUNITARIA_AP,Teleconsulta,TELECONSULTA,Consultas,CONSULTAS,,Valor no disponible; el dato no existe,M,,
Gran Canaria,ES705,2008,2008,Medicina Familia y Comunitaria - Atención primaria (AP),FAMILIA_COMUNITARIA_AP,Total,_T,Consultas,CONSULTAS,3789135,,,,
Gran Canaria,ES705,2008,2008,Medicina Familia y Comunitaria - Atención primaria (AP),FAMILIA_COMUNITARIA_AP,Centro,CENTRO,Consultas,CONSULTAS,3778086,,,,
Tenerife,ES709,2008,2008,Medicina Familia y Comunitaria - Atención primaria (AP),FAMILIA_COMUNITARIA_AP,Domicilio,DOMICILIO,Consultas,CONSULTAS,19226,,,,
Tenerife,ES709,2008,2008,Medicina Familia y Comunitaria - Atención primaria (AP),FAMILIA_COMUNITARIA_AP,Teleconsulta,TELECONSULTA,Consultas,CONSULTAS,,Valor no disponible; el dato no existe,M,,
Tenerife,ES709,2008,2008,Medicina Familia y Comunitaria - Atención primaria (AP),FAMILIA_COMUNITARIA_AP,Total,_T,Consultas,CONSULTAS,4013241,,,,
Tenerife,ES709,2008,2008,Medicina Familia y Comunitaria - Atención primaria (AP),FAMILIA_COMUNITARIA_AP,Centro,CENTRO,Consultas,CONSULTAS,3994015,,,,
La Gomera,ES706,2008,2008,Medicina Familia y Comunitaria - Atención primaria (AP),FAMILIA_COMUNITARIA_AP,Domicilio,DOMICILIO,Consultas,CONSULTAS,897,,,,
La Gomera,ES706,2008,2008,Medicina Familia y Comunitaria - Atención primaria (AP),FAMILIA_COMUNITARIA_AP,Teleconsulta,TELECONSULTA,Consultas,CONSULTAS,,Valor no disponible; el dato no existe,M,,
La Gomera,ES706,2008,2008,Medicina Familia y Comunitaria - Atención primaria (AP),FAMILIA_COMUNITARIA_AP,Total,_T,Consultas,CONSULTAS,118550,,,,
La Gomera,ES706,2008,2008,Medicina Familia y Comunitaria - Atención primaria (AP),FAMILIA_COMUNITARIA_AP,Centro,CENTRO,Consultas,CONSULTAS,117653,,,,
La Palma,ES707,2008,2008,Medicina Familia y Comunitaria - Atención primaria (AP),FAMILIA_COMUNITARIA_AP,Domicilio,DOMICILIO,Consultas,CONSULTAS,3283,,,,
La Palma,ES707,2008,2008,Medicina Familia y Comunitaria - Atención primaria (AP),FAMILIA_COMUNITARIA_AP,Teleconsulta,TELECONSULTA,Consultas,CONSULTAS,,Valor no disponible; el dato no existe,M,,
La Palma,ES707,2008,2008,Medicina Familia y Comunitaria - Atención primaria (AP),FAMILIA_COMUNITARIA_AP,Total,_T,Consultas,CONSULTAS,432893,,,,
La Palma,ES707,2008,2008,Medicina Familia y Comunitaria - Atención primaria (AP),FAMILIA_COMUNITARIA_AP,Centro,CENTRO,Consultas,CONSULTAS,429610,,,,
El Hierro,ES703,2008,2008,Medicina Familia y Comunitaria - Atención primaria (AP),FAMILIA_COMUNITARIA_AP,Domicilio,DOMICILIO,Consultas,CONSULTAS,1297,,,,
El Hierro,ES703,2008,2008,Medicina Familia y Comunitaria - Atención primaria (AP),FAMILIA_COMUNITARIA_AP,Teleconsulta,TELECONSULTA,Consultas,CONSULTAS,,Valor no disponible; el dato no existe,M,,
El Hierro,ES703,2008,2008,Medicina Familia y Comunitaria - Atención primaria (AP),FAMILIA_COMUNITARIA_AP,Total,_T,Consultas,CONSULTAS,54924,,,,
El Hierro,ES703,2008,2008,Medicina Familia y Comunitaria - Atención primaria (AP),FAMILIA_COMUNITARIA_AP,Centro,CENTRO,Consultas,CONSULTAS,53627,,,,
Canarias,ES70,2009,2009,Enfermería - Atención primaria (AP),ENFERMERIA_AP,Domicilio,DOMICILIO,Consultas,CONSULTAS,209817,,,,
Canarias,ES70,2009,2009,Enfermería - Atención primaria (AP),ENFERMERIA_AP,Teleconsulta,TELECONSULTA,Consultas,CONSULTAS,,Valor no disponible; el dato no existe,M,,
Canarias,ES70,2009,2009,Enfermería - Atención primaria (AP),ENFERMERIA_AP,Total,_T,Consultas,CONSULTAS,3815993,,,,
Canarias,ES70,2009,2009,Enfermería - Atención primaria (AP),ENFERMERIA_AP,Centro,CENTRO,Consultas,CONSULTAS,3606176,,,,
Lanzarote,ES708,2009,2009,Enfermería - Atención primaria (AP),ENFERMERIA_AP,Domicilio,DOMICILIO,Consultas,CONSULTAS,9550,,,,
Lanzarote,ES708,2009,2009,Enfermería - Atención primaria (AP),ENFERMERIA_AP,Teleconsulta,TELECONSULTA,Consultas,CONSULTAS,,Valor no disponible; el dato no existe,M,,
Lanzarote,ES708,2009,2009,Enfermería - Atención primaria (AP),ENFERMERIA_AP,Total,_T,Consultas,CONSULTAS,289144,,,,
Lanzarote,ES708,2009,2009,Enfermería - Atención primaria (AP),ENFERMERIA_AP,Centro,CENTRO,Consultas,CONSULTAS,279594,,,,
Fuerteventura,ES704,2009,2009,Enfermería - Atención primaria (AP),ENFERMERIA_AP,Domicilio,DOMICILIO,Consultas,CONSULTAS,6136,,,,
Fuerteventura,ES704,2009,2009,Enfermería - Atención primaria (AP),ENFERMERIA_AP,Teleconsulta,TELECONSULTA,Consultas,CONSULTAS,,Valor no disponible; el dato no existe,M,,
Fuerteventura,ES704,2009,2009,Enfermería - Atención primaria (AP),ENFERMERIA_AP,Total,_T,Consultas,CONSULTAS,195013,,,,
Fuerteventura,ES704,2009,2009,Enfermería - Atención primaria (AP),ENFERMERIA_AP,Centro,CENTRO,Consultas,CONSULTAS,188877,,,,
Gran Canaria,ES705,2009,2009,Enfermería - Atención primaria (AP),ENFERMERIA_AP,Domicilio,DOMICILIO,Consultas,CONSULTAS,104482,,,,
Gran Canaria,ES705,2009,2009,Enfermería - Atención primaria (AP),ENFERMERIA_AP,Teleconsulta,TELECONSULTA,Consultas,CONSULTAS,,Valor no disponible; el dato no existe,M,,
Gran Canaria,ES705,2009,2009,Enfermería - Atención primaria (AP),ENFERMERIA_AP,Total,_T,Consultas,CONSULTAS,1350091,,,,
Gran Canaria,ES705,2009,2009,Enfermería - Atención primaria (AP),ENFERMERIA_AP,Centro,CENTRO,Consultas,CONSULTAS,1245609,,,,
Tenerife,ES709,2009,2009,Enfermería - Atención primaria (AP),ENFERMERIA_AP,Domicilio,DOMICILIO,Consultas,CONSULTAS,63501,,,,
Tenerife,ES709,2009,2009,Enfermería - Atención primaria (AP),ENFERMERIA_AP,Teleconsulta,TELECONSULTA,Consultas,CONSULTAS,,Valor no disponible; el dato no existe,M,,
Tenerife,ES709,2009,2009,Enfermería - Atención primaria (AP),ENFERMERIA_AP,Total,_T,Consultas,CONSULTAS,1651586,,,,
Tenerife,ES709,2009,2009,Enfermería - Atención primaria (AP),ENFERMERIA_AP,Centro,CENTRO,Consultas,CONSULTAS,1588085,,,,
La Gomera,ES706,2009,2009,Enfermería - Atención primaria (AP),ENFERMERIA_AP,Domicilio,DOMICILIO,Consultas,CONSULTAS,4410,,,,
La Gomera,ES706,2009,2009,Enfermería - Atención primaria (AP),ENFERMERIA_AP,Teleconsulta,TELECONSULTA,Consultas,CONSULTAS,,Valor no disponible; el dato no existe,M,,
La Gomera,ES706,2009,2009,Enfermería - Atención primaria (AP),ENFERMERIA_AP,Total,_T,Consultas,CONSULTAS,63820,,,,
La Gomera,ES706,2009,2009,Enfermería - Atención primaria (AP),ENFERMERIA_AP,Centro,CENTRO,Consultas,CONSULTAS,59410,,,,
La Palma,ES707,2009,2009,Enfermería - Atención primaria (AP),ENFERMERIA_AP,Domicilio,DOMICILIO,Consultas,CONSULTAS,19050,,,,
La Palma,ES707,2009,2009,Enfermería - Atención primaria (AP),ENFERMERIA_AP,Teleconsulta,TELECONSULTA,Consultas,CONSULTAS,,Valor no disponible; el dato no existe,M,,
La Palma,ES707,2009,2009,Enfermería - Atención primaria (AP),ENFERMERIA_AP,Total,_T,Consultas,CONSULTAS,237667,,,,
La Palma,ES707,2009,2009,Enfermería - Atención primaria (AP),ENFERMERIA_AP,Centro,CENTRO,Consultas,CONSULTAS,218617,,,,
El Hierro,ES703,2009,2009,Enfermería - Atención primaria (AP),ENFERMERIA_AP,Domicilio,DOMICILIO,Consultas,CONSULTAS,2688,,,,
El Hierro,ES703,2009,2009,Enfermería - Atención primaria (AP),ENFERMERIA_AP,Teleconsulta,TELECONSULTA,Consultas,CONSULTAS,,Valor no disponible; el dato no existe,M,,
El Hierro,ES703,2009,2009,Enfermería - Atención primaria (AP),ENFERMERIA_AP,Total,_T,Consultas,CONSULTAS,28672,,,,
El Hierro,ES703,2009,2009,Enfermería - Atención primaria (AP),ENFERMERIA_AP,Centro,CENTRO,Consultas,CONSULTAS,25984,,,,
Canarias,ES70,2009,2009,Pediatría - Atención primaria (AP),PEDIATRIA_AP,Domicilio,DOMICILIO,Consultas,CONSULTAS,161,,,,
Canarias,ES70,2009,2009,Pediatría - Atención primaria (AP),PEDIATRIA_AP,Teleconsulta,TELECONSULTA,Consultas,CONSULTAS,,Valor no disponible; el dato no existe,M,,
Canarias,ES70,2009,2009,Pediatría - Atención primaria (AP),PEDIATRIA_AP,Total,_T,Consultas,CONSULTAS,1678019,,,,
Canarias,ES70,2009,2009,Pediatría - Atención primaria (AP),PEDIATRIA_AP,Centro,CENTRO,Consultas,CONSULTAS,1677858,,,,
Lanzarote,ES708,2009,2009,Pediatría - Atención primaria (AP),PEDIATRIA_AP,Domicilio,DOMICILIO,Consultas,CONSULTAS,11,,,,
Lanzarote,ES708,2009,2009,Pediatría - Atención primaria (AP),PEDIATRIA_AP,Teleconsulta,TELECONSULTA,Consultas,CONSULTAS,,Valor no disponible; el dato no existe,M,,
Lanzarote,ES708,2009,2009,Pediatría - Atención primaria (AP),PEDIATRIA_AP,Total,_T,Consultas,CONSULTAS,121831,,,,
Lanzarote,ES708,2009,2009,Pediatría - Atención primaria (AP),PEDIATRIA_AP,Centro,CENTRO,Consultas,CONSULTAS,121820,,,,
Fuerteventura,ES704,2009,2009,Pediatría - Atención primaria (AP),PEDIATRIA_AP,Domicilio,DOMICILIO,Consultas,CONSULTAS,2,,,,
Fuerteventura,ES704,2009,2009,Pediatría - Atención primaria (AP),PEDIATRIA_AP,Teleconsulta,TELECONSULTA,Consultas,CONSULTAS,,Valor no disponible; el dato no existe,M,,
Fuerteventura,ES704,2009,2009,Pediatría - Atención primaria (AP),PEDIATRIA_AP,Total,_T,Consultas,CONSULTAS,69682,,,,
Fuerteventura,ES704,2009,2009,Pediatría - Atención primaria (AP),PEDIATRIA_AP,Centro,CENTRO,Consultas,CONSULTAS,69680,,,,
Gran Canaria,ES705,2009,2009,Pediatría - Atención primaria (AP),PEDIATRIA_AP,Domicilio,DOMICILIO,Consultas,CONSULTAS,41,,,,
Gran Canaria,ES705,2009,2009,Pediatría - Atención primaria (AP),PEDIATRIA_AP,Teleconsulta,TELECONSULTA,Consultas,CONSULTAS,,Valor no disponible; el dato no existe,M,,
Gran Canaria,ES705,2009,2009,Pediatría - Atención primaria (AP),PEDIATRIA_AP,Total,_T,Consultas,CONSULTAS,645670,,,,
Gran Canaria,ES705,2009,2009,Pediatría - Atención primaria (AP),PEDIATRIA_AP,Centro,CENTRO,Consultas,CONSULTAS,645629,,,,
Tenerife,ES709,2009,2009,Pediatría - Atención primaria (AP),PEDIATRIA_AP,Domicilio,DOMICILIO,Consultas,CONSULTAS,105,,,,
Tenerife,ES709,2009,2009,Pediatría - Atención primaria (AP),PEDIATRIA_AP,Teleconsulta,TELECONSULTA,Consultas,CONSULTAS,,Valor no disponible; el dato no existe,M,,
Tenerife,ES709,2009,2009,Pediatría - Atención primaria (AP),PEDIATRIA_AP,Total,_T,Consultas,CONSULTAS,758629,,,,
Tenerife,ES709,2009,2009,Pediatría - Atención primaria (AP),PEDIATRIA_AP,Centro,CENTRO,Consultas,CONSULTAS,758524,,,,
La Gomera,ES706,2009,2009,Pediatría - Atención primaria (AP),PEDIATRIA_AP,Domicilio,DOMICILIO,Consultas,CONSULTAS,0,,,,
La Gomera,ES706,2009,2009,Pediatría - Atención primaria (AP),PEDIATRIA_AP,Teleconsulta,TELECONSULTA,Consultas,CONSULTAS,,Valor no disponible; el dato no existe,M,,
La Gomera,ES706,2009,2009,Pediatría - Atención primaria (AP),PEDIATRIA_AP,Total,_T,Consultas,CONSULTAS,5739,,,,
La Gomera,ES706,2009,2009,Pediatría - Atención primaria (AP),PEDIATRIA_AP,Centro,CENTRO,Consultas,CONSULTAS,5739,,,,
La Palma,ES707,2009,2009,Pediatría - Atención primaria (AP),PEDIATRIA_AP,Domicilio,DOMICILIO,Consultas,CONSULTAS,2,,,,
La Palma,ES707,2009,2009,Pediatría - Atención primaria (AP),PEDIATRIA_AP,Teleconsulta,TELECONSULTA,Consultas,CONSULTAS,,Valor no disponible; el dato no existe,M,,
La Palma,ES707,2009,2009,Pediatría - Atención primaria (AP),PEDIATRIA_AP,Total,_T,Consultas,CONSULTAS,68423,,,,
La Palma,ES707,2009,2009,Pediatría - Atención primaria (AP),PEDIATRIA_AP,Centro,CENTRO,Consultas,CONSULTAS,68421,,,,
El Hierro,ES703,2009,2009,Pediatría - Atención primaria (AP),PEDIATRIA_AP,Domicilio,DOMICILIO,Consultas,CONSULTAS,0,,,,
El Hierro,ES703,2009,2009,Pediatría - Atención primaria (AP),PEDIATRIA_AP,Teleconsulta,TELECONSULTA,Consultas,CONSULTAS,,Valor no disponible; el dato no existe,M,,
El Hierro,ES703,2009,2009,Pediatría - Atención primaria (AP),PEDIATRIA_AP,Total,_T,Consultas,CONSULTAS,8045,,,,
El Hierro,ES703,2009,2009,Pediatría - Atención primaria (AP),PEDIATRIA_AP,Centro,CENTRO,Consultas,CONSULTAS,8045,,,,
Canarias,ES70,2009,2009,Medicina Familia y Comunitaria - Atención primaria (AP),FAMILIA_COMUNITARIA_AP,Domicilio,DOMICILIO,Consultas,CONSULTAS,42310,,,,
Canarias,ES70,2009,2009,Medicina Familia y Comunitaria - Atención primaria (AP),FAMILIA_COMUNITARIA_AP,Teleconsulta,TELECONSULTA,Consultas,CONSULTAS,,Valor no disponible; el dato no existe,M,,
Canarias,ES70,2009,2009,Medicina Familia y Comunitaria - Atención primaria (AP),FAMILIA_COMUNITARIA_AP,Total,_T,Consultas,CONSULTAS,9410514,,,,
Canarias,ES70,2009,2009,Medicina Familia y Comunitaria - Atención primaria (AP),FAMILIA_COMUNITARIA_AP,Centro,CENTRO,Consultas,CONSULTAS,9368204,,,,
Lanzarote,ES708,2009,2009,Medicina Familia y Comunitaria - Atención primaria (AP),FAMILIA_COMUNITARIA_AP,Domicilio,DOMICILIO,Consultas,CONSULTAS,1561,,,,
Lanzarote,ES708,2009,2009,Medicina Familia y Comunitaria - Atención primaria (AP),FAMILIA_COMUNITARIA_AP,Teleconsulta,TELECONSULTA,Consultas,CONSULTAS,,Valor no disponible; el dato no existe,M,,
Lanzarote,ES708,2009,2009,Medicina Familia y Comunitaria - Atención primaria (AP),FAMILIA_COMUNITARIA_AP,Total,_T,Consultas,CONSULTAS,563214,,,,
Lanzarote,ES708,2009,2009,Medicina Familia y Comunitaria - Atención primaria (AP),FAMILIA_COMUNITARIA_AP,Centro,CENTRO,Consultas,CONSULTAS,561653,,,,
Fuerteventura,ES704,2009,2009,Medicina Familia y Comunitaria - Atención primaria (AP),FAMILIA_COMUNITARIA_AP,Domicilio,DOMICILIO,Consultas,CONSULTAS,783,,,,
Fuerteventura,ES704,2009,2009,Medicina Familia y Comunitaria - Atención primaria (AP),FAMILIA_COMUNITARIA_AP,Teleconsulta,TELECONSULTA,Consultas,CONSULTAS,,Valor no disponible; el dato no existe,M,,
Fuerteventura,ES704,2009,2009,Medicina Familia y Comunitaria - Atención primaria (AP),FAMILIA_COMUNITARIA_AP,Total,_T,Consultas,CONSULTAS,391807,,,,
Fuerteventura,ES704,2009,2009,Medicina Familia y Comunitaria - Atención primaria (AP),FAMILIA_COMUNITARIA_AP,Centro,CENTRO,Consultas,CONSULTAS,391024,,,,
Gran Canaria,ES705,2009,2009,Medicina Familia y Comunitaria - Atención primaria (AP),FAMILIA_COMUNITARIA_AP,Domicilio,DOMICILIO,Consultas,CONSULTAS,12153,,,,
Gran Canaria,ES705,2009,2009,Medicina Familia y Comunitaria - Atención primaria (AP),FAMILIA_COMUNITARIA_AP,Teleconsulta,TELECONSULTA,Consultas,CONSULTAS,,Valor no disponible; el dato no existe,M,,
Gran Canaria,ES705,2009,2009,Medicina Familia y Comunitaria - Atención primaria (AP),FAMILIA_COMUNITARIA_AP,Total,_T,Consultas,CONSULTAS,3770472,,,,
Gran Canaria,ES705,2009,2009,Medicina Familia y Comunitaria - Atención primaria (AP),FAMILIA_COMUNITARIA_AP,Centro,CENTRO,Consultas,CONSULTAS,3758319,,,,
Tenerife,ES709,2009,2009,Medicina Familia y Comunitaria - Atención primaria (AP),FAMILIA_COMUNITARIA_AP,Domicilio,DOMICILIO,Consultas,CONSULTAS,21829,,,,
Tenerife,ES709,2009,2009,Medicina Familia y Comunitaria - Atención primaria (AP),FAMILIA_COMUNITARIA_AP,Teleconsulta,TELECONSULTA,Consultas,CONSULTAS,,Valor no disponible; el dato no existe,M,,
Tenerife,ES709,2009,2009,Medicina Familia y Comunitaria - Atención primaria (AP),FAMILIA_COMUNITARIA_AP,Total,_T,Consultas,CONSULTAS,4062463,,,,
Tenerife,ES709,2009,2009,Medicina Familia y Comunitaria - Atención primaria (AP),FAMILIA_COMUNITARIA_AP,Centro,CENTRO,Consultas,CONSULTAS,4040634,,,,
La Gomera,ES706,2009,2009,Medicina Familia y Comunitaria - Atención primaria (AP),FAMILIA_COMUNITARIA_AP,Domicilio,DOMICILIO,Consultas,CONSULTAS,1113,,,,
La Gomera,ES706,2009,2009,Medicina Familia y Comunitaria - Atención primaria (AP),FAMILIA_COMUNITARIA_AP,Teleconsulta,TELECONSULTA,Consultas,CONSULTAS,,Valor no disponible; el dato no existe,M,,
La Gomera,ES706,2009,2009,Medicina Familia y Comunitaria - Atención primaria (AP),FAMILIA_COMUNITARIA_AP,Total,_T,Consultas,CONSULTAS,116200,,,,
La Gomera,ES706,2009,2009,Medicina Familia y Comunitaria - Atención primaria (AP),FAMILIA_COMUNITARIA_AP,Centro,CENTRO,Consultas,CONSULTAS,115087,,,,
La Palma,ES707,2009,2009,Medicina Familia y Comunitaria - Atención primaria (AP),FAMILIA_COMUNITARIA_AP,Domicilio,DOMICILIO,Consultas,CONSULTAS,3833,,,,
La Palma,ES707,2009,2009,Medicina Familia y Comunitaria - Atención primaria (AP),FAMILIA_COMUNITARIA_AP,Teleconsulta,TELECONSULTA,Consultas,CONSULTAS,,Valor no disponible; el dato no existe,M,,
La Palma,ES707,2009,2009,Medicina Familia y Comunitaria - Atención primaria (AP),FAMILIA_COMUNITARIA_AP,Total,_T,Consultas,CONSULTAS,450126,,,,
La Palma,ES707,2009,2009,Medicina Familia y Comunitaria - Atención primaria (AP),FAMILIA_COMUNITARIA_AP,Centro,CENTRO,Consultas,CONSULTAS,446293,,,,
El Hierro,ES703,2009,2009,Medicina Familia y Comunitaria - Atención primaria (AP),FAMILIA_COMUNITARIA_AP,Domicilio,DOMICILIO,Consultas,CONSULTAS,1038,,,,
El Hierro,ES703,2009,2009,Medicina Familia y Comunitaria - Atención primaria (AP),FAMILIA_COMUNITARIA_AP,Teleconsulta,TELECONSULTA,Consultas,CONSULTAS,,Valor no disponible; el dato no existe,M,,
El Hierro,ES703,2009,2009,Medicina Familia y Comunitaria - Atención primaria (AP),FAMILIA_COMUNITARIA_AP,Total,_T,Consultas,CONSULTAS,56232,,,,
El Hierro,ES703,2009,2009,Medicina Familia y Comunitaria - Atención primaria (AP),FAMILIA_COMUNITARIA_AP,Centro,CENTRO,Consultas,CONSULTAS,55194,,,,
Canarias,ES70,2010,2010,Enfermería - Atención primaria (AP),ENFERMERIA_AP,Domicilio,DOMICILIO,Consultas,CONSULTAS,196397,,,,
Canarias,ES70,2010,2010,Enfermería - Atención primaria (AP),ENFERMERIA_AP,Teleconsulta,TELECONSULTA,Consultas,CONSULTAS,,Valor no disponible; el dato no existe,M,,
Canarias,ES70,2010,2010,Enfermería - Atención primaria (AP),ENFERMERIA_AP,Total,_T,Consultas,CONSULTAS,3817091,,,,
Canarias,ES70,2010,2010,Enfermería - Atención primaria (AP),ENFERMERIA_AP,Centro,CENTRO,Consultas,CONSULTAS,3620694,,,,
Lanzarote,ES708,2010,2010,Enfermería - Atención primaria (AP),ENFERMERIA_AP,Domicilio,DOMICILIO,Consultas,CONSULTAS,9312,,,,
Lanzarote,ES708,2010,2010,Enfermería - Atención primaria (AP),ENFERMERIA_AP,Teleconsulta,TELECONSULTA,Consultas,CONSULTAS,,Valor no disponible; el dato no existe,M,,
Lanzarote,ES708,2010,2010,Enfermería - Atención primaria (AP),ENFERMERIA_AP,Total,_T,Consultas,CONSULTAS,290547,,,,
Lanzarote,ES708,2010,2010,Enfermería - Atención primaria (AP),ENFERMERIA_AP,Centro,CENTRO,Consultas,CONSULTAS,281235,,,,
Fuerteventura,ES704,2010,2010,Enfermería - Atención primaria (AP),ENFERMERIA_AP,Domicilio,DOMICILIO,Consultas,CONSULTAS,6316,,,,
Fuerteventura,ES704,2010,2010,Enfermería - Atención primaria (AP),ENFERMERIA_AP,Teleconsulta,TELECONSULTA,Consultas,CONSULTAS,,Valor no disponible; el dato no existe,M,,
Fuerteventura,ES704,2010,2010,Enfermería - Atención primaria (AP),ENFERMERIA_AP,Total,_T,Consultas,CONSULTAS,179838,,,,
Fuerteventura,ES704,2010,2010,Enfermería - Atención primaria (AP),ENFERMERIA_AP,Centro,CENTRO,Consultas,CONSULTAS,173522,,,,
Gran Canaria,ES705,2010,2010,Enfermería - Atención primaria (AP),ENFERMERIA_AP,Domicilio,DOMICILIO,Consultas,CONSULTAS,89756,,,,
Gran Canaria,ES705,2010,2010,Enfermería - Atención primaria (AP),ENFERMERIA_AP,Teleconsulta,TELECONSULTA,Consultas,CONSULTAS,,Valor no disponible; el dato no existe,M,,
Gran Canaria,ES705,2010,2010,Enfermería - Atención primaria (AP),ENFERMERIA_AP,Total,_T,Consultas,CONSULTAS,1355988,,,,
Gran Canaria,ES705,2010,2010,Enfermería - Atención primaria (AP),ENFERMERIA_AP,Centro,CENTRO,Consultas,CONSULTAS,1266232,,,,
Tenerife,ES709,2010,2010,Enfermería - Atención primaria (AP),ENFERMERIA_AP,Domicilio,DOMICILIO,Consultas,CONSULTAS,64370,,,,
Tenerife,ES709,2010,2010,Enfermería - Atención primaria (AP),ENFERMERIA_AP,Teleconsulta,TELECONSULTA,Consultas,CONSULTAS,,Valor no disponible; el dato no existe,M,,
Tenerife,ES709,2010,2010,Enfermería - Atención primaria (AP),ENFERMERIA_AP,Total,_T,Consultas,CONSULTAS,1662057,,,,
Tenerife,ES709,2010,2010,Enfermería - Atención primaria (AP),ENFERMERIA_AP,Centro,CENTRO,Consultas,CONSULTAS,1597687,,,,
La Gomera,ES706,2010,2010,Enfermería - Atención primaria (AP),ENFERMERIA_AP,Domicilio,DOMICILIO,Consultas,CONSULTAS,4352,,,,
La Gomera,ES706,2010,2010,Enfermería - Atención primaria (AP),ENFERMERIA_AP,Teleconsulta,TELECONSULTA,Consultas,CONSULTAS,,Valor no disponible; el dato no existe,M,,
La Gomera,ES706,2010,2010,Enfermería - Atención primaria (AP),ENFERMERIA_AP,Total,_T,Consultas,CONSULTAS,66715,,,,
La Gomera,ES706,2010,2010,Enfermería - Atención primaria (AP),ENFERMERIA_AP,Centro,CENTRO,Consultas,CONSULTAS,62363,,,,
La Palma,ES707,2010,2010,Enfermería - Atención primaria (AP),ENFERMERIA_AP,Domicilio,DOMICILIO,Consultas,CONSULTAS,18880,,,,
La Palma,ES707,2010,2010,Enfermería - Atención primaria (AP),ENFERMERIA_AP,Teleconsulta,TELECONSULTA,Consultas,CONSULTAS,,Valor no disponible; el dato no existe,M,,
La Palma,ES707,2010,2010,Enfermería - Atención primaria (AP),ENFERMERIA_AP,Total,_T,Consultas,CONSULTAS,232352,,,,
La Palma,ES707,2010,2010,Enfermería - Atención primaria (AP),ENFERMERIA_AP,Centro,CENTRO,Consultas,CONSULTAS,213472,,,,
El Hierro,ES703,2010,2010,Enfermería - Atención primaria (AP),ENFERMERIA_AP,Domicilio,DOMICILIO,Consultas,CONSULTAS,3411,,,,
El Hierro,ES703,2010,2010,Enfermería - Atención primaria (AP),ENFERMERIA_AP,Teleconsulta,TELECONSULTA,Consultas,CONSULTAS,,Valor no disponible; el dato no existe,M,,
El Hierro,ES703,2010,2010,Enfermería - Atención primaria (AP),ENFERMERIA_AP,Total,_T,Consultas,CONSULTAS,29594,,,,
El Hierro,ES703,2010,2010,Enfermería - Atención primaria (AP),ENFERMERIA_AP,Centro,CENTRO,Consultas,CONSULTAS,26183,,,,
Canarias,ES70,2010,2010,Pediatría - Atención primaria (AP),PEDIATRIA_AP,Domicilio,DOMICILIO,Consultas,CONSULTAS,139,,,,
Canarias,ES70,2010,2010,Pediatría - Atención primaria (AP),PEDIATRIA_AP,Teleconsulta,TELECONSULTA,Consultas,CONSULTAS,,Valor no disponible; el dato no existe,M,,
Canarias,ES70,2010,2010,Pediatría - Atención primaria (AP),PEDIATRIA_AP,Total,_T,Consultas,CONSULTAS,1532969,,,,
Canarias,ES70,2010,2010,Pediatría - Atención primaria (AP),PEDIATRIA_AP,Centro,CENTRO,Consultas,CONSULTAS,1532830,,,,
Lanzarote,ES708,2010,2010,Pediatría - Atención primaria (AP),PEDIATRIA_AP,Domicilio,DOMICILIO,Consultas,CONSULTAS,12,,,,
Lanzarote,ES708,2010,2010,Pediatría - Atención primaria (AP),PEDIATRIA_AP,Teleconsulta,TELECONSULTA,Consultas,CONSULTAS,,Valor no disponible; el dato no existe,M,,
Lanzarote,ES708,2010,2010,Pediatría - Atención primaria (AP),PEDIATRIA_AP,Total,_T,Consultas,CONSULTAS,109202,,,,
Lanzarote,ES708,2010,2010,Pediatría - Atención primaria (AP),PEDIATRIA_AP,Centro,CENTRO,Consultas,CONSULTAS,109190,,,,
Fuerteventura,ES704,2010,2010,Pediatría - Atención primaria (AP),PEDIATRIA_AP,Domicilio,DOMICILIO,Consultas,CONSULTAS,5,,,,
Fuerteventura,ES704,2010,2010,Pediatría - Atención primaria (AP),PEDIATRIA_AP,Teleconsulta,TELECONSULTA,Consultas,CONSULTAS,,Valor no disponible; el dato no existe,M,,
Fuerteventura,ES704,2010,2010,Pediatría - Atención primaria (AP),PEDIATRIA_AP,Total,_T,Consultas,CONSULTAS,64902,,,,
Fuerteventura,ES704,2010,2010,Pediatría - Atención primaria (AP),PEDIATRIA_AP,Centro,CENTRO,Consultas,CONSULTAS,64897,,,,
Gran Canaria,ES705,2010,2010,Pediatría - Atención primaria (AP),PEDIATRIA_AP,Domicilio,DOMICILIO,Consultas,CONSULTAS,27,,,,
Gran Canaria,ES705,2010,2010,Pediatría - Atención primaria (AP),PEDIATRIA_AP,Teleconsulta,TELECONSULTA,Consultas,CONSULTAS,,Valor no disponible; el dato no existe,M,,
Gran Canaria,ES705,2010,2010,Pediatría - Atención primaria (AP),PEDIATRIA_AP,Total,_T,Consultas,CONSULTAS,575809,,,,
Gran Canaria,ES705,2010,2010,Pediatría - Atención primaria (AP),PEDIATRIA_AP,Centro,CENTRO,Consultas,CONSULTAS,575782,,,,
Tenerife,ES709,2010,2010,Pediatría - Atención primaria (AP),PEDIATRIA_AP,Domicilio,DOMICILIO,Consultas,CONSULTAS,92,,,,
Tenerife,ES709,2010,2010,Pediatría - Atención primaria (AP),PEDIATRIA_AP,Teleconsulta,TELECONSULTA,Consultas,CONSULTAS,,Valor no disponible; el dato no existe,M,,
Tenerife,ES709,2010,2010,Pediatría - Atención primaria (AP),PEDIATRIA_AP,Total,_T,Consultas,CONSULTAS,707584,,,,
Tenerife,ES709,2010,2010,Pediatría - Atención primaria (AP),PEDIATRIA_AP,Centro,CENTRO,Consultas,CONSULTAS,707492,,,,
La Gomera,ES706,2010,2010,Pediatría - Atención primaria (AP),PEDIATRIA_AP,Domicilio,DOMICILIO,Consultas,CONSULTAS,1,,,,
La Gomera,ES706,2010,2010,Pediatría - Atención primaria (AP),PEDIATRIA_AP,Teleconsulta,TELECONSULTA,Consultas,CONSULTAS,,Valor no disponible; el dato no existe,M,,
La Gomera,ES706,2010,2010,Pediatría - Atención primaria (AP),PEDIATRIA_AP,Total,_T,Consultas,CONSULTAS,6424,,,,
La Gomera,ES706,2010,2010,Pediatría - Atención primaria (AP),PEDIATRIA_AP,Centro,CENTRO,Consultas,CONSULTAS,6423,,,,
La Palma,ES707,2010,2010,Pediatría - Atención primaria (AP),PEDIATRIA_AP,Domicilio,DOMICILIO,Consultas,CONSULTAS,1,,,,
La Palma,ES707,2010,2010,Pediatría - Atención primaria (AP),PEDIATRIA_AP,Teleconsulta,TELECONSULTA,Consultas,CONSULTAS,,Valor no disponible; el dato no existe,M,,
La Palma,ES707,2010,2010,Pediatría - Atención primaria (AP),PEDIATRIA_AP,Total,_T,Consultas,CONSULTAS,61594,,,,
La Palma,ES707,2010,2010,Pediatría - Atención primaria (AP),PEDIATRIA_AP,Centro,CENTRO,Consultas,CONSULTAS,61593,,,,
El Hierro,ES703,2010,2010,Pediatría - Atención primaria (AP),PEDIATRIA_AP,Domicilio,DOMICILIO,Consultas,CONSULTAS,1,,,,
El Hierro,ES703,2010,2010,Pediatría - Atención primaria (AP),PEDIATRIA_AP,Teleconsulta,TELECONSULTA,Consultas,CONSULTAS,,Valor no disponible; el dato no existe,M,,
El Hierro,ES703,2010,2010,Pediatría - Atención primaria (AP),PEDIATRIA_AP,Total,_T,Consultas,CONSULTAS,7454,,,,
El Hierro,ES703,2010,2010,Pediatría - Atención primaria (AP),PEDIATRIA_AP,Centro,CENTRO,Consultas,CONSULTAS,7453,,,,
Canarias,ES70,2010,2010,Medicina Familia y Comunitaria - Atención primaria (AP),FAMILIA_COMUNITARIA_AP,Domicilio,DOMICILIO,Consultas,CONSULTAS,38572,,,,
Canarias,ES70,2010,2010,Medicina Familia y Comunitaria - Atención primaria (AP),FAMILIA_COMUNITARIA_AP,Teleconsulta,TELECONSULTA,Consultas,CONSULTAS,,Valor no disponible; el dato no existe,M,,
Canarias,ES70,2010,2010,Medicina Familia y Comunitaria - Atención primaria (AP),FAMILIA_COMUNITARIA_AP,Total,_T,Consultas,CONSULTAS,9123102,,,,
Canarias,ES70,2010,2010,Medicina Familia y Comunitaria - Atención primaria (AP),FAMILIA_COMUNITARIA_AP,Centro,CENTRO,Consultas,CONSULTAS,9084530,,,,
Lanzarote,ES708,2010,2010,Medicina Familia y Comunitaria - Atención primaria (AP),FAMILIA_COMUNITARIA_AP,Domicilio,DOMICILIO,Consultas,CONSULTAS,1428,,,,
Lanzarote,ES708,2010,2010,Medicina Familia y Comunitaria - Atención primaria (AP),FAMILIA_COMUNITARIA_AP,Teleconsulta,TELECONSULTA,Consultas,CONSULTAS,,Valor no disponible; el dato no existe,M,,
Lanzarote,ES708,2010,2010,Medicina Familia y Comunitaria - Atención primaria (AP),FAMILIA_COMUNITARIA_AP,Total,_T,Consultas,CONSULTAS,547084,,,,
Lanzarote,ES708,2010,2010,Medicina Familia y Comunitaria - Atención primaria (AP),FAMILIA_COMUNITARIA_AP,Centro,CENTRO,Consultas,CONSULTAS,545656,,,,
Fuerteventura,ES704,2010,2010,Medicina Familia y Comunitaria - Atención primaria (AP),FAMILIA_COMUNITARIA_AP,Domicilio,DOMICILIO,Consultas,CONSULTAS,765,,,,
Fuerteventura,ES704,2010,2010,Medicina Familia y Comunitaria - Atención primaria (AP),FAMILIA_COMUNITARIA_AP,Teleconsulta,TELECONSULTA,Consultas,CONSULTAS,,Valor no disponible; el dato no existe,M,,
Fuerteventura,ES704,2010,2010,Medicina Familia y Comunitaria - Atención primaria (AP),FAMILIA_COMUNITARIA_AP,Total,_T,Consultas,CONSULTAS,360719,,,,
Fuerteventura,ES704,2010,2010,Medicina Familia y Comunitaria - Atención primaria (AP),FAMILIA_COMUNITARIA_AP,Centro,CENTRO,Consultas,CONSULTAS,359954,,,,
Gran Canaria,ES705,2010,2010,Medicina Familia y Comunitaria - Atención primaria (AP),FAMILIA_COMUNITARIA_AP,Domicilio,DOMICILIO,Consultas,CONSULTAS,9104,,,,
Gran Canaria,ES705,2010,2010,Medicina Familia y Comunitaria - Atención primaria (AP),FAMILIA_COMUNITARIA_AP,Teleconsulta,TELECONSULTA,Consultas,CONSULTAS,,Valor no disponible; el dato no existe,M,,
Gran Canaria,ES705,2010,2010,Medicina Familia y Comunitaria - Atención primaria (AP),FAMILIA_COMUNITARIA_AP,Total,_T,Consultas,CONSULTAS,3796109,,,,
Gran Canaria,ES705,2010,2010,Medicina Familia y Comunitaria - Atención primaria (AP),FAMILIA_COMUNITARIA_AP,Centro,CENTRO,Consultas,CONSULTAS,3787005,,,,
Tenerife,ES709,2010,2010,Medicina Familia y Comunitaria - Atención primaria (AP),FAMILIA_COMUNITARIA_AP,Domicilio,DOMICILIO,Consultas,CONSULTAS,21174,,,,
Tenerife,ES709,2010,2010,Medicina Familia y Comunitaria - Atención primaria (AP),FAMILIA_COMUNITARIA_AP,Teleconsulta,TELECONSULTA,Consultas,CONSULTAS,,Valor no disponible; el dato no existe,M,,
Tenerife,ES709,2010,2010,Medicina Familia y Comunitaria - Atención primaria (AP),FAMILIA_COMUNITARIA_AP,Total,_T,Consultas,CONSULTAS,3819143,,,,
Tenerife,ES709,2010,2010,Medicina Familia y Comunitaria - Atención primaria (AP),FAMILIA_COMUNITARIA_AP,Centro,CENTRO,Consultas,CONSULTAS,3797969,,,,
La Gomera,ES706,2010,2010,Medicina Familia y Comunitaria - Atención primaria (AP),FAMILIA_COMUNITARIA_AP,Domicilio,DOMICILIO,Consultas,CONSULTAS,1130,,,,
La Gomera,ES706,2010,2010,Medicina Familia y Comunitaria - Atención primaria (AP),FAMILIA_COMUNITARIA_AP,Teleconsulta,TELECONSULTA,Consultas,CONSULTAS,,Valor no disponible; el dato no existe,M,,
La Gomera,ES706,2010,2010,Medicina Familia y Comunitaria - Atención primaria (AP),FAMILIA_COMUNITARIA_AP,Total,_T,Consultas,CONSULTAS,115307,,,,
La Gomera,ES706,2010,2010,Medicina Familia y Comunitaria - Atención primaria (AP),FAMILIA_COMUNITARIA_AP,Centro,CENTRO,Consultas,CONSULTAS,114177,,,,
La Palma,ES707,2010,2010,Medicina Familia y Comunitaria - Atención primaria (AP),FAMILIA_COMUNITARIA_AP,Domicilio,DOMICILIO,Consultas,CONSULTAS,3783,,,,
La Palma,ES707,2010,2010,Medicina Familia y Comunitaria - Atención primaria (AP),FAMILIA_COMUNITARIA_AP,Teleconsulta,TELECONSULTA,Consultas,CONSULTAS,,Valor no disponible; el dato no existe,M,,
La Palma,ES707,2010,2010,Medicina Familia y Comunitaria - Atención primaria (AP),FAMILIA_COMUNITARIA_AP,Total,_T,Consultas,CONSULTAS,429921,,,,
La Palma,ES707,2010,2010,Medicina Familia y Comunitaria - Atención primaria (AP),FAMILIA_COMUNITARIA_AP,Centro,CENTRO,Consultas,CONSULTAS,426138,,,,
El Hierro,ES703,2010,2010,Medicina Familia y Comunitaria - Atención primaria (AP),FAMILIA_COMUNITARIA_AP,Domicilio,DOMICILIO,Consultas,CONSULTAS,1188,,,,
El Hierro,ES703,2010,2010,Medicina Familia y Comunitaria - Atención primaria (AP),FAMILIA_COMUNITARIA_AP,Teleconsulta,TELECONSULTA,Consultas,CONSULTAS,,Valor no disponible; el dato no existe,M,,
El Hierro,ES703,2010,2010,Medicina Familia y Comunitaria - Atención primaria (AP),FAMILIA_COMUNITARIA_AP,Total,_T,Consultas,CONSULTAS,54819,,,,
El Hierro,ES703,2010,2010,Medicina Familia y Comunitaria - Atención primaria (AP),FAMILIA_COMUNITARIA_AP,Centro,CENTRO,Consultas,CONSULTAS,53631,,,,
Canarias,ES70,2011,2011,Enfermería - Atención primaria (AP),ENFERMERIA_AP,Domicilio,DOMICILIO,Consultas,CONSULTAS,200181,,,,
Canarias,ES70,2011,2011,Enfermería - Atención primaria (AP),ENFERMERIA_AP,Teleconsulta,TELECONSULTA,Consultas,CONSULTAS,,Valor no disponible; el dato no existe,M,,
Canarias,ES70,2011,2011,Enfermería - Atención primaria (AP),ENFERMERIA_AP,Total,_T,Consultas,CONSULTAS,4045638,,,,
Canarias,ES70,2011,2011,Enfermería - Atención primaria (AP),ENFERMERIA_AP,Centro,CENTRO,Consultas,CONSULTAS,3845457,,,,
Lanzarote,ES708,2011,2011,Enfermería - Atención primaria (AP),ENFERMERIA_AP,Domicilio,DOMICILIO,Consultas,CONSULTAS,9800,,,,
Lanzarote,ES708,2011,2011,Enfermería - Atención primaria (AP),ENFERMERIA_AP,Teleconsulta,TELECONSULTA,Consultas,CONSULTAS,,Valor no disponible; el dato no existe,M,,
Lanzarote,ES708,2011,2011,Enfermería - Atención primaria (AP),ENFERMERIA_AP,Total,_T,Consultas,CONSULTAS,311558,,,,
Lanzarote,ES708,2011,2011,Enfermería - Atención primaria (AP),ENFERMERIA_AP,Centro,CENTRO,Consultas,CONSULTAS,301758,,,,
Fuerteventura,ES704,2011,2011,Enfermería - Atención primaria (AP),ENFERMERIA_AP,Domicilio,DOMICILIO,Consultas,CONSULTAS,6286,,,,
Fuerteventura,ES704,2011,2011,Enfermería - Atención primaria (AP),ENFERMERIA_AP,Teleconsulta,TELECONSULTA,Consultas,CONSULTAS,,Valor no disponible; el dato no existe,M,,
Fuerteventura,ES704,2011,2011,Enfermería - Atención primaria (AP),ENFERMERIA_AP,Total,_T,Consultas,CONSULTAS,186150,,,,
Fuerteventura,ES704,2011,2011,Enfermería - Atención primaria (AP),ENFERMERIA_AP,Centro,CENTRO,Consultas,CONSULTAS,179864,,,,
Gran Canaria,ES705,2011,2011,Enfermería - Atención primaria (AP),ENFERMERIA_AP,Domicilio,DOMICILIO,Consultas,CONSULTAS,90533,,,,
Gran Canaria,ES705,2011,2011,Enfermería - Atención primaria (AP),ENFERMERIA_AP,Teleconsulta,TELECONSULTA,Consultas,CONSULTAS,,Valor no disponible; el dato no existe,M,,
Gran Canaria,ES705,2011,2011,Enfermería - Atención primaria (AP),ENFERMERIA_AP,Total,_T,Consultas,CONSULTAS,1504194,,,,
Gran Canaria,ES705,2011,2011,Enfermería - Atención primaria (AP),ENFERMERIA_AP,Centro,CENTRO,Consultas,CONSULTAS,1413661,,,,
Tenerife,ES709,2011,2011,Enfermería - Atención primaria (AP),ENFERMERIA_AP,Domicilio,DOMICILIO,Consultas,CONSULTAS,66247,,,,
Tenerife,ES709,2011,2011,Enfermería - Atención primaria (AP),ENFERMERIA_AP,Teleconsulta,TELECONSULTA,Consultas,CONSULTAS,,Valor no disponible; el dato no existe,M,,
Tenerife,ES709,2011,2011,Enfermería - Atención primaria (AP),ENFERMERIA_AP,Total,_T,Consultas,CONSULTAS,1709137,,,,
Tenerife,ES709,2011,2011,Enfermería - Atención primaria (AP),ENFERMERIA_AP,Centro,CENTRO,Consultas,CONSULTAS,1642890,,,,
La Gomera,ES706,2011,2011,Enfermería - Atención primaria (AP),ENFERMERIA_AP,Domicilio,DOMICILIO,Consultas,CONSULTAS,4796,,,,
La Gomera,ES706,2011,2011,Enfermería - Atención primaria (AP),ENFERMERIA_AP,Teleconsulta,TELECONSULTA,Consultas,CONSULTAS,,Valor no disponible; el dato no existe,M,,
La Gomera,ES706,2011,2011,Enfermería - Atención primaria (AP),ENFERMERIA_AP,Total,_T,Consultas,CONSULTAS,69647,,,,
La Gomera,ES706,2011,2011,Enfermería - Atención primaria (AP),ENFERMERIA_AP,Centro,CENTRO,Consultas,CONSULTAS,64851,,,,
La Palma,ES707,2011,2011,Enfermería - Atención primaria (AP),ENFERMERIA_AP,Domicilio,DOMICILIO,Consultas,CONSULTAS,19217,,,,
La Palma,ES707,2011,2011,Enfermería - Atención primaria (AP),ENFERMERIA_AP,Teleconsulta,TELECONSULTA,Consultas,CONSULTAS,,Valor no disponible; el dato no existe,M,,
La Palma,ES707,2011,2011,Enfermería - Atención primaria (AP),ENFERMERIA_AP,Total,_T,Consultas,CONSULTAS,236019,,,,
La Palma,ES707,2011,2011,Enfermería - Atención primaria (AP),ENFERMERIA_AP,Centro,CENTRO,Consultas,CONSULTAS,216802,,,,
El Hierro,ES703,2011,2011,Enfermería - Atención primaria (AP),ENFERMERIA_AP,Domicilio,DOMICILIO,Consultas,CONSULTAS,3302,,,,
El Hierro,ES703,2011,2011,Enfermería - Atención primaria (AP),ENFERMERIA_AP,Teleconsulta,TELECONSULTA,Consultas,CONSULTAS,,Valor no disponible; el dato no existe,M,,
El Hierro,ES703,2011,2011,Enfermería - Atención primaria (AP),ENFERMERIA_AP,Total,_T,Consultas,CONSULTAS,28933,,,,
El Hierro,ES703,2011,2011,Enfermería - Atención primaria (AP),ENFERMERIA_AP,Centro,CENTRO,Consultas,CONSULTAS,25631,,,,
Canarias,ES70,2011,2011,Pediatría - Atención primaria (AP),PEDIATRIA_AP,Domicilio,DOMICILIO,Consultas,CONSULTAS,104,,,,
Canarias,ES70,2011,2011,Pediatría - Atención primaria (AP),PEDIATRIA_AP,Teleconsulta,TELECONSULTA,Consultas,CONSULTAS,,Valor no disponible; el dato no existe,M,,
Canarias,ES70,2011,2011,Pediatría - Atención primaria (AP),PEDIATRIA_AP,Total,_T,Consultas,CONSULTAS,1571511,,,,
Canarias,ES70,2011,2011,Pediatría - Atención primaria (AP),PEDIATRIA_AP,Centro,CENTRO,Consultas,CONSULTAS,1571407,,,,
Lanzarote,ES708,2011,2011,Pediatría - Atención primaria (AP),PEDIATRIA_AP,Domicilio,DOMICILIO,Consultas,CONSULTAS,13,,,,
Lanzarote,ES708,2011,2011,Pediatría - Atención primaria (AP),PEDIATRIA_AP,Teleconsulta,TELECONSULTA,Consultas,CONSULTAS,,Valor no disponible; el dato no existe,M,,
Lanzarote,ES708,2011,2011,Pediatría - Atención primaria (AP),PEDIATRIA_AP,Total,_T,Consultas,CONSULTAS,114210,,,,
Lanzarote,ES708,2011,2011,Pediatría - Atención primaria (AP),PEDIATRIA_AP,Centro,CENTRO,Consultas,CONSULTAS,114197,,,,
Fuerteventura,ES704,2011,2011,Pediatría - Atención primaria (AP),PEDIATRIA_AP,Domicilio,DOMICILIO,Consultas,CONSULTAS,2,,,,
Fuerteventura,ES704,2011,2011,Pediatría - Atención primaria (AP),PEDIATRIA_AP,Teleconsulta,TELECONSULTA,Consultas,CONSULTAS,,Valor no disponible; el dato no existe,M,,
Fuerteventura,ES704,2011,2011,Pediatría - Atención primaria (AP),PEDIATRIA_AP,Total,_T,Consultas,CONSULTAS,67103,,,,
Fuerteventura,ES704,2011,2011,Pediatría - Atención primaria (AP),PEDIATRIA_AP,Centro,CENTRO,Consultas,CONSULTAS,67101,,,,
Gran Canaria,ES705,2011,2011,Pediatría - Atención primaria (AP),PEDIATRIA_AP,Domicilio,DOMICILIO,Consultas,CONSULTAS,23,,,,
Gran Canaria,ES705,2011,2011,Pediatría - Atención primaria (AP),PEDIATRIA_AP,Teleconsulta,TELECONSULTA,Consultas,CONSULTAS,,Valor no disponible; el dato no existe,M,,
Gran Canaria,ES705,2011,2011,Pediatría - Atención primaria (AP),PEDIATRIA_AP,Total,_T,Consultas,CONSULTAS,593392,,,,
Gran Canaria,ES705,2011,2011,Pediatría - Atención primaria (AP),PEDIATRIA_AP,Centro,CENTRO,Consultas,CONSULTAS,593369,,,,
Tenerife,ES709,2011,2011,Pediatría - Atención primaria (AP),PEDIATRIA_AP,Domicilio,DOMICILIO,Consultas,CONSULTAS,65,,,,
Tenerife,ES709,2011,2011,Pediatría - Atención primaria (AP),PEDIATRIA_AP,Teleconsulta,TELECONSULTA,Consultas,CONSULTAS,,Valor no disponible; el dato no existe,M,,
Tenerife,ES709,2011,2011,Pediatría - Atención primaria (AP),PEDIATRIA_AP,Total,_T,Consultas,CONSULTAS,719068,,,,
Tenerife,ES709,2011,2011,Pediatría - Atención primaria (AP),PEDIATRIA_AP,Centro,CENTRO,Consultas,CONSULTAS,719003,,,,
La Gomera,ES706,2011,2011,Pediatría - Atención primaria (AP),PEDIATRIA_AP,Domicilio,DOMICILIO,Consultas,CONSULTAS,,Valor no disponible; el dato no existe,M,,
La Gomera,ES706,2011,2011,Pediatría - Atención primaria (AP),PEDIATRIA_AP,Teleconsulta,TELECONSULTA,Consultas,CONSULTAS,,Valor no disponible; el dato no existe,M,,
La Gomera,ES706,2011,2011,Pediatría - Atención primaria (AP),PEDIATRIA_AP,Total,_T,Consultas,CONSULTAS,6956,,,,
La Gomera,ES706,2011,2011,Pediatría - Atención primaria (AP),PEDIATRIA_AP,Centro,CENTRO,Consultas,CONSULTAS,6956,,,,
La Palma,ES707,2011,2011,Pediatría - Atención primaria (AP),PEDIATRIA_AP,Domicilio,DOMICILIO,Consultas,CONSULTAS,1,,,,
La Palma,ES707,2011,2011,Pediatría - Atención primaria (AP),PEDIATRIA_AP,Teleconsulta,TELECONSULTA,Consultas,CONSULTAS,,Valor no disponible; el dato no existe,M,,
La Palma,ES707,2011,2011,Pediatría - Atención primaria (AP),PEDIATRIA_AP,Total,_T,Consultas,CONSULTAS,63358,,,,
La Palma,ES707,2011,2011,Pediatría - Atención primaria (AP),PEDIATRIA_AP,Centro,CENTRO,Consultas,CONSULTAS,63357,,,,
El Hierro,ES703,2011,2011,Pediatría - Atención primaria (AP),PEDIATRIA_AP,Domicilio,DOMICILIO,Consultas,CONSULTAS,,Valor no disponible; el dato no existe,M,,
El Hierro,ES703,2011,2011,Pediatría - Atención primaria (AP),PEDIATRIA_AP,Teleconsulta,TELECONSULTA,Consultas,CONSULTAS,,Valor no disponible; el dato no existe,M,,
El Hierro,ES703,2011,2011,Pediatría - Atención primaria (AP),PEDIATRIA_AP,Total,_T,Consultas,CONSULTAS,7424,,,,
El Hierro,ES703,2011,2011,Pediatría - Atención primaria (AP),PEDIATRIA_AP,Centro,CENTRO,Consultas,CONSULTAS,7424,,,,
Canarias,ES70,2011,2011,Medicina Familia y Comunitaria - Atención primaria (AP),FAMILIA_COMUNITARIA_AP,Domicilio,DOMICILIO,Consultas,CONSULTAS,38086,,,,
Canarias,ES70,2011,2011,Medicina Familia y Comunitaria - Atención primaria (AP),FAMILIA_COMUNITARIA_AP,Teleconsulta,TELECONSULTA,Consultas,CONSULTAS,,Valor no disponible; el dato no existe,M,,
Canarias,ES70,2011,2011,Medicina Familia y Comunitaria - Atención primaria (AP),FAMILIA_COMUNITARIA_AP,Total,_T,Consultas,CONSULTAS,9169069,,,,
Canarias,ES70,2011,2011,Medicina Familia y Comunitaria - Atención primaria (AP),FAMILIA_COMUNITARIA_AP,Centro,CENTRO,Consultas,CONSULTAS,9130983,,,,
Lanzarote,ES708,2011,2011,Medicina Familia y Comunitaria - Atención primaria (AP),FAMILIA_COMUNITARIA_AP,Domicilio,DOMICILIO,Consultas,CONSULTAS,1502,,,,
Lanzarote,ES708,2011,2011,Medicina Familia y Comunitaria - Atención primaria (AP),FAMILIA_COMUNITARIA_AP,Teleconsulta,TELECONSULTA,Consultas,CONSULTAS,,Valor no disponible; el dato no existe,M,,
Lanzarote,ES708,2011,2011,Medicina Familia y Comunitaria - Atención primaria (AP),FAMILIA_COMUNITARIA_AP,Total,_T,Consultas,CONSULTAS,558590,,,,
Lanzarote,ES708,2011,2011,Medicina Familia y Comunitaria - Atención primaria (AP),FAMILIA_COMUNITARIA_AP,Centro,CENTRO,Consultas,CONSULTAS,557088,,,,
Fuerteventura,ES704,2011,2011,Medicina Familia y Comunitaria - Atención primaria (AP),FAMILIA_COMUNITARIA_AP,Domicilio,DOMICILIO,Consultas,CONSULTAS,924,,,,
Fuerteventura,ES704,2011,2011,Medicina Familia y Comunitaria - Atención primaria (AP),FAMILIA_COMUNITARIA_AP,Teleconsulta,TELECONSULTA,Consultas,CONSULTAS,,Valor no disponible; el dato no existe,M,,
Fuerteventura,ES704,2011,2011,Medicina Familia y Comunitaria - Atención primaria (AP),FAMILIA_COMUNITARIA_AP,Total,_T,Consultas,CONSULTAS,318331,,,,
Fuerteventura,ES704,2011,2011,Medicina Familia y Comunitaria - Atención primaria (AP),FAMILIA_COMUNITARIA_AP,Centro,CENTRO,Consultas,CONSULTAS,317407,,,,
Gran Canaria,ES705,2011,2011,Medicina Familia y Comunitaria - Atención primaria (AP),FAMILIA_COMUNITARIA_AP,Domicilio,DOMICILIO,Consultas,CONSULTAS,8612,,,,
Gran Canaria,ES705,2011,2011,Medicina Familia y Comunitaria - Atención primaria (AP),FAMILIA_COMUNITARIA_AP,Teleconsulta,TELECONSULTA,Consultas,CONSULTAS,,Valor no disponible; el dato no existe,M,,
Gran Canaria,ES705,2011,2011,Medicina Familia y Comunitaria - Atención primaria (AP),FAMILIA_COMUNITARIA_AP,Total,_T,Consultas,CONSULTAS,3940534,,,,
Gran Canaria,ES705,2011,2011,Medicina Familia y Comunitaria - Atención primaria (AP),FAMILIA_COMUNITARIA_AP,Centro,CENTRO,Consultas,CONSULTAS,3931922,,,,
Tenerife,ES709,2011,2011,Medicina Familia y Comunitaria - Atención primaria (AP),FAMILIA_COMUNITARIA_AP,Domicilio,DOMICILIO,Consultas,CONSULTAS,21357,,,,
Tenerife,ES709,2011,2011,Medicina Familia y Comunitaria - Atención primaria (AP),FAMILIA_COMUNITARIA_AP,Teleconsulta,TELECONSULTA,Consultas,CONSULTAS,,Valor no disponible; el dato no existe,M,,
Tenerife,ES709,2011,2011,Medicina Familia y Comunitaria - Atención primaria (AP),FAMILIA_COMUNITARIA_AP,Total,_T,Consultas,CONSULTAS,3763238,,,,
Tenerife,ES709,2011,2011,Medicina Familia y Comunitaria - Atención primaria (AP),FAMILIA_COMUNITARIA_AP,Centro,CENTRO,Consultas,CONSULTAS,3741881,,,,
La Gomera,ES706,2011,2011,Medicina Familia y Comunitaria - Atención primaria (AP),FAMILIA_COMUNITARIA_AP,Domicilio,DOMICILIO,Consultas,CONSULTAS,1123,,,,
La Gomera,ES706,2011,2011,Medicina Familia y Comunitaria - Atención primaria (AP),FAMILIA_COMUNITARIA_AP,Teleconsulta,TELECONSULTA,Consultas,CONSULTAS,,Valor no disponible; el dato no existe,M,,
La Gomera,ES706,2011,2011,Medicina Familia y Comunitaria - Atención primaria (AP),FAMILIA_COMUNITARIA_AP,Total,_T,Consultas,CONSULTAS,112127,,,,
La Gomera,ES706,2011,2011,Medicina Familia y Comunitaria - Atención primaria (AP),FAMILIA_COMUNITARIA_AP,Centro,CENTRO,Consultas,CONSULTAS,111004,,,,
La Palma,ES707,2011,2011,Medicina Familia y Comunitaria - Atención primaria (AP),FAMILIA_COMUNITARIA_AP,Domicilio,DOMICILIO,Consultas,CONSULTAS,3425,,,,
La Palma,ES707,2011,2011,Medicina Familia y Comunitaria - Atención primaria (AP),FAMILIA_COMUNITARIA_AP,Teleconsulta,TELECONSULTA,Consultas,CONSULTAS,,Valor no disponible; el dato no existe,M,,
La Palma,ES707,2011,2011,Medicina Familia y Comunitaria - Atención primaria (AP),FAMILIA_COMUNITARIA_AP,Total,_T,Consultas,CONSULTAS,421808,,,,
La Palma,ES707,2011,2011,Medicina Familia y Comunitaria - Atención primaria (AP),FAMILIA_COMUNITARIA_AP,Centro,CENTRO,Consultas,CONSULTAS,418383,,,,
El Hierro,ES703,2011,2011,Medicina Familia y Comunitaria - Atención primaria (AP),FAMILIA_COMUNITARIA_AP,Domicilio,DOMICILIO,Consultas,CONSULTAS,1143,,,,
El Hierro,ES703,2011,2011,Medicina Familia y Comunitaria - Atención primaria (AP),FAMILIA_COMUNITARIA_AP,Teleconsulta,TELECONSULTA,Consultas,CONSULTAS,,Valor no disponible; el dato no existe,M,,
El Hierro,ES703,2011,2011,Medicina Familia y Comunitaria - Atención primaria (AP),FAMILIA_COMUNITARIA_AP,Total,_T,Consultas,CONSULTAS,54441,,,,
El Hierro,ES703,2011,2011,Medicina Familia y Comunitaria - Atención primaria (AP),FAMILIA_COMUNITARIA_AP,Centro,CENTRO,Consultas,CONSULTAS,53298,,,,
Canarias,ES70,2012,2012,Enfermería - Atención primaria (AP),ENFERMERIA_AP,Domicilio,DOMICILIO,Consultas,CONSULTAS,201539,,,,
Canarias,ES70,2012,2012,Enfermería - Atención primaria (AP),ENFERMERIA_AP,Teleconsulta,TELECONSULTA,Consultas,CONSULTAS,,Valor no disponible; el dato no existe,M,,
Canarias,ES70,2012,2012,Enfermería - Atención primaria (AP),ENFERMERIA_AP,Total,_T,Consultas,CONSULTAS,4014138,,,,
Canarias,ES70,2012,2012,Enfermería - Atención primaria (AP),ENFERMERIA_AP,Centro,CENTRO,Consultas,CONSULTAS,3812599,,,,
Lanzarote,ES708,2012,2012,Enfermería - Atención primaria (AP),ENFERMERIA_AP,Domicilio,DOMICILIO,Consultas,CONSULTAS,10395,,,,
Lanzarote,ES708,2012,2012,Enfermería - Atención primaria (AP),ENFERMERIA_AP,Teleconsulta,TELECONSULTA,Consultas,CONSULTAS,,Valor no disponible; el dato no existe,M,,
Lanzarote,ES708,2012,2012,Enfermería - Atención primaria (AP),ENFERMERIA_AP,Total,_T,Consultas,CONSULTAS,319959,,,,
Lanzarote,ES708,2012,2012,Enfermería - Atención primaria (AP),ENFERMERIA_AP,Centro,CENTRO,Consultas,CONSULTAS,309564,,,,
Fuerteventura,ES704,2012,2012,Enfermería - Atención primaria (AP),ENFERMERIA_AP,Domicilio,DOMICILIO,Consultas,CONSULTAS,8356,,,,
Fuerteventura,ES704,2012,2012,Enfermería - Atención primaria (AP),ENFERMERIA_AP,Teleconsulta,TELECONSULTA,Consultas,CONSULTAS,,Valor no disponible; el dato no existe,M,,
Fuerteventura,ES704,2012,2012,Enfermería - Atención primaria (AP),ENFERMERIA_AP,Total,_T,Consultas,CONSULTAS,194504,,,,
Fuerteventura,ES704,2012,2012,Enfermería - Atención primaria (AP),ENFERMERIA_AP,Centro,CENTRO,Consultas,CONSULTAS,186148,,,,
Gran Canaria,ES705,2012,2012,Enfermería - Atención primaria (AP),ENFERMERIA_AP,Domicilio,DOMICILIO,Consultas,CONSULTAS,92327,,,,
Gran Canaria,ES705,2012,2012,Enfermería - Atención primaria (AP),ENFERMERIA_AP,Teleconsulta,TELECONSULTA,Consultas,CONSULTAS,,Valor no disponible; el dato no existe,M,,
Gran Canaria,ES705,2012,2012,Enfermería - Atención primaria (AP),ENFERMERIA_AP,Total,_T,Consultas,CONSULTAS,1496481,,,,
Gran Canaria,ES705,2012,2012,Enfermería - Atención primaria (AP),ENFERMERIA_AP,Centro,CENTRO,Consultas,CONSULTAS,1404154,,,,
Tenerife,ES709,2012,2012,Enfermería - Atención primaria (AP),ENFERMERIA_AP,Domicilio,DOMICILIO,Consultas,CONSULTAS,64213,,,,
Tenerife,ES709,2012,2012,Enfermería - Atención primaria (AP),ENFERMERIA_AP,Teleconsulta,TELECONSULTA,Consultas,CONSULTAS,,Valor no disponible; el dato no existe,M,,
Tenerife,ES709,2012,2012,Enfermería - Atención primaria (AP),ENFERMERIA_AP,Total,_T,Consultas,CONSULTAS,1678650,,,,
Tenerife,ES709,2012,2012,Enfermería - Atención primaria (AP),ENFERMERIA_AP,Centro,CENTRO,Consultas,CONSULTAS,1614437,,,,
La Gomera,ES706,2012,2012,Enfermería - Atención primaria (AP),ENFERMERIA_AP,Domicilio,DOMICILIO,Consultas,CONSULTAS,4440,,,,
La Gomera,ES706,2012,2012,Enfermería - Atención primaria (AP),ENFERMERIA_AP,Teleconsulta,TELECONSULTA,Consultas,CONSULTAS,,Valor no disponible; el dato no existe,M,,
La Gomera,ES706,2012,2012,Enfermería - Atención primaria (AP),ENFERMERIA_AP,Total,_T,Consultas,CONSULTAS,68745,,,,
La Gomera,ES706,2012,2012,Enfermería - Atención primaria (AP),ENFERMERIA_AP,Centro,CENTRO,Consultas,CONSULTAS,64305,,,,
La Palma,ES707,2012,2012,Enfermería - Atención primaria (AP),ENFERMERIA_AP,Domicilio,DOMICILIO,Consultas,CONSULTAS,18398,,,,
La Palma,ES707,2012,2012,Enfermería - Atención primaria (AP),ENFERMERIA_AP,Teleconsulta,TELECONSULTA,Consultas,CONSULTAS,,Valor no disponible; el dato no existe,M,,
La Palma,ES707,2012,2012,Enfermería - Atención primaria (AP),ENFERMERIA_AP,Total,_T,Consultas,CONSULTAS,226787,,,,
La Palma,ES707,2012,2012,Enfermería - Atención primaria (AP),ENFERMERIA_AP,Centro,CENTRO,Consultas,CONSULTAS,208389,,,,
El Hierro,ES703,2012,2012,Enfermería - Atención primaria (AP),ENFERMERIA_AP,Domicilio,DOMICILIO,Consultas,CONSULTAS,3410,,,,
El Hierro,ES703,2012,2012,Enfermería - Atención primaria (AP),ENFERMERIA_AP,Teleconsulta,TELECONSULTA,Consultas,CONSULTAS,,Valor no disponible; el dato no existe,M,,
El Hierro,ES703,2012,2012,Enfermería - Atención primaria (AP),ENFERMERIA_AP,Total,_T,Consultas,CONSULTAS,29012,,,,
El Hierro,ES703,2012,2012,Enfermería - Atención primaria (AP),ENFERMERIA_AP,Centro,CENTRO,Consultas,CONSULTAS,25602,,,,
Canarias,ES70,2012,2012,Pediatría - Atención primaria (AP),PEDIATRIA_AP,Domicilio,DOMICILIO,Consultas,CONSULTAS,81,,,,
Canarias,ES70,2012,2012,Pediatría - Atención primaria (AP),PEDIATRIA_AP,Teleconsulta,TELECONSULTA,Consultas,CONSULTAS,,Valor no disponible; el dato no existe,M,,
Canarias,ES70,2012,2012,Pediatría - Atención primaria (AP),PEDIATRIA_AP,Total,_T,Consultas,CONSULTAS,1535540,,,,
Canarias,ES70,2012,2012,Pediatría - Atención primaria (AP),PEDIATRIA_AP,Centro,CENTRO,Consultas,CONSULTAS,1535459,,,,
Lanzarote,ES708,2012,2012,Pediatría - Atención primaria (AP),PEDIATRIA_AP,Domicilio,DOMICILIO,Consultas,CONSULTAS,,Valor no disponible; el dato no existe,M,,
Lanzarote,ES708,2012,2012,Pediatría - Atención primaria (AP),PEDIATRIA_AP,Teleconsulta,TELECONSULTA,Consultas,CONSULTAS,,Valor no disponible; el dato no existe,M,,
Lanzarote,ES708,2012,2012,Pediatría - Atención primaria (AP),PEDIATRIA_AP,Total,_T,Consultas,CONSULTAS,117938,,,,
Lanzarote,ES708,2012,2012,Pediatría - Atención primaria (AP),PEDIATRIA_AP,Centro,CENTRO,Consultas,CONSULTAS,117938,,,,
Fuerteventura,ES704,2012,2012,Pediatría - Atención primaria (AP),PEDIATRIA_AP,Domicilio,DOMICILIO,Consultas,CONSULTAS,1,,,,
Fuerteventura,ES704,2012,2012,Pediatría - Atención primaria (AP),PEDIATRIA_AP,Teleconsulta,TELECONSULTA,Consultas,CONSULTAS,,Valor no disponible; el dato no existe,M,,
Fuerteventura,ES704,2012,2012,Pediatría - Atención primaria (AP),PEDIATRIA_AP,Total,_T,Consultas,CONSULTAS,68667,,,,
Fuerteventura,ES704,2012,2012,Pediatría - Atención primaria (AP),PEDIATRIA_AP,Centro,CENTRO,Consultas,CONSULTAS,68666,,,,
Gran Canaria,ES705,2012,2012,Pediatría - Atención primaria (AP),PEDIATRIA_AP,Domicilio,DOMICILIO,Consultas,CONSULTAS,22,,,,
Gran Canaria,ES705,2012,2012,Pediatría - Atención primaria (AP),PEDIATRIA_AP,Teleconsulta,TELECONSULTA,Consultas,CONSULTAS,,Valor no disponible; el dato no existe,M,,
Gran Canaria,ES705,2012,2012,Pediatría - Atención primaria (AP),PEDIATRIA_AP,Total,_T,Consultas,CONSULTAS,576579,,,,
Gran Canaria,ES705,2012,2012,Pediatría - Atención primaria (AP),PEDIATRIA_AP,Centro,CENTRO,Consultas,CONSULTAS,576557,,,,
Tenerife,ES709,2012,2012,Pediatría - Atención primaria (AP),PEDIATRIA_AP,Domicilio,DOMICILIO,Consultas,CONSULTAS,56,,,,
Tenerife,ES709,2012,2012,Pediatría - Atención primaria (AP),PEDIATRIA_AP,Teleconsulta,TELECONSULTA,Consultas,CONSULTAS,,Valor no disponible; el dato no existe,M,,
Tenerife,ES709,2012,2012,Pediatría - Atención primaria (AP),PEDIATRIA_AP,Total,_T,Consultas,CONSULTAS,699459,,,,
Tenerife,ES709,2012,2012,Pediatría - Atención primaria (AP),PEDIATRIA_AP,Centro,CENTRO,Consultas,CONSULTAS,699403,,,,
La Gomera,ES706,2012,2012,Pediatría - Atención primaria (AP),PEDIATRIA_AP,Domicilio,DOMICILIO,Consultas,CONSULTAS,,Valor no disponible; el dato no existe,M,,
La Gomera,ES706,2012,2012,Pediatría - Atención primaria (AP),PEDIATRIA_AP,Teleconsulta,TELECONSULTA,Consultas,CONSULTAS,,Valor no disponible; el dato no existe,M,,
La Gomera,ES706,2012,2012,Pediatría - Atención primaria (AP),PEDIATRIA_AP,Total,_T,Consultas,CONSULTAS,5599,,,,
La Gomera,ES706,2012,2012,Pediatría - Atención primaria (AP),PEDIATRIA_AP,Centro,CENTRO,Consultas,CONSULTAS,5599,,,,
La Palma,ES707,2012,2012,Pediatría - Atención primaria (AP),PEDIATRIA_AP,Domicilio,DOMICILIO,Consultas,CONSULTAS,2,,,,
La Palma,ES707,2012,2012,Pediatría - Atención primaria (AP),PEDIATRIA_AP,Teleconsulta,TELECONSULTA,Consultas,CONSULTAS,,Valor no disponible; el dato no existe,M,,
La Palma,ES707,2012,2012,Pediatría - Atención primaria (AP),PEDIATRIA_AP,Total,_T,Consultas,CONSULTAS,60340,,,,
La Palma,ES707,2012,2012,Pediatría - Atención primaria (AP),PEDIATRIA_AP,Centro,CENTRO,Consultas,CONSULTAS,60338,,,,
El Hierro,ES703,2012,2012,Pediatría - Atención primaria (AP),PEDIATRIA_AP,Domicilio,DOMICILIO,Consultas,CONSULTAS,,Valor no disponible; el dato no existe,M,,
El Hierro,ES703,2012,2012,Pediatría - Atención primaria (AP),PEDIATRIA_AP,Teleconsulta,TELECONSULTA,Consultas,CONSULTAS,,Valor no disponible; el dato no existe,M,,
El Hierro,ES703,2012,2012,Pediatría - Atención primaria (AP),PEDIATRIA_AP,Total,_T,Consultas,CONSULTAS,6958,,,,
El Hierro,ES703,2012,2012,Pediatría - Atención primaria (AP),PEDIATRIA_AP,Centro,CENTRO,Consultas,CONSULTAS,6958,,,,
Canarias,ES70,2012,2012,Medicina Familia y Comunitaria - Atención primaria (AP),FAMILIA_COMUNITARIA_AP,Domicilio,DOMICILIO,Consultas,CONSULTAS,40938,,,,
Canarias,ES70,2012,2012,Medicina Familia y Comunitaria - Atención primaria (AP),FAMILIA_COMUNITARIA_AP,Teleconsulta,TELECONSULTA,Consultas,CONSULTAS,,Valor no disponible; el dato no existe,M,,
Canarias,ES70,2012,2012,Medicina Familia y Comunitaria - Atención primaria (AP),FAMILIA_COMUNITARIA_AP,Total,_T,Consultas,CONSULTAS,8779869,,,,
Canarias,ES70,2012,2012,Medicina Familia y Comunitaria - Atención primaria (AP),FAMILIA_COMUNITARIA_AP,Centro,CENTRO,Consultas,CONSULTAS,8738931,,,,
Lanzarote,ES708,2012,2012,Medicina Familia y Comunitaria - Atención primaria (AP),FAMILIA_COMUNITARIA_AP,Domicilio,DOMICILIO,Consultas,CONSULTAS,1767,,,,
Lanzarote,ES708,2012,2012,Medicina Familia y Comunitaria - Atención primaria (AP),FAMILIA_COMUNITARIA_AP,Teleconsulta,TELECONSULTA,Consultas,CONSULTAS,,Valor no disponible; el dato no existe,M,,
Lanzarote,ES708,2012,2012,Medicina Familia y Comunitaria - Atención primaria (AP),FAMILIA_COMUNITARIA_AP,Total,_T,Consultas,CONSULTAS,537455,,,,
Lanzarote,ES708,2012,2012,Medicina Familia y Comunitaria - Atención primaria (AP),FAMILIA_COMUNITARIA_AP,Centro,CENTRO,Consultas,CONSULTAS,535688,,,,
Fuerteventura,ES704,2012,2012,Medicina Familia y Comunitaria - Atención primaria (AP),FAMILIA_COMUNITARIA_AP,Domicilio,DOMICILIO,Consultas,CONSULTAS,1036,,,,
Fuerteventura,ES704,2012,2012,Medicina Familia y Comunitaria - Atención primaria (AP),FAMILIA_COMUNITARIA_AP,Teleconsulta,TELECONSULTA,Consultas,CONSULTAS,,Valor no disponible; el dato no existe,M,,
Fuerteventura,ES704,2012,2012,Medicina Familia y Comunitaria - Atención primaria (AP),FAMILIA_COMUNITARIA_AP,Total,_T,Consultas,CONSULTAS,349371,,,,
Fuerteventura,ES704,2012,2012,Medicina Familia y Comunitaria - Atención primaria (AP),FAMILIA_COMUNITARIA_AP,Centro,CENTRO,Consultas,CONSULTAS,348335,,,,
Gran Canaria,ES705,2012,2012,Medicina Familia y Comunitaria - Atención primaria (AP),FAMILIA_COMUNITARIA_AP,Domicilio,DOMICILIO,Consultas,CONSULTAS,9602,,,,
Gran Canaria,ES705,2012,2012,Medicina Familia y Comunitaria - Atención primaria (AP),FAMILIA_COMUNITARIA_AP,Teleconsulta,TELECONSULTA,Consultas,CONSULTAS,,Valor no disponible; el dato no existe,M,,
Gran Canaria,ES705,2012,2012,Medicina Familia y Comunitaria - Atención primaria (AP),FAMILIA_COMUNITARIA_AP,Total,_T,Consultas,CONSULTAS,3819468,,,,
Gran Canaria,ES705,2012,2012,Medicina Familia y Comunitaria - Atención primaria (AP),FAMILIA_COMUNITARIA_AP,Centro,CENTRO,Consultas,CONSULTAS,3809866,,,,
Tenerife,ES709,2012,2012,Medicina Familia y Comunitaria - Atención primaria (AP),FAMILIA_COMUNITARIA_AP,Domicilio,DOMICILIO,Consultas,CONSULTAS,22468,,,,
Tenerife,ES709,2012,2012,Medicina Familia y Comunitaria - Atención primaria (AP),FAMILIA_COMUNITARIA_AP,Teleconsulta,TELECONSULTA,Consultas,CONSULTAS,,Valor no disponible; el dato no existe,M,,
Tenerife,ES709,2012,2012,Medicina Familia y Comunitaria - Atención primaria (AP),FAMILIA_COMUNITARIA_AP,Total,_T,Consultas,CONSULTAS,3533912,,,,
Tenerife,ES709,2012,2012,Medicina Familia y Comunitaria - Atención primaria (AP),FAMILIA_COMUNITARIA_AP,Centro,CENTRO,Consultas,CONSULTAS,3511444,,,,
La Gomera,ES706,2012,2012,Medicina Familia y Comunitaria - Atención primaria (AP),FAMILIA_COMUNITARIA_AP,Domicilio,DOMICILIO,Consultas,CONSULTAS,1389,,,,
La Gomera,ES706,2012,2012,Medicina Familia y Comunitaria - Atención primaria (AP),FAMILIA_COMUNITARIA_AP,Teleconsulta,TELECONSULTA,Consultas,CONSULTAS,,Valor no disponible; el dato no existe,M,,
La Gomera,ES706,2012,2012,Medicina Familia y Comunitaria - Atención primaria (AP),FAMILIA_COMUNITARIA_AP,Total,_T,Consultas,CONSULTAS,103263,,,,
La Gomera,ES706,2012,2012,Medicina Familia y Comunitaria - Atención primaria (AP),FAMILIA_COMUNITARIA_AP,Centro,CENTRO,Consultas,CONSULTAS,101874,,,,
La Palma,ES707,2012,2012,Medicina Familia y Comunitaria - Atención primaria (AP),FAMILIA_COMUNITARIA_AP,Domicilio,DOMICILIO,Consultas,CONSULTAS,3573,,,,
La Palma,ES707,2012,2012,Medicina Familia y Comunitaria - Atención primaria (AP),FAMILIA_COMUNITARIA_AP,Teleconsulta,TELECONSULTA,Consultas,CONSULTAS,,Valor no disponible; el dato no existe,M,,
La Palma,ES707,2012,2012,Medicina Familia y Comunitaria - Atención primaria (AP),FAMILIA_COMUNITARIA_AP,Total,_T,Consultas,CONSULTAS,386481,,,,
La Palma,ES707,2012,2012,Medicina Familia y Comunitaria - Atención primaria (AP),FAMILIA_COMUNITARIA_AP,Centro,CENTRO,Consultas,CONSULTAS,382908,,,,
El Hierro,ES703,2012,2012,Medicina Familia y Comunitaria - Atención primaria (AP),FAMILIA_COMUNITARIA_AP,Domicilio,DOMICILIO,Consultas,CONSULTAS,1103,,,,
El Hierro,ES703,2012,2012,Medicina Familia y Comunitaria - Atención primaria (AP),FAMILIA_COMUNITARIA_AP,Teleconsulta,TELECONSULTA,Consultas,CONSULTAS,,Valor no disponible; el dato no existe,M,,
El Hierro,ES703,2012,2012,Medicina Familia y Comunitaria - Atención primaria (AP),FAMILIA_COMUNITARIA_AP,Total,_T,Consultas,CONSULTAS,49919,,,,
El Hierro,ES703,2012,2012,Medicina Familia y Comunitaria - Atención primaria (AP),FAMILIA_COMUNITARIA_AP,Centro,CENTRO,Consultas,CONSULTAS,48816,,,,
Canarias,ES70,2013,2013,Enfermería - Atención primaria (AP),ENFERMERIA_AP,Domicilio,DOMICILIO,Consultas,CONSULTAS,206496,,,,
Canarias,ES70,2013,2013,Enfermería - Atención primaria (AP),ENFERMERIA_AP,Teleconsulta,TELECONSULTA,Consultas,CONSULTAS,,Valor no disponible; el dato no existe,M,,
Canarias,ES70,2013,2013,Enfermería - Atención primaria (AP),ENFERMERIA_AP,Total,_T,Consultas,CONSULTAS,4038924,,,,
Canarias,ES70,2013,2013,Enfermería - Atención primaria (AP),ENFERMERIA_AP,Centro,CENTRO,Consultas,CONSULTAS,3832428,,,,
Lanzarote,ES708,2013,2013,Enfermería - Atención primaria (AP),ENFERMERIA_AP,Domicilio,DOMICILIO,Consultas,CONSULTAS,10714,,,,
Lanzarote,ES708,2013,2013,Enfermería - Atención primaria (AP),ENFERMERIA_AP,Teleconsulta,TELECONSULTA,Consultas,CONSULTAS,,Valor no disponible; el dato no existe,M,,
Lanzarote,ES708,2013,2013,Enfermería - Atención primaria (AP),ENFERMERIA_AP,Total,_T,Consultas,CONSULTAS,359203,,,,
Lanzarote,ES708,2013,2013,Enfermería - Atención primaria (AP),ENFERMERIA_AP,Centro,CENTRO,Consultas,CONSULTAS,348489,,,,
Fuerteventura,ES704,2013,2013,Enfermería - Atención primaria (AP),ENFERMERIA_AP,Domicilio,DOMICILIO,Consultas,CONSULTAS,8140,,,,
Fuerteventura,ES704,2013,2013,Enfermería - Atención primaria (AP),ENFERMERIA_AP,Teleconsulta,TELECONSULTA,Consultas,CONSULTAS,,Valor no disponible; el dato no existe,M,,
Fuerteventura,ES704,2013,2013,Enfermería - Atención primaria (AP),ENFERMERIA_AP,Total,_T,Consultas,CONSULTAS,198296,,,,
Fuerteventura,ES704,2013,2013,Enfermería - Atención primaria (AP),ENFERMERIA_AP,Centro,CENTRO,Consultas,CONSULTAS,190156,,,,
Gran Canaria,ES705,2013,2013,Enfermería - Atención primaria (AP),ENFERMERIA_AP,Domicilio,DOMICILIO,Consultas,CONSULTAS,96948,,,,
Gran Canaria,ES705,2013,2013,Enfermería - Atención primaria (AP),ENFERMERIA_AP,Teleconsulta,TELECONSULTA,Consultas,CONSULTAS,,Valor no disponible; el dato no existe,M,,
Gran Canaria,ES705,2013,2013,Enfermería - Atención primaria (AP),ENFERMERIA_AP,Total,_T,Consultas,CONSULTAS,1467269,,,,
Gran Canaria,ES705,2013,2013,Enfermería - Atención primaria (AP),ENFERMERIA_AP,Centro,CENTRO,Consultas,CONSULTAS,1370321,,,,
Tenerife,ES709,2013,2013,Enfermería - Atención primaria (AP),ENFERMERIA_AP,Domicilio,DOMICILIO,Consultas,CONSULTAS,62410,,,,
Tenerife,ES709,2013,2013,Enfermería - Atención primaria (AP),ENFERMERIA_AP,Teleconsulta,TELECONSULTA,Consultas,CONSULTAS,,Valor no disponible; el dato no existe,M,,
Tenerife,ES709,2013,2013,Enfermería - Atención primaria (AP),ENFERMERIA_AP,Total,_T,Consultas,CONSULTAS,1685873,,,,
Tenerife,ES709,2013,2013,Enfermería - Atención primaria (AP),ENFERMERIA_AP,Centro,CENTRO,Consultas,CONSULTAS,1623463,,,,
La Gomera,ES706,2013,2013,Enfermería - Atención primaria (AP),ENFERMERIA_AP,Domicilio,DOMICILIO,Consultas,CONSULTAS,4822,,,,
La Gomera,ES706,2013,2013,Enfermería - Atención primaria (AP),ENFERMERIA_AP,Teleconsulta,TELECONSULTA,Consultas,CONSULTAS,,Valor no disponible; el dato no existe,M,,
La Gomera,ES706,2013,2013,Enfermería - Atención primaria (AP),ENFERMERIA_AP,Total,_T,Consultas,CONSULTAS,67334,,,,
La Gomera,ES706,2013,2013,Enfermería - Atención primaria (AP),ENFERMERIA_AP,Centro,CENTRO,Consultas,CONSULTAS,62512,,,,
La Palma,ES707,2013,2013,Enfermería - Atención primaria (AP),ENFERMERIA_AP,Domicilio,DOMICILIO,Consultas,CONSULTAS,19144,,,,
La Palma,ES707,2013,2013,Enfermería - Atención primaria (AP),ENFERMERIA_AP,Teleconsulta,TELECONSULTA,Consultas,CONSULTAS,,Valor no disponible; el dato no existe,M,,
La Palma,ES707,2013,2013,Enfermería - Atención primaria (AP),ENFERMERIA_AP,Total,_T,Consultas,CONSULTAS,231429,,,,
La Palma,ES707,2013,2013,Enfermería - Atención primaria (AP),ENFERMERIA_AP,Centro,CENTRO,Consultas,CONSULTAS,212285,,,,
El Hierro,ES703,2013,2013,Enfermería - Atención primaria (AP),ENFERMERIA_AP,Domicilio,DOMICILIO,Consultas,CONSULTAS,4318,,,,
El Hierro,ES703,2013,2013,Enfermería - Atención primaria (AP),ENFERMERIA_AP,Teleconsulta,TELECONSULTA,Consultas,CONSULTAS,,Valor no disponible; el dato no existe,M,,
El Hierro,ES703,2013,2013,Enfermería - Atención primaria (AP),ENFERMERIA_AP,Total,_T,Consultas,CONSULTAS,29520,,,,
El Hierro,ES703,2013,2013,Enfermería - Atención primaria (AP),ENFERMERIA_AP,Centro,CENTRO,Consultas,CONSULTAS,25202,,,,
Canarias,ES70,2013,2013,Pediatría - Atención primaria (AP),PEDIATRIA_AP,Domicilio,DOMICILIO,Consultas,CONSULTAS,97,,,,
Canarias,ES70,2013,2013,Pediatría - Atención primaria (AP),PEDIATRIA_AP,Teleconsulta,TELECONSULTA,Consultas,CONSULTAS,,Valor no disponible; el dato no existe,M,,
Canarias,ES70,2013,2013,Pediatría - Atención primaria (AP),PEDIATRIA_AP,Total,_T,Consultas,CONSULTAS,1491687,,,,
Canarias,ES70,2013,2013,Pediatría - Atención primaria (AP),PEDIATRIA_AP,Centro,CENTRO,Consultas,CONSULTAS,1491590,,,,
Lanzarote,ES708,2013,2013,Pediatría - Atención primaria (AP),PEDIATRIA_AP,Domicilio,DOMICILIO,Consultas,CONSULTAS,2,,,,
Lanzarote,ES708,2013,2013,Pediatría - Atención primaria (AP),PEDIATRIA_AP,Teleconsulta,TELECONSULTA,Consultas,CONSULTAS,,Valor no disponible; el dato no existe,M,,
Lanzarote,ES708,2013,2013,Pediatría - Atención primaria (AP),PEDIATRIA_AP,Total,_T,Consultas,CONSULTAS,114783,,,,
Lanzarote,ES708,2013,2013,Pediatría - Atención primaria (AP),PEDIATRIA_AP,Centro,CENTRO,Consultas,CONSULTAS,114781,,,,
Fuerteventura,ES704,2013,2013,Pediatría - Atención primaria (AP),PEDIATRIA_AP,Domicilio,DOMICILIO,Consultas,CONSULTAS,0,,,,
Fuerteventura,ES704,2013,2013,Pediatría - Atención primaria (AP),PEDIATRIA_AP,Teleconsulta,TELECONSULTA,Consultas,CONSULTAS,,Valor no disponible; el dato no existe,M,,
Fuerteventura,ES704,2013,2013,Pediatría - Atención primaria (AP),PEDIATRIA_AP,Total,_T,Consultas,CONSULTAS,68131,,,,
Fuerteventura,ES704,2013,2013,Pediatría - Atención primaria (AP),PEDIATRIA_AP,Centro,CENTRO,Consultas,CONSULTAS,68131,,,,
Gran Canaria,ES705,2013,2013,Pediatría - Atención primaria (AP),PEDIATRIA_AP,Domicilio,DOMICILIO,Consultas,CONSULTAS,20,,,,
Gran Canaria,ES705,2013,2013,Pediatría - Atención primaria (AP),PEDIATRIA_AP,Teleconsulta,TELECONSULTA,Consultas,CONSULTAS,,Valor no disponible; el dato no existe,M,,
Gran Canaria,ES705,2013,2013,Pediatría - Atención primaria (AP),PEDIATRIA_AP,Total,_T,Consultas,CONSULTAS,559986,,,,
Gran Canaria,ES705,2013,2013,Pediatría - Atención primaria (AP),PEDIATRIA_AP,Centro,CENTRO,Consultas,CONSULTAS,559966,,,,
Tenerife,ES709,2013,2013,Pediatría - Atención primaria (AP),PEDIATRIA_AP,Domicilio,DOMICILIO,Consultas,CONSULTAS,75,,,,
Tenerife,ES709,2013,2013,Pediatría - Atención primaria (AP),PEDIATRIA_AP,Teleconsulta,TELECONSULTA,Consultas,CONSULTAS,,Valor no disponible; el dato no existe,M,,
Tenerife,ES709,2013,2013,Pediatría - Atención primaria (AP),PEDIATRIA_AP,Total,_T,Consultas,CONSULTAS,676909,,,,
Tenerife,ES709,2013,2013,Pediatría - Atención primaria (AP),PEDIATRIA_AP,Centro,CENTRO,Consultas,CONSULTAS,676834,,,,
La Gomera,ES706,2013,2013,Pediatría - Atención primaria (AP),PEDIATRIA_AP,Domicilio,DOMICILIO,Consultas,CONSULTAS,0,,,,
La Gomera,ES706,2013,2013,Pediatría - Atención primaria (AP),PEDIATRIA_AP,Teleconsulta,TELECONSULTA,Consultas,CONSULTAS,,Valor no disponible; el dato no existe,M,,
La Gomera,ES706,2013,2013,Pediatría - Atención primaria (AP),PEDIATRIA_AP,Total,_T,Consultas,CONSULTAS,5561,,,,
La Gomera,ES706,2013,2013,Pediatría - Atención primaria (AP),PEDIATRIA_AP,Centro,CENTRO,Consultas,CONSULTAS,5561,,,,
La Palma,ES707,2013,2013,Pediatría - Atención primaria (AP),PEDIATRIA_AP,Domicilio,DOMICILIO,Consultas,CONSULTAS,0,,,,
La Palma,ES707,2013,2013,Pediatría - Atención primaria (AP),PEDIATRIA_AP,Teleconsulta,TELECONSULTA,Consultas,CONSULTAS,,Valor no disponible; el dato no existe,M,,
La Palma,ES707,2013,2013,Pediatría - Atención primaria (AP),PEDIATRIA_AP,Total,_T,Consultas,CONSULTAS,59836,,,,
La Palma,ES707,2013,2013,Pediatría - Atención primaria (AP),PEDIATRIA_AP,Centro,CENTRO,Consultas,CONSULTAS,59836,,,,
El Hierro,ES703,2013,2013,Pediatría - Atención primaria (AP),PEDIATRIA_AP,Domicilio,DOMICILIO,Consultas,CONSULTAS,0,,,,
El Hierro,ES703,2013,2013,Pediatría - Atención primaria (AP),PEDIATRIA_AP,Teleconsulta,TELECONSULTA,Consultas,CONSULTAS,,Valor no disponible; el dato no existe,M,,
El Hierro,ES703,2013,2013,Pediatría - Atención primaria (AP),PEDIATRIA_AP,Total,_T,Consultas,CONSULTAS,6481,,,,
El Hierro,ES703,2013,2013,Pediatría - Atención primaria (AP),PEDIATRIA_AP,Centro,CENTRO,Consultas,CONSULTAS,6481,,,,
Canarias,ES70,2013,2013,Medicina Familia y Comunitaria - Atención primaria (AP),FAMILIA_COMUNITARIA_AP,Domicilio,DOMICILIO,Consultas,CONSULTAS,40824,,,,
Canarias,ES70,2013,2013,Medicina Familia y Comunitaria - Atención primaria (AP),FAMILIA_COMUNITARIA_AP,Teleconsulta,TELECONSULTA,Consultas,CONSULTAS,,Valor no disponible; el dato no existe,M,,
Canarias,ES70,2013,2013,Medicina Familia y Comunitaria - Atención primaria (AP),FAMILIA_COMUNITARIA_AP,Total,_T,Consultas,CONSULTAS,8686686,,,,
Canarias,ES70,2013,2013,Medicina Familia y Comunitaria - Atención primaria (AP),FAMILIA_COMUNITARIA_AP,Centro,CENTRO,Consultas,CONSULTAS,8645862,,,,
Lanzarote,ES708,2013,2013,Medicina Familia y Comunitaria - Atención primaria (AP),FAMILIA_COMUNITARIA_AP,Domicilio,DOMICILIO,Consultas,CONSULTAS,1656,,,,
Lanzarote,ES708,2013,2013,Medicina Familia y Comunitaria - Atención primaria (AP),FAMILIA_COMUNITARIA_AP,Teleconsulta,TELECONSULTA,Consultas,CONSULTAS,,Valor no disponible; el dato no existe,M,,
Lanzarote,ES708,2013,2013,Medicina Familia y Comunitaria - Atención primaria (AP),FAMILIA_COMUNITARIA_AP,Total,_T,Consultas,CONSULTAS,540735,,,,
Lanzarote,ES708,2013,2013,Medicina Familia y Comunitaria - Atención primaria (AP),FAMILIA_COMUNITARIA_AP,Centro,CENTRO,Consultas,CONSULTAS,539079,,,,
Fuerteventura,ES704,2013,2013,Medicina Familia y Comunitaria - Atención primaria (AP),FAMILIA_COMUNITARIA_AP,Domicilio,DOMICILIO,Consultas,CONSULTAS,1156,,,,
Fuerteventura,ES704,2013,2013,Medicina Familia y Comunitaria - Atención primaria (AP),FAMILIA_COMUNITARIA_AP,Teleconsulta,TELECONSULTA,Consultas,CONSULTAS,,Valor no disponible; el dato no existe,M,,
Fuerteventura,ES704,2013,2013,Medicina Familia y Comunitaria - Atención primaria (AP),FAMILIA_COMUNITARIA_AP,Total,_T,Consultas,CONSULTAS,358788,,,,
Fuerteventura,ES704,2013,2013,Medicina Familia y Comunitaria - Atención primaria (AP),FAMILIA_COMUNITARIA_AP,Centro,CENTRO,Consultas,CONSULTAS,357632,,,,
Gran Canaria,ES705,2013,2013,Medicina Familia y Comunitaria - Atención primaria (AP),FAMILIA_COMUNITARIA_AP,Domicilio,DOMICILIO,Consultas,CONSULTAS,9968,,,,
Gran Canaria,ES705,2013,2013,Medicina Familia y Comunitaria - Atención primaria (AP),FAMILIA_COMUNITARIA_AP,Teleconsulta,TELECONSULTA,Consultas,CONSULTAS,,Valor no disponible; el dato no existe,M,,
Gran Canaria,ES705,2013,2013,Medicina Familia y Comunitaria - Atención primaria (AP),FAMILIA_COMUNITARIA_AP,Total,_T,Consultas,CONSULTAS,3730582,,,,
Gran Canaria,ES705,2013,2013,Medicina Familia y Comunitaria - Atención primaria (AP),FAMILIA_COMUNITARIA_AP,Centro,CENTRO,Consultas,CONSULTAS,3720614,,,,
Tenerife,ES709,2013,2013,Medicina Familia y Comunitaria - Atención primaria (AP),FAMILIA_COMUNITARIA_AP,Domicilio,DOMICILIO,Consultas,CONSULTAS,21676,,,,
Tenerife,ES709,2013,2013,Medicina Familia y Comunitaria - Atención primaria (AP),FAMILIA_COMUNITARIA_AP,Teleconsulta,TELECONSULTA,Consultas,CONSULTAS,,Valor no disponible; el dato no existe,M,,
Tenerife,ES709,2013,2013,Medicina Familia y Comunitaria - Atención primaria (AP),FAMILIA_COMUNITARIA_AP,Total,_T,Consultas,CONSULTAS,3539994,,,,
Tenerife,ES709,2013,2013,Medicina Familia y Comunitaria - Atención primaria (AP),FAMILIA_COMUNITARIA_AP,Centro,CENTRO,Consultas,CONSULTAS,3518318,,,,
La Gomera,ES706,2013,2013,Medicina Familia y Comunitaria - Atención primaria (AP),FAMILIA_COMUNITARIA_AP,Domicilio,DOMICILIO,Consultas,CONSULTAS,1338,,,,
La Gomera,ES706,2013,2013,Medicina Familia y Comunitaria - Atención primaria (AP),FAMILIA_COMUNITARIA_AP,Teleconsulta,TELECONSULTA,Consultas,CONSULTAS,,Valor no disponible; el dato no existe,M,,
La Gomera,ES706,2013,2013,Medicina Familia y Comunitaria - Atención primaria (AP),FAMILIA_COMUNITARIA_AP,Total,_T,Consultas,CONSULTAS,100580,,,,
La Gomera,ES706,2013,2013,Medicina Familia y Comunitaria - Atención primaria (AP),FAMILIA_COMUNITARIA_AP,Centro,CENTRO,Consultas,CONSULTAS,99242,,,,
La Palma,ES707,2013,2013,Medicina Familia y Comunitaria - Atención primaria (AP),FAMILIA_COMUNITARIA_AP,Domicilio,DOMICILIO,Consultas,CONSULTAS,3783,,,,
La Palma,ES707,2013,2013,Medicina Familia y Comunitaria - Atención primaria (AP),FAMILIA_COMUNITARIA_AP,Teleconsulta,TELECONSULTA,Consultas,CONSULTAS,,Valor no disponible; el dato no existe,M,,
La Palma,ES707,2013,2013,Medicina Familia y Comunitaria - Atención primaria (AP),FAMILIA_COMUNITARIA_AP,Total,_T,Consultas,CONSULTAS,367777,,,,
La Palma,ES707,2013,2013,Medicina Familia y Comunitaria - Atención primaria (AP),FAMILIA_COMUNITARIA_AP,Centro,CENTRO,Consultas,CONSULTAS,363994,,,,
El Hierro,ES703,2013,2013,Medicina Familia y Comunitaria - Atención primaria (AP),FAMILIA_COMUNITARIA_AP,Domicilio,DOMICILIO,Consultas,CONSULTAS,1247,,,,
El Hierro,ES703,2013,2013,Medicina Familia y Comunitaria - Atención primaria (AP),FAMILIA_COMUNITARIA_AP,Teleconsulta,TELECONSULTA,Consultas,CONSULTAS,,Valor no disponible; el dato no existe,M,,
El Hierro,ES703,2013,2013,Medicina Familia y Comunitaria - Atención primaria (AP),FAMILIA_COMUNITARIA_AP,Total,_T,Consultas,CONSULTAS,48230,,,,
El Hierro,ES703,2013,2013,Medicina Familia y Comunitaria - Atención primaria (AP),FAMILIA_COMUNITARIA_AP,Centro,CENTRO,Consultas,CONSULTAS,46983,,,,
Canarias,ES70,2014,2014,Enfermería - Atención primaria (AP),ENFERMERIA_AP,Domicilio,DOMICILIO,Consultas,CONSULTAS,220670,,,,
Canarias,ES70,2014,2014,Enfermería - Atención primaria (AP),ENFERMERIA_AP,Teleconsulta,TELECONSULTA,Consultas,CONSULTAS,,Valor no disponible; el dato no existe,M,,
Canarias,ES70,2014,2014,Enfermería - Atención primaria (AP),ENFERMERIA_AP,Total,_T,Consultas,CONSULTAS,4164118,,,,
Canarias,ES70,2014,2014,Enfermería - Atención primaria (AP),ENFERMERIA_AP,Centro,CENTRO,Consultas,CONSULTAS,3943448,,,,
Lanzarote,ES708,2014,2014,Enfermería - Atención primaria (AP),ENFERMERIA_AP,Domicilio,DOMICILIO,Consultas,CONSULTAS,11513,,,,
Lanzarote,ES708,2014,2014,Enfermería - Atención primaria (AP),ENFERMERIA_AP,Teleconsulta,TELECONSULTA,Consultas,CONSULTAS,,Valor no disponible; el dato no existe,M,,
Lanzarote,ES708,2014,2014,Enfermería - Atención primaria (AP),ENFERMERIA_AP,Total,_T,Consultas,CONSULTAS,417054,,,,
Lanzarote,ES708,2014,2014,Enfermería - Atención primaria (AP),ENFERMERIA_AP,Centro,CENTRO,Consultas,CONSULTAS,405541,,,,
Fuerteventura,ES704,2014,2014,Enfermería - Atención primaria (AP),ENFERMERIA_AP,Domicilio,DOMICILIO,Consultas,CONSULTAS,8379,,,,
Fuerteventura,ES704,2014,2014,Enfermería - Atención primaria (AP),ENFERMERIA_AP,Teleconsulta,TELECONSULTA,Consultas,CONSULTAS,,Valor no disponible; el dato no existe,M,,
Fuerteventura,ES704,2014,2014,Enfermería - Atención primaria (AP),ENFERMERIA_AP,Total,_T,Consultas,CONSULTAS,189199,,,,
Fuerteventura,ES704,2014,2014,Enfermería - Atención primaria (AP),ENFERMERIA_AP,Centro,CENTRO,Consultas,CONSULTAS,180820,,,,
Gran Canaria,ES705,2014,2014,Enfermería - Atención primaria (AP),ENFERMERIA_AP,Domicilio,DOMICILIO,Consultas,CONSULTAS,103431,,,,
Gran Canaria,ES705,2014,2014,Enfermería - Atención primaria (AP),ENFERMERIA_AP,Teleconsulta,TELECONSULTA,Consultas,CONSULTAS,,Valor no disponible; el dato no existe,M,,
Gran Canaria,ES705,2014,2014,Enfermería - Atención primaria (AP),ENFERMERIA_AP,Total,_T,Consultas,CONSULTAS,1498731,,,,
Gran Canaria,ES705,2014,2014,Enfermería - Atención primaria (AP),ENFERMERIA_AP,Centro,CENTRO,Consultas,CONSULTAS,1395300,,,,
Tenerife,ES709,2014,2014,Enfermería - Atención primaria (AP),ENFERMERIA_AP,Domicilio,DOMICILIO,Consultas,CONSULTAS,67618,,,,
Tenerife,ES709,2014,2014,Enfermería - Atención primaria (AP),ENFERMERIA_AP,Teleconsulta,TELECONSULTA,Consultas,CONSULTAS,,Valor no disponible; el dato no existe,M,,
Tenerife,ES709,2014,2014,Enfermería - Atención primaria (AP),ENFERMERIA_AP,Total,_T,Consultas,CONSULTAS,1729259,,,,
Tenerife,ES709,2014,2014,Enfermería - Atención primaria (AP),ENFERMERIA_AP,Centro,CENTRO,Consultas,CONSULTAS,1661641,,,,
La Gomera,ES706,2014,2014,Enfermería - Atención primaria (AP),ENFERMERIA_AP,Domicilio,DOMICILIO,Consultas,CONSULTAS,4860,,,,
La Gomera,ES706,2014,2014,Enfermería - Atención primaria (AP),ENFERMERIA_AP,Teleconsulta,TELECONSULTA,Consultas,CONSULTAS,,Valor no disponible; el dato no existe,M,,
La Gomera,ES706,2014,2014,Enfermería - Atención primaria (AP),ENFERMERIA_AP,Total,_T,Consultas,CONSULTAS,65956,,,,
La Gomera,ES706,2014,2014,Enfermería - Atención primaria (AP),ENFERMERIA_AP,Centro,CENTRO,Consultas,CONSULTAS,61096,,,,
La Palma,ES707,2014,2014,Enfermería - Atención primaria (AP),ENFERMERIA_AP,Domicilio,DOMICILIO,Consultas,CONSULTAS,20253,,,,
La Palma,ES707,2014,2014,Enfermería - Atención primaria (AP),ENFERMERIA_AP,Teleconsulta,TELECONSULTA,Consultas,CONSULTAS,,Valor no disponible; el dato no existe,M,,
La Palma,ES707,2014,2014,Enfermería - Atención primaria (AP),ENFERMERIA_AP,Total,_T,Consultas,CONSULTAS,233744,,,,
La Palma,ES707,2014,2014,Enfermería - Atención primaria (AP),ENFERMERIA_AP,Centro,CENTRO,Consultas,CONSULTAS,213491,,,,
El Hierro,ES703,2014,2014,Enfermería - Atención primaria (AP),ENFERMERIA_AP,Domicilio,DOMICILIO,Consultas,CONSULTAS,4616,,,,
El Hierro,ES703,2014,2014,Enfermería - Atención primaria (AP),ENFERMERIA_AP,Teleconsulta,TELECONSULTA,Consultas,CONSULTAS,,Valor no disponible; el dato no existe,M,,
El Hierro,ES703,2014,2014,Enfermería - Atención primaria (AP),ENFERMERIA_AP,Total,_T,Consultas,CONSULTAS,30175,,,,
El Hierro,ES703,2014,2014,Enfermería - Atención primaria (AP),ENFERMERIA_AP,Centro,CENTRO,Consultas,CONSULTAS,25559,,,,
Canarias,ES70,2014,2014,Pediatría - Atención primaria (AP),PEDIATRIA_AP,Domicilio,DOMICILIO,Consultas,CONSULTAS,56,,,,
Canarias,ES70,2014,2014,Pediatría - Atención primaria (AP),PEDIATRIA_AP,Teleconsulta,TELECONSULTA,Consultas,CONSULTAS,,Valor no disponible; el dato no existe,M,,
Canarias,ES70,2014,2014,Pediatría - Atención primaria (AP),PEDIATRIA_AP,Total,_T,Consultas,CONSULTAS,1485442,,,,
Canarias,ES70,2014,2014,Pediatría - Atención primaria (AP),PEDIATRIA_AP,Centro,CENTRO,Consultas,CONSULTAS,1485386,,,,
Lanzarote,ES708,2014,2014,Pediatría - Atención primaria (AP),PEDIATRIA_AP,Domicilio,DOMICILIO,Consultas,CONSULTAS,0,,,,
Lanzarote,ES708,2014,2014,Pediatría - Atención primaria (AP),PEDIATRIA_AP,Teleconsulta,TELECONSULTA,Consultas,CONSULTAS,,Valor no disponible; el dato no existe,M,,
Lanzarote,ES708,2014,2014,Pediatría - Atención primaria (AP),PEDIATRIA_AP,Total,_T,Consultas,CONSULTAS,117444,,,,
Lanzarote,ES708,2014,2014,Pediatría - Atención primaria (AP),PEDIATRIA_AP,Centro,CENTRO,Consultas,CONSULTAS,117444,,,,
Fuerteventura,ES704,2014,2014,Pediatría - Atención primaria (AP),PEDIATRIA_AP,Domicilio,DOMICILIO,Consultas,CONSULTAS,1,,,,
Fuerteventura,ES704,2014,2014,Pediatría - Atención primaria (AP),PEDIATRIA_AP,Teleconsulta,TELECONSULTA,Consultas,CONSULTAS,,Valor no disponible; el dato no existe,M,,
Fuerteventura,ES704,2014,2014,Pediatría - Atención primaria (AP),PEDIATRIA_AP,Total,_T,Consultas,CONSULTAS,66242,,,,
Fuerteventura,ES704,2014,2014,Pediatría - Atención primaria (AP),PEDIATRIA_AP,Centro,CENTRO,Consultas,CONSULTAS,66241,,,,
Gran Canaria,ES705,2014,2014,Pediatría - Atención primaria (AP),PEDIATRIA_AP,Domicilio,DOMICILIO,Consultas,CONSULTAS,6,,,,
Gran Canaria,ES705,2014,2014,Pediatría - Atención primaria (AP),PEDIATRIA_AP,Teleconsulta,TELECONSULTA,Consultas,CONSULTAS,,Valor no disponible; el dato no existe,M,,
Gran Canaria,ES705,2014,2014,Pediatría - Atención primaria (AP),PEDIATRIA_AP,Total,_T,Consultas,CONSULTAS,558475,,,,
Gran Canaria,ES705,2014,2014,Pediatría - Atención primaria (AP),PEDIATRIA_AP,Centro,CENTRO,Consultas,CONSULTAS,558469,,,,
Tenerife,ES709,2014,2014,Pediatría - Atención primaria (AP),PEDIATRIA_AP,Domicilio,DOMICILIO,Consultas,CONSULTAS,49,,,,
Tenerife,ES709,2014,2014,Pediatría - Atención primaria (AP),PEDIATRIA_AP,Teleconsulta,TELECONSULTA,Consultas,CONSULTAS,,Valor no disponible; el dato no existe,M,,
Tenerife,ES709,2014,2014,Pediatría - Atención primaria (AP),PEDIATRIA_AP,Total,_T,Consultas,CONSULTAS,675416,,,,
Tenerife,ES709,2014,2014,Pediatría - Atención primaria (AP),PEDIATRIA_AP,Centro,CENTRO,Consultas,CONSULTAS,675367,,,,
La Gomera,ES706,2014,2014,Pediatría - Atención primaria (AP),PEDIATRIA_AP,Domicilio,DOMICILIO,Consultas,CONSULTAS,0,,,,
La Gomera,ES706,2014,2014,Pediatría - Atención primaria (AP),PEDIATRIA_AP,Teleconsulta,TELECONSULTA,Consultas,CONSULTAS,,Valor no disponible; el dato no existe,M,,
La Gomera,ES706,2014,2014,Pediatría - Atención primaria (AP),PEDIATRIA_AP,Total,_T,Consultas,CONSULTAS,5531,,,,
La Gomera,ES706,2014,2014,Pediatría - Atención primaria (AP),PEDIATRIA_AP,Centro,CENTRO,Consultas,CONSULTAS,5531,,,,
La Palma,ES707,2014,2014,Pediatría - Atención primaria (AP),PEDIATRIA_AP,Domicilio,DOMICILIO,Consultas,CONSULTAS,0,,,,
La Palma,ES707,2014,2014,Pediatría - Atención primaria (AP),PEDIATRIA_AP,Teleconsulta,TELECONSULTA,Consultas,CONSULTAS,,Valor no disponible; el dato no existe,M,,
La Palma,ES707,2014,2014,Pediatría - Atención primaria (AP),PEDIATRIA_AP,Total,_T,Consultas,CONSULTAS,55705,,,,
La Palma,ES707,2014,2014,Pediatría - Atención primaria (AP),PEDIATRIA_AP,Centro,CENTRO,Consultas,CONSULTAS,55705,,,,
El Hierro,ES703,2014,2014,Pediatría - Atención primaria (AP),PEDIATRIA_AP,Domicilio,DOMICILIO,Consultas,CONSULTAS,0,,,,
El Hierro,ES703,2014,2014,Pediatría - Atención primaria (AP),PEDIATRIA_AP,Teleconsulta,TELECONSULTA,Consultas,CONSULTAS,,Valor no disponible; el dato no existe,M,,
El Hierro,ES703,2014,2014,Pediatría - Atención primaria (AP),PEDIATRIA_AP,Total,_T,Consultas,CONSULTAS,6629,,,,
El Hierro,ES703,2014,2014,Pediatría - Atención primaria (AP),PEDIATRIA_AP,Centro,CENTRO,Consultas,CONSULTAS,6629,,,,
Canarias,ES70,2014,2014,Medicina Familia y Comunitaria - Atención primaria (AP),FAMILIA_COMUNITARIA_AP,Domicilio,DOMICILIO,Consultas,CONSULTAS,43424,,,,
Canarias,ES70,2014,2014,Medicina Familia y Comunitaria - Atención primaria (AP),FAMILIA_COMUNITARIA_AP,Teleconsulta,TELECONSULTA,Consultas,CONSULTAS,,Valor no disponible; el dato no existe,M,,
Canarias,ES70,2014,2014,Medicina Familia y Comunitaria - Atención primaria (AP),FAMILIA_COMUNITARIA_AP,Total,_T,Consultas,CONSULTAS,8495817,,,,
Canarias,ES70,2014,2014,Medicina Familia y Comunitaria - Atención primaria (AP),FAMILIA_COMUNITARIA_AP,Centro,CENTRO,Consultas,CONSULTAS,8452393,,,,
Lanzarote,ES708,2014,2014,Medicina Familia y Comunitaria - Atención primaria (AP),FAMILIA_COMUNITARIA_AP,Domicilio,DOMICILIO,Consultas,CONSULTAS,1915,,,,
Lanzarote,ES708,2014,2014,Medicina Familia y Comunitaria - Atención primaria (AP),FAMILIA_COMUNITARIA_AP,Teleconsulta,TELECONSULTA,Consultas,CONSULTAS,,Valor no disponible; el dato no existe,M,,
Lanzarote,ES708,2014,2014,Medicina Familia y Comunitaria - Atención primaria (AP),FAMILIA_COMUNITARIA_AP,Total,_T,Consultas,CONSULTAS,545286,,,,
Lanzarote,ES708,2014,2014,Medicina Familia y Comunitaria - Atención primaria (AP),FAMILIA_COMUNITARIA_AP,Centro,CENTRO,Consultas,CONSULTAS,543371,,,,
Fuerteventura,ES704,2014,2014,Medicina Familia y Comunitaria - Atención primaria (AP),FAMILIA_COMUNITARIA_AP,Domicilio,DOMICILIO,Consultas,CONSULTAS,1283,,,,
Fuerteventura,ES704,2014,2014,Medicina Familia y Comunitaria - Atención primaria (AP),FAMILIA_COMUNITARIA_AP,Teleconsulta,TELECONSULTA,Consultas,CONSULTAS,,Valor no disponible; el dato no existe,M,,
Fuerteventura,ES704,2014,2014,Medicina Familia y Comunitaria - Atención primaria (AP),FAMILIA_COMUNITARIA_AP,Total,_T,Consultas,CONSULTAS,348405,,,,
Fuerteventura,ES704,2014,2014,Medicina Familia y Comunitaria - Atención primaria (AP),FAMILIA_COMUNITARIA_AP,Centro,CENTRO,Consultas,CONSULTAS,347122,,,,
Gran Canaria,ES705,2014,2014,Medicina Familia y Comunitaria - Atención primaria (AP),FAMILIA_COMUNITARIA_AP,Domicilio,DOMICILIO,Consultas,CONSULTAS,10355,,,,
Gran Canaria,ES705,2014,2014,Medicina Familia y Comunitaria - Atención primaria (AP),FAMILIA_COMUNITARIA_AP,Teleconsulta,TELECONSULTA,Consultas,CONSULTAS,,Valor no disponible; el dato no existe,M,,
Gran Canaria,ES705,2014,2014,Medicina Familia y Comunitaria - Atención primaria (AP),FAMILIA_COMUNITARIA_AP,Total,_T,Consultas,CONSULTAS,3607774,,,,
Gran Canaria,ES705,2014,2014,Medicina Familia y Comunitaria - Atención primaria (AP),FAMILIA_COMUNITARIA_AP,Centro,CENTRO,Consultas,CONSULTAS,3597419,,,,
Tenerife,ES709,2014,2014,Medicina Familia y Comunitaria - Atención primaria (AP),FAMILIA_COMUNITARIA_AP,Domicilio,DOMICILIO,Consultas,CONSULTAS,23335,,,,
Tenerife,ES709,2014,2014,Medicina Familia y Comunitaria - Atención primaria (AP),FAMILIA_COMUNITARIA_AP,Teleconsulta,TELECONSULTA,Consultas,CONSULTAS,,Valor no disponible; el dato no existe,M,,
Tenerife,ES709,2014,2014,Medicina Familia y Comunitaria - Atención primaria (AP),FAMILIA_COMUNITARIA_AP,Total,_T,Consultas,CONSULTAS,3498423,,,,
Tenerife,ES709,2014,2014,Medicina Familia y Comunitaria - Atención primaria (AP),FAMILIA_COMUNITARIA_AP,Centro,CENTRO,Consultas,CONSULTAS,3475088,,,,
La Gomera,ES706,2014,2014,Medicina Familia y Comunitaria - Atención primaria (AP),FAMILIA_COMUNITARIA_AP,Domicilio,DOMICILIO,Consultas,CONSULTAS,1409,,,,
La Gomera,ES706,2014,2014,Medicina Familia y Comunitaria - Atención primaria (AP),FAMILIA_COMUNITARIA_AP,Teleconsulta,TELECONSULTA,Consultas,CONSULTAS,,Valor no disponible; el dato no existe,M,,
La Gomera,ES706,2014,2014,Medicina Familia y Comunitaria - Atención primaria (AP),FAMILIA_COMUNITARIA_AP,Total,_T,Consultas,CONSULTAS,99992,,,,
La Gomera,ES706,2014,2014,Medicina Familia y Comunitaria - Atención primaria (AP),FAMILIA_COMUNITARIA_AP,Centro,CENTRO,Consultas,CONSULTAS,98583,,,,
La Palma,ES707,2014,2014,Medicina Familia y Comunitaria - Atención primaria (AP),FAMILIA_COMUNITARIA_AP,Domicilio,DOMICILIO,Consultas,CONSULTAS,3774,,,,
La Palma,ES707,2014,2014,Medicina Familia y Comunitaria - Atención primaria (AP),FAMILIA_COMUNITARIA_AP,Teleconsulta,TELECONSULTA,Consultas,CONSULTAS,,Valor no disponible; el dato no existe,M,,
La Palma,ES707,2014,2014,Medicina Familia y Comunitaria - Atención primaria (AP),FAMILIA_COMUNITARIA_AP,Total,_T,Consultas,CONSULTAS,348788,,,,
La Palma,ES707,2014,2014,Medicina Familia y Comunitaria - Atención primaria (AP),FAMILIA_COMUNITARIA_AP,Centro,CENTRO,Consultas,CONSULTAS,345014,,,,
El Hierro,ES703,2014,2014,Medicina Familia y Comunitaria - Atención primaria (AP),FAMILIA_COMUNITARIA_AP,Domicilio,DOMICILIO,Consultas,CONSULTAS,1353,,,,
El Hierro,ES703,2014,2014,Medicina Familia y Comunitaria - Atención primaria (AP),FAMILIA_COMUNITARIA_AP,Teleconsulta,TELECONSULTA,Consultas,CONSULTAS,,Valor no disponible; el dato no existe,M,,
El Hierro,ES703,2014,2014,Medicina Familia y Comunitaria - Atención primaria (AP),FAMILIA_COMUNITARIA_AP,Total,_T,Consultas,CONSULTAS,47149,,,,
El Hierro,ES703,2014,2014,Medicina Familia y Comunitaria - Atención primaria (AP),FAMILIA_COMUNITARIA_AP,Centro,CENTRO,Consultas,CONSULTAS,45796,,,,
Canarias,ES70,2015,2015,Enfermería - Atención primaria (AP),ENFERMERIA_AP,Domicilio,DOMICILIO,Consultas,CONSULTAS,275207,,,,
Canarias,ES70,2015,2015,Enfermería - Atención primaria (AP),ENFERMERIA_AP,Teleconsulta,TELECONSULTA,Consultas,CONSULTAS,,Valor no disponible; el dato no existe,M,,
Canarias,ES70,2015,2015,Enfermería - Atención primaria (AP),ENFERMERIA_AP,Total,_T,Consultas,CONSULTAS,4445666,,,,
Canarias,ES70,2015,2015,Enfermería - Atención primaria (AP),ENFERMERIA_AP,Centro,CENTRO,Consultas,CONSULTAS,4170459,,,,
Lanzarote,ES708,2015,2015,Enfermería - Atención primaria (AP),ENFERMERIA_AP,Domicilio,DOMICILIO,Consultas,CONSULTAS,13820,,,,
Lanzarote,ES708,2015,2015,Enfermería - Atención primaria (AP),ENFERMERIA_AP,Teleconsulta,TELECONSULTA,Consultas,CONSULTAS,,Valor no disponible; el dato no existe,M,,
Lanzarote,ES708,2015,2015,Enfermería - Atención primaria (AP),ENFERMERIA_AP,Total,_T,Consultas,CONSULTAS,468629,,,,
Lanzarote,ES708,2015,2015,Enfermería - Atención primaria (AP),ENFERMERIA_AP,Centro,CENTRO,Consultas,CONSULTAS,454809,,,,
Fuerteventura,ES704,2015,2015,Enfermería - Atención primaria (AP),ENFERMERIA_AP,Domicilio,DOMICILIO,Consultas,CONSULTAS,10464,,,,
Fuerteventura,ES704,2015,2015,Enfermería - Atención primaria (AP),ENFERMERIA_AP,Teleconsulta,TELECONSULTA,Consultas,CONSULTAS,,Valor no disponible; el dato no existe,M,,
Fuerteventura,ES704,2015,2015,Enfermería - Atención primaria (AP),ENFERMERIA_AP,Total,_T,Consultas,CONSULTAS,206260,,,,
Fuerteventura,ES704,2015,2015,Enfermería - Atención primaria (AP),ENFERMERIA_AP,Centro,CENTRO,Consultas,CONSULTAS,195796,,,,
Gran Canaria,ES705,2015,2015,Enfermería - Atención primaria (AP),ENFERMERIA_AP,Domicilio,DOMICILIO,Consultas,CONSULTAS,128360,,,,
Gran Canaria,ES705,2015,2015,Enfermería - Atención primaria (AP),ENFERMERIA_AP,Teleconsulta,TELECONSULTA,Consultas,CONSULTAS,,Valor no disponible; el dato no existe,M,,
Gran Canaria,ES705,2015,2015,Enfermería - Atención primaria (AP),ENFERMERIA_AP,Total,_T,Consultas,CONSULTAS,1611672,,,,
Gran Canaria,ES705,2015,2015,Enfermería - Atención primaria (AP),ENFERMERIA_AP,Centro,CENTRO,Consultas,CONSULTAS,1483312,,,,
Tenerife,ES709,2015,2015,Enfermería - Atención primaria (AP),ENFERMERIA_AP,Domicilio,DOMICILIO,Consultas,CONSULTAS,85855,,,,
Tenerife,ES709,2015,2015,Enfermería - Atención primaria (AP),ENFERMERIA_AP,Teleconsulta,TELECONSULTA,Consultas,CONSULTAS,,Valor no disponible; el dato no existe,M,,
Tenerife,ES709,2015,2015,Enfermería - Atención primaria (AP),ENFERMERIA_AP,Total,_T,Consultas,CONSULTAS,1808949,,,,
Tenerife,ES709,2015,2015,Enfermería - Atención primaria (AP),ENFERMERIA_AP,Centro,CENTRO,Consultas,CONSULTAS,1723094,,,,
La Gomera,ES706,2015,2015,Enfermería - Atención primaria (AP),ENFERMERIA_AP,Domicilio,DOMICILIO,Consultas,CONSULTAS,6129,,,,
La Gomera,ES706,2015,2015,Enfermería - Atención primaria (AP),ENFERMERIA_AP,Teleconsulta,TELECONSULTA,Consultas,CONSULTAS,,Valor no disponible; el dato no existe,M,,
La Gomera,ES706,2015,2015,Enfermería - Atención primaria (AP),ENFERMERIA_AP,Total,_T,Consultas,CONSULTAS,70833,,,,
La Gomera,ES706,2015,2015,Enfermería - Atención primaria (AP),ENFERMERIA_AP,Centro,CENTRO,Consultas,CONSULTAS,64704,,,,
La Palma,ES707,2015,2015,Enfermería - Atención primaria (AP),ENFERMERIA_AP,Domicilio,DOMICILIO,Consultas,CONSULTAS,24308,,,,
La Palma,ES707,2015,2015,Enfermería - Atención primaria (AP),ENFERMERIA_AP,Teleconsulta,TELECONSULTA,Consultas,CONSULTAS,,Valor no disponible; el dato no existe,M,,
La Palma,ES707,2015,2015,Enfermería - Atención primaria (AP),ENFERMERIA_AP,Total,_T,Consultas,CONSULTAS,246016,,,,
La Palma,ES707,2015,2015,Enfermería - Atención primaria (AP),ENFERMERIA_AP,Centro,CENTRO,Consultas,CONSULTAS,221708,,,,
El Hierro,ES703,2015,2015,Enfermería - Atención primaria (AP),ENFERMERIA_AP,Domicilio,DOMICILIO,Consultas,CONSULTAS,6271,,,,
El Hierro,ES703,2015,2015,Enfermería - Atención primaria (AP),ENFERMERIA_AP,Teleconsulta,TELECONSULTA,Consultas,CONSULTAS,,Valor no disponible; el dato no existe,M,,
El Hierro,ES703,2015,2015,Enfermería - Atención primaria (AP),ENFERMERIA_AP,Total,_T,Consultas,CONSULTAS,33307,,,,
El Hierro,ES703,2015,2015,Enfermería - Atención primaria (AP),ENFERMERIA_AP,Centro,CENTRO,Consultas,CONSULTAS,27036,,,,
Canarias,ES70,2015,2015,Pediatría - Atención primaria (AP),PEDIATRIA_AP,Domicilio,DOMICILIO,Consultas,CONSULTAS,67,,,,
Canarias,ES70,2015,2015,Pediatría - Atención primaria (AP),PEDIATRIA_AP,Teleconsulta,TELECONSULTA,Consultas,CONSULTAS,,Valor no disponible; el dato no existe,M,,
Canarias,ES70,2015,2015,Pediatría - Atención primaria (AP),PEDIATRIA_AP,Total,_T,Consultas,CONSULTAS,1507517,,,,
Canarias,ES70,2015,2015,Pediatría - Atención primaria (AP),PEDIATRIA_AP,Centro,CENTRO,Consultas,CONSULTAS,1507450,,,,
Lanzarote,ES708,2015,2015,Pediatría - Atención primaria (AP),PEDIATRIA_AP,Domicilio,DOMICILIO,Consultas,CONSULTAS,1,,,,
Lanzarote,ES708,2015,2015,Pediatría - Atención primaria (AP),PEDIATRIA_AP,Teleconsulta,TELECONSULTA,Consultas,CONSULTAS,,Valor no disponible; el dato no existe,M,,
Lanzarote,ES708,2015,2015,Pediatría - Atención primaria (AP),PEDIATRIA_AP,Total,_T,Consultas,CONSULTAS,120365,,,,
Lanzarote,ES708,2015,2015,Pediatría - Atención primaria (AP),PEDIATRIA_AP,Centro,CENTRO,Consultas,CONSULTAS,120364,,,,
Fuerteventura,ES704,2015,2015,Pediatría - Atención primaria (AP),PEDIATRIA_AP,Domicilio,DOMICILIO,Consultas,CONSULTAS,0,,,,
Fuerteventura,ES704,2015,2015,Pediatría - Atención primaria (AP),PEDIATRIA_AP,Teleconsulta,TELECONSULTA,Consultas,CONSULTAS,,Valor no disponible; el dato no existe,M,,
Fuerteventura,ES704,2015,2015,Pediatría - Atención primaria (AP),PEDIATRIA_AP,Total,_T,Consultas,CONSULTAS,68623,,,,
Fuerteventura,ES704,2015,2015,Pediatría - Atención primaria (AP),PEDIATRIA_AP,Centro,CENTRO,Consultas,CONSULTAS,68623,,,,
Gran Canaria,ES705,2015,2015,Pediatría - Atención primaria (AP),PEDIATRIA_AP,Domicilio,DOMICILIO,Consultas,CONSULTAS,16,,,,
Gran Canaria,ES705,2015,2015,Pediatría - Atención primaria (AP),PEDIATRIA_AP,Teleconsulta,TELECONSULTA,Consultas,CONSULTAS,,Valor no disponible; el dato no existe,M,,
Gran Canaria,ES705,2015,2015,Pediatría - Atención primaria (AP),PEDIATRIA_AP,Total,_T,Consultas,CONSULTAS,549880,,,,
Gran Canaria,ES705,2015,2015,Pediatría - Atención primaria (AP),PEDIATRIA_AP,Centro,CENTRO,Consultas,CONSULTAS,549864,,,,
Tenerife,ES709,2015,2015,Pediatría - Atención primaria (AP),PEDIATRIA_AP,Domicilio,DOMICILIO,Consultas,CONSULTAS,49,,,,
Tenerife,ES709,2015,2015,Pediatría - Atención primaria (AP),PEDIATRIA_AP,Teleconsulta,TELECONSULTA,Consultas,CONSULTAS,,Valor no disponible; el dato no existe,M,,
Tenerife,ES709,2015,2015,Pediatría - Atención primaria (AP),PEDIATRIA_AP,Total,_T,Consultas,CONSULTAS,699843,,,,
Tenerife,ES709,2015,2015,Pediatría - Atención primaria (AP),PEDIATRIA_AP,Centro,CENTRO,Consultas,CONSULTAS,699794,,,,
La Gomera,ES706,2015,2015,Pediatría - Atención primaria (AP),PEDIATRIA_AP,Domicilio,DOMICILIO,Consultas,CONSULTAS,0,,,,
La Gomera,ES706,2015,2015,Pediatría - Atención primaria (AP),PEDIATRIA_AP,Teleconsulta,TELECONSULTA,Consultas,CONSULTAS,,Valor no disponible; el dato no existe,M,,
La Gomera,ES706,2015,2015,Pediatría - Atención primaria (AP),PEDIATRIA_AP,Total,_T,Consultas,CONSULTAS,6089,,,,
La Gomera,ES706,2015,2015,Pediatría - Atención primaria (AP),PEDIATRIA_AP,Centro,CENTRO,Consultas,CONSULTAS,6089,,,,
La Palma,ES707,2015,2015,Pediatría - Atención primaria (AP),PEDIATRIA_AP,Domicilio,DOMICILIO,Consultas,CONSULTAS,0,,,,
La Palma,ES707,2015,2015,Pediatría - Atención primaria (AP),PEDIATRIA_AP,Teleconsulta,TELECONSULTA,Consultas,CONSULTAS,,Valor no disponible; el dato no existe,M,,
La Palma,ES707,2015,2015,Pediatría - Atención primaria (AP),PEDIATRIA_AP,Total,_T,Consultas,CONSULTAS,56256,,,,
La Palma,ES707,2015,2015,Pediatría - Atención primaria (AP),PEDIATRIA_AP,Centro,CENTRO,Consultas,CONSULTAS,56256,,,,
El Hierro,ES703,2015,2015,Pediatría - Atención primaria (AP),PEDIATRIA_AP,Domicilio,DOMICILIO,Consultas,CONSULTAS,1,,,,
El Hierro,ES703,2015,2015,Pediatría - Atención primaria (AP),PEDIATRIA_AP,Teleconsulta,TELECONSULTA,Consultas,CONSULTAS,,Valor no disponible; el dato no existe,M,,
El Hierro,ES703,2015,2015,Pediatría - Atención primaria (AP),PEDIATRIA_AP,Total,_T,Consultas,CONSULTAS,6461,,,,
El Hierro,ES703,2015,2015,Pediatría - Atención primaria (AP),PEDIATRIA_AP,Centro,CENTRO,Consultas,CONSULTAS,6460,,,,
Canarias,ES70,2015,2015,Medicina Familia y Comunitaria - Atención primaria (AP),FAMILIA_COMUNITARIA_AP,Domicilio,DOMICILIO,Consultas,CONSULTAS,57422,,,,
Canarias,ES70,2015,2015,Medicina Familia y Comunitaria - Atención primaria (AP),FAMILIA_COMUNITARIA_AP,Teleconsulta,TELECONSULTA,Consultas,CONSULTAS,,Valor no disponible; el dato no existe,M,,
Canarias,ES70,2015,2015,Medicina Familia y Comunitaria - Atención primaria (AP),FAMILIA_COMUNITARIA_AP,Total,_T,Consultas,CONSULTAS,8625991,,,,
Canarias,ES70,2015,2015,Medicina Familia y Comunitaria - Atención primaria (AP),FAMILIA_COMUNITARIA_AP,Centro,CENTRO,Consultas,CONSULTAS,8568569,,,,
Lanzarote,ES708,2015,2015,Medicina Familia y Comunitaria - Atención primaria (AP),FAMILIA_COMUNITARIA_AP,Domicilio,DOMICILIO,Consultas,CONSULTAS,2264,,,,
Lanzarote,ES708,2015,2015,Medicina Familia y Comunitaria - Atención primaria (AP),FAMILIA_COMUNITARIA_AP,Teleconsulta,TELECONSULTA,Consultas,CONSULTAS,,Valor no disponible; el dato no existe,M,,
Lanzarote,ES708,2015,2015,Medicina Familia y Comunitaria - Atención primaria (AP),FAMILIA_COMUNITARIA_AP,Total,_T,Consultas,CONSULTAS,581596,,,,
Lanzarote,ES708,2015,2015,Medicina Familia y Comunitaria - Atención primaria (AP),FAMILIA_COMUNITARIA_AP,Centro,CENTRO,Consultas,CONSULTAS,579332,,,,
Fuerteventura,ES704,2015,2015,Medicina Familia y Comunitaria - Atención primaria (AP),FAMILIA_COMUNITARIA_AP,Domicilio,DOMICILIO,Consultas,CONSULTAS,1554,,,,
Fuerteventura,ES704,2015,2015,Medicina Familia y Comunitaria - Atención primaria (AP),FAMILIA_COMUNITARIA_AP,Teleconsulta,TELECONSULTA,Consultas,CONSULTAS,,Valor no disponible; el dato no existe,M,,
Fuerteventura,ES704,2015,2015,Medicina Familia y Comunitaria - Atención primaria (AP),FAMILIA_COMUNITARIA_AP,Total,_T,Consultas,CONSULTAS,362934,,,,
Fuerteventura,ES704,2015,2015,Medicina Familia y Comunitaria - Atención primaria (AP),FAMILIA_COMUNITARIA_AP,Centro,CENTRO,Consultas,CONSULTAS,361380,,,,
Gran Canaria,ES705,2015,2015,Medicina Familia y Comunitaria - Atención primaria (AP),FAMILIA_COMUNITARIA_AP,Domicilio,DOMICILIO,Consultas,CONSULTAS,15775,,,,
Gran Canaria,ES705,2015,2015,Medicina Familia y Comunitaria - Atención primaria (AP),FAMILIA_COMUNITARIA_AP,Teleconsulta,TELECONSULTA,Consultas,CONSULTAS,,Valor no disponible; el dato no existe,M,,
Gran Canaria,ES705,2015,2015,Medicina Familia y Comunitaria - Atención primaria (AP),FAMILIA_COMUNITARIA_AP,Total,_T,Consultas,CONSULTAS,3639127,,,,
Gran Canaria,ES705,2015,2015,Medicina Familia y Comunitaria - Atención primaria (AP),FAMILIA_COMUNITARIA_AP,Centro,CENTRO,Consultas,CONSULTAS,3623352,,,,
Tenerife,ES709,2015,2015,Medicina Familia y Comunitaria - Atención primaria (AP),FAMILIA_COMUNITARIA_AP,Domicilio,DOMICILIO,Consultas,CONSULTAS,28861,,,,
Tenerife,ES709,2015,2015,Medicina Familia y Comunitaria - Atención primaria (AP),FAMILIA_COMUNITARIA_AP,Teleconsulta,TELECONSULTA,Consultas,CONSULTAS,,Valor no disponible; el dato no existe,M,,
Tenerife,ES709,2015,2015,Medicina Familia y Comunitaria - Atención primaria (AP),FAMILIA_COMUNITARIA_AP,Total,_T,Consultas,CONSULTAS,3536032,,,,
Tenerife,ES709,2015,2015,Medicina Familia y Comunitaria - Atención primaria (AP),FAMILIA_COMUNITARIA_AP,Centro,CENTRO,Consultas,CONSULTAS,3507171,,,,
La Gomera,ES706,2015,2015,Medicina Familia y Comunitaria - Atención primaria (AP),FAMILIA_COMUNITARIA_AP,Domicilio,DOMICILIO,Consultas,CONSULTAS,2064,,,,
La Gomera,ES706,2015,2015,Medicina Familia y Comunitaria - Atención primaria (AP),FAMILIA_COMUNITARIA_AP,Teleconsulta,TELECONSULTA,Consultas,CONSULTAS,,Valor no disponible; el dato no existe,M,,
La Gomera,ES706,2015,2015,Medicina Familia y Comunitaria - Atención primaria (AP),FAMILIA_COMUNITARIA_AP,Total,_T,Consultas,CONSULTAS,103949,,,,
La Gomera,ES706,2015,2015,Medicina Familia y Comunitaria - Atención primaria (AP),FAMILIA_COMUNITARIA_AP,Centro,CENTRO,Consultas,CONSULTAS,101885,,,,
La Palma,ES707,2015,2015,Medicina Familia y Comunitaria - Atención primaria (AP),FAMILIA_COMUNITARIA_AP,Domicilio,DOMICILIO,Consultas,CONSULTAS,5233,,,,
La Palma,ES707,2015,2015,Medicina Familia y Comunitaria - Atención primaria (AP),FAMILIA_COMUNITARIA_AP,Teleconsulta,TELECONSULTA,Consultas,CONSULTAS,,Valor no disponible; el dato no existe,M,,
La Palma,ES707,2015,2015,Medicina Familia y Comunitaria - Atención primaria (AP),FAMILIA_COMUNITARIA_AP,Total,_T,Consultas,CONSULTAS,353383,,,,
La Palma,ES707,2015,2015,Medicina Familia y Comunitaria - Atención primaria (AP),FAMILIA_COMUNITARIA_AP,Centro,CENTRO,Consultas,CONSULTAS,348150,,,,
El Hierro,ES703,2015,2015,Medicina Familia y Comunitaria - Atención primaria (AP),FAMILIA_COMUNITARIA_AP,Domicilio,DOMICILIO,Consultas,CONSULTAS,1671,,,,
El Hierro,ES703,2015,2015,Medicina Familia y Comunitaria - Atención primaria (AP),FAMILIA_COMUNITARIA_AP,Teleconsulta,TELECONSULTA,Consultas,CONSULTAS,,Valor no disponible; el dato no existe,M,,
El Hierro,ES703,2015,2015,Medicina Familia y Comunitaria - Atención primaria (AP),FAMILIA_COMUNITARIA_AP,Total,_T,Consultas,CONSULTAS,48970,,,,
El Hierro,ES703,2015,2015,Medicina Familia y Comunitaria - Atención primaria (AP),FAMILIA_COMUNITARIA_AP,Centro,CENTRO,Consultas,CONSULTAS,47299,,,,
Canarias,ES70,2016,2016,Enfermería - Atención primaria (AP),ENFERMERIA_AP,Domicilio,DOMICILIO,Consultas,CONSULTAS,290809,,,,
Canarias,ES70,2016,2016,Enfermería - Atención primaria (AP),ENFERMERIA_AP,Teleconsulta,TELECONSULTA,Consultas,CONSULTAS,,Valor no disponible; el dato no existe,M,,
Canarias,ES70,2016,2016,Enfermería - Atención primaria (AP),ENFERMERIA_AP,Total,_T,Consultas,CONSULTAS,4564200,,,,
Canarias,ES70,2016,2016,Enfermería - Atención primaria (AP),ENFERMERIA_AP,Centro,CENTRO,Consultas,CONSULTAS,4273391,,,,
Lanzarote,ES708,2016,2016,Enfermería - Atención primaria (AP),ENFERMERIA_AP,Domicilio,DOMICILIO,Consultas,CONSULTAS,13643,,,,
Lanzarote,ES708,2016,2016,Enfermería - Atención primaria (AP),ENFERMERIA_AP,Teleconsulta,TELECONSULTA,Consultas,CONSULTAS,,Valor no disponible; el dato no existe,M,,
Lanzarote,ES708,2016,2016,Enfermería - Atención primaria (AP),ENFERMERIA_AP,Total,_T,Consultas,CONSULTAS,483601,,,,
Lanzarote,ES708,2016,2016,Enfermería - Atención primaria (AP),ENFERMERIA_AP,Centro,CENTRO,Consultas,CONSULTAS,469958,,,,
Fuerteventura,ES704,2016,2016,Enfermería - Atención primaria (AP),ENFERMERIA_AP,Domicilio,DOMICILIO,Consultas,CONSULTAS,10872,,,,
Fuerteventura,ES704,2016,2016,Enfermería - Atención primaria (AP),ENFERMERIA_AP,Teleconsulta,TELECONSULTA,Consultas,CONSULTAS,,Valor no disponible; el dato no existe,M,,
Fuerteventura,ES704,2016,2016,Enfermería - Atención primaria (AP),ENFERMERIA_AP,Total,_T,Consultas,CONSULTAS,200220,,,,
Fuerteventura,ES704,2016,2016,Enfermería - Atención primaria (AP),ENFERMERIA_AP,Centro,CENTRO,Consultas,CONSULTAS,189348,,,,
Gran Canaria,ES705,2016,2016,Enfermería - Atención primaria (AP),ENFERMERIA_AP,Domicilio,DOMICILIO,Consultas,CONSULTAS,147234,,,,
Gran Canaria,ES705,2016,2016,Enfermería - Atención primaria (AP),ENFERMERIA_AP,Teleconsulta,TELECONSULTA,Consultas,CONSULTAS,,Valor no disponible; el dato no existe,M,,
Gran Canaria,ES705,2016,2016,Enfermería - Atención primaria (AP),ENFERMERIA_AP,Total,_T,Consultas,CONSULTAS,1658884,,,,
Gran Canaria,ES705,2016,2016,Enfermería - Atención primaria (AP),ENFERMERIA_AP,Centro,CENTRO,Consultas,CONSULTAS,1511650,,,,
Tenerife,ES709,2016,2016,Enfermería - Atención primaria (AP),ENFERMERIA_AP,Domicilio,DOMICILIO,Consultas,CONSULTAS,87282,,,,
Tenerife,ES709,2016,2016,Enfermería - Atención primaria (AP),ENFERMERIA_AP,Teleconsulta,TELECONSULTA,Consultas,CONSULTAS,,Valor no disponible; el dato no existe,M,,
Tenerife,ES709,2016,2016,Enfermería - Atención primaria (AP),ENFERMERIA_AP,Total,_T,Consultas,CONSULTAS,1874295,,,,
Tenerife,ES709,2016,2016,Enfermería - Atención primaria (AP),ENFERMERIA_AP,Centro,CENTRO,Consultas,CONSULTAS,1787013,,,,
La Gomera,ES706,2016,2016,Enfermería - Atención primaria (AP),ENFERMERIA_AP,Domicilio,DOMICILIO,Consultas,CONSULTAS,5838,,,,
La Gomera,ES706,2016,2016,Enfermería - Atención primaria (AP),ENFERMERIA_AP,Teleconsulta,TELECONSULTA,Consultas,CONSULTAS,,Valor no disponible; el dato no existe,M,,
La Gomera,ES706,2016,2016,Enfermería - Atención primaria (AP),ENFERMERIA_AP,Total,_T,Consultas,CONSULTAS,69566,,,,
La Gomera,ES706,2016,2016,Enfermería - Atención primaria (AP),ENFERMERIA_AP,Centro,CENTRO,Consultas,CONSULTAS,63728,,,,
La Palma,ES707,2016,2016,Enfermería - Atención primaria (AP),ENFERMERIA_AP,Domicilio,DOMICILIO,Consultas,CONSULTAS,21482,,,,
La Palma,ES707,2016,2016,Enfermería - Atención primaria (AP),ENFERMERIA_AP,Teleconsulta,TELECONSULTA,Consultas,CONSULTAS,,Valor no disponible; el dato no existe,M,,
La Palma,ES707,2016,2016,Enfermería - Atención primaria (AP),ENFERMERIA_AP,Total,_T,Consultas,CONSULTAS,245279,,,,
La Palma,ES707,2016,2016,Enfermería - Atención primaria (AP),ENFERMERIA_AP,Centro,CENTRO,Consultas,CONSULTAS,223797,,,,
El Hierro,ES703,2016,2016,Enfermería - Atención primaria (AP),ENFERMERIA_AP,Domicilio,DOMICILIO,Consultas,CONSULTAS,4458,,,,
El Hierro,ES703,2016,2016,Enfermería - Atención primaria (AP),ENFERMERIA_AP,Teleconsulta,TELECONSULTA,Consultas,CONSULTAS,,Valor no disponible; el dato no existe,M,,
El Hierro,ES703,2016,2016,Enfermería - Atención primaria (AP),ENFERMERIA_AP,Total,_T,Consultas,CONSULTAS,32355,,,,
El Hierro,ES703,2016,2016,Enfermería - Atención primaria (AP),ENFERMERIA_AP,Centro,CENTRO,Consultas,CONSULTAS,27897,,,,
Canarias,ES70,2016,2016,Pediatría - Atención primaria (AP),PEDIATRIA_AP,Domicilio,DOMICILIO,Consultas,CONSULTAS,130,,,,
Canarias,ES70,2016,2016,Pediatría - Atención primaria (AP),PEDIATRIA_AP,Teleconsulta,TELECONSULTA,Consultas,CONSULTAS,,Valor no disponible; el dato no existe,M,,
Canarias,ES70,2016,2016,Pediatría - Atención primaria (AP),PEDIATRIA_AP,Total,_T,Consultas,CONSULTAS,1524904,,,,
Canarias,ES70,2016,2016,Pediatría - Atención primaria (AP),PEDIATRIA_AP,Centro,CENTRO,Consultas,CONSULTAS,1524774,,,,
Lanzarote,ES708,2016,2016,Pediatría - Atención primaria (AP),PEDIATRIA_AP,Domicilio,DOMICILIO,Consultas,CONSULTAS,2,,,,
Lanzarote,ES708,2016,2016,Pediatría - Atención primaria (AP),PEDIATRIA_AP,Teleconsulta,TELECONSULTA,Consultas,CONSULTAS,,Valor no disponible; el dato no existe,M,,
Lanzarote,ES708,2016,2016,Pediatría - Atención primaria (AP),PEDIATRIA_AP,Total,_T,Consultas,CONSULTAS,121555,,,,
Lanzarote,ES708,2016,2016,Pediatría - Atención primaria (AP),PEDIATRIA_AP,Centro,CENTRO,Consultas,CONSULTAS,121553,,,,
Fuerteventura,ES704,2016,2016,Pediatría - Atención primaria (AP),PEDIATRIA_AP,Domicilio,DOMICILIO,Consultas,CONSULTAS,3,,,,
Fuerteventura,ES704,2016,2016,Pediatría - Atención primaria (AP),PEDIATRIA_AP,Teleconsulta,TELECONSULTA,Consultas,CONSULTAS,,Valor no disponible; el dato no existe,M,,
Fuerteventura,ES704,2016,2016,Pediatría - Atención primaria (AP),PEDIATRIA_AP,Total,_T,Consultas,CONSULTAS,69032,,,,
Fuerteventura,ES704,2016,2016,Pediatría - Atención primaria (AP),PEDIATRIA_AP,Centro,CENTRO,Consultas,CONSULTAS,69029,,,,
Gran Canaria,ES705,2016,2016,Pediatría - Atención primaria (AP),PEDIATRIA_AP,Domicilio,DOMICILIO,Consultas,CONSULTAS,26,,,,
Gran Canaria,ES705,2016,2016,Pediatría - Atención primaria (AP),PEDIATRIA_AP,Teleconsulta,TELECONSULTA,Consultas,CONSULTAS,,Valor no disponible; el dato no existe,M,,
Gran Canaria,ES705,2016,2016,Pediatría - Atención primaria (AP),PEDIATRIA_AP,Total,_T,Consultas,CONSULTAS,540398,,,,
Gran Canaria,ES705,2016,2016,Pediatría - Atención primaria (AP),PEDIATRIA_AP,Centro,CENTRO,Consultas,CONSULTAS,540372,,,,
Tenerife,ES709,2016,2016,Pediatría - Atención primaria (AP),PEDIATRIA_AP,Domicilio,DOMICILIO,Consultas,CONSULTAS,99,,,,
Tenerife,ES709,2016,2016,Pediatría - Atención primaria (AP),PEDIATRIA_AP,Teleconsulta,TELECONSULTA,Consultas,CONSULTAS,,Valor no disponible; el dato no existe,M,,
Tenerife,ES709,2016,2016,Pediatría - Atención primaria (AP),PEDIATRIA_AP,Total,_T,Consultas,CONSULTAS,725120,,,,
Tenerife,ES709,2016,2016,Pediatría - Atención primaria (AP),PEDIATRIA_AP,Centro,CENTRO,Consultas,CONSULTAS,725021,,,,
La Gomera,ES706,2016,2016,Pediatría - Atención primaria (AP),PEDIATRIA_AP,Domicilio,DOMICILIO,Consultas,CONSULTAS,0,,,,
La Gomera,ES706,2016,2016,Pediatría - Atención primaria (AP),PEDIATRIA_AP,Teleconsulta,TELECONSULTA,Consultas,CONSULTAS,,Valor no disponible; el dato no existe,M,,
La Gomera,ES706,2016,2016,Pediatría - Atención primaria (AP),PEDIATRIA_AP,Total,_T,Consultas,CONSULTAS,6179,,,,
La Gomera,ES706,2016,2016,Pediatría - Atención primaria (AP),PEDIATRIA_AP,Centro,CENTRO,Consultas,CONSULTAS,6179,,,,
La Palma,ES707,2016,2016,Pediatría - Atención primaria (AP),PEDIATRIA_AP,Domicilio,DOMICILIO,Consultas,CONSULTAS,0,,,,
La Palma,ES707,2016,2016,Pediatría - Atención primaria (AP),PEDIATRIA_AP,Teleconsulta,TELECONSULTA,Consultas,CONSULTAS,,Valor no disponible; el dato no existe,M,,
La Palma,ES707,2016,2016,Pediatría - Atención primaria (AP),PEDIATRIA_AP,Total,_T,Consultas,CONSULTAS,55989,,,,
La Palma,ES707,2016,2016,Pediatría - Atención primaria (AP),PEDIATRIA_AP,Centro,CENTRO,Consultas,CONSULTAS,55989,,,,
El Hierro,ES703,2016,2016,Pediatría - Atención primaria (AP),PEDIATRIA_AP,Domicilio,DOMICILIO,Consultas,CONSULTAS,0,,,,
El Hierro,ES703,2016,2016,Pediatría - Atención primaria (AP),PEDIATRIA_AP,Teleconsulta,TELECONSULTA,Consultas,CONSULTAS,,Valor no disponible; el dato no existe,M,,
El Hierro,ES703,2016,2016,Pediatría - Atención primaria (AP),PEDIATRIA_AP,Total,_T,Consultas,CONSULTAS,6631,,,,
El Hierro,ES703,2016,2016,Pediatría - Atención primaria (AP),PEDIATRIA_AP,Centro,CENTRO,Consultas,CONSULTAS,6631,,,,
Canarias,ES70,2016,2016,Medicina Familia y Comunitaria - Atención primaria (AP),FAMILIA_COMUNITARIA_AP,Domicilio,DOMICILIO,Consultas,CONSULTAS,60445,,,,
Canarias,ES70,2016,2016,Medicina Familia y Comunitaria - Atención primaria (AP),FAMILIA_COMUNITARIA_AP,Teleconsulta,TELECONSULTA,Consultas,CONSULTAS,,Valor no disponible; el dato no existe,M,,
Canarias,ES70,2016,2016,Medicina Familia y Comunitaria - Atención primaria (AP),FAMILIA_COMUNITARIA_AP,Total,_T,Consultas,CONSULTAS,8616373,,,,
Canarias,ES70,2016,2016,Medicina Familia y Comunitaria - Atención primaria (AP),FAMILIA_COMUNITARIA_AP,Centro,CENTRO,Consultas,CONSULTAS,8555928,,,,
Lanzarote,ES708,2016,2016,Medicina Familia y Comunitaria - Atención primaria (AP),FAMILIA_COMUNITARIA_AP,Domicilio,DOMICILIO,Consultas,CONSULTAS,2221,,,,
Lanzarote,ES708,2016,2016,Medicina Familia y Comunitaria - Atención primaria (AP),FAMILIA_COMUNITARIA_AP,Teleconsulta,TELECONSULTA,Consultas,CONSULTAS,,Valor no disponible; el dato no existe,M,,
Lanzarote,ES708,2016,2016,Medicina Familia y Comunitaria - Atención primaria (AP),FAMILIA_COMUNITARIA_AP,Total,_T,Consultas,CONSULTAS,575870,,,,
Lanzarote,ES708,2016,2016,Medicina Familia y Comunitaria - Atención primaria (AP),FAMILIA_COMUNITARIA_AP,Centro,CENTRO,Consultas,CONSULTAS,573649,,,,
Fuerteventura,ES704,2016,2016,Medicina Familia y Comunitaria - Atención primaria (AP),FAMILIA_COMUNITARIA_AP,Domicilio,DOMICILIO,Consultas,CONSULTAS,1703,,,,
Fuerteventura,ES704,2016,2016,Medicina Familia y Comunitaria - Atención primaria (AP),FAMILIA_COMUNITARIA_AP,Teleconsulta,TELECONSULTA,Consultas,CONSULTAS,,Valor no disponible; el dato no existe,M,,
Fuerteventura,ES704,2016,2016,Medicina Familia y Comunitaria - Atención primaria (AP),FAMILIA_COMUNITARIA_AP,Total,_T,Consultas,CONSULTAS,359211,,,,
Fuerteventura,ES704,2016,2016,Medicina Familia y Comunitaria - Atención primaria (AP),FAMILIA_COMUNITARIA_AP,Centro,CENTRO,Consultas,CONSULTAS,357508,,,,
Gran Canaria,ES705,2016,2016,Medicina Familia y Comunitaria - Atención primaria (AP),FAMILIA_COMUNITARIA_AP,Domicilio,DOMICILIO,Consultas,CONSULTAS,19182,,,,
Gran Canaria,ES705,2016,2016,Medicina Familia y Comunitaria - Atención primaria (AP),FAMILIA_COMUNITARIA_AP,Teleconsulta,TELECONSULTA,Consultas,CONSULTAS,,Valor no disponible; el dato no existe,M,,
Gran Canaria,ES705,2016,2016,Medicina Familia y Comunitaria - Atención primaria (AP),FAMILIA_COMUNITARIA_AP,Total,_T,Consultas,CONSULTAS,3634227,,,,
Gran Canaria,ES705,2016,2016,Medicina Familia y Comunitaria - Atención primaria (AP),FAMILIA_COMUNITARIA_AP,Centro,CENTRO,Consultas,CONSULTAS,3615045,,,,
Tenerife,ES709,2016,2016,Medicina Familia y Comunitaria - Atención primaria (AP),FAMILIA_COMUNITARIA_AP,Domicilio,DOMICILIO,Consultas,CONSULTAS,28877,,,,
Tenerife,ES709,2016,2016,Medicina Familia y Comunitaria - Atención primaria (AP),FAMILIA_COMUNITARIA_AP,Teleconsulta,TELECONSULTA,Consultas,CONSULTAS,,Valor no disponible; el dato no existe,M,,
Tenerife,ES709,2016,2016,Medicina Familia y Comunitaria - Atención primaria (AP),FAMILIA_COMUNITARIA_AP,Total,_T,Consultas,CONSULTAS,3541554,,,,
Tenerife,ES709,2016,2016,Medicina Familia y Comunitaria - Atención primaria (AP),FAMILIA_COMUNITARIA_AP,Centro,CENTRO,Consultas,CONSULTAS,3512677,,,,
La Gomera,ES706,2016,2016,Medicina Familia y Comunitaria - Atención primaria (AP),FAMILIA_COMUNITARIA_AP,Domicilio,DOMICILIO,Consultas,CONSULTAS,1852,,,,
La Gomera,ES706,2016,2016,Medicina Familia y Comunitaria - Atención primaria (AP),FAMILIA_COMUNITARIA_AP,Teleconsulta,TELECONSULTA,Consultas,CONSULTAS,,Valor no disponible; el dato no existe,M,,
La Gomera,ES706,2016,2016,Medicina Familia y Comunitaria - Atención primaria (AP),FAMILIA_COMUNITARIA_AP,Total,_T,Consultas,CONSULTAS,101611,,,,
La Gomera,ES706,2016,2016,Medicina Familia y Comunitaria - Atención primaria (AP),FAMILIA_COMUNITARIA_AP,Centro,CENTRO,Consultas,CONSULTAS,99759,,,,
La Palma,ES707,2016,2016,Medicina Familia y Comunitaria - Atención primaria (AP),FAMILIA_COMUNITARIA_AP,Domicilio,DOMICILIO,Consultas,CONSULTAS,5036,,,,
La Palma,ES707,2016,2016,Medicina Familia y Comunitaria - Atención primaria (AP),FAMILIA_COMUNITARIA_AP,Teleconsulta,TELECONSULTA,Consultas,CONSULTAS,,Valor no disponible; el dato no existe,M,,
La Palma,ES707,2016,2016,Medicina Familia y Comunitaria - Atención primaria (AP),FAMILIA_COMUNITARIA_AP,Total,_T,Consultas,CONSULTAS,354023,,,,
La Palma,ES707,2016,2016,Medicina Familia y Comunitaria - Atención primaria (AP),FAMILIA_COMUNITARIA_AP,Centro,CENTRO,Consultas,CONSULTAS,348987,,,,
El Hierro,ES703,2016,2016,Medicina Familia y Comunitaria - Atención primaria (AP),FAMILIA_COMUNITARIA_AP,Domicilio,DOMICILIO,Consultas,CONSULTAS,1574,,,,
El Hierro,ES703,2016,2016,Medicina Familia y Comunitaria - Atención primaria (AP),FAMILIA_COMUNITARIA_AP,Teleconsulta,TELECONSULTA,Consultas,CONSULTAS,,Valor no disponible; el dato no existe,M,,
El Hierro,ES703,2016,2016,Medicina Familia y Comunitaria - Atención primaria (AP),FAMILIA_COMUNITARIA_AP,Total,_T,Consultas,CONSULTAS,49877,,,,
El Hierro,ES703,2016,2016,Medicina Familia y Comunitaria - Atención primaria (AP),FAMILIA_COMUNITARIA_AP,Centro,CENTRO,Consultas,CONSULTAS,48303,,,,
Canarias,ES70,2017,2017,Enfermería - Atención primaria (AP),ENFERMERIA_AP,Domicilio,DOMICILIO,Consultas,CONSULTAS,304247,,,,
Canarias,ES70,2017,2017,Enfermería - Atención primaria (AP),ENFERMERIA_AP,Teleconsulta,TELECONSULTA,Consultas,CONSULTAS,,Valor no disponible; el dato no existe,M,,
Canarias,ES70,2017,2017,Enfermería - Atención primaria (AP),ENFERMERIA_AP,Total,_T,Consultas,CONSULTAS,4639579,,,,
Canarias,ES70,2017,2017,Enfermería - Atención primaria (AP),ENFERMERIA_AP,Centro,CENTRO,Consultas,CONSULTAS,4335332,,,,
Lanzarote,ES708,2017,2017,Enfermería - Atención primaria (AP),ENFERMERIA_AP,Domicilio,DOMICILIO,Consultas,CONSULTAS,15177,,,,
Lanzarote,ES708,2017,2017,Enfermería - Atención primaria (AP),ENFERMERIA_AP,Teleconsulta,TELECONSULTA,Consultas,CONSULTAS,,Valor no disponible; el dato no existe,M,,
Lanzarote,ES708,2017,2017,Enfermería - Atención primaria (AP),ENFERMERIA_AP,Total,_T,Consultas,CONSULTAS,477801,,,,
Lanzarote,ES708,2017,2017,Enfermería - Atención primaria (AP),ENFERMERIA_AP,Centro,CENTRO,Consultas,CONSULTAS,462624,,,,
Fuerteventura,ES704,2017,2017,Enfermería - Atención primaria (AP),ENFERMERIA_AP,Domicilio,DOMICILIO,Consultas,CONSULTAS,12266,,,,
Fuerteventura,ES704,2017,2017,Enfermería - Atención primaria (AP),ENFERMERIA_AP,Teleconsulta,TELECONSULTA,Consultas,CONSULTAS,,Valor no disponible; el dato no existe,M,,
Fuerteventura,ES704,2017,2017,Enfermería - Atención primaria (AP),ENFERMERIA_AP,Total,_T,Consultas,CONSULTAS,211082,,,,
Fuerteventura,ES704,2017,2017,Enfermería - Atención primaria (AP),ENFERMERIA_AP,Centro,CENTRO,Consultas,CONSULTAS,198816,,,,
Gran Canaria,ES705,2017,2017,Enfermería - Atención primaria (AP),ENFERMERIA_AP,Domicilio,DOMICILIO,Consultas,CONSULTAS,153805,,,,
Gran Canaria,ES705,2017,2017,Enfermería - Atención primaria (AP),ENFERMERIA_AP,Teleconsulta,TELECONSULTA,Consultas,CONSULTAS,,Valor no disponible; el dato no existe,M,,
Gran Canaria,ES705,2017,2017,Enfermería - Atención primaria (AP),ENFERMERIA_AP,Total,_T,Consultas,CONSULTAS,1715081,,,,
Gran Canaria,ES705,2017,2017,Enfermería - Atención primaria (AP),ENFERMERIA_AP,Centro,CENTRO,Consultas,CONSULTAS,1561276,,,,
Tenerife,ES709,2017,2017,Enfermería - Atención primaria (AP),ENFERMERIA_AP,Domicilio,DOMICILIO,Consultas,CONSULTAS,92278,,,,
Tenerife,ES709,2017,2017,Enfermería - Atención primaria (AP),ENFERMERIA_AP,Teleconsulta,TELECONSULTA,Consultas,CONSULTAS,,Valor no disponible; el dato no existe,M,,
Tenerife,ES709,2017,2017,Enfermería - Atención primaria (AP),ENFERMERIA_AP,Total,_T,Consultas,CONSULTAS,1890449,,,,
Tenerife,ES709,2017,2017,Enfermería - Atención primaria (AP),ENFERMERIA_AP,Centro,CENTRO,Consultas,CONSULTAS,1798171,,,,
La Gomera,ES706,2017,2017,Enfermería - Atención primaria (AP),ENFERMERIA_AP,Domicilio,DOMICILIO,Consultas,CONSULTAS,5879,,,,
La Gomera,ES706,2017,2017,Enfermería - Atención primaria (AP),ENFERMERIA_AP,Teleconsulta,TELECONSULTA,Consultas,CONSULTAS,,Valor no disponible; el dato no existe,M,,
La Gomera,ES706,2017,2017,Enfermería - Atención primaria (AP),ENFERMERIA_AP,Total,_T,Consultas,CONSULTAS,66431,,,,
La Gomera,ES706,2017,2017,Enfermería - Atención primaria (AP),ENFERMERIA_AP,Centro,CENTRO,Consultas,CONSULTAS,60552,,,,
La Palma,ES707,2017,2017,Enfermería - Atención primaria (AP),ENFERMERIA_AP,Domicilio,DOMICILIO,Consultas,CONSULTAS,20741,,,,
La Palma,ES707,2017,2017,Enfermería - Atención primaria (AP),ENFERMERIA_AP,Teleconsulta,TELECONSULTA,Consultas,CONSULTAS,,Valor no disponible; el dato no existe,M,,
La Palma,ES707,2017,2017,Enfermería - Atención primaria (AP),ENFERMERIA_AP,Total,_T,Consultas,CONSULTAS,247725,,,,
La Palma,ES707,2017,2017,Enfermería - Atención primaria (AP),ENFERMERIA_AP,Centro,CENTRO,Consultas,CONSULTAS,226984,,,,
El Hierro,ES703,2017,2017,Enfermería - Atención primaria (AP),ENFERMERIA_AP,Domicilio,DOMICILIO,Consultas,CONSULTAS,4101,,,,
El Hierro,ES703,2017,2017,Enfermería - Atención primaria (AP),ENFERMERIA_AP,Teleconsulta,TELECONSULTA,Consultas,CONSULTAS,,Valor no disponible; el dato no existe,M,,
El Hierro,ES703,2017,2017,Enfermería - Atención primaria (AP),ENFERMERIA_AP,Total,_T,Consultas,CONSULTAS,31010,,,,
El Hierro,ES703,2017,2017,Enfermería - Atención primaria (AP),ENFERMERIA_AP,Centro,CENTRO,Consultas,CONSULTAS,26909,,,,
Canarias,ES70,2017,2017,Pediatría - Atención primaria (AP),PEDIATRIA_AP,Domicilio,DOMICILIO,Consultas,CONSULTAS,431,,,,
Canarias,ES70,2017,2017,Pediatría - Atención primaria (AP),PEDIATRIA_AP,Teleconsulta,TELECONSULTA,Consultas,CONSULTAS,,Valor no disponible; el dato no existe,M,,
Canarias,ES70,2017,2017,Pediatría - Atención primaria (AP),PEDIATRIA_AP,Total,_T,Consultas,CONSULTAS,1523840,,,,
Canarias,ES70,2017,2017,Pediatría - Atención primaria (AP),PEDIATRIA_AP,Centro,CENTRO,Consultas,CONSULTAS,1523409,,,,
Lanzarote,ES708,2017,2017,Pediatría - Atención primaria (AP),PEDIATRIA_AP,Domicilio,DOMICILIO,Consultas,CONSULTAS,20,,,,
Lanzarote,ES708,2017,2017,Pediatría - Atención primaria (AP),PEDIATRIA_AP,Teleconsulta,TELECONSULTA,Consultas,CONSULTAS,,Valor no disponible; el dato no existe,M,,
Lanzarote,ES708,2017,2017,Pediatría - Atención primaria (AP),PEDIATRIA_AP,Total,_T,Consultas,CONSULTAS,123638,,,,
Lanzarote,ES708,2017,2017,Pediatría - Atención primaria (AP),PEDIATRIA_AP,Centro,CENTRO,Consultas,CONSULTAS,123618,,,,
Fuerteventura,ES704,2017,2017,Pediatría - Atención primaria (AP),PEDIATRIA_AP,Domicilio,DOMICILIO,Consultas,CONSULTAS,11,,,,
Fuerteventura,ES704,2017,2017,Pediatría - Atención primaria (AP),PEDIATRIA_AP,Teleconsulta,TELECONSULTA,Consultas,CONSULTAS,,Valor no disponible; el dato no existe,M,,
Fuerteventura,ES704,2017,2017,Pediatría - Atención primaria (AP),PEDIATRIA_AP,Total,_T,Consultas,CONSULTAS,70787,,,,
Fuerteventura,ES704,2017,2017,Pediatría - Atención primaria (AP),PEDIATRIA_AP,Centro,CENTRO,Consultas,CONSULTAS,70776,,,,
Gran Canaria,ES705,2017,2017,Pediatría - Atención primaria (AP),PEDIATRIA_AP,Domicilio,DOMICILIO,Consultas,CONSULTAS,109,,,,
Gran Canaria,ES705,2017,2017,Pediatría - Atención primaria (AP),PEDIATRIA_AP,Teleconsulta,TELECONSULTA,Consultas,CONSULTAS,,Valor no disponible; el dato no existe,M,,
Gran Canaria,ES705,2017,2017,Pediatría - Atención primaria (AP),PEDIATRIA_AP,Total,_T,Consultas,CONSULTAS,532174,,,,
Gran Canaria,ES705,2017,2017,Pediatría - Atención primaria (AP),PEDIATRIA_AP,Centro,CENTRO,Consultas,CONSULTAS,532065,,,,
Tenerife,ES709,2017,2017,Pediatría - Atención primaria (AP),PEDIATRIA_AP,Domicilio,DOMICILIO,Consultas,CONSULTAS,261,,,,
Tenerife,ES709,2017,2017,Pediatría - Atención primaria (AP),PEDIATRIA_AP,Teleconsulta,TELECONSULTA,Consultas,CONSULTAS,,Valor no disponible; el dato no existe,M,,
Tenerife,ES709,2017,2017,Pediatría - Atención primaria (AP),PEDIATRIA_AP,Total,_T,Consultas,CONSULTAS,728578,,,,
Tenerife,ES709,2017,2017,Pediatría - Atención primaria (AP),PEDIATRIA_AP,Centro,CENTRO,Consultas,CONSULTAS,728317,,,,
La Gomera,ES706,2017,2017,Pediatría - Atención primaria (AP),PEDIATRIA_AP,Domicilio,DOMICILIO,Consultas,CONSULTAS,2,,,,
La Gomera,ES706,2017,2017,Pediatría - Atención primaria (AP),PEDIATRIA_AP,Teleconsulta,TELECONSULTA,Consultas,CONSULTAS,,Valor no disponible; el dato no existe,M,,
La Gomera,ES706,2017,2017,Pediatría - Atención primaria (AP),PEDIATRIA_AP,Total,_T,Consultas,CONSULTAS,4819,,,,
La Gomera,ES706,2017,2017,Pediatría - Atención primaria (AP),PEDIATRIA_AP,Centro,CENTRO,Consultas,CONSULTAS,4817,,,,
La Palma,ES707,2017,2017,Pediatría - Atención primaria (AP),PEDIATRIA_AP,Domicilio,DOMICILIO,Consultas,CONSULTAS,28,,,,
La Palma,ES707,2017,2017,Pediatría - Atención primaria (AP),PEDIATRIA_AP,Teleconsulta,TELECONSULTA,Consultas,CONSULTAS,,Valor no disponible; el dato no existe,M,,
La Palma,ES707,2017,2017,Pediatría - Atención primaria (AP),PEDIATRIA_AP,Total,_T,Consultas,CONSULTAS,57117,,,,
La Palma,ES707,2017,2017,Pediatría - Atención primaria (AP),PEDIATRIA_AP,Centro,CENTRO,Consultas,CONSULTAS,57089,,,,
El Hierro,ES703,2017,2017,Pediatría - Atención primaria (AP),PEDIATRIA_AP,Domicilio,DOMICILIO,Consultas,CONSULTAS,0,,,,
El Hierro,ES703,2017,2017,Pediatría - Atención primaria (AP),PEDIATRIA_AP,Teleconsulta,TELECONSULTA,Consultas,CONSULTAS,,Valor no disponible; el dato no existe,M,,
El Hierro,ES703,2017,2017,Pediatría - Atención primaria (AP),PEDIATRIA_AP,Total,_T,Consultas,CONSULTAS,6727,,,,
El Hierro,ES703,2017,2017,Pediatría - Atención primaria (AP),PEDIATRIA_AP,Centro,CENTRO,Consultas,CONSULTAS,6727,,,,
Canarias,ES70,2017,2017,Medicina Familia y Comunitaria - Atención primaria (AP),FAMILIA_COMUNITARIA_AP,Domicilio,DOMICILIO,Consultas,CONSULTAS,66786,,,,
Canarias,ES70,2017,2017,Medicina Familia y Comunitaria - Atención primaria (AP),FAMILIA_COMUNITARIA_AP,Teleconsulta,TELECONSULTA,Consultas,CONSULTAS,,Valor no disponible; el dato no existe,M,,
Canarias,ES70,2017,2017,Medicina Familia y Comunitaria - Atención primaria (AP),FAMILIA_COMUNITARIA_AP,Total,_T,Consultas,CONSULTAS,8480240,,,,
Canarias,ES70,2017,2017,Medicina Familia y Comunitaria - Atención primaria (AP),FAMILIA_COMUNITARIA_AP,Centro,CENTRO,Consultas,CONSULTAS,8413454,,,,
Lanzarote,ES708,2017,2017,Medicina Familia y Comunitaria - Atención primaria (AP),FAMILIA_COMUNITARIA_AP,Domicilio,DOMICILIO,Consultas,CONSULTAS,2768,,,,
Lanzarote,ES708,2017,2017,Medicina Familia y Comunitaria - Atención primaria (AP),FAMILIA_COMUNITARIA_AP,Teleconsulta,TELECONSULTA,Consultas,CONSULTAS,,Valor no disponible; el dato no existe,M,,
Lanzarote,ES708,2017,2017,Medicina Familia y Comunitaria - Atención primaria (AP),FAMILIA_COMUNITARIA_AP,Total,_T,Consultas,CONSULTAS,567366,,,,
Lanzarote,ES708,2017,2017,Medicina Familia y Comunitaria - Atención primaria (AP),FAMILIA_COMUNITARIA_AP,Centro,CENTRO,Consultas,CONSULTAS,564598,,,,
Fuerteventura,ES704,2017,2017,Medicina Familia y Comunitaria - Atención primaria (AP),FAMILIA_COMUNITARIA_AP,Domicilio,DOMICILIO,Consultas,CONSULTAS,1555,,,,
Fuerteventura,ES704,2017,2017,Medicina Familia y Comunitaria - Atención primaria (AP),FAMILIA_COMUNITARIA_AP,Teleconsulta,TELECONSULTA,Consultas,CONSULTAS,,Valor no disponible; el dato no existe,M,,
Fuerteventura,ES704,2017,2017,Medicina Familia y Comunitaria - Atención primaria (AP),FAMILIA_COMUNITARIA_AP,Total,_T,Consultas,CONSULTAS,348846,,,,
Fuerteventura,ES704,2017,2017,Medicina Familia y Comunitaria - Atención primaria (AP),FAMILIA_COMUNITARIA_AP,Centro,CENTRO,Consultas,CONSULTAS,347291,,,,
Gran Canaria,ES705,2017,2017,Medicina Familia y Comunitaria - Atención primaria (AP),FAMILIA_COMUNITARIA_AP,Domicilio,DOMICILIO,Consultas,CONSULTAS,21179,,,,
Gran Canaria,ES705,2017,2017,Medicina Familia y Comunitaria - Atención primaria (AP),FAMILIA_COMUNITARIA_AP,Teleconsulta,TELECONSULTA,Consultas,CONSULTAS,,Valor no disponible; el dato no existe,M,,
Gran Canaria,ES705,2017,2017,Medicina Familia y Comunitaria - Atención primaria (AP),FAMILIA_COMUNITARIA_AP,Total,_T,Consultas,CONSULTAS,3619117,,,,
Gran Canaria,ES705,2017,2017,Medicina Familia y Comunitaria - Atención primaria (AP),FAMILIA_COMUNITARIA_AP,Centro,CENTRO,Consultas,CONSULTAS,3597938,,,,
Tenerife,ES709,2017,2017,Medicina Familia y Comunitaria - Atención primaria (AP),FAMILIA_COMUNITARIA_AP,Domicilio,DOMICILIO,Consultas,CONSULTAS,31751,,,,
Tenerife,ES709,2017,2017,Medicina Familia y Comunitaria - Atención primaria (AP),FAMILIA_COMUNITARIA_AP,Teleconsulta,TELECONSULTA,Consultas,CONSULTAS,,Valor no disponible; el dato no existe,M,,
Tenerife,ES709,2017,2017,Medicina Familia y Comunitaria - Atención primaria (AP),FAMILIA_COMUNITARIA_AP,Total,_T,Consultas,CONSULTAS,3467688,,,,
Tenerife,ES709,2017,2017,Medicina Familia y Comunitaria - Atención primaria (AP),FAMILIA_COMUNITARIA_AP,Centro,CENTRO,Consultas,CONSULTAS,3435937,,,,
La Gomera,ES706,2017,2017,Medicina Familia y Comunitaria - Atención primaria (AP),FAMILIA_COMUNITARIA_AP,Domicilio,DOMICILIO,Consultas,CONSULTAS,2372,,,,
La Gomera,ES706,2017,2017,Medicina Familia y Comunitaria - Atención primaria (AP),FAMILIA_COMUNITARIA_AP,Teleconsulta,TELECONSULTA,Consultas,CONSULTAS,,Valor no disponible; el dato no existe,M,,
La Gomera,ES706,2017,2017,Medicina Familia y Comunitaria - Atención primaria (AP),FAMILIA_COMUNITARIA_AP,Total,_T,Consultas,CONSULTAS,94696,,,,
La Gomera,ES706,2017,2017,Medicina Familia y Comunitaria - Atención primaria (AP),FAMILIA_COMUNITARIA_AP,Centro,CENTRO,Consultas,CONSULTAS,92324,,,,
La Palma,ES707,2017,2017,Medicina Familia y Comunitaria - Atención primaria (AP),FAMILIA_COMUNITARIA_AP,Domicilio,DOMICILIO,Consultas,CONSULTAS,5575,,,,
La Palma,ES707,2017,2017,Medicina Familia y Comunitaria - Atención primaria (AP),FAMILIA_COMUNITARIA_AP,Teleconsulta,TELECONSULTA,Consultas,CONSULTAS,,Valor no disponible; el dato no existe,M,,
La Palma,ES707,2017,2017,Medicina Familia y Comunitaria - Atención primaria (AP),FAMILIA_COMUNITARIA_AP,Total,_T,Consultas,CONSULTAS,335615,,,,
La Palma,ES707,2017,2017,Medicina Familia y Comunitaria - Atención primaria (AP),FAMILIA_COMUNITARIA_AP,Centro,CENTRO,Consultas,CONSULTAS,330040,,,,
El Hierro,ES703,2017,2017,Medicina Familia y Comunitaria - Atención primaria (AP),FAMILIA_COMUNITARIA_AP,Domicilio,DOMICILIO,Consultas,CONSULTAS,1586,,,,
El Hierro,ES703,2017,2017,Medicina Familia y Comunitaria - Atención primaria (AP),FAMILIA_COMUNITARIA_AP,Teleconsulta,TELECONSULTA,Consultas,CONSULTAS,,Valor no disponible; el dato no existe,M,,
El Hierro,ES703,2017,2017,Medicina Familia y Comunitaria - Atención primaria (AP),FAMILIA_COMUNITARIA_AP,Total,_T,Consultas,CONSULTAS,46912,,,,
El Hierro,ES703,2017,2017,Medicina Familia y Comunitaria - Atención primaria (AP),FAMILIA_COMUNITARIA_AP,Centro,CENTRO,Consultas,CONSULTAS,45326,,,,
Canarias,ES70,2018,2018,Enfermería - Atención primaria (AP),ENFERMERIA_AP,Domicilio,DOMICILIO,Consultas,CONSULTAS,322734,,,,
Canarias,ES70,2018,2018,Enfermería - Atención primaria (AP),ENFERMERIA_AP,Teleconsulta,TELECONSULTA,Consultas,CONSULTAS,,Valor no disponible; el dato no existe,M,,
Canarias,ES70,2018,2018,Enfermería - Atención primaria (AP),ENFERMERIA_AP,Total,_T,Consultas,CONSULTAS,4576383,,,,
Canarias,ES70,2018,2018,Enfermería - Atención primaria (AP),ENFERMERIA_AP,Centro,CENTRO,Consultas,CONSULTAS,4253649,,,,
Lanzarote,ES708,2018,2018,Enfermería - Atención primaria (AP),ENFERMERIA_AP,Domicilio,DOMICILIO,Consultas,CONSULTAS,15865,,,,
Lanzarote,ES708,2018,2018,Enfermería - Atención primaria (AP),ENFERMERIA_AP,Teleconsulta,TELECONSULTA,Consultas,CONSULTAS,,Valor no disponible; el dato no existe,M,,
Lanzarote,ES708,2018,2018,Enfermería - Atención primaria (AP),ENFERMERIA_AP,Total,_T,Consultas,CONSULTAS,453259,,,,
Lanzarote,ES708,2018,2018,Enfermería - Atención primaria (AP),ENFERMERIA_AP,Centro,CENTRO,Consultas,CONSULTAS,437394,,,,
Fuerteventura,ES704,2018,2018,Enfermería - Atención primaria (AP),ENFERMERIA_AP,Domicilio,DOMICILIO,Consultas,CONSULTAS,12877,,,,
Fuerteventura,ES704,2018,2018,Enfermería - Atención primaria (AP),ENFERMERIA_AP,Teleconsulta,TELECONSULTA,Consultas,CONSULTAS,,Valor no disponible; el dato no existe,M,,
Fuerteventura,ES704,2018,2018,Enfermería - Atención primaria (AP),ENFERMERIA_AP,Total,_T,Consultas,CONSULTAS,206726,,,,
Fuerteventura,ES704,2018,2018,Enfermería - Atención primaria (AP),ENFERMERIA_AP,Centro,CENTRO,Consultas,CONSULTAS,193849,,,,
Gran Canaria,ES705,2018,2018,Enfermería - Atención primaria (AP),ENFERMERIA_AP,Domicilio,DOMICILIO,Consultas,CONSULTAS,166432,,,,
Gran Canaria,ES705,2018,2018,Enfermería - Atención primaria (AP),ENFERMERIA_AP,Teleconsulta,TELECONSULTA,Consultas,CONSULTAS,,Valor no disponible; el dato no existe,M,,
Gran Canaria,ES705,2018,2018,Enfermería - Atención primaria (AP),ENFERMERIA_AP,Total,_T,Consultas,CONSULTAS,1674209,,,,
Gran Canaria,ES705,2018,2018,Enfermería - Atención primaria (AP),ENFERMERIA_AP,Centro,CENTRO,Consultas,CONSULTAS,1507777,,,,
Tenerife,ES709,2018,2018,Enfermería - Atención primaria (AP),ENFERMERIA_AP,Domicilio,DOMICILIO,Consultas,CONSULTAS,96967,,,,
Tenerife,ES709,2018,2018,Enfermería - Atención primaria (AP),ENFERMERIA_AP,Teleconsulta,TELECONSULTA,Consultas,CONSULTAS,,Valor no disponible; el dato no existe,M,,
Tenerife,ES709,2018,2018,Enfermería - Atención primaria (AP),ENFERMERIA_AP,Total,_T,Consultas,CONSULTAS,1908091,,,,
Tenerife,ES709,2018,2018,Enfermería - Atención primaria (AP),ENFERMERIA_AP,Centro,CENTRO,Consultas,CONSULTAS,1811124,,,,
La Gomera,ES706,2018,2018,Enfermería - Atención primaria (AP),ENFERMERIA_AP,Domicilio,DOMICILIO,Consultas,CONSULTAS,6157,,,,
La Gomera,ES706,2018,2018,Enfermería - Atención primaria (AP),ENFERMERIA_AP,Teleconsulta,TELECONSULTA,Consultas,CONSULTAS,,Valor no disponible; el dato no existe,M,,
La Gomera,ES706,2018,2018,Enfermería - Atención primaria (AP),ENFERMERIA_AP,Total,_T,Consultas,CONSULTAS,65783,,,,
La Gomera,ES706,2018,2018,Enfermería - Atención primaria (AP),ENFERMERIA_AP,Centro,CENTRO,Consultas,CONSULTAS,59626,,,,
La Palma,ES707,2018,2018,Enfermería - Atención primaria (AP),ENFERMERIA_AP,Domicilio,DOMICILIO,Consultas,CONSULTAS,20577,,,,
La Palma,ES707,2018,2018,Enfermería - Atención primaria (AP),ENFERMERIA_AP,Teleconsulta,TELECONSULTA,Consultas,CONSULTAS,,Valor no disponible; el dato no existe,M,,
La Palma,ES707,2018,2018,Enfermería - Atención primaria (AP),ENFERMERIA_AP,Total,_T,Consultas,CONSULTAS,239729,,,,
La Palma,ES707,2018,2018,Enfermería - Atención primaria (AP),ENFERMERIA_AP,Centro,CENTRO,Consultas,CONSULTAS,219152,,,,
El Hierro,ES703,2018,2018,Enfermería - Atención primaria (AP),ENFERMERIA_AP,Domicilio,DOMICILIO,Consultas,CONSULTAS,3859,,,,
El Hierro,ES703,2018,2018,Enfermería - Atención primaria (AP),ENFERMERIA_AP,Teleconsulta,TELECONSULTA,Consultas,CONSULTAS,,Valor no disponible; el dato no existe,M,,
El Hierro,ES703,2018,2018,Enfermería - Atención primaria (AP),ENFERMERIA_AP,Total,_T,Consultas,CONSULTAS,28586,,,,
El Hierro,ES703,2018,2018,Enfermería - Atención primaria (AP),ENFERMERIA_AP,Centro,CENTRO,Consultas,CONSULTAS,24727,,,,
Canarias,ES70,2018,2018,Pediatría - Atención primaria (AP),PEDIATRIA_AP,Domicilio,DOMICILIO,Consultas,CONSULTAS,367,,,,
Canarias,ES70,2018,2018,Pediatría - Atención primaria (AP),PEDIATRIA_AP,Teleconsulta,TELECONSULTA,Consultas,CONSULTAS,,Valor no disponible; el dato no existe,M,,
Canarias,ES70,2018,2018,Pediatría - Atención primaria (AP),PEDIATRIA_AP,Total,_T,Consultas,CONSULTAS,1450494,,,,
Canarias,ES70,2018,2018,Pediatría - Atención primaria (AP),PEDIATRIA_AP,Centro,CENTRO,Consultas,CONSULTAS,1450127,,,,
Lanzarote,ES708,2018,2018,Pediatría - Atención primaria (AP),PEDIATRIA_AP,Domicilio,DOMICILIO,Consultas,CONSULTAS,20,,,,
Lanzarote,ES708,2018,2018,Pediatría - Atención primaria (AP),PEDIATRIA_AP,Teleconsulta,TELECONSULTA,Consultas,CONSULTAS,,Valor no disponible; el dato no existe,M,,
Lanzarote,ES708,2018,2018,Pediatría - Atención primaria (AP),PEDIATRIA_AP,Total,_T,Consultas,CONSULTAS,117162,,,,
Lanzarote,ES708,2018,2018,Pediatría - Atención primaria (AP),PEDIATRIA_AP,Centro,CENTRO,Consultas,CONSULTAS,117142,,,,
Fuerteventura,ES704,2018,2018,Pediatría - Atención primaria (AP),PEDIATRIA_AP,Domicilio,DOMICILIO,Consultas,CONSULTAS,17,,,,
Fuerteventura,ES704,2018,2018,Pediatría - Atención primaria (AP),PEDIATRIA_AP,Teleconsulta,TELECONSULTA,Consultas,CONSULTAS,,Valor no disponible; el dato no existe,M,,
Fuerteventura,ES704,2018,2018,Pediatría - Atención primaria (AP),PEDIATRIA_AP,Total,_T,Consultas,CONSULTAS,68029,,,,
Fuerteventura,ES704,2018,2018,Pediatría - Atención primaria (AP),PEDIATRIA_AP,Centro,CENTRO,Consultas,CONSULTAS,68012,,,,
Gran Canaria,ES705,2018,2018,Pediatría - Atención primaria (AP),PEDIATRIA_AP,Domicilio,DOMICILIO,Consultas,CONSULTAS,126,,,,
Gran Canaria,ES705,2018,2018,Pediatría - Atención primaria (AP),PEDIATRIA_AP,Teleconsulta,TELECONSULTA,Consultas,CONSULTAS,,Valor no disponible; el dato no existe,M,,
Gran Canaria,ES705,2018,2018,Pediatría - Atención primaria (AP),PEDIATRIA_AP,Total,_T,Consultas,CONSULTAS,500273,,,,
Gran Canaria,ES705,2018,2018,Pediatría - Atención primaria (AP),PEDIATRIA_AP,Centro,CENTRO,Consultas,CONSULTAS,500147,,,,
Tenerife,ES709,2018,2018,Pediatría - Atención primaria (AP),PEDIATRIA_AP,Domicilio,DOMICILIO,Consultas,CONSULTAS,194,,,,
Tenerife,ES709,2018,2018,Pediatría - Atención primaria (AP),PEDIATRIA_AP,Teleconsulta,TELECONSULTA,Consultas,CONSULTAS,,Valor no disponible; el dato no existe,M,,
Tenerife,ES709,2018,2018,Pediatría - Atención primaria (AP),PEDIATRIA_AP,Total,_T,Consultas,CONSULTAS,699393,,,,
Tenerife,ES709,2018,2018,Pediatría - Atención primaria (AP),PEDIATRIA_AP,Centro,CENTRO,Consultas,CONSULTAS,699199,,,,
La Gomera,ES706,2018,2018,Pediatría - Atención primaria (AP),PEDIATRIA_AP,Domicilio,DOMICILIO,Consultas,CONSULTAS,1,,,,
La Gomera,ES706,2018,2018,Pediatría - Atención primaria (AP),PEDIATRIA_AP,Teleconsulta,TELECONSULTA,Consultas,CONSULTAS,,Valor no disponible; el dato no existe,M,,
La Gomera,ES706,2018,2018,Pediatría - Atención primaria (AP),PEDIATRIA_AP,Total,_T,Consultas,CONSULTAS,5345,,,,
La Gomera,ES706,2018,2018,Pediatría - Atención primaria (AP),PEDIATRIA_AP,Centro,CENTRO,Consultas,CONSULTAS,5344,,,,
La Palma,ES707,2018,2018,Pediatría - Atención primaria (AP),PEDIATRIA_AP,Domicilio,DOMICILIO,Consultas,CONSULTAS,6,,,,
La Palma,ES707,2018,2018,Pediatría - Atención primaria (AP),PEDIATRIA_AP,Teleconsulta,TELECONSULTA,Consultas,CONSULTAS,,Valor no disponible; el dato no existe,M,,
La Palma,ES707,2018,2018,Pediatría - Atención primaria (AP),PEDIATRIA_AP,Total,_T,Consultas,CONSULTAS,53758,,,,
La Palma,ES707,2018,2018,Pediatría - Atención primaria (AP),PEDIATRIA_AP,Centro,CENTRO,Consultas,CONSULTAS,53752,,,,
El Hierro,ES703,2018,2018,Pediatría - Atención primaria (AP),PEDIATRIA_AP,Domicilio,DOMICILIO,Consultas,CONSULTAS,3,,,,
El Hierro,ES703,2018,2018,Pediatría - Atención primaria (AP),PEDIATRIA_AP,Teleconsulta,TELECONSULTA,Consultas,CONSULTAS,,Valor no disponible; el dato no existe,M,,
El Hierro,ES703,2018,2018,Pediatría - Atención primaria (AP),PEDIATRIA_AP,Total,_T,Consultas,CONSULTAS,6534,,,,
El Hierro,ES703,2018,2018,Pediatría - Atención primaria (AP),PEDIATRIA_AP,Centro,CENTRO,Consultas,CONSULTAS,6531,,,,
Canarias,ES70,2018,2018,Medicina Familia y Comunitaria - Atención primaria (AP),FAMILIA_COMUNITARIA_AP,Domicilio,DOMICILIO,Consultas,CONSULTAS,66549,,,,
Canarias,ES70,2018,2018,Medicina Familia y Comunitaria - Atención primaria (AP),FAMILIA_COMUNITARIA_AP,Teleconsulta,TELECONSULTA,Consultas,CONSULTAS,,Valor no disponible; el dato no existe,M,,
Canarias,ES70,2018,2018,Medicina Familia y Comunitaria - Atención primaria (AP),FAMILIA_COMUNITARIA_AP,Total,_T,Consultas,CONSULTAS,8370571,,,,
Canarias,ES70,2018,2018,Medicina Familia y Comunitaria - Atención primaria (AP),FAMILIA_COMUNITARIA_AP,Centro,CENTRO,Consultas,CONSULTAS,8304022,,,,
Lanzarote,ES708,2018,2018,Medicina Familia y Comunitaria - Atención primaria (AP),FAMILIA_COMUNITARIA_AP,Domicilio,DOMICILIO,Consultas,CONSULTAS,2658,,,,
Lanzarote,ES708,2018,2018,Medicina Familia y Comunitaria - Atención primaria (AP),FAMILIA_COMUNITARIA_AP,Teleconsulta,TELECONSULTA,Consultas,CONSULTAS,,Valor no disponible; el dato no existe,M,,
Lanzarote,ES708,2018,2018,Medicina Familia y Comunitaria - Atención primaria (AP),FAMILIA_COMUNITARIA_AP,Total,_T,Consultas,CONSULTAS,579083,,,,
Lanzarote,ES708,2018,2018,Medicina Familia y Comunitaria - Atención primaria (AP),FAMILIA_COMUNITARIA_AP,Centro,CENTRO,Consultas,CONSULTAS,576425,,,,
Fuerteventura,ES704,2018,2018,Medicina Familia y Comunitaria - Atención primaria (AP),FAMILIA_COMUNITARIA_AP,Domicilio,DOMICILIO,Consultas,CONSULTAS,1530,,,,
Fuerteventura,ES704,2018,2018,Medicina Familia y Comunitaria - Atención primaria (AP),FAMILIA_COMUNITARIA_AP,Teleconsulta,TELECONSULTA,Consultas,CONSULTAS,,Valor no disponible; el dato no existe,M,,
Fuerteventura,ES704,2018,2018,Medicina Familia y Comunitaria - Atención primaria (AP),FAMILIA_COMUNITARIA_AP,Total,_T,Consultas,CONSULTAS,349900,,,,
Fuerteventura,ES704,2018,2018,Medicina Familia y Comunitaria - Atención primaria (AP),FAMILIA_COMUNITARIA_AP,Centro,CENTRO,Consultas,CONSULTAS,348370,,,,
Gran Canaria,ES705,2018,2018,Medicina Familia y Comunitaria - Atención primaria (AP),FAMILIA_COMUNITARIA_AP,Domicilio,DOMICILIO,Consultas,CONSULTAS,20258,,,,
Gran Canaria,ES705,2018,2018,Medicina Familia y Comunitaria - Atención primaria (AP),FAMILIA_COMUNITARIA_AP,Teleconsulta,TELECONSULTA,Consultas,CONSULTAS,,Valor no disponible; el dato no existe,M,,
Gran Canaria,ES705,2018,2018,Medicina Familia y Comunitaria - Atención primaria (AP),FAMILIA_COMUNITARIA_AP,Total,_T,Consultas,CONSULTAS,3527466,,,,
Gran Canaria,ES705,2018,2018,Medicina Familia y Comunitaria - Atención primaria (AP),FAMILIA_COMUNITARIA_AP,Centro,CENTRO,Consultas,CONSULTAS,3507208,,,,
Tenerife,ES709,2018,2018,Medicina Familia y Comunitaria - Atención primaria (AP),FAMILIA_COMUNITARIA_AP,Domicilio,DOMICILIO,Consultas,CONSULTAS,32777,,,,
Tenerife,ES709,2018,2018,Medicina Familia y Comunitaria - Atención primaria (AP),FAMILIA_COMUNITARIA_AP,Teleconsulta,TELECONSULTA,Consultas,CONSULTAS,,Valor no disponible; el dato no existe,M,,
Tenerife,ES709,2018,2018,Medicina Familia y Comunitaria - Atención primaria (AP),FAMILIA_COMUNITARIA_AP,Total,_T,Consultas,CONSULTAS,3444649,,,,
Tenerife,ES709,2018,2018,Medicina Familia y Comunitaria - Atención primaria (AP),FAMILIA_COMUNITARIA_AP,Centro,CENTRO,Consultas,CONSULTAS,3411872,,,,
La Gomera,ES706,2018,2018,Medicina Familia y Comunitaria - Atención primaria (AP),FAMILIA_COMUNITARIA_AP,Domicilio,DOMICILIO,Consultas,CONSULTAS,2615,,,,
La Gomera,ES706,2018,2018,Medicina Familia y Comunitaria - Atención primaria (AP),FAMILIA_COMUNITARIA_AP,Teleconsulta,TELECONSULTA,Consultas,CONSULTAS,,Valor no disponible; el dato no existe,M,,
La Gomera,ES706,2018,2018,Medicina Familia y Comunitaria - Atención primaria (AP),FAMILIA_COMUNITARIA_AP,Total,_T,Consultas,CONSULTAS,96997,,,,
La Gomera,ES706,2018,2018,Medicina Familia y Comunitaria - Atención primaria (AP),FAMILIA_COMUNITARIA_AP,Centro,CENTRO,Consultas,CONSULTAS,94382,,,,
La Palma,ES707,2018,2018,Medicina Familia y Comunitaria - Atención primaria (AP),FAMILIA_COMUNITARIA_AP,Domicilio,DOMICILIO,Consultas,CONSULTAS,5101,,,,
La Palma,ES707,2018,2018,Medicina Familia y Comunitaria - Atención primaria (AP),FAMILIA_COMUNITARIA_AP,Teleconsulta,TELECONSULTA,Consultas,CONSULTAS,,Valor no disponible; el dato no existe,M,,
La Palma,ES707,2018,2018,Medicina Familia y Comunitaria - Atención primaria (AP),FAMILIA_COMUNITARIA_AP,Total,_T,Consultas,CONSULTAS,326721,,,,
La Palma,ES707,2018,2018,Medicina Familia y Comunitaria - Atención primaria (AP),FAMILIA_COMUNITARIA_AP,Centro,CENTRO,Consultas,CONSULTAS,321620,,,,
El Hierro,ES703,2018,2018,Medicina Familia y Comunitaria - Atención primaria (AP),FAMILIA_COMUNITARIA_AP,Domicilio,DOMICILIO,Consultas,CONSULTAS,1610,,,,
El Hierro,ES703,2018,2018,Medicina Familia y Comunitaria - Atención primaria (AP),FAMILIA_COMUNITARIA_AP,Teleconsulta,TELECONSULTA,Consultas,CONSULTAS,,Valor no disponible; el dato no existe,M,,
El Hierro,ES703,2018,2018,Medicina Familia y Comunitaria - Atención primaria (AP),FAMILIA_COMUNITARIA_AP,Total,_T,Consultas,CONSULTAS,45755,,,,
El Hierro,ES703,2018,2018,Medicina Familia y Comunitaria - Atención primaria (AP),FAMILIA_COMUNITARIA_AP,Centro,CENTRO,Consultas,CONSULTAS,44145,,,,
Canarias,ES70,2019,2019,Enfermería - Atención primaria (AP),ENFERMERIA_AP,Domicilio,DOMICILIO,Consultas,CONSULTAS,328143,,,,
Canarias,ES70,2019,2019,Enfermería - Atención primaria (AP),ENFERMERIA_AP,Teleconsulta,TELECONSULTA,Consultas,CONSULTAS,808,,,,
Canarias,ES70,2019,2019,Enfermería - Atención primaria (AP),ENFERMERIA_AP,Total,_T,Consultas,CONSULTAS,4635061,,,,
Canarias,ES70,2019,2019,Enfermería - Atención primaria (AP),ENFERMERIA_AP,Centro,CENTRO,Consultas,CONSULTAS,4306110,,,,
Lanzarote,ES708,2019,2019,Enfermería - Atención primaria (AP),ENFERMERIA_AP,Domicilio,DOMICILIO,Consultas,CONSULTAS,16063,,,,
Lanzarote,ES708,2019,2019,Enfermería - Atención primaria (AP),ENFERMERIA_AP,Teleconsulta,TELECONSULTA,Consultas,CONSULTAS,0,,,,
Lanzarote,ES708,2019,2019,Enfermería - Atención primaria (AP),ENFERMERIA_AP,Total,_T,Consultas,CONSULTAS,440461,,,,
Lanzarote,ES708,2019,2019,Enfermería - Atención primaria (AP),ENFERMERIA_AP,Centro,CENTRO,Consultas,CONSULTAS,424398,,,,
Fuerteventura,ES704,2019,2019,Enfermería - Atención primaria (AP),ENFERMERIA_AP,Domicilio,DOMICILIO,Consultas,CONSULTAS,13524,,,,
Fuerteventura,ES704,2019,2019,Enfermería - Atención primaria (AP),ENFERMERIA_AP,Teleconsulta,TELECONSULTA,Consultas,CONSULTAS,0,,,,
Fuerteventura,ES704,2019,2019,Enfermería - Atención primaria (AP),ENFERMERIA_AP,Total,_T,Consultas,CONSULTAS,206642,,,,
Fuerteventura,ES704,2019,2019,Enfermería - Atención primaria (AP),ENFERMERIA_AP,Centro,CENTRO,Consultas,CONSULTAS,193118,,,,
Gran Canaria,ES705,2019,2019,Enfermería - Atención primaria (AP),ENFERMERIA_AP,Domicilio,DOMICILIO,Consultas,CONSULTAS,161425,,,,
Gran Canaria,ES705,2019,2019,Enfermería - Atención primaria (AP),ENFERMERIA_AP,Teleconsulta,TELECONSULTA,Consultas,CONSULTAS,25,,,,
Gran Canaria,ES705,2019,2019,Enfermería - Atención primaria (AP),ENFERMERIA_AP,Total,_T,Consultas,CONSULTAS,1676293,,,,
Gran Canaria,ES705,2019,2019,Enfermería - Atención primaria (AP),ENFERMERIA_AP,Centro,CENTRO,Consultas,CONSULTAS,1514843,,,,
Tenerife,ES709,2019,2019,Enfermería - Atención primaria (AP),ENFERMERIA_AP,Domicilio,DOMICILIO,Consultas,CONSULTAS,104168,,,,
Tenerife,ES709,2019,2019,Enfermería - Atención primaria (AP),ENFERMERIA_AP,Teleconsulta,TELECONSULTA,Consultas,CONSULTAS,739,,,,
Tenerife,ES709,2019,2019,Enfermería - Atención primaria (AP),ENFERMERIA_AP,Total,_T,Consultas,CONSULTAS,1978911,,,,
Tenerife,ES709,2019,2019,Enfermería - Atención primaria (AP),ENFERMERIA_AP,Centro,CENTRO,Consultas,CONSULTAS,1874004,,,,
La Gomera,ES706,2019,2019,Enfermería - Atención primaria (AP),ENFERMERIA_AP,Domicilio,DOMICILIO,Consultas,CONSULTAS,6942,,,,
La Gomera,ES706,2019,2019,Enfermería - Atención primaria (AP),ENFERMERIA_AP,Teleconsulta,TELECONSULTA,Consultas,CONSULTAS,37,,,,
La Gomera,ES706,2019,2019,Enfermería - Atención primaria (AP),ENFERMERIA_AP,Total,_T,Consultas,CONSULTAS,65267,,,,
La Gomera,ES706,2019,2019,Enfermería - Atención primaria (AP),ENFERMERIA_AP,Centro,CENTRO,Consultas,CONSULTAS,58288,,,,
La Palma,ES707,2019,2019,Enfermería - Atención primaria (AP),ENFERMERIA_AP,Domicilio,DOMICILIO,Consultas,CONSULTAS,22287,,,,
La Palma,ES707,2019,2019,Enfermería - Atención primaria (AP),ENFERMERIA_AP,Teleconsulta,TELECONSULTA,Consultas,CONSULTAS,7,,,,
La Palma,ES707,2019,2019,Enfermería - Atención primaria (AP),ENFERMERIA_AP,Total,_T,Consultas,CONSULTAS,238639,,,,
La Palma,ES707,2019,2019,Enfermería - Atención primaria (AP),ENFERMERIA_AP,Centro,CENTRO,Consultas,CONSULTAS,216345,,,,
El Hierro,ES703,2019,2019,Enfermería - Atención primaria (AP),ENFERMERIA_AP,Domicilio,DOMICILIO,Consultas,CONSULTAS,3734,,,,
El Hierro,ES703,2019,2019,Enfermería - Atención primaria (AP),ENFERMERIA_AP,Teleconsulta,TELECONSULTA,Consultas,CONSULTAS,0,,,,
El Hierro,ES703,2019,2019,Enfermería - Atención primaria (AP),ENFERMERIA_AP,Total,_T,Consultas,CONSULTAS,28848,,,,
El Hierro,ES703,2019,2019,Enfermería - Atención primaria (AP),ENFERMERIA_AP,Centro,CENTRO,Consultas,CONSULTAS,25114,,,,
Canarias,ES70,2019,2019,Pediatría - Atención primaria (AP),PEDIATRIA_AP,Domicilio,DOMICILIO,Consultas,CONSULTAS,343,,,,
Canarias,ES70,2019,2019,Pediatría - Atención primaria (AP),PEDIATRIA_AP,Teleconsulta,TELECONSULTA,Consultas,CONSULTAS,49364,,,,
Canarias,ES70,2019,2019,Pediatría - Atención primaria (AP),PEDIATRIA_AP,Total,_T,Consultas,CONSULTAS,1450911,,,,
Canarias,ES70,2019,2019,Pediatría - Atención primaria (AP),PEDIATRIA_AP,Centro,CENTRO,Consultas,CONSULTAS,1401204,,,,
Lanzarote,ES708,2019,2019,Pediatría - Atención primaria (AP),PEDIATRIA_AP,Domicilio,DOMICILIO,Consultas,CONSULTAS,13,,,,
Lanzarote,ES708,2019,2019,Pediatría - Atención primaria (AP),PEDIATRIA_AP,Teleconsulta,TELECONSULTA,Consultas,CONSULTAS,1412,,,,
Lanzarote,ES708,2019,2019,Pediatría - Atención primaria (AP),PEDIATRIA_AP,Total,_T,Consultas,CONSULTAS,113890,,,,
Lanzarote,ES708,2019,2019,Pediatría - Atención primaria (AP),PEDIATRIA_AP,Centro,CENTRO,Consultas,CONSULTAS,112465,,,,
Fuerteventura,ES704,2019,2019,Pediatría - Atención primaria (AP),PEDIATRIA_AP,Domicilio,DOMICILIO,Consultas,CONSULTAS,18,,,,
Fuerteventura,ES704,2019,2019,Pediatría - Atención primaria (AP),PEDIATRIA_AP,Teleconsulta,TELECONSULTA,Consultas,CONSULTAS,1083,,,,
Fuerteventura,ES704,2019,2019,Pediatría - Atención primaria (AP),PEDIATRIA_AP,Total,_T,Consultas,CONSULTAS,67193,,,,
Fuerteventura,ES704,2019,2019,Pediatría - Atención primaria (AP),PEDIATRIA_AP,Centro,CENTRO,Consultas,CONSULTAS,66092,,,,
Gran Canaria,ES705,2019,2019,Pediatría - Atención primaria (AP),PEDIATRIA_AP,Domicilio,DOMICILIO,Consultas,CONSULTAS,111,,,,
Gran Canaria,ES705,2019,2019,Pediatría - Atención primaria (AP),PEDIATRIA_AP,Teleconsulta,TELECONSULTA,Consultas,CONSULTAS,22627,,,,
Gran Canaria,ES705,2019,2019,Pediatría - Atención primaria (AP),PEDIATRIA_AP,Total,_T,Consultas,CONSULTAS,496004,,,,
Gran Canaria,ES705,2019,2019,Pediatría - Atención primaria (AP),PEDIATRIA_AP,Centro,CENTRO,Consultas,CONSULTAS,473266,,,,
Tenerife,ES709,2019,2019,Pediatría - Atención primaria (AP),PEDIATRIA_AP,Domicilio,DOMICILIO,Consultas,CONSULTAS,188,,,,
Tenerife,ES709,2019,2019,Pediatría - Atención primaria (AP),PEDIATRIA_AP,Teleconsulta,TELECONSULTA,Consultas,CONSULTAS,22283,,,,
Tenerife,ES709,2019,2019,Pediatría - Atención primaria (AP),PEDIATRIA_AP,Total,_T,Consultas,CONSULTAS,707461,,,,
Tenerife,ES709,2019,2019,Pediatría - Atención primaria (AP),PEDIATRIA_AP,Centro,CENTRO,Consultas,CONSULTAS,684990,,,,
La Gomera,ES706,2019,2019,Pediatría - Atención primaria (AP),PEDIATRIA_AP,Domicilio,DOMICILIO,Consultas,CONSULTAS,6,,,,
La Gomera,ES706,2019,2019,Pediatría - Atención primaria (AP),PEDIATRIA_AP,Teleconsulta,TELECONSULTA,Consultas,CONSULTAS,160,,,,
La Gomera,ES706,2019,2019,Pediatría - Atención primaria (AP),PEDIATRIA_AP,Total,_T,Consultas,CONSULTAS,5572,,,,
La Gomera,ES706,2019,2019,Pediatría - Atención primaria (AP),PEDIATRIA_AP,Centro,CENTRO,Consultas,CONSULTAS,5406,,,,
La Palma,ES707,2019,2019,Pediatría - Atención primaria (AP),PEDIATRIA_AP,Domicilio,DOMICILIO,Consultas,CONSULTAS,7,,,,
La Palma,ES707,2019,2019,Pediatría - Atención primaria (AP),PEDIATRIA_AP,Teleconsulta,TELECONSULTA,Consultas,CONSULTAS,1598,,,,
La Palma,ES707,2019,2019,Pediatría - Atención primaria (AP),PEDIATRIA_AP,Total,_T,Consultas,CONSULTAS,54373,,,,
La Palma,ES707,2019,2019,Pediatría - Atención primaria (AP),PEDIATRIA_AP,Centro,CENTRO,Consultas,CONSULTAS,52768,,,,
El Hierro,ES703,2019,2019,Pediatría - Atención primaria (AP),PEDIATRIA_AP,Domicilio,DOMICILIO,Consultas,CONSULTAS,0,,,,
El Hierro,ES703,2019,2019,Pediatría - Atención primaria (AP),PEDIATRIA_AP,Teleconsulta,TELECONSULTA,Consultas,CONSULTAS,201,,,,
El Hierro,ES703,2019,2019,Pediatría - Atención primaria (AP),PEDIATRIA_AP,Total,_T,Consultas,CONSULTAS,6418,,,,
El Hierro,ES703,2019,2019,Pediatría - Atención primaria (AP),PEDIATRIA_AP,Centro,CENTRO,Consultas,CONSULTAS,6217,,,,
Canarias,ES70,2019,2019,Medicina Familia y Comunitaria - Atención primaria (AP),FAMILIA_COMUNITARIA_AP,Domicilio,DOMICILIO,Consultas,CONSULTAS,65433,,,,
Canarias,ES70,2019,2019,Medicina Familia y Comunitaria - Atención primaria (AP),FAMILIA_COMUNITARIA_AP,Teleconsulta,TELECONSULTA,Consultas,CONSULTAS,285955,,,,
Canarias,ES70,2019,2019,Medicina Familia y Comunitaria - Atención primaria (AP),FAMILIA_COMUNITARIA_AP,Total,_T,Consultas,CONSULTAS,8963249,,,,
Canarias,ES70,2019,2019,Medicina Familia y Comunitaria - Atención primaria (AP),FAMILIA_COMUNITARIA_AP,Centro,CENTRO,Consultas,CONSULTAS,8611861,,,,
Lanzarote,ES708,2019,2019,Medicina Familia y Comunitaria - Atención primaria (AP),FAMILIA_COMUNITARIA_AP,Domicilio,DOMICILIO,Consultas,CONSULTAS,2762,,,,
Lanzarote,ES708,2019,2019,Medicina Familia y Comunitaria - Atención primaria (AP),FAMILIA_COMUNITARIA_AP,Teleconsulta,TELECONSULTA,Consultas,CONSULTAS,10903,,,,
Lanzarote,ES708,2019,2019,Medicina Familia y Comunitaria - Atención primaria (AP),FAMILIA_COMUNITARIA_AP,Total,_T,Consultas,CONSULTAS,625954,,,,
Lanzarote,ES708,2019,2019,Medicina Familia y Comunitaria - Atención primaria (AP),FAMILIA_COMUNITARIA_AP,Centro,CENTRO,Consultas,CONSULTAS,612289,,,,
Fuerteventura,ES704,2019,2019,Medicina Familia y Comunitaria - Atención primaria (AP),FAMILIA_COMUNITARIA_AP,Domicilio,DOMICILIO,Consultas,CONSULTAS,1599,,,,
Fuerteventura,ES704,2019,2019,Medicina Familia y Comunitaria - Atención primaria (AP),FAMILIA_COMUNITARIA_AP,Teleconsulta,TELECONSULTA,Consultas,CONSULTAS,5764,,,,
Fuerteventura,ES704,2019,2019,Medicina Familia y Comunitaria - Atención primaria (AP),FAMILIA_COMUNITARIA_AP,Total,_T,Consultas,CONSULTAS,385151,,,,
Fuerteventura,ES704,2019,2019,Medicina Familia y Comunitaria - Atención primaria (AP),FAMILIA_COMUNITARIA_AP,Centro,CENTRO,Consultas,CONSULTAS,377788,,,,
Gran Canaria,ES705,2019,2019,Medicina Familia y Comunitaria - Atención primaria (AP),FAMILIA_COMUNITARIA_AP,Domicilio,DOMICILIO,Consultas,CONSULTAS,19181,,,,
Gran Canaria,ES705,2019,2019,Medicina Familia y Comunitaria - Atención primaria (AP),FAMILIA_COMUNITARIA_AP,Teleconsulta,TELECONSULTA,Consultas,CONSULTAS,129720,,,,
Gran Canaria,ES705,2019,2019,Medicina Familia y Comunitaria - Atención primaria (AP),FAMILIA_COMUNITARIA_AP,Total,_T,Consultas,CONSULTAS,3706476,,,,
Gran Canaria,ES705,2019,2019,Medicina Familia y Comunitaria - Atención primaria (AP),FAMILIA_COMUNITARIA_AP,Centro,CENTRO,Consultas,CONSULTAS,3557575,,,,
Tenerife,ES709,2019,2019,Medicina Familia y Comunitaria - Atención primaria (AP),FAMILIA_COMUNITARIA_AP,Domicilio,DOMICILIO,Consultas,CONSULTAS,33183,,,,
Tenerife,ES709,2019,2019,Medicina Familia y Comunitaria - Atención primaria (AP),FAMILIA_COMUNITARIA_AP,Teleconsulta,TELECONSULTA,Consultas,CONSULTAS,123639,,,,
Tenerife,ES709,2019,2019,Medicina Familia y Comunitaria - Atención primaria (AP),FAMILIA_COMUNITARIA_AP,Total,_T,Consultas,CONSULTAS,3751717,,,,
Tenerife,ES709,2019,2019,Medicina Familia y Comunitaria - Atención primaria (AP),FAMILIA_COMUNITARIA_AP,Centro,CENTRO,Consultas,CONSULTAS,3594895,,,,
La Gomera,ES706,2019,2019,Medicina Familia y Comunitaria - Atención primaria (AP),FAMILIA_COMUNITARIA_AP,Domicilio,DOMICILIO,Consultas,CONSULTAS,2428,,,,
La Gomera,ES706,2019,2019,Medicina Familia y Comunitaria - Atención primaria (AP),FAMILIA_COMUNITARIA_AP,Teleconsulta,TELECONSULTA,Consultas,CONSULTAS,3125,,,,
La Gomera,ES706,2019,2019,Medicina Familia y Comunitaria - Atención primaria (AP),FAMILIA_COMUNITARIA_AP,Total,_T,Consultas,CONSULTAS,99783,,,,
La Gomera,ES706,2019,2019,Medicina Familia y Comunitaria - Atención primaria (AP),FAMILIA_COMUNITARIA_AP,Centro,CENTRO,Consultas,CONSULTAS,94230,,,,
La Palma,ES707,2019,2019,Medicina Familia y Comunitaria - Atención primaria (AP),FAMILIA_COMUNITARIA_AP,Domicilio,DOMICILIO,Consultas,CONSULTAS,4568,,,,
La Palma,ES707,2019,2019,Medicina Familia y Comunitaria - Atención primaria (AP),FAMILIA_COMUNITARIA_AP,Teleconsulta,TELECONSULTA,Consultas,CONSULTAS,10479,,,,
La Palma,ES707,2019,2019,Medicina Familia y Comunitaria - Atención primaria (AP),FAMILIA_COMUNITARIA_AP,Total,_T,Consultas,CONSULTAS,343752,,,,
La Palma,ES707,2019,2019,Medicina Familia y Comunitaria - Atención primaria (AP),FAMILIA_COMUNITARIA_AP,Centro,CENTRO,Consultas,CONSULTAS,328705,,,,
El Hierro,ES703,2019,2019,Medicina Familia y Comunitaria - Atención primaria (AP),FAMILIA_COMUNITARIA_AP,Domicilio,DOMICILIO,Consultas,CONSULTAS,1712,,,,
El Hierro,ES703,2019,2019,Medicina Familia y Comunitaria - Atención primaria (AP),FAMILIA_COMUNITARIA_AP,Teleconsulta,TELECONSULTA,Consultas,CONSULTAS,2325,,,,
El Hierro,ES703,2019,2019,Medicina Familia y Comunitaria - Atención primaria (AP),FAMILIA_COMUNITARIA_AP,Total,_T,Consultas,CONSULTAS,50416,,,,
El Hierro,ES703,2019,2019,Medicina Familia y Comunitaria - Atención primaria (AP),FAMILIA_COMUNITARIA_AP,Centro,CENTRO,Consultas,CONSULTAS,46379,,,,
Canarias,ES70,2020,2020,Enfermería - Atención primaria (AP),ENFERMERIA_AP,Domicilio,DOMICILIO,Consultas,CONSULTAS,381279,,,,
Canarias,ES70,2020,2020,Enfermería - Atención primaria (AP),ENFERMERIA_AP,Teleconsulta,TELECONSULTA,Consultas,CONSULTAS,214851,,,,
Canarias,ES70,2020,2020,Enfermería - Atención primaria (AP),ENFERMERIA_AP,Total,_T,Consultas,CONSULTAS,4041436,,,,
Canarias,ES70,2020,2020,Enfermería - Atención primaria (AP),ENFERMERIA_AP,Centro,CENTRO,Consultas,CONSULTAS,3445306,,,,
Lanzarote,ES708,2020,2020,Enfermería - Atención primaria (AP),ENFERMERIA_AP,Domicilio,DOMICILIO,Consultas,CONSULTAS,12626,,,,
Lanzarote,ES708,2020,2020,Enfermería - Atención primaria (AP),ENFERMERIA_AP,Teleconsulta,TELECONSULTA,Consultas,CONSULTAS,10944,,,,
Lanzarote,ES708,2020,2020,Enfermería - Atención primaria (AP),ENFERMERIA_AP,Total,_T,Consultas,CONSULTAS,295502,,,,
Lanzarote,ES708,2020,2020,Enfermería - Atención primaria (AP),ENFERMERIA_AP,Centro,CENTRO,Consultas,CONSULTAS,271932,,,,
Fuerteventura,ES704,2020,2020,Enfermería - Atención primaria (AP),ENFERMERIA_AP,Domicilio,DOMICILIO,Consultas,CONSULTAS,13515,,,,
Fuerteventura,ES704,2020,2020,Enfermería - Atención primaria (AP),ENFERMERIA_AP,Teleconsulta,TELECONSULTA,Consultas,CONSULTAS,7277,,,,
Fuerteventura,ES704,2020,2020,Enfermería - Atención primaria (AP),ENFERMERIA_AP,Total,_T,Consultas,CONSULTAS,179351,,,,
Fuerteventura,ES704,2020,2020,Enfermería - Atención primaria (AP),ENFERMERIA_AP,Centro,CENTRO,Consultas,CONSULTAS,158559,,,,
Gran Canaria,ES705,2020,2020,Enfermería - Atención primaria (AP),ENFERMERIA_AP,Domicilio,DOMICILIO,Consultas,CONSULTAS,223390,,,,
Gran Canaria,ES705,2020,2020,Enfermería - Atención primaria (AP),ENFERMERIA_AP,Teleconsulta,TELECONSULTA,Consultas,CONSULTAS,62834,,,,
Gran Canaria,ES705,2020,2020,Enfermería - Atención primaria (AP),ENFERMERIA_AP,Total,_T,Consultas,CONSULTAS,1589262,,,,
Gran Canaria,ES705,2020,2020,Enfermería - Atención primaria (AP),ENFERMERIA_AP,Centro,CENTRO,Consultas,CONSULTAS,1303038,,,,
Tenerife,ES709,2020,2020,Enfermería - Atención primaria (AP),ENFERMERIA_AP,Domicilio,DOMICILIO,Consultas,CONSULTAS,100142,,,,
Tenerife,ES709,2020,2020,Enfermería - Atención primaria (AP),ENFERMERIA_AP,Teleconsulta,TELECONSULTA,Consultas,CONSULTAS,128354,,,,
Tenerife,ES709,2020,2020,Enfermería - Atención primaria (AP),ENFERMERIA_AP,Total,_T,Consultas,CONSULTAS,1691081,,,,
Tenerife,ES709,2020,2020,Enfermería - Atención primaria (AP),ENFERMERIA_AP,Centro,CENTRO,Consultas,CONSULTAS,1462585,,,,
La Gomera,ES706,2020,2020,Enfermería - Atención primaria (AP),ENFERMERIA_AP,Domicilio,DOMICILIO,Consultas,CONSULTAS,6772,,,,
La Gomera,ES706,2020,2020,Enfermería - Atención primaria (AP),ENFERMERIA_AP,Teleconsulta,TELECONSULTA,Consultas,CONSULTAS,1978,,,,
La Gomera,ES706,2020,2020,Enfermería - Atención primaria (AP),ENFERMERIA_AP,Total,_T,Consultas,CONSULTAS,60422,,,,
La Gomera,ES706,2020,2020,Enfermería - Atención primaria (AP),ENFERMERIA_AP,Centro,CENTRO,Consultas,CONSULTAS,51672,,,,
La Palma,ES707,2020,2020,Enfermería - Atención primaria (AP),ENFERMERIA_AP,Domicilio,DOMICILIO,Consultas,CONSULTAS,21151,,,,
La Palma,ES707,2020,2020,Enfermería - Atención primaria (AP),ENFERMERIA_AP,Teleconsulta,TELECONSULTA,Consultas,CONSULTAS,2649,,,,
La Palma,ES707,2020,2020,Enfermería - Atención primaria (AP),ENFERMERIA_AP,Total,_T,Consultas,CONSULTAS,198218,,,,
La Palma,ES707,2020,2020,Enfermería - Atención primaria (AP),ENFERMERIA_AP,Centro,CENTRO,Consultas,CONSULTAS,174418,,,,
El Hierro,ES703,2020,2020,Enfermería - Atención primaria (AP),ENFERMERIA_AP,Domicilio,DOMICILIO,Consultas,CONSULTAS,3683,,,,
El Hierro,ES703,2020,2020,Enfermería - Atención primaria (AP),ENFERMERIA_AP,Teleconsulta,TELECONSULTA,Consultas,CONSULTAS,815,,,,
El Hierro,ES703,2020,2020,Enfermería - Atención primaria (AP),ENFERMERIA_AP,Total,_T,Consultas,CONSULTAS,27600,,,,
El Hierro,ES703,2020,2020,Enfermería - Atención primaria (AP),ENFERMERIA_AP,Centro,CENTRO,Consultas,CONSULTAS,23102,,,,
Canarias,ES70,2020,2020,Pediatría - Atención primaria (AP),PEDIATRIA_AP,Domicilio,DOMICILIO,Consultas,CONSULTAS,302,,,,
Canarias,ES70,2020,2020,Pediatría - Atención primaria (AP),PEDIATRIA_AP,Teleconsulta,TELECONSULTA,Consultas,CONSULTAS,480079,,,,
Canarias,ES70,2020,2020,Pediatría - Atención primaria (AP),PEDIATRIA_AP,Total,_T,Consultas,CONSULTAS,1292102,,,,
Canarias,ES70,2020,2020,Pediatría - Atención primaria (AP),PEDIATRIA_AP,Centro,CENTRO,Consultas,CONSULTAS,811721,,,,
Lanzarote,ES708,2020,2020,Pediatría - Atención primaria (AP),PEDIATRIA_AP,Domicilio,DOMICILIO,Consultas,CONSULTAS,8,,,,
Lanzarote,ES708,2020,2020,Pediatría - Atención primaria (AP),PEDIATRIA_AP,Teleconsulta,TELECONSULTA,Consultas,CONSULTAS,22673,,,,
Lanzarote,ES708,2020,2020,Pediatría - Atención primaria (AP),PEDIATRIA_AP,Total,_T,Consultas,CONSULTAS,94026,,,,
Lanzarote,ES708,2020,2020,Pediatría - Atención primaria (AP),PEDIATRIA_AP,Centro,CENTRO,Consultas,CONSULTAS,71345,,,,
Fuerteventura,ES704,2020,2020,Pediatría - Atención primaria (AP),PEDIATRIA_AP,Domicilio,DOMICILIO,Consultas,CONSULTAS,10,,,,
Fuerteventura,ES704,2020,2020,Pediatría - Atención primaria (AP),PEDIATRIA_AP,Teleconsulta,TELECONSULTA,Consultas,CONSULTAS,17290,,,,
Fuerteventura,ES704,2020,2020,Pediatría - Atención primaria (AP),PEDIATRIA_AP,Total,_T,Consultas,CONSULTAS,62969,,,,
Fuerteventura,ES704,2020,2020,Pediatría - Atención primaria (AP),PEDIATRIA_AP,Centro,CENTRO,Consultas,CONSULTAS,45669,,,,
Gran Canaria,ES705,2020,2020,Pediatría - Atención primaria (AP),PEDIATRIA_AP,Domicilio,DOMICILIO,Consultas,CONSULTAS,171,,,,
Gran Canaria,ES705,2020,2020,Pediatría - Atención primaria (AP),PEDIATRIA_AP,Teleconsulta,TELECONSULTA,Consultas,CONSULTAS,189074,,,,
Gran Canaria,ES705,2020,2020,Pediatría - Atención primaria (AP),PEDIATRIA_AP,Total,_T,Consultas,CONSULTAS,447800,,,,
Gran Canaria,ES705,2020,2020,Pediatría - Atención primaria (AP),PEDIATRIA_AP,Centro,CENTRO,Consultas,CONSULTAS,258555,,,,
Tenerife,ES709,2020,2020,Pediatría - Atención primaria (AP),PEDIATRIA_AP,Domicilio,DOMICILIO,Consultas,CONSULTAS,107,,,,
Tenerife,ES709,2020,2020,Pediatría - Atención primaria (AP),PEDIATRIA_AP,Teleconsulta,TELECONSULTA,Consultas,CONSULTAS,237069,,,,
Tenerife,ES709,2020,2020,Pediatría - Atención primaria (AP),PEDIATRIA_AP,Total,_T,Consultas,CONSULTAS,633662,,,,
Tenerife,ES709,2020,2020,Pediatría - Atención primaria (AP),PEDIATRIA_AP,Centro,CENTRO,Consultas,CONSULTAS,396486,,,,
La Gomera,ES706,2020,2020,Pediatría - Atención primaria (AP),PEDIATRIA_AP,Domicilio,DOMICILIO,Consultas,CONSULTAS,2,,,,
La Gomera,ES706,2020,2020,Pediatría - Atención primaria (AP),PEDIATRIA_AP,Teleconsulta,TELECONSULTA,Consultas,CONSULTAS,2141,,,,
La Gomera,ES706,2020,2020,Pediatría - Atención primaria (AP),PEDIATRIA_AP,Total,_T,Consultas,CONSULTAS,5566,,,,
La Gomera,ES706,2020,2020,Pediatría - Atención primaria (AP),PEDIATRIA_AP,Centro,CENTRO,Consultas,CONSULTAS,3423,,,,
La Palma,ES707,2020,2020,Pediatría - Atención primaria (AP),PEDIATRIA_AP,Domicilio,DOMICILIO,Consultas,CONSULTAS,3,,,,
La Palma,ES707,2020,2020,Pediatría - Atención primaria (AP),PEDIATRIA_AP,Teleconsulta,TELECONSULTA,Consultas,CONSULTAS,10934,,,,
La Palma,ES707,2020,2020,Pediatría - Atención primaria (AP),PEDIATRIA_AP,Total,_T,Consultas,CONSULTAS,42725,,,,
La Palma,ES707,2020,2020,Pediatría - Atención primaria (AP),PEDIATRIA_AP,Centro,CENTRO,Consultas,CONSULTAS,31788,,,,
El Hierro,ES703,2020,2020,Pediatría - Atención primaria (AP),PEDIATRIA_AP,Domicilio,DOMICILIO,Consultas,CONSULTAS,1,,,,
El Hierro,ES703,2020,2020,Pediatría - Atención primaria (AP),PEDIATRIA_AP,Teleconsulta,TELECONSULTA,Consultas,CONSULTAS,898,,,,
El Hierro,ES703,2020,2020,Pediatría - Atención primaria (AP),PEDIATRIA_AP,Total,_T,Consultas,CONSULTAS,5354,,,,
El Hierro,ES703,2020,2020,Pediatría - Atención primaria (AP),PEDIATRIA_AP,Centro,CENTRO,Consultas,CONSULTAS,4455,,,,
Canarias,ES70,2020,2020,Medicina Familia y Comunitaria - Atención primaria (AP),FAMILIA_COMUNITARIA_AP,Domicilio,DOMICILIO,Consultas,CONSULTAS,47482,,,,
Canarias,ES70,2020,2020,Medicina Familia y Comunitaria - Atención primaria (AP),FAMILIA_COMUNITARIA_AP,Teleconsulta,TELECONSULTA,Consultas,CONSULTAS,4247665,,,,
Canarias,ES70,2020,2020,Medicina Familia y Comunitaria - Atención primaria (AP),FAMILIA_COMUNITARIA_AP,Total,_T,Consultas,CONSULTAS,9050157,,,,
Canarias,ES70,2020,2020,Medicina Familia y Comunitaria - Atención primaria (AP),FAMILIA_COMUNITARIA_AP,Centro,CENTRO,Consultas,CONSULTAS,4755010,,,,
Lanzarote,ES708,2020,2020,Medicina Familia y Comunitaria - Atención primaria (AP),FAMILIA_COMUNITARIA_AP,Domicilio,DOMICILIO,Consultas,CONSULTAS,1469,,,,
Lanzarote,ES708,2020,2020,Medicina Familia y Comunitaria - Atención primaria (AP),FAMILIA_COMUNITARIA_AP,Teleconsulta,TELECONSULTA,Consultas,CONSULTAS,220777,,,,
Lanzarote,ES708,2020,2020,Medicina Familia y Comunitaria - Atención primaria (AP),FAMILIA_COMUNITARIA_AP,Total,_T,Consultas,CONSULTAS,581267,,,,
Lanzarote,ES708,2020,2020,Medicina Familia y Comunitaria - Atención primaria (AP),FAMILIA_COMUNITARIA_AP,Centro,CENTRO,Consultas,CONSULTAS,359021,,,,
Fuerteventura,ES704,2020,2020,Medicina Familia y Comunitaria - Atención primaria (AP),FAMILIA_COMUNITARIA_AP,Domicilio,DOMICILIO,Consultas,CONSULTAS,1503,,,,
Fuerteventura,ES704,2020,2020,Medicina Familia y Comunitaria - Atención primaria (AP),FAMILIA_COMUNITARIA_AP,Teleconsulta,TELECONSULTA,Consultas,CONSULTAS,135802,,,,
Fuerteventura,ES704,2020,2020,Medicina Familia y Comunitaria - Atención primaria (AP),FAMILIA_COMUNITARIA_AP,Total,_T,Consultas,CONSULTAS,381064,,,,
Fuerteventura,ES704,2020,2020,Medicina Familia y Comunitaria - Atención primaria (AP),FAMILIA_COMUNITARIA_AP,Centro,CENTRO,Consultas,CONSULTAS,243759,,,,
Gran Canaria,ES705,2020,2020,Medicina Familia y Comunitaria - Atención primaria (AP),FAMILIA_COMUNITARIA_AP,Domicilio,DOMICILIO,Consultas,CONSULTAS,14220,,,,
Gran Canaria,ES705,2020,2020,Medicina Familia y Comunitaria - Atención primaria (AP),FAMILIA_COMUNITARIA_AP,Teleconsulta,TELECONSULTA,Consultas,CONSULTAS,1818023,,,,
Gran Canaria,ES705,2020,2020,Medicina Familia y Comunitaria - Atención primaria (AP),FAMILIA_COMUNITARIA_AP,Total,_T,Consultas,CONSULTAS,3729399,,,,
Gran Canaria,ES705,2020,2020,Medicina Familia y Comunitaria - Atención primaria (AP),FAMILIA_COMUNITARIA_AP,Centro,CENTRO,Consultas,CONSULTAS,1897156,,,,
Tenerife,ES709,2020,2020,Medicina Familia y Comunitaria - Atención primaria (AP),FAMILIA_COMUNITARIA_AP,Domicilio,DOMICILIO,Consultas,CONSULTAS,23386,,,,
Tenerife,ES709,2020,2020,Medicina Familia y Comunitaria - Atención primaria (AP),FAMILIA_COMUNITARIA_AP,Teleconsulta,TELECONSULTA,Consultas,CONSULTAS,1917344,,,,
Tenerife,ES709,2020,2020,Medicina Familia y Comunitaria - Atención primaria (AP),FAMILIA_COMUNITARIA_AP,Total,_T,Consultas,CONSULTAS,3889721,,,,
Tenerife,ES709,2020,2020,Medicina Familia y Comunitaria - Atención primaria (AP),FAMILIA_COMUNITARIA_AP,Centro,CENTRO,Consultas,CONSULTAS,1948991,,,,
La Gomera,ES706,2020,2020,Medicina Familia y Comunitaria - Atención primaria (AP),FAMILIA_COMUNITARIA_AP,Domicilio,DOMICILIO,Consultas,CONSULTAS,1479,,,,
La Gomera,ES706,2020,2020,Medicina Familia y Comunitaria - Atención primaria (AP),FAMILIA_COMUNITARIA_AP,Teleconsulta,TELECONSULTA,Consultas,CONSULTAS,21521,,,,
La Gomera,ES706,2020,2020,Medicina Familia y Comunitaria - Atención primaria (AP),FAMILIA_COMUNITARIA_AP,Total,_T,Consultas,CONSULTAS,90514,,,,
La Gomera,ES706,2020,2020,Medicina Familia y Comunitaria - Atención primaria (AP),FAMILIA_COMUNITARIA_AP,Centro,CENTRO,Consultas,CONSULTAS,67514,,,,
La Palma,ES707,2020,2020,Medicina Familia y Comunitaria - Atención primaria (AP),FAMILIA_COMUNITARIA_AP,Domicilio,DOMICILIO,Consultas,CONSULTAS,3823,,,,
La Palma,ES707,2020,2020,Medicina Familia y Comunitaria - Atención primaria (AP),FAMILIA_COMUNITARIA_AP,Teleconsulta,TELECONSULTA,Consultas,CONSULTAS,112492,,,,
La Palma,ES707,2020,2020,Medicina Familia y Comunitaria - Atención primaria (AP),FAMILIA_COMUNITARIA_AP,Total,_T,Consultas,CONSULTAS,326418,,,,
La Palma,ES707,2020,2020,Medicina Familia y Comunitaria - Atención primaria (AP),FAMILIA_COMUNITARIA_AP,Centro,CENTRO,Consultas,CONSULTAS,210103,,,,
El Hierro,ES703,2020,2020,Medicina Familia y Comunitaria - Atención primaria (AP),FAMILIA_COMUNITARIA_AP,Domicilio,DOMICILIO,Consultas,CONSULTAS,1602,,,,
El Hierro,ES703,2020,2020,Medicina Familia y Comunitaria - Atención primaria (AP),FAMILIA_COMUNITARIA_AP,Teleconsulta,TELECONSULTA,Consultas,CONSULTAS,21706,,,,
El Hierro,ES703,2020,2020,Medicina Familia y Comunitaria - Atención primaria (AP),FAMILIA_COMUNITARIA_AP,Total,_T,Consultas,CONSULTAS,51774,,,,
El Hierro,ES703,2020,2020,Medicina Familia y Comunitaria - Atención primaria (AP),FAMILIA_COMUNITARIA_AP,Centro,CENTRO,Consultas,CONSULTAS,28466,,,,
Canarias,ES70,2021,2021,Enfermería - Atención primaria (AP),ENFERMERIA_AP,Domicilio,DOMICILIO,Consultas,CONSULTAS,462626,,,,
Canarias,ES70,2021,2021,Enfermería - Atención primaria (AP),ENFERMERIA_AP,Teleconsulta,TELECONSULTA,Consultas,CONSULTAS,390432,,,,
Canarias,ES70,2021,2021,Enfermería - Atención primaria (AP),ENFERMERIA_AP,Total,_T,Consultas,CONSULTAS,6507518,,,,
Canarias,ES70,2021,2021,Enfermería - Atención primaria (AP),ENFERMERIA_AP,Centro,CENTRO,Consultas,CONSULTAS,5654460,,,,
Lanzarote,ES708,2021,2021,Enfermería - Atención primaria (AP),ENFERMERIA_AP,Domicilio,DOMICILIO,Consultas,CONSULTAS,19814,,,,
Lanzarote,ES708,2021,2021,Enfermería - Atención primaria (AP),ENFERMERIA_AP,Teleconsulta,TELECONSULTA,Consultas,CONSULTAS,14537,,,,
Lanzarote,ES708,2021,2021,Enfermería - Atención primaria (AP),ENFERMERIA_AP,Total,_T,Consultas,CONSULTAS,743135,,,,
Lanzarote,ES708,2021,2021,Enfermería - Atención primaria (AP),ENFERMERIA_AP,Centro,CENTRO,Consultas,CONSULTAS,708784,,,,
Fuerteventura,ES704,2021,2021,Enfermería - Atención primaria (AP),ENFERMERIA_AP,Domicilio,DOMICILIO,Consultas,CONSULTAS,14711,,,,
Fuerteventura,ES704,2021,2021,Enfermería - Atención primaria (AP),ENFERMERIA_AP,Teleconsulta,TELECONSULTA,Consultas,CONSULTAS,10051,,,,
Fuerteventura,ES704,2021,2021,Enfermería - Atención primaria (AP),ENFERMERIA_AP,Total,_T,Consultas,CONSULTAS,269224,,,,
Fuerteventura,ES704,2021,2021,Enfermería - Atención primaria (AP),ENFERMERIA_AP,Centro,CENTRO,Consultas,CONSULTAS,244462,,,,
Gran Canaria,ES705,2021,2021,Enfermería - Atención primaria (AP),ENFERMERIA_AP,Domicilio,DOMICILIO,Consultas,CONSULTAS,271913,,,,
Gran Canaria,ES705,2021,2021,Enfermería - Atención primaria (AP),ENFERMERIA_AP,Teleconsulta,TELECONSULTA,Consultas,CONSULTAS,83485,,,,
Gran Canaria,ES705,2021,2021,Enfermería - Atención primaria (AP),ENFERMERIA_AP,Total,_T,Consultas,CONSULTAS,3082312,,,,
Gran Canaria,ES705,2021,2021,Enfermería - Atención primaria (AP),ENFERMERIA_AP,Centro,CENTRO,Consultas,CONSULTAS,2726914,,,,
Tenerife,ES709,2021,2021,Enfermería - Atención primaria (AP),ENFERMERIA_AP,Domicilio,DOMICILIO,Consultas,CONSULTAS,120248,,,,
Tenerife,ES709,2021,2021,Enfermería - Atención primaria (AP),ENFERMERIA_AP,Teleconsulta,TELECONSULTA,Consultas,CONSULTAS,272023,,,,
Tenerife,ES709,2021,2021,Enfermería - Atención primaria (AP),ENFERMERIA_AP,Total,_T,Consultas,CONSULTAS,2096414,,,,
Tenerife,ES709,2021,2021,Enfermería - Atención primaria (AP),ENFERMERIA_AP,Centro,CENTRO,Consultas,CONSULTAS,1704143,,,,
La Gomera,ES706,2021,2021,Enfermería - Atención primaria (AP),ENFERMERIA_AP,Domicilio,DOMICILIO,Consultas,CONSULTAS,6167,,,,
La Gomera,ES706,2021,2021,Enfermería - Atención primaria (AP),ENFERMERIA_AP,Teleconsulta,TELECONSULTA,Consultas,CONSULTAS,4182,,,,
La Gomera,ES706,2021,2021,Enfermería - Atención primaria (AP),ENFERMERIA_AP,Total,_T,Consultas,CONSULTAS,69198,,,,
La Gomera,ES706,2021,2021,Enfermería - Atención primaria (AP),ENFERMERIA_AP,Centro,CENTRO,Consultas,CONSULTAS,58849,,,,
La Palma,ES707,2021,2021,Enfermería - Atención primaria (AP),ENFERMERIA_AP,Domicilio,DOMICILIO,Consultas,CONSULTAS,25363,,,,
La Palma,ES707,2021,2021,Enfermería - Atención primaria (AP),ENFERMERIA_AP,Teleconsulta,TELECONSULTA,Consultas,CONSULTAS,4577,,,,
La Palma,ES707,2021,2021,Enfermería - Atención primaria (AP),ENFERMERIA_AP,Total,_T,Consultas,CONSULTAS,218759,,,,
La Palma,ES707,2021,2021,Enfermería - Atención primaria (AP),ENFERMERIA_AP,Centro,CENTRO,Consultas,CONSULTAS,188819,,,,
El Hierro,ES703,2021,2021,Enfermería - Atención primaria (AP),ENFERMERIA_AP,Domicilio,DOMICILIO,Consultas,CONSULTAS,4410,,,,
El Hierro,ES703,2021,2021,Enfermería - Atención primaria (AP),ENFERMERIA_AP,Teleconsulta,TELECONSULTA,Consultas,CONSULTAS,1577,,,,
El Hierro,ES703,2021,2021,Enfermería - Atención primaria (AP),ENFERMERIA_AP,Total,_T,Consultas,CONSULTAS,28476,,,,
El Hierro,ES703,2021,2021,Enfermería - Atención primaria (AP),ENFERMERIA_AP,Centro,CENTRO,Consultas,CONSULTAS,22489,,,,
Canarias,ES70,2021,2021,Pediatría - Atención primaria (AP),PEDIATRIA_AP,Domicilio,DOMICILIO,Consultas,CONSULTAS,179,,,,
Canarias,ES70,2021,2021,Pediatría - Atención primaria (AP),PEDIATRIA_AP,Teleconsulta,TELECONSULTA,Consultas,CONSULTAS,641558,,,,
Canarias,ES70,2021,2021,Pediatría - Atención primaria (AP),PEDIATRIA_AP,Total,_T,Consultas,CONSULTAS,1474904,,,,
Canarias,ES70,2021,2021,Pediatría - Atención primaria (AP),PEDIATRIA_AP,Centro,CENTRO,Consultas,CONSULTAS,833167,,,,
Lanzarote,ES708,2021,2021,Pediatría - Atención primaria (AP),PEDIATRIA_AP,Domicilio,DOMICILIO,Consultas,CONSULTAS,0,,,,
Lanzarote,ES708,2021,2021,Pediatría - Atención primaria (AP),PEDIATRIA_AP,Teleconsulta,TELECONSULTA,Consultas,CONSULTAS,35965,,,,
Lanzarote,ES708,2021,2021,Pediatría - Atención primaria (AP),PEDIATRIA_AP,Total,_T,Consultas,CONSULTAS,104978,,,,
Lanzarote,ES708,2021,2021,Pediatría - Atención primaria (AP),PEDIATRIA_AP,Centro,CENTRO,Consultas,CONSULTAS,69013,,,,
Fuerteventura,ES704,2021,2021,Pediatría - Atención primaria (AP),PEDIATRIA_AP,Domicilio,DOMICILIO,Consultas,CONSULTAS,6,,,,
Fuerteventura,ES704,2021,2021,Pediatría - Atención primaria (AP),PEDIATRIA_AP,Teleconsulta,TELECONSULTA,Consultas,CONSULTAS,21227,,,,
Fuerteventura,ES704,2021,2021,Pediatría - Atención primaria (AP),PEDIATRIA_AP,Total,_T,Consultas,CONSULTAS,69363,,,,
Fuerteventura,ES704,2021,2021,Pediatría - Atención primaria (AP),PEDIATRIA_AP,Centro,CENTRO,Consultas,CONSULTAS,48130,,,,
Gran Canaria,ES705,2021,2021,Pediatría - Atención primaria (AP),PEDIATRIA_AP,Domicilio,DOMICILIO,Consultas,CONSULTAS,120,,,,
Gran Canaria,ES705,2021,2021,Pediatría - Atención primaria (AP),PEDIATRIA_AP,Teleconsulta,TELECONSULTA,Consultas,CONSULTAS,255685,,,,
Gran Canaria,ES705,2021,2021,Pediatría - Atención primaria (AP),PEDIATRIA_AP,Total,_T,Consultas,CONSULTAS,507599,,,,
Gran Canaria,ES705,2021,2021,Pediatría - Atención primaria (AP),PEDIATRIA_AP,Centro,CENTRO,Consultas,CONSULTAS,251794,,,,
Tenerife,ES709,2021,2021,Pediatría - Atención primaria (AP),PEDIATRIA_AP,Domicilio,DOMICILIO,Consultas,CONSULTAS,51,,,,
Tenerife,ES709,2021,2021,Pediatría - Atención primaria (AP),PEDIATRIA_AP,Teleconsulta,TELECONSULTA,Consultas,CONSULTAS,310755,,,,
Tenerife,ES709,2021,2021,Pediatría - Atención primaria (AP),PEDIATRIA_AP,Total,_T,Consultas,CONSULTAS,733756,,,,
Tenerife,ES709,2021,2021,Pediatría - Atención primaria (AP),PEDIATRIA_AP,Centro,CENTRO,Consultas,CONSULTAS,422950,,,,
La Gomera,ES706,2021,2021,Pediatría - Atención primaria (AP),PEDIATRIA_AP,Domicilio,DOMICILIO,Consultas,CONSULTAS,0,,,,
La Gomera,ES706,2021,2021,Pediatría - Atención primaria (AP),PEDIATRIA_AP,Teleconsulta,TELECONSULTA,Consultas,CONSULTAS,3374,,,,
La Gomera,ES706,2021,2021,Pediatría - Atención primaria (AP),PEDIATRIA_AP,Total,_T,Consultas,CONSULTAS,6844,,,,
La Gomera,ES706,2021,2021,Pediatría - Atención primaria (AP),PEDIATRIA_AP,Centro,CENTRO,Consultas,CONSULTAS,3470,,,,
La Palma,ES707,2021,2021,Pediatría - Atención primaria (AP),PEDIATRIA_AP,Domicilio,DOMICILIO,Consultas,CONSULTAS,2,,,,
La Palma,ES707,2021,2021,Pediatría - Atención primaria (AP),PEDIATRIA_AP,Teleconsulta,TELECONSULTA,Consultas,CONSULTAS,13402,,,,
La Palma,ES707,2021,2021,Pediatría - Atención primaria (AP),PEDIATRIA_AP,Total,_T,Consultas,CONSULTAS,46222,,,,
La Palma,ES707,2021,2021,Pediatría - Atención primaria (AP),PEDIATRIA_AP,Centro,CENTRO,Consultas,CONSULTAS,32818,,,,
El Hierro,ES703,2021,2021,Pediatría - Atención primaria (AP),PEDIATRIA_AP,Domicilio,DOMICILIO,Consultas,CONSULTAS,0,,,,
El Hierro,ES703,2021,2021,Pediatría - Atención primaria (AP),PEDIATRIA_AP,Teleconsulta,TELECONSULTA,Consultas,CONSULTAS,1150,,,,
El Hierro,ES703,2021,2021,Pediatría - Atención primaria (AP),PEDIATRIA_AP,Total,_T,Consultas,CONSULTAS,6142,,,,
El Hierro,ES703,2021,2021,Pediatría - Atención primaria (AP),PEDIATRIA_AP,Centro,CENTRO,Consultas,CONSULTAS,4992,,,,
Canarias,ES70,2021,2021,Medicina Familia y Comunitaria - Atención primaria (AP),FAMILIA_COMUNITARIA_AP,Domicilio,DOMICILIO,Consultas,CONSULTAS,49227,,,,
Canarias,ES70,2021,2021,Medicina Familia y Comunitaria - Atención primaria (AP),FAMILIA_COMUNITARIA_AP,Teleconsulta,TELECONSULTA,Consultas,CONSULTAS,5320995,,,,
Canarias,ES70,2021,2021,Medicina Familia y Comunitaria - Atención primaria (AP),FAMILIA_COMUNITARIA_AP,Total,_T,Consultas,CONSULTAS,9982696,,,,
Canarias,ES70,2021,2021,Medicina Familia y Comunitaria - Atención primaria (AP),FAMILIA_COMUNITARIA_AP,Centro,CENTRO,Consultas,CONSULTAS,4612474,,,,
Lanzarote,ES708,2021,2021,Medicina Familia y Comunitaria - Atención primaria (AP),FAMILIA_COMUNITARIA_AP,Domicilio,DOMICILIO,Consultas,CONSULTAS,1729,,,,
Lanzarote,ES708,2021,2021,Medicina Familia y Comunitaria - Atención primaria (AP),FAMILIA_COMUNITARIA_AP,Teleconsulta,TELECONSULTA,Consultas,CONSULTAS,291834,,,,
Lanzarote,ES708,2021,2021,Medicina Familia y Comunitaria - Atención primaria (AP),FAMILIA_COMUNITARIA_AP,Total,_T,Consultas,CONSULTAS,635694,,,,
Lanzarote,ES708,2021,2021,Medicina Familia y Comunitaria - Atención primaria (AP),FAMILIA_COMUNITARIA_AP,Centro,CENTRO,Consultas,CONSULTAS,342131,,,,
Fuerteventura,ES704,2021,2021,Medicina Familia y Comunitaria - Atención primaria (AP),FAMILIA_COMUNITARIA_AP,Domicilio,DOMICILIO,Consultas,CONSULTAS,1618,,,,
Fuerteventura,ES704,2021,2021,Medicina Familia y Comunitaria - Atención primaria (AP),FAMILIA_COMUNITARIA_AP,Teleconsulta,TELECONSULTA,Consultas,CONSULTAS,172145,,,,
Fuerteventura,ES704,2021,2021,Medicina Familia y Comunitaria - Atención primaria (AP),FAMILIA_COMUNITARIA_AP,Total,_T,Consultas,CONSULTAS,423639,,,,
Fuerteventura,ES704,2021,2021,Medicina Familia y Comunitaria - Atención primaria (AP),FAMILIA_COMUNITARIA_AP,Centro,CENTRO,Consultas,CONSULTAS,249876,,,,
Gran Canaria,ES705,2021,2021,Medicina Familia y Comunitaria - Atención primaria (AP),FAMILIA_COMUNITARIA_AP,Domicilio,DOMICILIO,Consultas,CONSULTAS,17111,,,,
Gran Canaria,ES705,2021,2021,Medicina Familia y Comunitaria - Atención primaria (AP),FAMILIA_COMUNITARIA_AP,Teleconsulta,TELECONSULTA,Consultas,CONSULTAS,2432340,,,,
Gran Canaria,ES705,2021,2021,Medicina Familia y Comunitaria - Atención primaria (AP),FAMILIA_COMUNITARIA_AP,Total,_T,Consultas,CONSULTAS,4158347,,,,
Gran Canaria,ES705,2021,2021,Medicina Familia y Comunitaria - Atención primaria (AP),FAMILIA_COMUNITARIA_AP,Centro,CENTRO,Consultas,CONSULTAS,1708896,,,,
Tenerife,ES709,2021,2021,Medicina Familia y Comunitaria - Atención primaria (AP),FAMILIA_COMUNITARIA_AP,Domicilio,DOMICILIO,Consultas,CONSULTAS,22074,,,,
Tenerife,ES709,2021,2021,Medicina Familia y Comunitaria - Atención primaria (AP),FAMILIA_COMUNITARIA_AP,Teleconsulta,TELECONSULTA,Consultas,CONSULTAS,2234779,,,,
Tenerife,ES709,2021,2021,Medicina Familia y Comunitaria - Atención primaria (AP),FAMILIA_COMUNITARIA_AP,Total,_T,Consultas,CONSULTAS,4250429,,,,
Tenerife,ES709,2021,2021,Medicina Familia y Comunitaria - Atención primaria (AP),FAMILIA_COMUNITARIA_AP,Centro,CENTRO,Consultas,CONSULTAS,1993576,,,,
La Gomera,ES706,2021,2021,Medicina Familia y Comunitaria - Atención primaria (AP),FAMILIA_COMUNITARIA_AP,Domicilio,DOMICILIO,Consultas,CONSULTAS,1264,,,,
La Gomera,ES706,2021,2021,Medicina Familia y Comunitaria - Atención primaria (AP),FAMILIA_COMUNITARIA_AP,Teleconsulta,TELECONSULTA,Consultas,CONSULTAS,25689,,,,
La Gomera,ES706,2021,2021,Medicina Familia y Comunitaria - Atención primaria (AP),FAMILIA_COMUNITARIA_AP,Total,_T,Consultas,CONSULTAS,99989,,,,
La Gomera,ES706,2021,2021,Medicina Familia y Comunitaria - Atención primaria (AP),FAMILIA_COMUNITARIA_AP,Centro,CENTRO,Consultas,CONSULTAS,73036,,,,
La Palma,ES707,2021,2021,Medicina Familia y Comunitaria - Atención primaria (AP),FAMILIA_COMUNITARIA_AP,Domicilio,DOMICILIO,Consultas,CONSULTAS,3642,,,,
La Palma,ES707,2021,2021,Medicina Familia y Comunitaria - Atención primaria (AP),FAMILIA_COMUNITARIA_AP,Teleconsulta,TELECONSULTA,Consultas,CONSULTAS,136590,,,,
La Palma,ES707,2021,2021,Medicina Familia y Comunitaria - Atención primaria (AP),FAMILIA_COMUNITARIA_AP,Total,_T,Consultas,CONSULTAS,357456,,,,
La Palma,ES707,2021,2021,Medicina Familia y Comunitaria - Atención primaria (AP),FAMILIA_COMUNITARIA_AP,Centro,CENTRO,Consultas,CONSULTAS,217224,,,,
El Hierro,ES703,2021,2021,Medicina Familia y Comunitaria - Atención primaria (AP),FAMILIA_COMUNITARIA_AP,Domicilio,DOMICILIO,Consultas,CONSULTAS,1789,,,,
El Hierro,ES703,2021,2021,Medicina Familia y Comunitaria - Atención primaria (AP),FAMILIA_COMUNITARIA_AP,Teleconsulta,TELECONSULTA,Consultas,CONSULTAS,27618,,,,
El Hierro,ES703,2021,2021,Medicina Familia y Comunitaria - Atención primaria (AP),FAMILIA_COMUNITARIA_AP,Total,_T,Consultas,CONSULTAS,57142,,,,
El Hierro,ES703,2021,2021,Medicina Familia y Comunitaria - Atención primaria (AP),FAMILIA_COMUNITARIA_AP,Centro,CENTRO,Consultas,CONSULTAS,27735,,,,
Canarias,ES70,2022,2022,Enfermería - Atención primaria (AP),ENFERMERIA_AP,Domicilio,DOMICILIO,Consultas,CONSULTAS,409909,,,,
Canarias,ES70,2022,2022,Enfermería - Atención primaria (AP),ENFERMERIA_AP,Teleconsulta,TELECONSULTA,Consultas,CONSULTAS,347311,,,,
Canarias,ES70,2022,2022,Enfermería - Atención primaria (AP),ENFERMERIA_AP,Total,_T,Consultas,CONSULTAS,5504952,,,,
Canarias,ES70,2022,2022,Enfermería - Atención primaria (AP),ENFERMERIA_AP,Centro,CENTRO,Consultas,CONSULTAS,4747732,,,,
Lanzarote,ES708,2022,2022,Enfermería - Atención primaria (AP),ENFERMERIA_AP,Domicilio,DOMICILIO,Consultas,CONSULTAS,19088,,,,
Lanzarote,ES708,2022,2022,Enfermería - Atención primaria (AP),ENFERMERIA_AP,Teleconsulta,TELECONSULTA,Consultas,CONSULTAS,10533,,,,
Lanzarote,ES708,2022,2022,Enfermería - Atención primaria (AP),ENFERMERIA_AP,Total,_T,Consultas,CONSULTAS,450750,,,,
Lanzarote,ES708,2022,2022,Enfermería - Atención primaria (AP),ENFERMERIA_AP,Centro,CENTRO,Consultas,CONSULTAS,421129,,,,
Fuerteventura,ES704,2022,2022,Enfermería - Atención primaria (AP),ENFERMERIA_AP,Domicilio,DOMICILIO,Consultas,CONSULTAS,16538,,,,
Fuerteventura,ES704,2022,2022,Enfermería - Atención primaria (AP),ENFERMERIA_AP,Teleconsulta,TELECONSULTA,Consultas,CONSULTAS,11239,,,,
Fuerteventura,ES704,2022,2022,Enfermería - Atención primaria (AP),ENFERMERIA_AP,Total,_T,Consultas,CONSULTAS,291891,,,,
Fuerteventura,ES704,2022,2022,Enfermería - Atención primaria (AP),ENFERMERIA_AP,Centro,CENTRO,Consultas,CONSULTAS,264114,,,,
Gran Canaria,ES705,2022,2022,Enfermería - Atención primaria (AP),ENFERMERIA_AP,Domicilio,DOMICILIO,Consultas,CONSULTAS,208918,,,,
Gran Canaria,ES705,2022,2022,Enfermería - Atención primaria (AP),ENFERMERIA_AP,Teleconsulta,TELECONSULTA,Consultas,CONSULTAS,74518,,,,
Gran Canaria,ES705,2022,2022,Enfermería - Atención primaria (AP),ENFERMERIA_AP,Total,_T,Consultas,CONSULTAS,2073864,,,,
Gran Canaria,ES705,2022,2022,Enfermería - Atención primaria (AP),ENFERMERIA_AP,Centro,CENTRO,Consultas,CONSULTAS,1790428,,,,
Tenerife,ES709,2022,2022,Enfermería - Atención primaria (AP),ENFERMERIA_AP,Domicilio,DOMICILIO,Consultas,CONSULTAS,129473,,,,
Tenerife,ES709,2022,2022,Enfermería - Atención primaria (AP),ENFERMERIA_AP,Teleconsulta,TELECONSULTA,Consultas,CONSULTAS,239546,,,,
Tenerife,ES709,2022,2022,Enfermería - Atención primaria (AP),ENFERMERIA_AP,Total,_T,Consultas,CONSULTAS,2354458,,,,
Tenerife,ES709,2022,2022,Enfermería - Atención primaria (AP),ENFERMERIA_AP,Centro,CENTRO,Consultas,CONSULTAS,1985439,,,,
La Gomera,ES706,2022,2022,Enfermería - Atención primaria (AP),ENFERMERIA_AP,Domicilio,DOMICILIO,Consultas,CONSULTAS,6962,,,,
La Gomera,ES706,2022,2022,Enfermería - Atención primaria (AP),ENFERMERIA_AP,Teleconsulta,TELECONSULTA,Consultas,CONSULTAS,4617,,,,
La Gomera,ES706,2022,2022,Enfermería - Atención primaria (AP),ENFERMERIA_AP,Total,_T,Consultas,CONSULTAS,69646,,,,
La Gomera,ES706,2022,2022,Enfermería - Atención primaria (AP),ENFERMERIA_AP,Centro,CENTRO,Consultas,CONSULTAS,58067,,,,
La Palma,ES707,2022,2022,Enfermería - Atención primaria (AP),ENFERMERIA_AP,Domicilio,DOMICILIO,Consultas,CONSULTAS,23596,,,,
La Palma,ES707,2022,2022,Enfermería - Atención primaria (AP),ENFERMERIA_AP,Teleconsulta,TELECONSULTA,Consultas,CONSULTAS,5005,,,,
La Palma,ES707,2022,2022,Enfermería - Atención primaria (AP),ENFERMERIA_AP,Total,_T,Consultas,CONSULTAS,229554,,,,
La Palma,ES707,2022,2022,Enfermería - Atención primaria (AP),ENFERMERIA_AP,Centro,CENTRO,Consultas,CONSULTAS,200953,,,,
El Hierro,ES703,2022,2022,Enfermería - Atención primaria (AP),ENFERMERIA_AP,Domicilio,DOMICILIO,Consultas,CONSULTAS,5334,,,,
El Hierro,ES703,2022,2022,Enfermería - Atención primaria (AP),ENFERMERIA_AP,Teleconsulta,TELECONSULTA,Consultas,CONSULTAS,1853,,,,
El Hierro,ES703,2022,2022,Enfermería - Atención primaria (AP),ENFERMERIA_AP,Total,_T,Consultas,CONSULTAS,34789,,,,
El Hierro,ES703,2022,2022,Enfermería - Atención primaria (AP),ENFERMERIA_AP,Centro,CENTRO,Consultas,CONSULTAS,27602,,,,
Canarias,ES70,2022,2022,Pediatría - Atención primaria (AP),PEDIATRIA_AP,Domicilio,DOMICILIO,Consultas,CONSULTAS,86,,,,
Canarias,ES70,2022,2022,Pediatría - Atención primaria (AP),PEDIATRIA_AP,Teleconsulta,TELECONSULTA,Consultas,CONSULTAS,479743,,,,
Canarias,ES70,2022,2022,Pediatría - Atención primaria (AP),PEDIATRIA_AP,Total,_T,Consultas,CONSULTAS,1524173,,,,
Canarias,ES70,2022,2022,Pediatría - Atención primaria (AP),PEDIATRIA_AP,Centro,CENTRO,Consultas,CONSULTAS,1044344,,,,
Lanzarote,ES708,2022,2022,Pediatría - Atención primaria (AP),PEDIATRIA_AP,Domicilio,DOMICILIO,Consultas,CONSULTAS,5,,,,
Lanzarote,ES708,2022,2022,Pediatría - Atención primaria (AP),PEDIATRIA_AP,Teleconsulta,TELECONSULTA,Consultas,CONSULTAS,21645,,,,
Lanzarote,ES708,2022,2022,Pediatría - Atención primaria (AP),PEDIATRIA_AP,Total,_T,Consultas,CONSULTAS,109055,,,,
Lanzarote,ES708,2022,2022,Pediatría - Atención primaria (AP),PEDIATRIA_AP,Centro,CENTRO,Consultas,CONSULTAS,87405,,,,
Fuerteventura,ES704,2022,2022,Pediatría - Atención primaria (AP),PEDIATRIA_AP,Domicilio,DOMICILIO,Consultas,CONSULTAS,8,,,,
Fuerteventura,ES704,2022,2022,Pediatría - Atención primaria (AP),PEDIATRIA_AP,Teleconsulta,TELECONSULTA,Consultas,CONSULTAS,17735,,,,
Fuerteventura,ES704,2022,2022,Pediatría - Atención primaria (AP),PEDIATRIA_AP,Total,_T,Consultas,CONSULTAS,73002,,,,
Fuerteventura,ES704,2022,2022,Pediatría - Atención primaria (AP),PEDIATRIA_AP,Centro,CENTRO,Consultas,CONSULTAS,55259,,,,
Gran Canaria,ES705,2022,2022,Pediatría - Atención primaria (AP),PEDIATRIA_AP,Domicilio,DOMICILIO,Consultas,CONSULTAS,36,,,,
Gran Canaria,ES705,2022,2022,Pediatría - Atención primaria (AP),PEDIATRIA_AP,Teleconsulta,TELECONSULTA,Consultas,CONSULTAS,203257,,,,
Gran Canaria,ES705,2022,2022,Pediatría - Atención primaria (AP),PEDIATRIA_AP,Total,_T,Consultas,CONSULTAS,521347,,,,
Gran Canaria,ES705,2022,2022,Pediatría - Atención primaria (AP),PEDIATRIA_AP,Centro,CENTRO,Consultas,CONSULTAS,318054,,,,
Tenerife,ES709,2022,2022,Pediatría - Atención primaria (AP),PEDIATRIA_AP,Domicilio,DOMICILIO,Consultas,CONSULTAS,37,,,,
Tenerife,ES709,2022,2022,Pediatría - Atención primaria (AP),PEDIATRIA_AP,Teleconsulta,TELECONSULTA,Consultas,CONSULTAS,219086,,,,
Tenerife,ES709,2022,2022,Pediatría - Atención primaria (AP),PEDIATRIA_AP,Total,_T,Consultas,CONSULTAS,752165,,,,
Tenerife,ES709,2022,2022,Pediatría - Atención primaria (AP),PEDIATRIA_AP,Centro,CENTRO,Consultas,CONSULTAS,533042,,,,
La Gomera,ES706,2022,2022,Pediatría - Atención primaria (AP),PEDIATRIA_AP,Domicilio,DOMICILIO,Consultas,CONSULTAS,0,,,,
La Gomera,ES706,2022,2022,Pediatría - Atención primaria (AP),PEDIATRIA_AP,Teleconsulta,TELECONSULTA,Consultas,CONSULTAS,2463,,,,
La Gomera,ES706,2022,2022,Pediatría - Atención primaria (AP),PEDIATRIA_AP,Total,_T,Consultas,CONSULTAS,6751,,,,
La Gomera,ES706,2022,2022,Pediatría - Atención primaria (AP),PEDIATRIA_AP,Centro,CENTRO,Consultas,CONSULTAS,4288,,,,
La Palma,ES707,2022,2022,Pediatría - Atención primaria (AP),PEDIATRIA_AP,Domicilio,DOMICILIO,Consultas,CONSULTAS,0,,,,
La Palma,ES707,2022,2022,Pediatría - Atención primaria (AP),PEDIATRIA_AP,Teleconsulta,TELECONSULTA,Consultas,CONSULTAS,14138,,,,
La Palma,ES707,2022,2022,Pediatría - Atención primaria (AP),PEDIATRIA_AP,Total,_T,Consultas,CONSULTAS,54555,,,,
La Palma,ES707,2022,2022,Pediatría - Atención primaria (AP),PEDIATRIA_AP,Centro,CENTRO,Consultas,CONSULTAS,40417,,,,
El Hierro,ES703,2022,2022,Pediatría - Atención primaria (AP),PEDIATRIA_AP,Domicilio,DOMICILIO,Consultas,CONSULTAS,0,,,,
El Hierro,ES703,2022,2022,Pediatría - Atención primaria (AP),PEDIATRIA_AP,Teleconsulta,TELECONSULTA,Consultas,CONSULTAS,1419,,,,
El Hierro,ES703,2022,2022,Pediatría - Atención primaria (AP),PEDIATRIA_AP,Total,_T,Consultas,CONSULTAS,7298,,,,
El Hierro,ES703,2022,2022,Pediatría - Atención primaria (AP),PEDIATRIA_AP,Centro,CENTRO,Consultas,CONSULTAS,5879,,,,
Canarias,ES70,2022,2022,Medicina Familia y Comunitaria - Atención primaria (AP),FAMILIA_COMUNITARIA_AP,Domicilio,DOMICILIO,Consultas,CONSULTAS,50695,,,,
Canarias,ES70,2022,2022,Medicina Familia y Comunitaria - Atención primaria (AP),FAMILIA_COMUNITARIA_AP,Teleconsulta,TELECONSULTA,Consultas,CONSULTAS,4600776,,,,
Canarias,ES70,2022,2022,Medicina Familia y Comunitaria - Atención primaria (AP),FAMILIA_COMUNITARIA_AP,Total,_T,Consultas,CONSULTAS,10392866,,,,
Canarias,ES70,2022,2022,Medicina Familia y Comunitaria - Atención primaria (AP),FAMILIA_COMUNITARIA_AP,Centro,CENTRO,Consultas,CONSULTAS,5741395,,,,
Lanzarote,ES708,2022,2022,Medicina Familia y Comunitaria - Atención primaria (AP),FAMILIA_COMUNITARIA_AP,Domicilio,DOMICILIO,Consultas,CONSULTAS,2080,,,,
Lanzarote,ES708,2022,2022,Medicina Familia y Comunitaria - Atención primaria (AP),FAMILIA_COMUNITARIA_AP,Teleconsulta,TELECONSULTA,Consultas,CONSULTAS,226888,,,,
Lanzarote,ES708,2022,2022,Medicina Familia y Comunitaria - Atención primaria (AP),FAMILIA_COMUNITARIA_AP,Total,_T,Consultas,CONSULTAS,660644,,,,
Lanzarote,ES708,2022,2022,Medicina Familia y Comunitaria - Atención primaria (AP),FAMILIA_COMUNITARIA_AP,Centro,CENTRO,Consultas,CONSULTAS,431676,,,,
Fuerteventura,ES704,2022,2022,Medicina Familia y Comunitaria - Atención primaria (AP),FAMILIA_COMUNITARIA_AP,Domicilio,DOMICILIO,Consultas,CONSULTAS,1769,,,,
Fuerteventura,ES704,2022,2022,Medicina Familia y Comunitaria - Atención primaria (AP),FAMILIA_COMUNITARIA_AP,Teleconsulta,TELECONSULTA,Consultas,CONSULTAS,183389,,,,
Fuerteventura,ES704,2022,2022,Medicina Familia y Comunitaria - Atención primaria (AP),FAMILIA_COMUNITARIA_AP,Total,_T,Consultas,CONSULTAS,481673,,,,
Fuerteventura,ES704,2022,2022,Medicina Familia y Comunitaria - Atención primaria (AP),FAMILIA_COMUNITARIA_AP,Centro,CENTRO,Consultas,CONSULTAS,296515,,,,
Gran Canaria,ES705,2022,2022,Medicina Familia y Comunitaria - Atención primaria (AP),FAMILIA_COMUNITARIA_AP,Domicilio,DOMICILIO,Consultas,CONSULTAS,16894,,,,
Gran Canaria,ES705,2022,2022,Medicina Familia y Comunitaria - Atención primaria (AP),FAMILIA_COMUNITARIA_AP,Teleconsulta,TELECONSULTA,Consultas,CONSULTAS,2184471,,,,
Gran Canaria,ES705,2022,2022,Medicina Familia y Comunitaria - Atención primaria (AP),FAMILIA_COMUNITARIA_AP,Total,_T,Consultas,CONSULTAS,4340882,,,,
Gran Canaria,ES705,2022,2022,Medicina Familia y Comunitaria - Atención primaria (AP),FAMILIA_COMUNITARIA_AP,Centro,CENTRO,Consultas,CONSULTAS,2139517,,,,
Tenerife,ES709,2022,2022,Medicina Familia y Comunitaria - Atención primaria (AP),FAMILIA_COMUNITARIA_AP,Domicilio,DOMICILIO,Consultas,CONSULTAS,24152,,,,
Tenerife,ES709,2022,2022,Medicina Familia y Comunitaria - Atención primaria (AP),FAMILIA_COMUNITARIA_AP,Teleconsulta,TELECONSULTA,Consultas,CONSULTAS,1818711,,,,
Tenerife,ES709,2022,2022,Medicina Familia y Comunitaria - Atención primaria (AP),FAMILIA_COMUNITARIA_AP,Total,_T,Consultas,CONSULTAS,4356740,,,,
Tenerife,ES709,2022,2022,Medicina Familia y Comunitaria - Atención primaria (AP),FAMILIA_COMUNITARIA_AP,Centro,CENTRO,Consultas,CONSULTAS,2513877,,,,
La Gomera,ES706,2022,2022,Medicina Familia y Comunitaria - Atención primaria (AP),FAMILIA_COMUNITARIA_AP,Domicilio,DOMICILIO,Consultas,CONSULTAS,1356,,,,
La Gomera,ES706,2022,2022,Medicina Familia y Comunitaria - Atención primaria (AP),FAMILIA_COMUNITARIA_AP,Teleconsulta,TELECONSULTA,Consultas,CONSULTAS,26388,,,,
La Gomera,ES706,2022,2022,Medicina Familia y Comunitaria - Atención primaria (AP),FAMILIA_COMUNITARIA_AP,Total,_T,Consultas,CONSULTAS,103763,,,,
La Gomera,ES706,2022,2022,Medicina Familia y Comunitaria - Atención primaria (AP),FAMILIA_COMUNITARIA_AP,Centro,CENTRO,Consultas,CONSULTAS,76019,,,,
La Palma,ES707,2022,2022,Medicina Familia y Comunitaria - Atención primaria (AP),FAMILIA_COMUNITARIA_AP,Domicilio,DOMICILIO,Consultas,CONSULTAS,3162,,,,
La Palma,ES707,2022,2022,Medicina Familia y Comunitaria - Atención primaria (AP),FAMILIA_COMUNITARIA_AP,Teleconsulta,TELECONSULTA,Consultas,CONSULTAS,141798,,,,
La Palma,ES707,2022,2022,Medicina Familia y Comunitaria - Atención primaria (AP),FAMILIA_COMUNITARIA_AP,Total,_T,Consultas,CONSULTAS,392616,,,,
La Palma,ES707,2022,2022,Medicina Familia y Comunitaria - Atención primaria (AP),FAMILIA_COMUNITARIA_AP,Centro,CENTRO,Consultas,CONSULTAS,247656,,,,
El Hierro,ES703,2022,2022,Medicina Familia y Comunitaria - Atención primaria (AP),FAMILIA_COMUNITARIA_AP,Domicilio,DOMICILIO,Consultas,CONSULTAS,1282,,,,
El Hierro,ES703,2022,2022,Medicina Familia y Comunitaria - Atención primaria (AP),FAMILIA_COMUNITARIA_AP,Teleconsulta,TELECONSULTA,Consultas,CONSULTAS,19131,,,,
El Hierro,ES703,2022,2022,Medicina Familia y Comunitaria - Atención primaria (AP),FAMILIA_COMUNITARIA_AP,Total,_T,Consultas,CONSULTAS,56548,,,,
El Hierro,ES703,2022,2022,Medicina Familia y Comunitaria - Atención primaria (AP),FAMILIA_COMUNITARIA_AP,Centro,CENTRO,Consultas,CONSULTAS,36135,,,,
Canarias,ES70,2023,2023,Enfermería - Atención primaria (AP),ENFERMERIA_AP,Domicilio,DOMICILIO,Consultas,CONSULTAS,380102,,,,
Canarias,ES70,2023,2023,Enfermería - Atención primaria (AP),ENFERMERIA_AP,Teleconsulta,TELECONSULTA,Consultas,CONSULTAS,289064,,,,
Canarias,ES70,2023,2023,Enfermería - Atención primaria (AP),ENFERMERIA_AP,Total,_T,Consultas,CONSULTAS,5082591,,,,
Canarias,ES70,2023,2023,Enfermería - Atención primaria (AP),ENFERMERIA_AP,Centro,CENTRO,Consultas,CONSULTAS,4413425,,,,
Lanzarote,ES708,2023,2023,Enfermería - Atención primaria (AP),ENFERMERIA_AP,Domicilio,DOMICILIO,Consultas,CONSULTAS,20181,,,,
Lanzarote,ES708,2023,2023,Enfermería - Atención primaria (AP),ENFERMERIA_AP,Teleconsulta,TELECONSULTA,Consultas,CONSULTAS,11661,,,,
Lanzarote,ES708,2023,2023,Enfermería - Atención primaria (AP),ENFERMERIA_AP,Total,_T,Consultas,CONSULTAS,351471,,,,
Lanzarote,ES708,2023,2023,Enfermería - Atención primaria (AP),ENFERMERIA_AP,Centro,CENTRO,Consultas,CONSULTAS,319629,,,,
Fuerteventura,ES704,2023,2023,Enfermería - Atención primaria (AP),ENFERMERIA_AP,Domicilio,DOMICILIO,Consultas,CONSULTAS,15872,,,,
Fuerteventura,ES704,2023,2023,Enfermería - Atención primaria (AP),ENFERMERIA_AP,Teleconsulta,TELECONSULTA,Consultas,CONSULTAS,12971,,,,
Fuerteventura,ES704,2023,2023,Enfermería - Atención primaria (AP),ENFERMERIA_AP,Total,_T,Consultas,CONSULTAS,248677,,,,
Fuerteventura,ES704,2023,2023,Enfermería - Atención primaria (AP),ENFERMERIA_AP,Centro,CENTRO,Consultas,CONSULTAS,219834,,,,
Gran Canaria,ES705,2023,2023,Enfermería - Atención primaria (AP),ENFERMERIA_AP,Domicilio,DOMICILIO,Consultas,CONSULTAS,183598,,,,
Gran Canaria,ES705,2023,2023,Enfermería - Atención primaria (AP),ENFERMERIA_AP,Teleconsulta,TELECONSULTA,Consultas,CONSULTAS,81928,,,,
Gran Canaria,ES705,2023,2023,Enfermería - Atención primaria (AP),ENFERMERIA_AP,Total,_T,Consultas,CONSULTAS,1794710,,,,
Gran Canaria,ES705,2023,2023,Enfermería - Atención primaria (AP),ENFERMERIA_AP,Centro,CENTRO,Consultas,CONSULTAS,1529184,,,,
Tenerife,ES709,2023,2023,Enfermería - Atención primaria (AP),ENFERMERIA_AP,Domicilio,DOMICILIO,Consultas,CONSULTAS,127770,,,,
Tenerife,ES709,2023,2023,Enfermería - Atención primaria (AP),ENFERMERIA_AP,Teleconsulta,TELECONSULTA,Consultas,CONSULTAS,172851,,,,
Tenerife,ES709,2023,2023,Enfermería - Atención primaria (AP),ENFERMERIA_AP,Total,_T,Consultas,CONSULTAS,2354806,,,,
Tenerife,ES709,2023,2023,Enfermería - Atención primaria (AP),ENFERMERIA_AP,Centro,CENTRO,Consultas,CONSULTAS,2054185,,,,
La Gomera,ES706,2023,2023,Enfermería - Atención primaria (AP),ENFERMERIA_AP,Domicilio,DOMICILIO,Consultas,CONSULTAS,5982,,,,
La Gomera,ES706,2023,2023,Enfermería - Atención primaria (AP),ENFERMERIA_AP,Teleconsulta,TELECONSULTA,Consultas,CONSULTAS,1587,,,,
La Gomera,ES706,2023,2023,Enfermería - Atención primaria (AP),ENFERMERIA_AP,Total,_T,Consultas,CONSULTAS,61331,,,,
La Gomera,ES706,2023,2023,Enfermería - Atención primaria (AP),ENFERMERIA_AP,Centro,CENTRO,Consultas,CONSULTAS,53762,,,,
La Palma,ES707,2023,2023,Enfermería - Atención primaria (AP),ENFERMERIA_AP,Domicilio,DOMICILIO,Consultas,CONSULTAS,22369,,,,
La Palma,ES707,2023,2023,Enfermería - Atención primaria (AP),ENFERMERIA_AP,Teleconsulta,TELECONSULTA,Consultas,CONSULTAS,7265,,,,
La Palma,ES707,2023,2023,Enfermería - Atención primaria (AP),ENFERMERIA_AP,Total,_T,Consultas,CONSULTAS,237559,,,,
La Palma,ES707,2023,2023,Enfermería - Atención primaria (AP),ENFERMERIA_AP,Centro,CENTRO,Consultas,CONSULTAS,207925,,,,
El Hierro,ES703,2023,2023,Enfermería - Atención primaria (AP),ENFERMERIA_AP,Domicilio,DOMICILIO,Consultas,CONSULTAS,4330,,,,
El Hierro,ES703,2023,2023,Enfermería - Atención primaria (AP),ENFERMERIA_AP,Teleconsulta,TELECONSULTA,Consultas,CONSULTAS,801,,,,
El Hierro,ES703,2023,2023,Enfermería - Atención primaria (AP),ENFERMERIA_AP,Total,_T,Consultas,CONSULTAS,34037,,,,
El Hierro,ES703,2023,2023,Enfermería - Atención primaria (AP),ENFERMERIA_AP,Centro,CENTRO,Consultas,CONSULTAS,28906,,,,
Canarias,ES70,2023,2023,Pediatría - Atención primaria (AP),PEDIATRIA_AP,Domicilio,DOMICILIO,Consultas,CONSULTAS,64,,,,
Canarias,ES70,2023,2023,Pediatría - Atención primaria (AP),PEDIATRIA_AP,Teleconsulta,TELECONSULTA,Consultas,CONSULTAS,306868,,,,
Canarias,ES70,2023,2023,Pediatría - Atención primaria (AP),PEDIATRIA_AP,Total,_T,Consultas,CONSULTAS,1442919,,,,
Canarias,ES70,2023,2023,Pediatría - Atención primaria (AP),PEDIATRIA_AP,Centro,CENTRO,Consultas,CONSULTAS,1135987,,,,
Lanzarote,ES708,2023,2023,Pediatría - Atención primaria (AP),PEDIATRIA_AP,Domicilio,DOMICILIO,Consultas,CONSULTAS,1,,,,
Lanzarote,ES708,2023,2023,Pediatría - Atención primaria (AP),PEDIATRIA_AP,Teleconsulta,TELECONSULTA,Consultas,CONSULTAS,14710,,,,
Lanzarote,ES708,2023,2023,Pediatría - Atención primaria (AP),PEDIATRIA_AP,Total,_T,Consultas,CONSULTAS,109585,,,,
Lanzarote,ES708,2023,2023,Pediatría - Atención primaria (AP),PEDIATRIA_AP,Centro,CENTRO,Consultas,CONSULTAS,94874,,,,
Fuerteventura,ES704,2023,2023,Pediatría - Atención primaria (AP),PEDIATRIA_AP,Domicilio,DOMICILIO,Consultas,CONSULTAS,4,,,,
Fuerteventura,ES704,2023,2023,Pediatría - Atención primaria (AP),PEDIATRIA_AP,Teleconsulta,TELECONSULTA,Consultas,CONSULTAS,11717,,,,
Fuerteventura,ES704,2023,2023,Pediatría - Atención primaria (AP),PEDIATRIA_AP,Total,_T,Consultas,CONSULTAS,73582,,,,
Fuerteventura,ES704,2023,2023,Pediatría - Atención primaria (AP),PEDIATRIA_AP,Centro,CENTRO,Consultas,CONSULTAS,61861,,,,
Gran Canaria,ES705,2023,2023,Pediatría - Atención primaria (AP),PEDIATRIA_AP,Domicilio,DOMICILIO,Consultas,CONSULTAS,21,,,,
Gran Canaria,ES705,2023,2023,Pediatría - Atención primaria (AP),PEDIATRIA_AP,Teleconsulta,TELECONSULTA,Consultas,CONSULTAS,130866,,,,
Gran Canaria,ES705,2023,2023,Pediatría - Atención primaria (AP),PEDIATRIA_AP,Total,_T,Consultas,CONSULTAS,485049,,,,
Gran Canaria,ES705,2023,2023,Pediatría - Atención primaria (AP),PEDIATRIA_AP,Centro,CENTRO,Consultas,CONSULTAS,354162,,,,
Tenerife,ES709,2023,2023,Pediatría - Atención primaria (AP),PEDIATRIA_AP,Domicilio,DOMICILIO,Consultas,CONSULTAS,35,,,,
Tenerife,ES709,2023,2023,Pediatría - Atención primaria (AP),PEDIATRIA_AP,Teleconsulta,TELECONSULTA,Consultas,CONSULTAS,138351,,,,
Tenerife,ES709,2023,2023,Pediatría - Atención primaria (AP),PEDIATRIA_AP,Total,_T,Consultas,CONSULTAS,710061,,,,
Tenerife,ES709,2023,2023,Pediatría - Atención primaria (AP),PEDIATRIA_AP,Centro,CENTRO,Consultas,CONSULTAS,571675,,,,
La Gomera,ES706,2023,2023,Pediatría - Atención primaria (AP),PEDIATRIA_AP,Domicilio,DOMICILIO,Consultas,CONSULTAS,1,,,,
La Gomera,ES706,2023,2023,Pediatría - Atención primaria (AP),PEDIATRIA_AP,Teleconsulta,TELECONSULTA,Consultas,CONSULTAS,1168,,,,
La Gomera,ES706,2023,2023,Pediatría - Atención primaria (AP),PEDIATRIA_AP,Total,_T,Consultas,CONSULTAS,5950,,,,
La Gomera,ES706,2023,2023,Pediatría - Atención primaria (AP),PEDIATRIA_AP,Centro,CENTRO,Consultas,CONSULTAS,4781,,,,
La Palma,ES707,2023,2023,Pediatría - Atención primaria (AP),PEDIATRIA_AP,Domicilio,DOMICILIO,Consultas,CONSULTAS,2,,,,
La Palma,ES707,2023,2023,Pediatría - Atención primaria (AP),PEDIATRIA_AP,Teleconsulta,TELECONSULTA,Consultas,CONSULTAS,9426,,,,
La Palma,ES707,2023,2023,Pediatría - Atención primaria (AP),PEDIATRIA_AP,Total,_T,Consultas,CONSULTAS,51808,,,,
La Palma,ES707,2023,2023,Pediatría - Atención primaria (AP),PEDIATRIA_AP,Centro,CENTRO,Consultas,CONSULTAS,42380,,,,
El Hierro,ES703,2023,2023,Pediatría - Atención primaria (AP),PEDIATRIA_AP,Domicilio,DOMICILIO,Consultas,CONSULTAS,0,,,,
El Hierro,ES703,2023,2023,Pediatría - Atención primaria (AP),PEDIATRIA_AP,Teleconsulta,TELECONSULTA,Consultas,CONSULTAS,630,,,,
El Hierro,ES703,2023,2023,Pediatría - Atención primaria (AP),PEDIATRIA_AP,Total,_T,Consultas,CONSULTAS,6884,,,,
El Hierro,ES703,2023,2023,Pediatría - Atención primaria (AP),PEDIATRIA_AP,Centro,CENTRO,Consultas,CONSULTAS,6254,,,,
Canarias,ES70,2023,2023,Medicina Familia y Comunitaria - Atención primaria (AP),FAMILIA_COMUNITARIA_AP,Domicilio,DOMICILIO,Consultas,CONSULTAS,52719,,,,
Canarias,ES70,2023,2023,Medicina Familia y Comunitaria - Atención primaria (AP),FAMILIA_COMUNITARIA_AP,Teleconsulta,TELECONSULTA,Consultas,CONSULTAS,3043870,,,,
Canarias,ES70,2023,2023,Medicina Familia y Comunitaria - Atención primaria (AP),FAMILIA_COMUNITARIA_AP,Total,_T,Consultas,CONSULTAS,9996634,,,,
Canarias,ES70,2023,2023,Medicina Familia y Comunitaria - Atención primaria (AP),FAMILIA_COMUNITARIA_AP,Centro,CENTRO,Consultas,CONSULTAS,6900045,,,,
Lanzarote,ES708,2023,2023,Medicina Familia y Comunitaria - Atención primaria (AP),FAMILIA_COMUNITARIA_AP,Domicilio,DOMICILIO,Consultas,CONSULTAS,2021,,,,
Lanzarote,ES708,2023,2023,Medicina Familia y Comunitaria - Atención primaria (AP),FAMILIA_COMUNITARIA_AP,Teleconsulta,TELECONSULTA,Consultas,CONSULTAS,143425,,,,
Lanzarote,ES708,2023,2023,Medicina Familia y Comunitaria - Atención primaria (AP),FAMILIA_COMUNITARIA_AP,Total,_T,Consultas,CONSULTAS,675453,,,,
Lanzarote,ES708,2023,2023,Medicina Familia y Comunitaria - Atención primaria (AP),FAMILIA_COMUNITARIA_AP,Centro,CENTRO,Consultas,CONSULTAS,530007,,,,
Fuerteventura,ES704,2023,2023,Medicina Familia y Comunitaria - Atención primaria (AP),FAMILIA_COMUNITARIA_AP,Domicilio,DOMICILIO,Consultas,CONSULTAS,1552,,,,
Fuerteventura,ES704,2023,2023,Medicina Familia y Comunitaria - Atención primaria (AP),FAMILIA_COMUNITARIA_AP,Teleconsulta,TELECONSULTA,Consultas,CONSULTAS,81892,,,,
Fuerteventura,ES704,2023,2023,Medicina Familia y Comunitaria - Atención primaria (AP),FAMILIA_COMUNITARIA_AP,Total,_T,Consultas,CONSULTAS,452174,,,,
Fuerteventura,ES704,2023,2023,Medicina Familia y Comunitaria - Atención primaria (AP),FAMILIA_COMUNITARIA_AP,Centro,CENTRO,Consultas,CONSULTAS,368730,,,,
Gran Canaria,ES705,2023,2023,Medicina Familia y Comunitaria - Atención primaria (AP),FAMILIA_COMUNITARIA_AP,Domicilio,DOMICILIO,Consultas,CONSULTAS,16204,,,,
Gran Canaria,ES705,2023,2023,Medicina Familia y Comunitaria - Atención primaria (AP),FAMILIA_COMUNITARIA_AP,Teleconsulta,TELECONSULTA,Consultas,CONSULTAS,1629822,,,,
Gran Canaria,ES705,2023,2023,Medicina Familia y Comunitaria - Atención primaria (AP),FAMILIA_COMUNITARIA_AP,Total,_T,Consultas,CONSULTAS,4125306,,,,
Gran Canaria,ES705,2023,2023,Medicina Familia y Comunitaria - Atención primaria (AP),FAMILIA_COMUNITARIA_AP,Centro,CENTRO,Consultas,CONSULTAS,2479280,,,,
Tenerife,ES709,2023,2023,Medicina Familia y Comunitaria - Atención primaria (AP),FAMILIA_COMUNITARIA_AP,Domicilio,DOMICILIO,Consultas,CONSULTAS,27225,,,,
Tenerife,ES709,2023,2023,Medicina Familia y Comunitaria - Atención primaria (AP),FAMILIA_COMUNITARIA_AP,Teleconsulta,TELECONSULTA,Consultas,CONSULTAS,1050209,,,,
Tenerife,ES709,2023,2023,Medicina Familia y Comunitaria - Atención primaria (AP),FAMILIA_COMUNITARIA_AP,Total,_T,Consultas,CONSULTAS,4209906,,,,
Tenerife,ES709,2023,2023,Medicina Familia y Comunitaria - Atención primaria (AP),FAMILIA_COMUNITARIA_AP,Centro,CENTRO,Consultas,CONSULTAS,3132472,,,,
La Gomera,ES706,2023,2023,Medicina Familia y Comunitaria - Atención primaria (AP),FAMILIA_COMUNITARIA_AP,Domicilio,DOMICILIO,Consultas,CONSULTAS,1362,,,,
La Gomera,ES706,2023,2023,Medicina Familia y Comunitaria - Atención primaria (AP),FAMILIA_COMUNITARIA_AP,Teleconsulta,TELECONSULTA,Consultas,CONSULTAS,20285,,,,
La Gomera,ES706,2023,2023,Medicina Familia y Comunitaria - Atención primaria (AP),FAMILIA_COMUNITARIA_AP,Total,_T,Consultas,CONSULTAS,101746,,,,
La Gomera,ES706,2023,2023,Medicina Familia y Comunitaria - Atención primaria (AP),FAMILIA_COMUNITARIA_AP,Centro,CENTRO,Consultas,CONSULTAS,80099,,,,
La Palma,ES707,2023,2023,Medicina Familia y Comunitaria - Atención primaria (AP),FAMILIA_COMUNITARIA_AP,Domicilio,DOMICILIO,Consultas,CONSULTAS,3348,,,,
La Palma,ES707,2023,2023,Medicina Familia y Comunitaria - Atención primaria (AP),FAMILIA_COMUNITARIA_AP,Teleconsulta,TELECONSULTA,Consultas,CONSULTAS,107530,,,,
La Palma,ES707,2023,2023,Medicina Familia y Comunitaria - Atención primaria (AP),FAMILIA_COMUNITARIA_AP,Total,_T,Consultas,CONSULTAS,379158,,,,
La Palma,ES707,2023,2023,Medicina Familia y Comunitaria - Atención primaria (AP),FAMILIA_COMUNITARIA_AP,Centro,CENTRO,Consultas,CONSULTAS,268280,,,,
El Hierro,ES703,2023,2023,Medicina Familia y Comunitaria - Atención primaria (AP),FAMILIA_COMUNITARIA_AP,Domicilio,DOMICILIO,Consultas,CONSULTAS,1007,,,,
El Hierro,ES703,2023,2023,Medicina Familia y Comunitaria - Atención primaria (AP),FAMILIA_COMUNITARIA_AP,Teleconsulta,TELECONSULTA,Consultas,CONSULTAS,10707,,,,
El Hierro,ES703,2023,2023,Medicina Familia y Comunitaria - Atención primaria (AP),FAMILIA_COMUNITARIA_AP,Total,_T,Consultas,CONSULTAS,52891,,,,
El Hierro,ES703,2023,2023,Medicina Familia y Comunitaria - Atención primaria (AP),FAMILIA_COMUNITARIA_AP,Centro,CENTRO,Consultas,CONSULTAS,41177,,,,
Canarias,ES70,2024,2024,Enfermería - Atención primaria (AP),ENFERMERIA_AP,Domicilio,DOMICILIO,Consultas,CONSULTAS,364154,,,,
Canarias,ES70,2024,2024,Enfermería - Atención primaria (AP),ENFERMERIA_AP,Teleconsulta,TELECONSULTA,Consultas,CONSULTAS,332623,,,,
Canarias,ES70,2024,2024,Enfermería - Atención primaria (AP),ENFERMERIA_AP,Total,_T,Consultas,CONSULTAS,5146805,,,,
Canarias,ES70,2024,2024,Enfermería - Atención primaria (AP),ENFERMERIA_AP,Centro,CENTRO,Consultas,CONSULTAS,4450028,,,,
Lanzarote,ES708,2024,2024,Enfermería - Atención primaria (AP),ENFERMERIA_AP,Domicilio,DOMICILIO,Consultas,CONSULTAS,20178,,,,
Lanzarote,ES708,2024,2024,Enfermería - Atención primaria (AP),ENFERMERIA_AP,Teleconsulta,TELECONSULTA,Consultas,CONSULTAS,17595,,,,
Lanzarote,ES708,2024,2024,Enfermería - Atención primaria (AP),ENFERMERIA_AP,Total,_T,Consultas,CONSULTAS,360616,,,,
Lanzarote,ES708,2024,2024,Enfermería - Atención primaria (AP),ENFERMERIA_AP,Centro,CENTRO,Consultas,CONSULTAS,322843,,,,
Fuerteventura,ES704,2024,2024,Enfermería - Atención primaria (AP),ENFERMERIA_AP,Domicilio,DOMICILIO,Consultas,CONSULTAS,15372,,,,
Fuerteventura,ES704,2024,2024,Enfermería - Atención primaria (AP),ENFERMERIA_AP,Teleconsulta,TELECONSULTA,Consultas,CONSULTAS,13217,,,,
Fuerteventura,ES704,2024,2024,Enfermería - Atención primaria (AP),ENFERMERIA_AP,Total,_T,Consultas,CONSULTAS,245708,,,,
Fuerteventura,ES704,2024,2024,Enfermería - Atención primaria (AP),ENFERMERIA_AP,Centro,CENTRO,Consultas,CONSULTAS,217119,,,,
Gran Canaria,ES705,2024,2024,Enfermería - Atención primaria (AP),ENFERMERIA_AP,Domicilio,DOMICILIO,Consultas,CONSULTAS,169551,,,,
Gran Canaria,ES705,2024,2024,Enfermería - Atención primaria (AP),ENFERMERIA_AP,Teleconsulta,TELECONSULTA,Consultas,CONSULTAS,102449,,,,
Gran Canaria,ES705,2024,2024,Enfermería - Atención primaria (AP),ENFERMERIA_AP,Total,_T,Consultas,CONSULTAS,1802501,,,,
Gran Canaria,ES705,2024,2024,Enfermería - Atención primaria (AP),ENFERMERIA_AP,Centro,CENTRO,Consultas,CONSULTAS,1530501,,,,
Tenerife,ES709,2024,2024,Enfermería - Atención primaria (AP),ENFERMERIA_AP,Domicilio,DOMICILIO,Consultas,CONSULTAS,125843,,,,
Tenerife,ES709,2024,2024,Enfermería - Atención primaria (AP),ENFERMERIA_AP,Teleconsulta,TELECONSULTA,Consultas,CONSULTAS,190157,,,,
Tenerife,ES709,2024,2024,Enfermería - Atención primaria (AP),ENFERMERIA_AP,Total,_T,Consultas,CONSULTAS,2418970,,,,
Tenerife,ES709,2024,2024,Enfermería - Atención primaria (AP),ENFERMERIA_AP,Centro,CENTRO,Consultas,CONSULTAS,2102970,,,,
La Gomera,ES706,2024,2024,Enfermería - Atención primaria (AP),ENFERMERIA_AP,Domicilio,DOMICILIO,Consultas,CONSULTAS,6485,,,,
La Gomera,ES706,2024,2024,Enfermería - Atención primaria (AP),ENFERMERIA_AP,Teleconsulta,TELECONSULTA,Consultas,CONSULTAS,1394,,,,
La Gomera,ES706,2024,2024,Enfermería - Atención primaria (AP),ENFERMERIA_AP,Total,_T,Consultas,CONSULTAS,62696,,,,
La Gomera,ES706,2024,2024,Enfermería - Atención primaria (AP),ENFERMERIA_AP,Centro,CENTRO,Consultas,CONSULTAS,54817,,,,
La Palma,ES707,2024,2024,Enfermería - Atención primaria (AP),ENFERMERIA_AP,Domicilio,DOMICILIO,Consultas,CONSULTAS,22905,,,,
La Palma,ES707,2024,2024,Enfermería - Atención primaria (AP),ENFERMERIA_AP,Teleconsulta,TELECONSULTA,Consultas,CONSULTAS,7138,,,,
La Palma,ES707,2024,2024,Enfermería - Atención primaria (AP),ENFERMERIA_AP,Total,_T,Consultas,CONSULTAS,222327,,,,
La Palma,ES707,2024,2024,Enfermería - Atención primaria (AP),ENFERMERIA_AP,Centro,CENTRO,Consultas,CONSULTAS,192284,,,,
El Hierro,ES703,2024,2024,Enfermería - Atención primaria (AP),ENFERMERIA_AP,Domicilio,DOMICILIO,Consultas,CONSULTAS,3820,,,,
El Hierro,ES703,2024,2024,Enfermería - Atención primaria (AP),ENFERMERIA_AP,Teleconsulta,TELECONSULTA,Consultas,CONSULTAS,673,,,,
El Hierro,ES703,2024,2024,Enfermería - Atención primaria (AP),ENFERMERIA_AP,Total,_T,Consultas,CONSULTAS,33987,,,,
El Hierro,ES703,2024,2024,Enfermería - Atención primaria (AP),ENFERMERIA_AP,Centro,CENTRO,Consultas,CONSULTAS,29494,,,,
Canarias,ES70,2024,2024,Pediatría - Atención primaria (AP),PEDIATRIA_AP,Domicilio,DOMICILIO,Consultas,CONSULTAS,44,,,,
Canarias,ES70,2024,2024,Pediatría - Atención primaria (AP),PEDIATRIA_AP,Teleconsulta,TELECONSULTA,Consultas,CONSULTAS,282445,,,,
Canarias,ES70,2024,2024,Pediatría - Atención primaria (AP),PEDIATRIA_AP,Total,_T,Consultas,CONSULTAS,1409340,,,,
Canarias,ES70,2024,2024,Pediatría - Atención primaria (AP),PEDIATRIA_AP,Centro,CENTRO,Consultas,CONSULTAS,1126851,,,,
Lanzarote,ES708,2024,2024,Pediatría - Atención primaria (AP),PEDIATRIA_AP,Domicilio,DOMICILIO,Consultas,CONSULTAS,0,,,,
Lanzarote,ES708,2024,2024,Pediatría - Atención primaria (AP),PEDIATRIA_AP,Teleconsulta,TELECONSULTA,Consultas,CONSULTAS,14503,,,,
Lanzarote,ES708,2024,2024,Pediatría - Atención primaria (AP),PEDIATRIA_AP,Total,_T,Consultas,CONSULTAS,111945,,,,
Lanzarote,ES708,2024,2024,Pediatría - Atención primaria (AP),PEDIATRIA_AP,Centro,CENTRO,Consultas,CONSULTAS,97442,,,,
Fuerteventura,ES704,2024,2024,Pediatría - Atención primaria (AP),PEDIATRIA_AP,Domicilio,DOMICILIO,Consultas,CONSULTAS,1,,,,
Fuerteventura,ES704,2024,2024,Pediatría - Atención primaria (AP),PEDIATRIA_AP,Teleconsulta,TELECONSULTA,Consultas,CONSULTAS,10434,,,,
Fuerteventura,ES704,2024,2024,Pediatría - Atención primaria (AP),PEDIATRIA_AP,Total,_T,Consultas,CONSULTAS,71129,,,,
Fuerteventura,ES704,2024,2024,Pediatría - Atención primaria (AP),PEDIATRIA_AP,Centro,CENTRO,Consultas,CONSULTAS,60694,,,,
Gran Canaria,ES705,2024,2024,Pediatría - Atención primaria (AP),PEDIATRIA_AP,Domicilio,DOMICILIO,Consultas,CONSULTAS,13,,,,
Gran Canaria,ES705,2024,2024,Pediatría - Atención primaria (AP),PEDIATRIA_AP,Teleconsulta,TELECONSULTA,Consultas,CONSULTAS,122936,,,,
Gran Canaria,ES705,2024,2024,Pediatría - Atención primaria (AP),PEDIATRIA_AP,Total,_T,Consultas,CONSULTAS,473781,,,,
Gran Canaria,ES705,2024,2024,Pediatría - Atención primaria (AP),PEDIATRIA_AP,Centro,CENTRO,Consultas,CONSULTAS,350832,,,,
Tenerife,ES709,2024,2024,Pediatría - Atención primaria (AP),PEDIATRIA_AP,Domicilio,DOMICILIO,Consultas,CONSULTAS,21,,,,
Tenerife,ES709,2024,2024,Pediatría - Atención primaria (AP),PEDIATRIA_AP,Teleconsulta,TELECONSULTA,Consultas,CONSULTAS,123964,,,,
Tenerife,ES709,2024,2024,Pediatría - Atención primaria (AP),PEDIATRIA_AP,Total,_T,Consultas,CONSULTAS,687975,,,,
Tenerife,ES709,2024,2024,Pediatría - Atención primaria (AP),PEDIATRIA_AP,Centro,CENTRO,Consultas,CONSULTAS,563990,,,,
La Gomera,ES706,2024,2024,Pediatría - Atención primaria (AP),PEDIATRIA_AP,Domicilio,DOMICILIO,Consultas,CONSULTAS,0,,,,
La Gomera,ES706,2024,2024,Pediatría - Atención primaria (AP),PEDIATRIA_AP,Teleconsulta,TELECONSULTA,Consultas,CONSULTAS,1062,,,,
La Gomera,ES706,2024,2024,Pediatría - Atención primaria (AP),PEDIATRIA_AP,Total,_T,Consultas,CONSULTAS,6098,,,,
La Gomera,ES706,2024,2024,Pediatría - Atención primaria (AP),PEDIATRIA_AP,Centro,CENTRO,Consultas,CONSULTAS,5036,,,,
La Palma,ES707,2024,2024,Pediatría - Atención primaria (AP),PEDIATRIA_AP,Domicilio,DOMICILIO,Consultas,CONSULTAS,9,,,,
La Palma,ES707,2024,2024,Pediatría - Atención primaria (AP),PEDIATRIA_AP,Teleconsulta,TELECONSULTA,Consultas,CONSULTAS,8785,,,,
La Palma,ES707,2024,2024,Pediatría - Atención primaria (AP),PEDIATRIA_AP,Total,_T,Consultas,CONSULTAS,51607,,,,
La Palma,ES707,2024,2024,Pediatría - Atención primaria (AP),PEDIATRIA_AP,Centro,CENTRO,Consultas,CONSULTAS,42813,,,,
El Hierro,ES703,2024,2024,Pediatría - Atención primaria (AP),PEDIATRIA_AP,Domicilio,DOMICILIO,Consultas,CONSULTAS,0,,,,
El Hierro,ES703,2024,2024,Pediatría - Atención primaria (AP),PEDIATRIA_AP,Teleconsulta,TELECONSULTA,Consultas,CONSULTAS,761,,,,
El Hierro,ES703,2024,2024,Pediatría - Atención primaria (AP),PEDIATRIA_AP,Total,_T,Consultas,CONSULTAS,6805,,,,
El Hierro,ES703,2024,2024,Pediatría - Atención primaria (AP),PEDIATRIA_AP,Centro,CENTRO,Consultas,CONSULTAS,6044,,,,
Canarias,ES70,2024,2024,Medicina Familia y Comunitaria - Atención primaria (AP),FAMILIA_COMUNITARIA_AP,Domicilio,DOMICILIO,Consultas,CONSULTAS,53146,,,,
Canarias,ES70,2024,2024,Medicina Familia y Comunitaria - Atención primaria (AP),FAMILIA_COMUNITARIA_AP,Teleconsulta,TELECONSULTA,Consultas,CONSULTAS,2779386,,,,
Canarias,ES70,2024,2024,Medicina Familia y Comunitaria - Atención primaria (AP),FAMILIA_COMUNITARIA_AP,Total,_T,Consultas,CONSULTAS,10188177,,,,
Canarias,ES70,2024,2024,Medicina Familia y Comunitaria - Atención primaria (AP),FAMILIA_COMUNITARIA_AP,Centro,CENTRO,Consultas,CONSULTAS,7355645,,,,
Lanzarote,ES708,2024,2024,Medicina Familia y Comunitaria - Atención primaria (AP),FAMILIA_COMUNITARIA_AP,Domicilio,DOMICILIO,Consultas,CONSULTAS,1706,,,,
Lanzarote,ES708,2024,2024,Medicina Familia y Comunitaria - Atención primaria (AP),FAMILIA_COMUNITARIA_AP,Teleconsulta,TELECONSULTA,Consultas,CONSULTAS,146760,,,,
Lanzarote,ES708,2024,2024,Medicina Familia y Comunitaria - Atención primaria (AP),FAMILIA_COMUNITARIA_AP,Total,_T,Consultas,CONSULTAS,724486,,,,
Lanzarote,ES708,2024,2024,Medicina Familia y Comunitaria - Atención primaria (AP),FAMILIA_COMUNITARIA_AP,Centro,CENTRO,Consultas,CONSULTAS,576020,,,,
Fuerteventura,ES704,2024,2024,Medicina Familia y Comunitaria - Atención primaria (AP),FAMILIA_COMUNITARIA_AP,Domicilio,DOMICILIO,Consultas,CONSULTAS,1309,,,,
Fuerteventura,ES704,2024,2024,Medicina Familia y Comunitaria - Atención primaria (AP),FAMILIA_COMUNITARIA_AP,Teleconsulta,TELECONSULTA,Consultas,CONSULTAS,81550,,,,
Fuerteventura,ES704,2024,2024,Medicina Familia y Comunitaria - Atención primaria (AP),FAMILIA_COMUNITARIA_AP,Total,_T,Consultas,CONSULTAS,457861,,,,
Fuerteventura,ES704,2024,2024,Medicina Familia y Comunitaria - Atención primaria (AP),FAMILIA_COMUNITARIA_AP,Centro,CENTRO,Consultas,CONSULTAS,375002,,,,
Gran Canaria,ES705,2024,2024,Medicina Familia y Comunitaria - Atención primaria (AP),FAMILIA_COMUNITARIA_AP,Domicilio,DOMICILIO,Consultas,CONSULTAS,16247,,,,
Gran Canaria,ES705,2024,2024,Medicina Familia y Comunitaria - Atención primaria (AP),FAMILIA_COMUNITARIA_AP,Teleconsulta,TELECONSULTA,Consultas,CONSULTAS,1576296,,,,
Gran Canaria,ES705,2024,2024,Medicina Familia y Comunitaria - Atención primaria (AP),FAMILIA_COMUNITARIA_AP,Total,_T,Consultas,CONSULTAS,4187890,,,,
Gran Canaria,ES705,2024,2024,Medicina Familia y Comunitaria - Atención primaria (AP),FAMILIA_COMUNITARIA_AP,Centro,CENTRO,Consultas,CONSULTAS,2595347,,,,
Tenerife,ES709,2024,2024,Medicina Familia y Comunitaria - Atención primaria (AP),FAMILIA_COMUNITARIA_AP,Domicilio,DOMICILIO,Consultas,CONSULTAS,28162,,,,
Tenerife,ES709,2024,2024,Medicina Familia y Comunitaria - Atención primaria (AP),FAMILIA_COMUNITARIA_AP,Teleconsulta,TELECONSULTA,Consultas,CONSULTAS,844201,,,,
Tenerife,ES709,2024,2024,Medicina Familia y Comunitaria - Atención primaria (AP),FAMILIA_COMUNITARIA_AP,Total,_T,Consultas,CONSULTAS,4274616,,,,
Tenerife,ES709,2024,2024,Medicina Familia y Comunitaria - Atención primaria (AP),FAMILIA_COMUNITARIA_AP,Centro,CENTRO,Consultas,CONSULTAS,3402253,,,,
La Gomera,ES706,2024,2024,Medicina Familia y Comunitaria - Atención primaria (AP),FAMILIA_COMUNITARIA_AP,Domicilio,DOMICILIO,Consultas,CONSULTAS,1486,,,,
La Gomera,ES706,2024,2024,Medicina Familia y Comunitaria - Atención primaria (AP),FAMILIA_COMUNITARIA_AP,Teleconsulta,TELECONSULTA,Consultas,CONSULTAS,19310,,,,
La Gomera,ES706,2024,2024,Medicina Familia y Comunitaria - Atención primaria (AP),FAMILIA_COMUNITARIA_AP,Total,_T,Consultas,CONSULTAS,105194,,,,
La Gomera,ES706,2024,2024,Medicina Familia y Comunitaria - Atención primaria (AP),FAMILIA_COMUNITARIA_AP,Centro,CENTRO,Consultas,CONSULTAS,84398,,,,
La Palma,ES707,2024,2024,Medicina Familia y Comunitaria - Atención primaria (AP),FAMILIA_COMUNITARIA_AP,Domicilio,DOMICILIO,Consultas,CONSULTAS,3499,,,,
La Palma,ES707,2024,2024,Medicina Familia y Comunitaria - Atención primaria (AP),FAMILIA_COMUNITARIA_AP,Teleconsulta,TELECONSULTA,Consultas,CONSULTAS,103094,,,,
La Palma,ES707,2024,2024,Medicina Familia y Comunitaria - Atención primaria (AP),FAMILIA_COMUNITARIA_AP,Total,_T,Consultas,CONSULTAS,386414,,,,
La Palma,ES707,2024,2024,Medicina Familia y Comunitaria - Atención primaria (AP),FAMILIA_COMUNITARIA_AP,Centro,CENTRO,Consultas,CONSULTAS,279821,,,,
El Hierro,ES703,2024,2024,Medicina Familia y Comunitaria - Atención primaria (AP),FAMILIA_COMUNITARIA_AP,Domicilio,DOMICILIO,Consultas,CONSULTAS,737,,,,
El Hierro,ES703,2024,2024,Medicina Familia y Comunitaria - Atención primaria (AP),FAMILIA_COMUNITARIA_AP,Teleconsulta,TELECONSULTA,Consultas,CONSULTAS,8175,,,,
El Hierro,ES703,2024,2024,Medicina Familia y Comunitaria - Atención primaria (AP),FAMILIA_COMUNITARIA_AP,Total,_T,Consultas,CONSULTAS,51716,,,,
El Hierro,ES703,2024,2024,Medicina Familia y Comunitaria - Atención primaria (AP),FAMILIA_COMUNITARIA_AP,Centro,CENTRO,Consultas,CONSULTAS,42804,,,,
