TERRITORIO#es,TERRITORIO_CODE,TIME_PERIOD#es,TIME_PERIOD_CODE,CONSULTAS_EXTERNAS#es,CONSULTAS_EXTERNAS_CODE,MEDIDAS#es,MEDIDAS_CODE,OBS_VALUE,ESTADO_OBSERVACION#es,ESTADO_OBSERVACION_CODE,CONFIDENCIALIDAD_OBSERVACION#es,NOTAS_OBSERVACION#es
Canarias,ES70,06/2017,2017-M06,Urología,UROLOGIA,Población en lista de espera,POBLACION_LISTA_ESPERA,4067,,,,
Lanzarote,ES708,06/2017,2017-M06,Urología,UROLOGIA,Población en lista de espera,POBLACION_LISTA_ESPERA,66,,,,
Fuerteventura,ES704,06/2017,2017-M06,Urología,UROLOGIA,Población en lista de espera,POBLACION_LISTA_ESPERA,107,,,,
Gran Canaria,ES705,06/2017,2017-M06,Urología,UROLOGIA,Población en lista de espera,POBLACION_LISTA_ESPERA,1463,,,,
Tenerife,ES709,06/2017,2017-M06,Urología,UROLOGIA,Población en lista de espera,POBLACION_LISTA_ESPERA,2264,,,,
La Gomera,ES706,06/2017,2017-M06,Urología,UROLOGIA,Población en lista de espera,POBLACION_LISTA_ESPERA,0,,,,
La Palma,ES707,06/2017,2017-M06,Urología,UROLOGIA,Población en lista de espera,POBLACION_LISTA_ESPERA,155,,,,
El Hierro,ES703,06/2017,2017-M06,Urología,UROLOGIA,Población en lista de espera,POBLACION_LISTA_ESPERA,12,,,,
Canarias,ES70,06/2017,2017-M06,Traumatología y cirugía ortopédica,TRAUMATOLOGIA_CIRUGIA_ORTOPEDICA,Población en lista de espera,POBLACION_LISTA_ESPERA,21172,,,,
Lanzarote,ES708,06/2017,2017-M06,Traumatología y cirugía ortopédica,TRAUMATOLOGIA_CIRUGIA_ORTOPEDICA,Población en lista de espera,POBLACION_LISTA_ESPERA,27,,,,
Fuerteventura,ES704,06/2017,2017-M06,Traumatología y cirugía ortopédica,TRAUMATOLOGIA_CIRUGIA_ORTOPEDICA,Población en lista de espera,POBLACION_LISTA_ESPERA,276,,,,
Gran Canaria,ES705,06/2017,2017-M06,Traumatología y cirugía ortopédica,TRAUMATOLOGIA_CIRUGIA_ORTOPEDICA,Población en lista de espera,POBLACION_LISTA_ESPERA,11843,,,,
Tenerife,ES709,06/2017,2017-M06,Traumatología y cirugía ortopédica,TRAUMATOLOGIA_CIRUGIA_ORTOPEDICA,Población en lista de espera,POBLACION_LISTA_ESPERA,8789,,,,
La Gomera,ES706,06/2017,2017-M06,Traumatología y cirugía ortopédica,TRAUMATOLOGIA_CIRUGIA_ORTOPEDICA,Población en lista de espera,POBLACION_LISTA_ESPERA,109,,,,
La Palma,ES707,06/2017,2017-M06,Traumatología y cirugía ortopédica,TRAUMATOLOGIA_CIRUGIA_ORTOPEDICA,Población en lista de espera,POBLACION_LISTA_ESPERA,105,,,,
El Hierro,ES703,06/2017,2017-M06,Traumatología y cirugía ortopédica,TRAUMATOLOGIA_CIRUGIA_ORTOPEDICA,Población en lista de espera,POBLACION_LISTA_ESPERA,23,,,,
Canarias,ES70,06/2017,2017-M06,Total,_T,Población en lista de espera,POBLACION_LISTA_ESPERA,131926,,,,
Lanzarote,ES708,06/2017,2017-M06,Total,_T,Población en lista de espera,POBLACION_LISTA_ESPERA,1254,,,,
Fuerteventura,ES704,06/2017,2017-M06,Total,_T,Población en lista de espera,POBLACION_LISTA_ESPERA,3035,,,,
Gran Canaria,ES705,06/2017,2017-M06,Total,_T,Población en lista de espera,POBLACION_LISTA_ESPERA,56757,,,,
Tenerife,ES709,06/2017,2017-M06,Total,_T,Población en lista de espera,POBLACION_LISTA_ESPERA,67636,,,,
La Gomera,ES706,06/2017,2017-M06,Total,_T,Población en lista de espera,POBLACION_LISTA_ESPERA,392,,,,
La Palma,ES707,06/2017,2017-M06,Total,_T,Población en lista de espera,POBLACION_LISTA_ESPERA,2297,,,,
El Hierro,ES703,06/2017,2017-M06,Total,_T,Población en lista de espera,POBLACION_LISTA_ESPERA,555,,,,
Canarias,ES70,06/2017,2017-M06,Reumatología,REUMATOLOGIA,Población en lista de espera,POBLACION_LISTA_ESPERA,1548,,,,
Lanzarote,ES708,06/2017,2017-M06,Reumatología,REUMATOLOGIA,Población en lista de espera,POBLACION_LISTA_ESPERA,68,,,,
Fuerteventura,ES704,06/2017,2017-M06,Reumatología,REUMATOLOGIA,Población en lista de espera,POBLACION_LISTA_ESPERA,0,,,,
Gran Canaria,ES705,06/2017,2017-M06,Reumatología,REUMATOLOGIA,Población en lista de espera,POBLACION_LISTA_ESPERA,740,,,,
Tenerife,ES709,06/2017,2017-M06,Reumatología,REUMATOLOGIA,Población en lista de espera,POBLACION_LISTA_ESPERA,684,,,,
La Gomera,ES706,06/2017,2017-M06,Reumatología,REUMATOLOGIA,Población en lista de espera,POBLACION_LISTA_ESPERA,0,,,,
La Palma,ES707,06/2017,2017-M06,Reumatología,REUMATOLOGIA,Población en lista de espera,POBLACION_LISTA_ESPERA,56,,,,
El Hierro,ES703,06/2017,2017-M06,Reumatología,REUMATOLOGIA,Población en lista de espera,POBLACION_LISTA_ESPERA,0,,,,
Canarias,ES70,06/2017,2017-M06,Rehabilitación,REHABILITACION,Población en lista de espera,POBLACION_LISTA_ESPERA,8694,,,,
Lanzarote,ES708,06/2017,2017-M06,Rehabilitación,REHABILITACION,Población en lista de espera,POBLACION_LISTA_ESPERA,151,,,,
Fuerteventura,ES704,06/2017,2017-M06,Rehabilitación,REHABILITACION,Población en lista de espera,POBLACION_LISTA_ESPERA,490,,,,
Gran Canaria,ES705,06/2017,2017-M06,Rehabilitación,REHABILITACION,Población en lista de espera,POBLACION_LISTA_ESPERA,4207,,,,
Tenerife,ES709,06/2017,2017-M06,Rehabilitación,REHABILITACION,Población en lista de espera,POBLACION_LISTA_ESPERA,3388,,,,
La Gomera,ES706,06/2017,2017-M06,Rehabilitación,REHABILITACION,Población en lista de espera,POBLACION_LISTA_ESPERA,12,,,,
La Palma,ES707,06/2017,2017-M06,Rehabilitación,REHABILITACION,Población en lista de espera,POBLACION_LISTA_ESPERA,297,,,,
El Hierro,ES703,06/2017,2017-M06,Rehabilitación,REHABILITACION,Población en lista de espera,POBLACION_LISTA_ESPERA,149,,,,
Canarias,ES70,06/2017,2017-M06,Psiquiatría,PSIQUIATRIA,Población en lista de espera,POBLACION_LISTA_ESPERA,2106,,,,
Lanzarote,ES708,06/2017,2017-M06,Psiquiatría,PSIQUIATRIA,Población en lista de espera,POBLACION_LISTA_ESPERA,24,,,,
Fuerteventura,ES704,06/2017,2017-M06,Psiquiatría,PSIQUIATRIA,Población en lista de espera,POBLACION_LISTA_ESPERA,276,,,,
Gran Canaria,ES705,06/2017,2017-M06,Psiquiatría,PSIQUIATRIA,Población en lista de espera,POBLACION_LISTA_ESPERA,968,,,,
Tenerife,ES709,06/2017,2017-M06,Psiquiatría,PSIQUIATRIA,Población en lista de espera,POBLACION_LISTA_ESPERA,796,,,,
La Gomera,ES706,06/2017,2017-M06,Psiquiatría,PSIQUIATRIA,Población en lista de espera,POBLACION_LISTA_ESPERA,0,,,,
La Palma,ES707,06/2017,2017-M06,Psiquiatría,PSIQUIATRIA,Población en lista de espera,POBLACION_LISTA_ESPERA,37,,,,
El Hierro,ES703,06/2017,2017-M06,Psiquiatría,PSIQUIATRIA,Población en lista de espera,POBLACION_LISTA_ESPERA,5,,,,
Canarias,ES70,06/2017,2017-M06,Pediatría,PEDIATRIA,Población en lista de espera,POBLACION_LISTA_ESPERA,948,,,,
Lanzarote,ES708,06/2017,2017-M06,Pediatría,PEDIATRIA,Población en lista de espera,POBLACION_LISTA_ESPERA,75,,,,
Fuerteventura,ES704,06/2017,2017-M06,Pediatría,PEDIATRIA,Población en lista de espera,POBLACION_LISTA_ESPERA,23,,,,
Gran Canaria,ES705,06/2017,2017-M06,Pediatría,PEDIATRIA,Población en lista de espera,POBLACION_LISTA_ESPERA,199,,,,
Tenerife,ES709,06/2017,2017-M06,Pediatría,PEDIATRIA,Población en lista de espera,POBLACION_LISTA_ESPERA,640,,,,
La Gomera,ES706,06/2017,2017-M06,Pediatría,PEDIATRIA,Población en lista de espera,POBLACION_LISTA_ESPERA,8,,,,
La Palma,ES707,06/2017,2017-M06,Pediatría,PEDIATRIA,Población en lista de espera,POBLACION_LISTA_ESPERA,3,,,,
El Hierro,ES703,06/2017,2017-M06,Pediatría,PEDIATRIA,Población en lista de espera,POBLACION_LISTA_ESPERA,0,,,,
Canarias,ES70,06/2017,2017-M06,Otorrinolaringología,OTORRINOLARINGOLOGIA,Población en lista de espera,POBLACION_LISTA_ESPERA,9619,,,,
Lanzarote,ES708,06/2017,2017-M06,Otorrinolaringología,OTORRINOLARINGOLOGIA,Población en lista de espera,POBLACION_LISTA_ESPERA,96,,,,
Fuerteventura,ES704,06/2017,2017-M06,Otorrinolaringología,OTORRINOLARINGOLOGIA,Población en lista de espera,POBLACION_LISTA_ESPERA,456,,,,
Gran Canaria,ES705,06/2017,2017-M06,Otorrinolaringología,OTORRINOLARINGOLOGIA,Población en lista de espera,POBLACION_LISTA_ESPERA,4830,,,,
Tenerife,ES709,06/2017,2017-M06,Otorrinolaringología,OTORRINOLARINGOLOGIA,Población en lista de espera,POBLACION_LISTA_ESPERA,4018,,,,
La Gomera,ES706,06/2017,2017-M06,Otorrinolaringología,OTORRINOLARINGOLOGIA,Población en lista de espera,POBLACION_LISTA_ESPERA,46,,,,
La Palma,ES707,06/2017,2017-M06,Otorrinolaringología,OTORRINOLARINGOLOGIA,Población en lista de espera,POBLACION_LISTA_ESPERA,143,,,,
El Hierro,ES703,06/2017,2017-M06,Otorrinolaringología,OTORRINOLARINGOLOGIA,Población en lista de espera,POBLACION_LISTA_ESPERA,30,,,,
Canarias,ES70,06/2017,2017-M06,Oftalmología,OFTALMOLOGIA,Población en lista de espera,POBLACION_LISTA_ESPERA,28821,,,,
Lanzarote,ES708,06/2017,2017-M06,Oftalmología,OFTALMOLOGIA,Población en lista de espera,POBLACION_LISTA_ESPERA,100,,,,
Fuerteventura,ES704,06/2017,2017-M06,Oftalmología,OFTALMOLOGIA,Población en lista de espera,POBLACION_LISTA_ESPERA,193,,,,
Gran Canaria,ES705,06/2017,2017-M06,Oftalmología,OFTALMOLOGIA,Población en lista de espera,POBLACION_LISTA_ESPERA,11794,,,,
Tenerife,ES709,06/2017,2017-M06,Oftalmología,OFTALMOLOGIA,Población en lista de espera,POBLACION_LISTA_ESPERA,16330,,,,
La Gomera,ES706,06/2017,2017-M06,Oftalmología,OFTALMOLOGIA,Población en lista de espera,POBLACION_LISTA_ESPERA,70,,,,
La Palma,ES707,06/2017,2017-M06,Oftalmología,OFTALMOLOGIA,Población en lista de espera,POBLACION_LISTA_ESPERA,225,,,,
El Hierro,ES703,06/2017,2017-M06,Oftalmología,OFTALMOLOGIA,Población en lista de espera,POBLACION_LISTA_ESPERA,109,,,,
Canarias,ES70,06/2017,2017-M06,Neurología,NEUROLOGIA,Población en lista de espera,POBLACION_LISTA_ESPERA,2549,,,,
Lanzarote,ES708,06/2017,2017-M06,Neurología,NEUROLOGIA,Población en lista de espera,POBLACION_LISTA_ESPERA,24,,,,
Fuerteventura,ES704,06/2017,2017-M06,Neurología,NEUROLOGIA,Población en lista de espera,POBLACION_LISTA_ESPERA,36,,,,
Gran Canaria,ES705,06/2017,2017-M06,Neurología,NEUROLOGIA,Población en lista de espera,POBLACION_LISTA_ESPERA,1280,,,,
Tenerife,ES709,06/2017,2017-M06,Neurología,NEUROLOGIA,Población en lista de espera,POBLACION_LISTA_ESPERA,1093,,,,
La Gomera,ES706,06/2017,2017-M06,Neurología,NEUROLOGIA,Población en lista de espera,POBLACION_LISTA_ESPERA,14,,,,
La Palma,ES707,06/2017,2017-M06,Neurología,NEUROLOGIA,Población en lista de espera,POBLACION_LISTA_ESPERA,68,,,,
El Hierro,ES703,06/2017,2017-M06,Neurología,NEUROLOGIA,Población en lista de espera,POBLACION_LISTA_ESPERA,34,,,,
Canarias,ES70,06/2017,2017-M06,Neurocirugía,NEUROCIRUGIA,Población en lista de espera,POBLACION_LISTA_ESPERA,3587,,,,
Lanzarote,ES708,06/2017,2017-M06,Neurocirugía,NEUROCIRUGIA,Población en lista de espera,POBLACION_LISTA_ESPERA,0,,,,
Fuerteventura,ES704,06/2017,2017-M06,Neurocirugía,NEUROCIRUGIA,Población en lista de espera,POBLACION_LISTA_ESPERA,0,,,,
Gran Canaria,ES705,06/2017,2017-M06,Neurocirugía,NEUROCIRUGIA,Población en lista de espera,POBLACION_LISTA_ESPERA,320,,,,
Tenerife,ES709,06/2017,2017-M06,Neurocirugía,NEUROCIRUGIA,Población en lista de espera,POBLACION_LISTA_ESPERA,3267,,,,
La Gomera,ES706,06/2017,2017-M06,Neurocirugía,NEUROCIRUGIA,Población en lista de espera,POBLACION_LISTA_ESPERA,0,,,,
La Palma,ES707,06/2017,2017-M06,Neurocirugía,NEUROCIRUGIA,Población en lista de espera,POBLACION_LISTA_ESPERA,0,,,,
El Hierro,ES703,06/2017,2017-M06,Neurocirugía,NEUROCIRUGIA,Población en lista de espera,POBLACION_LISTA_ESPERA,0,,,,
Canarias,ES70,06/2017,2017-M06,Neumología,NEUMOLOGIA,Población en lista de espera,POBLACION_LISTA_ESPERA,2726,,,,
Lanzarote,ES708,06/2017,2017-M06,Neumología,NEUMOLOGIA,Población en lista de espera,POBLACION_LISTA_ESPERA,40,,,,
Fuerteventura,ES704,06/2017,2017-M06,Neumología,NEUMOLOGIA,Población en lista de espera,POBLACION_LISTA_ESPERA,0,,,,
Gran Canaria,ES705,06/2017,2017-M06,Neumología,NEUMOLOGIA,Población en lista de espera,POBLACION_LISTA_ESPERA,1145,,,,
Tenerife,ES709,06/2017,2017-M06,Neumología,NEUMOLOGIA,Población en lista de espera,POBLACION_LISTA_ESPERA,1472,,,,
La Gomera,ES706,06/2017,2017-M06,Neumología,NEUMOLOGIA,Población en lista de espera,POBLACION_LISTA_ESPERA,6,,,,
La Palma,ES707,06/2017,2017-M06,Neumología,NEUMOLOGIA,Población en lista de espera,POBLACION_LISTA_ESPERA,58,,,,
El Hierro,ES703,06/2017,2017-M06,Neumología,NEUMOLOGIA,Población en lista de espera,POBLACION_LISTA_ESPERA,5,,,,
Canarias,ES70,06/2017,2017-M06,Nefrología,NEFROLOGIA,Población en lista de espera,POBLACION_LISTA_ESPERA,248,,,,
Lanzarote,ES708,06/2017,2017-M06,Nefrología,NEFROLOGIA,Población en lista de espera,POBLACION_LISTA_ESPERA,23,,,,
Fuerteventura,ES704,06/2017,2017-M06,Nefrología,NEFROLOGIA,Población en lista de espera,POBLACION_LISTA_ESPERA,10,,,,
Gran Canaria,ES705,06/2017,2017-M06,Nefrología,NEFROLOGIA,Población en lista de espera,POBLACION_LISTA_ESPERA,120,,,,
Tenerife,ES709,06/2017,2017-M06,Nefrología,NEFROLOGIA,Población en lista de espera,POBLACION_LISTA_ESPERA,76,,,,
La Gomera,ES706,06/2017,2017-M06,Nefrología,NEFROLOGIA,Población en lista de espera,POBLACION_LISTA_ESPERA,0,,,,
La Palma,ES707,06/2017,2017-M06,Nefrología,NEFROLOGIA,Población en lista de espera,POBLACION_LISTA_ESPERA,12,,,,
El Hierro,ES703,06/2017,2017-M06,Nefrología,NEFROLOGIA,Población en lista de espera,POBLACION_LISTA_ESPERA,7,,,,
Canarias,ES70,06/2017,2017-M06,Medicina interna,MEDICINA_INTERNA,Población en lista de espera,POBLACION_LISTA_ESPERA,919,,,,
Lanzarote,ES708,06/2017,2017-M06,Medicina interna,MEDICINA_INTERNA,Población en lista de espera,POBLACION_LISTA_ESPERA,14,,,,
Fuerteventura,ES704,06/2017,2017-M06,Medicina interna,MEDICINA_INTERNA,Población en lista de espera,POBLACION_LISTA_ESPERA,139,,,,
Gran Canaria,ES705,06/2017,2017-M06,Medicina interna,MEDICINA_INTERNA,Población en lista de espera,POBLACION_LISTA_ESPERA,501,,,,
Tenerife,ES709,06/2017,2017-M06,Medicina interna,MEDICINA_INTERNA,Población en lista de espera,POBLACION_LISTA_ESPERA,231,,,,
La Gomera,ES706,06/2017,2017-M06,Medicina interna,MEDICINA_INTERNA,Población en lista de espera,POBLACION_LISTA_ESPERA,4,,,,
La Palma,ES707,06/2017,2017-M06,Medicina interna,MEDICINA_INTERNA,Población en lista de espera,POBLACION_LISTA_ESPERA,14,,,,
El Hierro,ES703,06/2017,2017-M06,Medicina interna,MEDICINA_INTERNA,Población en lista de espera,POBLACION_LISTA_ESPERA,16,,,,
Canarias,ES70,06/2017,2017-M06,Hematología,HEMATOLOGIA,Población en lista de espera,POBLACION_LISTA_ESPERA,411,,,,
Lanzarote,ES708,06/2017,2017-M06,Hematología,HEMATOLOGIA,Población en lista de espera,POBLACION_LISTA_ESPERA,17,,,,
Fuerteventura,ES704,06/2017,2017-M06,Hematología,HEMATOLOGIA,Población en lista de espera,POBLACION_LISTA_ESPERA,13,,,,
Gran Canaria,ES705,06/2017,2017-M06,Hematología,HEMATOLOGIA,Población en lista de espera,POBLACION_LISTA_ESPERA,241,,,,
Tenerife,ES709,06/2017,2017-M06,Hematología,HEMATOLOGIA,Población en lista de espera,POBLACION_LISTA_ESPERA,104,,,,
La Gomera,ES706,06/2017,2017-M06,Hematología,HEMATOLOGIA,Población en lista de espera,POBLACION_LISTA_ESPERA,2,,,,
La Palma,ES707,06/2017,2017-M06,Hematología,HEMATOLOGIA,Población en lista de espera,POBLACION_LISTA_ESPERA,27,,,,
El Hierro,ES703,06/2017,2017-M06,Hematología,HEMATOLOGIA,Población en lista de espera,POBLACION_LISTA_ESPERA,7,,,,
Canarias,ES70,06/2017,2017-M06,Ginecología,GINECOLOGIA,Población en lista de espera,POBLACION_LISTA_ESPERA,2775,,,,
Lanzarote,ES708,06/2017,2017-M06,Ginecología,GINECOLOGIA,Población en lista de espera,POBLACION_LISTA_ESPERA,68,,,,
Fuerteventura,ES704,06/2017,2017-M06,Ginecología,GINECOLOGIA,Población en lista de espera,POBLACION_LISTA_ESPERA,96,,,,
Gran Canaria,ES705,06/2017,2017-M06,Ginecología,GINECOLOGIA,Población en lista de espera,POBLACION_LISTA_ESPERA,1109,,,,
Tenerife,ES709,06/2017,2017-M06,Ginecología,GINECOLOGIA,Población en lista de espera,POBLACION_LISTA_ESPERA,1285,,,,
La Gomera,ES706,06/2017,2017-M06,Ginecología,GINECOLOGIA,Población en lista de espera,POBLACION_LISTA_ESPERA,40,,,,
La Palma,ES707,06/2017,2017-M06,Ginecología,GINECOLOGIA,Población en lista de espera,POBLACION_LISTA_ESPERA,126,,,,
El Hierro,ES703,06/2017,2017-M06,Ginecología,GINECOLOGIA,Población en lista de espera,POBLACION_LISTA_ESPERA,51,,,,
Canarias,ES70,06/2017,2017-M06,Endocrinología,ENDOCRINOLOGIA,Población en lista de espera,POBLACION_LISTA_ESPERA,1273,,,,
Lanzarote,ES708,06/2017,2017-M06,Endocrinología,ENDOCRINOLOGIA,Población en lista de espera,POBLACION_LISTA_ESPERA,63,,,,
Fuerteventura,ES704,06/2017,2017-M06,Endocrinología,ENDOCRINOLOGIA,Población en lista de espera,POBLACION_LISTA_ESPERA,44,,,,
Gran Canaria,ES705,06/2017,2017-M06,Endocrinología,ENDOCRINOLOGIA,Población en lista de espera,POBLACION_LISTA_ESPERA,922,,,,
Tenerife,ES709,06/2017,2017-M06,Endocrinología,ENDOCRINOLOGIA,Población en lista de espera,POBLACION_LISTA_ESPERA,164,,,,
La Gomera,ES706,06/2017,2017-M06,Endocrinología,ENDOCRINOLOGIA,Población en lista de espera,POBLACION_LISTA_ESPERA,2,,,,
La Palma,ES707,06/2017,2017-M06,Endocrinología,ENDOCRINOLOGIA,Población en lista de espera,POBLACION_LISTA_ESPERA,65,,,,
El Hierro,ES703,06/2017,2017-M06,Endocrinología,ENDOCRINOLOGIA,Población en lista de espera,POBLACION_LISTA_ESPERA,13,,,,
Canarias,ES70,06/2017,2017-M06,Digestivo,DIGESTIVO,Población en lista de espera,POBLACION_LISTA_ESPERA,4858,,,,
Lanzarote,ES708,06/2017,2017-M06,Digestivo,DIGESTIVO,Población en lista de espera,POBLACION_LISTA_ESPERA,16,,,,
Fuerteventura,ES704,06/2017,2017-M06,Digestivo,DIGESTIVO,Población en lista de espera,POBLACION_LISTA_ESPERA,45,,,,
Gran Canaria,ES705,06/2017,2017-M06,Digestivo,DIGESTIVO,Población en lista de espera,POBLACION_LISTA_ESPERA,3558,,,,
Tenerife,ES709,06/2017,2017-M06,Digestivo,DIGESTIVO,Población en lista de espera,POBLACION_LISTA_ESPERA,1174,,,,
La Gomera,ES706,06/2017,2017-M06,Digestivo,DIGESTIVO,Población en lista de espera,POBLACION_LISTA_ESPERA,0,,,,
La Palma,ES707,06/2017,2017-M06,Digestivo,DIGESTIVO,Población en lista de espera,POBLACION_LISTA_ESPERA,62,,,,
El Hierro,ES703,06/2017,2017-M06,Digestivo,DIGESTIVO,Población en lista de espera,POBLACION_LISTA_ESPERA,3,,,,
Canarias,ES70,06/2017,2017-M06,Dermatología,DERMATOLOGIA,Población en lista de espera,POBLACION_LISTA_ESPERA,19853,,,,
Lanzarote,ES708,06/2017,2017-M06,Dermatología,DERMATOLOGIA,Población en lista de espera,POBLACION_LISTA_ESPERA,205,,,,
Fuerteventura,ES704,06/2017,2017-M06,Dermatología,DERMATOLOGIA,Población en lista de espera,POBLACION_LISTA_ESPERA,438,,,,
Gran Canaria,ES705,06/2017,2017-M06,Dermatología,DERMATOLOGIA,Población en lista de espera,POBLACION_LISTA_ESPERA,6116,,,,
Tenerife,ES709,06/2017,2017-M06,Dermatología,DERMATOLOGIA,Población en lista de espera,POBLACION_LISTA_ESPERA,12375,,,,
La Gomera,ES706,06/2017,2017-M06,Dermatología,DERMATOLOGIA,Población en lista de espera,POBLACION_LISTA_ESPERA,30,,,,
La Palma,ES707,06/2017,2017-M06,Dermatología,DERMATOLOGIA,Población en lista de espera,POBLACION_LISTA_ESPERA,643,,,,
El Hierro,ES703,06/2017,2017-M06,Dermatología,DERMATOLOGIA,Población en lista de espera,POBLACION_LISTA_ESPERA,46,,,,
Canarias,ES70,06/2017,2017-M06,Cirugía torácica,CIRUGIA_TORACICA,Población en lista de espera,POBLACION_LISTA_ESPERA,76,,,,
Lanzarote,ES708,06/2017,2017-M06,Cirugía torácica,CIRUGIA_TORACICA,Población en lista de espera,POBLACION_LISTA_ESPERA,0,,,,
Fuerteventura,ES704,06/2017,2017-M06,Cirugía torácica,CIRUGIA_TORACICA,Población en lista de espera,POBLACION_LISTA_ESPERA,5,,,,
Gran Canaria,ES705,06/2017,2017-M06,Cirugía torácica,CIRUGIA_TORACICA,Población en lista de espera,POBLACION_LISTA_ESPERA,32,,,,
Tenerife,ES709,06/2017,2017-M06,Cirugía torácica,CIRUGIA_TORACICA,Población en lista de espera,POBLACION_LISTA_ESPERA,39,,,,
La Gomera,ES706,06/2017,2017-M06,Cirugía torácica,CIRUGIA_TORACICA,Población en lista de espera,POBLACION_LISTA_ESPERA,0,,,,
La Palma,ES707,06/2017,2017-M06,Cirugía torácica,CIRUGIA_TORACICA,Población en lista de espera,POBLACION_LISTA_ESPERA,0,,,,
El Hierro,ES703,06/2017,2017-M06,Cirugía torácica,CIRUGIA_TORACICA,Población en lista de espera,POBLACION_LISTA_ESPERA,0,,,,
Canarias,ES70,06/2017,2017-M06,Cirugía plástica y reparadora,CIRUGIA_PLASTICA_REPARADORA,Población en lista de espera,POBLACION_LISTA_ESPERA,554,,,,
Lanzarote,ES708,06/2017,2017-M06,Cirugía plástica y reparadora,CIRUGIA_PLASTICA_REPARADORA,Población en lista de espera,POBLACION_LISTA_ESPERA,0,,,,
Fuerteventura,ES704,06/2017,2017-M06,Cirugía plástica y reparadora,CIRUGIA_PLASTICA_REPARADORA,Población en lista de espera,POBLACION_LISTA_ESPERA,0,,,,
Gran Canaria,ES705,06/2017,2017-M06,Cirugía plástica y reparadora,CIRUGIA_PLASTICA_REPARADORA,Población en lista de espera,POBLACION_LISTA_ESPERA,189,,,,
Tenerife,ES709,06/2017,2017-M06,Cirugía plástica y reparadora,CIRUGIA_PLASTICA_REPARADORA,Población en lista de espera,POBLACION_LISTA_ESPERA,365,,,,
La Gomera,ES706,06/2017,2017-M06,Cirugía plástica y reparadora,CIRUGIA_PLASTICA_REPARADORA,Población en lista de espera,POBLACION_LISTA_ESPERA,0,,,,
La Palma,ES707,06/2017,2017-M06,Cirugía plástica y reparadora,CIRUGIA_PLASTICA_REPARADORA,Población en lista de espera,POBLACION_LISTA_ESPERA,0,,,,
El Hierro,ES703,06/2017,2017-M06,Cirugía plástica y reparadora,CIRUGIA_PLASTICA_REPARADORA,Población en lista de espera,POBLACION_LISTA_ESPERA,0,,,,
Canarias,ES70,06/2017,2017-M06,Cirugía pediátrica,CIRUGIA_PEDIATRICA,Población en lista de espera,POBLACION_LISTA_ESPERA,520,,,,
Lanzarote,ES708,06/2017,2017-M06,Cirugía pediátrica,CIRUGIA_PEDIATRICA,Población en lista de espera,POBLACION_LISTA_ESPERA,0,,,,
Fuerteventura,ES704,06/2017,2017-M06,Cirugía pediátrica,CIRUGIA_PEDIATRICA,Población en lista de espera,POBLACION_LISTA_ESPERA,0,,,,
Gran Canaria,ES705,06/2017,2017-M06,Cirugía pediátrica,CIRUGIA_PEDIATRICA,Población en lista de espera,POBLACION_LISTA_ESPERA,18,,,,
Tenerife,ES709,06/2017,2017-M06,Cirugía pediátrica,CIRUGIA_PEDIATRICA,Población en lista de espera,POBLACION_LISTA_ESPERA,502,,,,
La Gomera,ES706,06/2017,2017-M06,Cirugía pediátrica,CIRUGIA_PEDIATRICA,Población en lista de espera,POBLACION_LISTA_ESPERA,0,,,,
La Palma,ES707,06/2017,2017-M06,Cirugía pediátrica,CIRUGIA_PEDIATRICA,Población en lista de espera,POBLACION_LISTA_ESPERA,0,,,,
El Hierro,ES703,06/2017,2017-M06,Cirugía pediátrica,CIRUGIA_PEDIATRICA,Población en lista de espera,POBLACION_LISTA_ESPERA,0,,,,
Canarias,ES70,06/2017,2017-M06,Cirugía maxilofacial,CIRUGIA_MAXILOFACIAL,Población en lista de espera,POBLACION_LISTA_ESPERA,2185,,,,
Lanzarote,ES708,06/2017,2017-M06,Cirugía maxilofacial,CIRUGIA_MAXILOFACIAL,Población en lista de espera,POBLACION_LISTA_ESPERA,0,,,,
Fuerteventura,ES704,06/2017,2017-M06,Cirugía maxilofacial,CIRUGIA_MAXILOFACIAL,Población en lista de espera,POBLACION_LISTA_ESPERA,0,,,,
Gran Canaria,ES705,06/2017,2017-M06,Cirugía maxilofacial,CIRUGIA_MAXILOFACIAL,Población en lista de espera,POBLACION_LISTA_ESPERA,817,,,,
Tenerife,ES709,06/2017,2017-M06,Cirugía maxilofacial,CIRUGIA_MAXILOFACIAL,Población en lista de espera,POBLACION_LISTA_ESPERA,1368,,,,
La Gomera,ES706,06/2017,2017-M06,Cirugía maxilofacial,CIRUGIA_MAXILOFACIAL,Población en lista de espera,POBLACION_LISTA_ESPERA,0,,,,
La Palma,ES707,06/2017,2017-M06,Cirugía maxilofacial,CIRUGIA_MAXILOFACIAL,Población en lista de espera,POBLACION_LISTA_ESPERA,0,,,,
El Hierro,ES703,06/2017,2017-M06,Cirugía maxilofacial,CIRUGIA_MAXILOFACIAL,Población en lista de espera,POBLACION_LISTA_ESPERA,0,,,,
Canarias,ES70,06/2017,2017-M06,Cirugía general y digestiva,CIRUGIA_GENERAL_DIGESTIVA,Población en lista de espera,POBLACION_LISTA_ESPERA,4712,,,,
Lanzarote,ES708,06/2017,2017-M06,Cirugía general y digestiva,CIRUGIA_GENERAL_DIGESTIVA,Población en lista de espera,POBLACION_LISTA_ESPERA,88,,,,
Fuerteventura,ES704,06/2017,2017-M06,Cirugía general y digestiva,CIRUGIA_GENERAL_DIGESTIVA,Población en lista de espera,POBLACION_LISTA_ESPERA,138,,,,
Gran Canaria,ES705,06/2017,2017-M06,Cirugía general y digestiva,CIRUGIA_GENERAL_DIGESTIVA,Población en lista de espera,POBLACION_LISTA_ESPERA,2035,,,,
Tenerife,ES709,06/2017,2017-M06,Cirugía general y digestiva,CIRUGIA_GENERAL_DIGESTIVA,Población en lista de espera,POBLACION_LISTA_ESPERA,2382,,,,
La Gomera,ES706,06/2017,2017-M06,Cirugía general y digestiva,CIRUGIA_GENERAL_DIGESTIVA,Población en lista de espera,POBLACION_LISTA_ESPERA,22,,,,
La Palma,ES707,06/2017,2017-M06,Cirugía general y digestiva,CIRUGIA_GENERAL_DIGESTIVA,Población en lista de espera,POBLACION_LISTA_ESPERA,42,,,,
El Hierro,ES703,06/2017,2017-M06,Cirugía general y digestiva,CIRUGIA_GENERAL_DIGESTIVA,Población en lista de espera,POBLACION_LISTA_ESPERA,5,,,,
Canarias,ES70,06/2017,2017-M06,Cirugía cardíaca,CIRUGIA_CARDIACA,Población en lista de espera,POBLACION_LISTA_ESPERA,5,,,,
Lanzarote,ES708,06/2017,2017-M06,Cirugía cardíaca,CIRUGIA_CARDIACA,Población en lista de espera,POBLACION_LISTA_ESPERA,0,,,,
Fuerteventura,ES704,06/2017,2017-M06,Cirugía cardíaca,CIRUGIA_CARDIACA,Población en lista de espera,POBLACION_LISTA_ESPERA,0,,,,
Gran Canaria,ES705,06/2017,2017-M06,Cirugía cardíaca,CIRUGIA_CARDIACA,Población en lista de espera,POBLACION_LISTA_ESPERA,0,,,,
Tenerife,ES709,06/2017,2017-M06,Cirugía cardíaca,CIRUGIA_CARDIACA,Población en lista de espera,POBLACION_LISTA_ESPERA,5,,,,
La Gomera,ES706,06/2017,2017-M06,Cirugía cardíaca,CIRUGIA_CARDIACA,Población en lista de espera,POBLACION_LISTA_ESPERA,0,,,,
La Palma,ES707,06/2017,2017-M06,Cirugía cardíaca,CIRUGIA_CARDIACA,Población en lista de espera,POBLACION_LISTA_ESPERA,0,,,,
El Hierro,ES703,06/2017,2017-M06,Cirugía cardíaca,CIRUGIA_CARDIACA,Población en lista de espera,POBLACION_LISTA_ESPERA,0,,,,
Canarias,ES70,06/2017,2017-M06,Cardiología,CARDIOLOGIA,Población en lista de espera,POBLACION_LISTA_ESPERA,3946,,,,
Lanzarote,ES708,06/2017,2017-M06,Cardiología,CARDIOLOGIA,Población en lista de espera,POBLACION_LISTA_ESPERA,49,,,,
Fuerteventura,ES704,06/2017,2017-M06,Cardiología,CARDIOLOGIA,Población en lista de espera,POBLACION_LISTA_ESPERA,108,,,,
Gran Canaria,ES705,06/2017,2017-M06,Cardiología,CARDIOLOGIA,Población en lista de espera,POBLACION_LISTA_ESPERA,1414,,,,
Tenerife,ES709,06/2017,2017-M06,Cardiología,CARDIOLOGIA,Población en lista de espera,POBLACION_LISTA_ESPERA,2305,,,,
La Gomera,ES706,06/2017,2017-M06,Cardiología,CARDIOLOGIA,Población en lista de espera,POBLACION_LISTA_ESPERA,3,,,,
La Palma,ES707,06/2017,2017-M06,Cardiología,CARDIOLOGIA,Población en lista de espera,POBLACION_LISTA_ESPERA,57,,,,
El Hierro,ES703,06/2017,2017-M06,Cardiología,CARDIOLOGIA,Población en lista de espera,POBLACION_LISTA_ESPERA,10,,,,
Canarias,ES70,06/2017,2017-M06,Angiología y cirugía vascular,ANGIOLOGIA_CIRUGIA_VASCULAR,Población en lista de espera,POBLACION_LISTA_ESPERA,1607,,,,
Lanzarote,ES708,06/2017,2017-M06,Angiología y cirugía vascular,ANGIOLOGIA_CIRUGIA_VASCULAR,Población en lista de espera,POBLACION_LISTA_ESPERA,0,,,,
Fuerteventura,ES704,06/2017,2017-M06,Angiología y cirugía vascular,ANGIOLOGIA_CIRUGIA_VASCULAR,Población en lista de espera,POBLACION_LISTA_ESPERA,0,,,,
Gran Canaria,ES705,06/2017,2017-M06,Angiología y cirugía vascular,ANGIOLOGIA_CIRUGIA_VASCULAR,Población en lista de espera,POBLACION_LISTA_ESPERA,221,,,,
Tenerife,ES709,06/2017,2017-M06,Angiología y cirugía vascular,ANGIOLOGIA_CIRUGIA_VASCULAR,Población en lista de espera,POBLACION_LISTA_ESPERA,1386,,,,
La Gomera,ES706,06/2017,2017-M06,Angiología y cirugía vascular,ANGIOLOGIA_CIRUGIA_VASCULAR,Población en lista de espera,POBLACION_LISTA_ESPERA,0,,,,
La Palma,ES707,06/2017,2017-M06,Angiología y cirugía vascular,ANGIOLOGIA_CIRUGIA_VASCULAR,Población en lista de espera,POBLACION_LISTA_ESPERA,0,,,,
El Hierro,ES703,06/2017,2017-M06,Angiología y cirugía vascular,ANGIOLOGIA_CIRUGIA_VASCULAR,Población en lista de espera,POBLACION_LISTA_ESPERA,0,,,,
Canarias,ES70,06/2017,2017-M06,Alergia,ALERGIA,Población en lista de espera,POBLACION_LISTA_ESPERA,2147,,,,
Lanzarote,ES708,06/2017,2017-M06,Alergia,ALERGIA,Población en lista de espera,POBLACION_LISTA_ESPERA,40,,,,
Fuerteventura,ES704,06/2017,2017-M06,Alergia,ALERGIA,Población en lista de espera,POBLACION_LISTA_ESPERA,142,,,,
Gran Canaria,ES705,06/2017,2017-M06,Alergia,ALERGIA,Población en lista de espera,POBLACION_LISTA_ESPERA,675,,,,
Tenerife,ES709,06/2017,2017-M06,Alergia,ALERGIA,Población en lista de espera,POBLACION_LISTA_ESPERA,1134,,,,
La Gomera,ES706,06/2017,2017-M06,Alergia,ALERGIA,Población en lista de espera,POBLACION_LISTA_ESPERA,24,,,,
La Palma,ES707,06/2017,2017-M06,Alergia,ALERGIA,Población en lista de espera,POBLACION_LISTA_ESPERA,102,,,,
El Hierro,ES703,06/2017,2017-M06,Alergia,ALERGIA,Población en lista de espera,POBLACION_LISTA_ESPERA,30,,,,
Canarias,ES70,12/2017,2017-M12,Urología,UROLOGIA,Población en lista de espera,POBLACION_LISTA_ESPERA,5134,,,,
Lanzarote,ES708,12/2017,2017-M12,Urología,UROLOGIA,Población en lista de espera,POBLACION_LISTA_ESPERA,28,,,,
Fuerteventura,ES704,12/2017,2017-M12,Urología,UROLOGIA,Población en lista de espera,POBLACION_LISTA_ESPERA,71,,,,
Gran Canaria,ES705,12/2017,2017-M12,Urología,UROLOGIA,Población en lista de espera,POBLACION_LISTA_ESPERA,2615,,,,
Tenerife,ES709,12/2017,2017-M12,Urología,UROLOGIA,Población en lista de espera,POBLACION_LISTA_ESPERA,2391,,,,
La Gomera,ES706,12/2017,2017-M12,Urología,UROLOGIA,Población en lista de espera,POBLACION_LISTA_ESPERA,0,,,,
La Palma,ES707,12/2017,2017-M12,Urología,UROLOGIA,Población en lista de espera,POBLACION_LISTA_ESPERA,12,,,,
El Hierro,ES703,12/2017,2017-M12,Urología,UROLOGIA,Población en lista de espera,POBLACION_LISTA_ESPERA,17,,,,
Canarias,ES70,12/2017,2017-M12,Traumatología y cirugía ortopédica,TRAUMATOLOGIA_CIRUGIA_ORTOPEDICA,Población en lista de espera,POBLACION_LISTA_ESPERA,23495,,,,
Lanzarote,ES708,12/2017,2017-M12,Traumatología y cirugía ortopédica,TRAUMATOLOGIA_CIRUGIA_ORTOPEDICA,Población en lista de espera,POBLACION_LISTA_ESPERA,176,,,,
Fuerteventura,ES704,12/2017,2017-M12,Traumatología y cirugía ortopédica,TRAUMATOLOGIA_CIRUGIA_ORTOPEDICA,Población en lista de espera,POBLACION_LISTA_ESPERA,197,,,,
Gran Canaria,ES705,12/2017,2017-M12,Traumatología y cirugía ortopédica,TRAUMATOLOGIA_CIRUGIA_ORTOPEDICA,Población en lista de espera,POBLACION_LISTA_ESPERA,13523,,,,
Tenerife,ES709,12/2017,2017-M12,Traumatología y cirugía ortopédica,TRAUMATOLOGIA_CIRUGIA_ORTOPEDICA,Población en lista de espera,POBLACION_LISTA_ESPERA,9408,,,,
La Gomera,ES706,12/2017,2017-M12,Traumatología y cirugía ortopédica,TRAUMATOLOGIA_CIRUGIA_ORTOPEDICA,Población en lista de espera,POBLACION_LISTA_ESPERA,102,,,,
La Palma,ES707,12/2017,2017-M12,Traumatología y cirugía ortopédica,TRAUMATOLOGIA_CIRUGIA_ORTOPEDICA,Población en lista de espera,POBLACION_LISTA_ESPERA,72,,,,
El Hierro,ES703,12/2017,2017-M12,Traumatología y cirugía ortopédica,TRAUMATOLOGIA_CIRUGIA_ORTOPEDICA,Población en lista de espera,POBLACION_LISTA_ESPERA,17,,,,
Canarias,ES70,12/2017,2017-M12,Total,_T,Población en lista de espera,POBLACION_LISTA_ESPERA,132267,,,,
Lanzarote,ES708,12/2017,2017-M12,Total,_T,Población en lista de espera,POBLACION_LISTA_ESPERA,1376,,,,
Fuerteventura,ES704,12/2017,2017-M12,Total,_T,Población en lista de espera,POBLACION_LISTA_ESPERA,2357,,,,
Gran Canaria,ES705,12/2017,2017-M12,Total,_T,Población en lista de espera,POBLACION_LISTA_ESPERA,59409,,,,
Tenerife,ES709,12/2017,2017-M12,Total,_T,Población en lista de espera,POBLACION_LISTA_ESPERA,66300,,,,
La Gomera,ES706,12/2017,2017-M12,Total,_T,Población en lista de espera,POBLACION_LISTA_ESPERA,539,,,,
La Palma,ES707,12/2017,2017-M12,Total,_T,Población en lista de espera,POBLACION_LISTA_ESPERA,1559,,,,
El Hierro,ES703,12/2017,2017-M12,Total,_T,Población en lista de espera,POBLACION_LISTA_ESPERA,727,,,,
Canarias,ES70,12/2017,2017-M12,Reumatología,REUMATOLOGIA,Población en lista de espera,POBLACION_LISTA_ESPERA,1952,,,,
Lanzarote,ES708,12/2017,2017-M12,Reumatología,REUMATOLOGIA,Población en lista de espera,POBLACION_LISTA_ESPERA,196,,,,
Fuerteventura,ES704,12/2017,2017-M12,Reumatología,REUMATOLOGIA,Población en lista de espera,POBLACION_LISTA_ESPERA,,Valor no disponible; el dato no existe,M,,
Gran Canaria,ES705,12/2017,2017-M12,Reumatología,REUMATOLOGIA,Población en lista de espera,POBLACION_LISTA_ESPERA,864,,,,
Tenerife,ES709,12/2017,2017-M12,Reumatología,REUMATOLOGIA,Población en lista de espera,POBLACION_LISTA_ESPERA,822,,,,
La Gomera,ES706,12/2017,2017-M12,Reumatología,REUMATOLOGIA,Población en lista de espera,POBLACION_LISTA_ESPERA,0,,,,
La Palma,ES707,12/2017,2017-M12,Reumatología,REUMATOLOGIA,Población en lista de espera,POBLACION_LISTA_ESPERA,70,,,,
El Hierro,ES703,12/2017,2017-M12,Reumatología,REUMATOLOGIA,Población en lista de espera,POBLACION_LISTA_ESPERA,,Valor no disponible; el dato no existe,M,,
Canarias,ES70,12/2017,2017-M12,Rehabilitación,REHABILITACION,Población en lista de espera,POBLACION_LISTA_ESPERA,7257,,,,
Lanzarote,ES708,12/2017,2017-M12,Rehabilitación,REHABILITACION,Población en lista de espera,POBLACION_LISTA_ESPERA,87,,,,
Fuerteventura,ES704,12/2017,2017-M12,Rehabilitación,REHABILITACION,Población en lista de espera,POBLACION_LISTA_ESPERA,254,,,,
Gran Canaria,ES705,12/2017,2017-M12,Rehabilitación,REHABILITACION,Población en lista de espera,POBLACION_LISTA_ESPERA,3929,,,,
Tenerife,ES709,12/2017,2017-M12,Rehabilitación,REHABILITACION,Población en lista de espera,POBLACION_LISTA_ESPERA,2825,,,,
La Gomera,ES706,12/2017,2017-M12,Rehabilitación,REHABILITACION,Población en lista de espera,POBLACION_LISTA_ESPERA,42,,,,
La Palma,ES707,12/2017,2017-M12,Rehabilitación,REHABILITACION,Población en lista de espera,POBLACION_LISTA_ESPERA,107,,,,
El Hierro,ES703,12/2017,2017-M12,Rehabilitación,REHABILITACION,Población en lista de espera,POBLACION_LISTA_ESPERA,13,,,,
Canarias,ES70,12/2017,2017-M12,Psiquiatría,PSIQUIATRIA,Población en lista de espera,POBLACION_LISTA_ESPERA,1996,,,,
Lanzarote,ES708,12/2017,2017-M12,Psiquiatría,PSIQUIATRIA,Población en lista de espera,POBLACION_LISTA_ESPERA,32,,,,
Fuerteventura,ES704,12/2017,2017-M12,Psiquiatría,PSIQUIATRIA,Población en lista de espera,POBLACION_LISTA_ESPERA,330,,,,
Gran Canaria,ES705,12/2017,2017-M12,Psiquiatría,PSIQUIATRIA,Población en lista de espera,POBLACION_LISTA_ESPERA,889,,,,
Tenerife,ES709,12/2017,2017-M12,Psiquiatría,PSIQUIATRIA,Población en lista de espera,POBLACION_LISTA_ESPERA,702,,,,
La Gomera,ES706,12/2017,2017-M12,Psiquiatría,PSIQUIATRIA,Población en lista de espera,POBLACION_LISTA_ESPERA,0,,,,
La Palma,ES707,12/2017,2017-M12,Psiquiatría,PSIQUIATRIA,Población en lista de espera,POBLACION_LISTA_ESPERA,41,,,,
El Hierro,ES703,12/2017,2017-M12,Psiquiatría,PSIQUIATRIA,Población en lista de espera,POBLACION_LISTA_ESPERA,2,,,,
Canarias,ES70,12/2017,2017-M12,Pediatría,PEDIATRIA,Población en lista de espera,POBLACION_LISTA_ESPERA,996,,,,
Lanzarote,ES708,12/2017,2017-M12,Pediatría,PEDIATRIA,Población en lista de espera,POBLACION_LISTA_ESPERA,72,,,,
Fuerteventura,ES704,12/2017,2017-M12,Pediatría,PEDIATRIA,Población en lista de espera,POBLACION_LISTA_ESPERA,23,,,,
Gran Canaria,ES705,12/2017,2017-M12,Pediatría,PEDIATRIA,Población en lista de espera,POBLACION_LISTA_ESPERA,230,,,,
Tenerife,ES709,12/2017,2017-M12,Pediatría,PEDIATRIA,Población en lista de espera,POBLACION_LISTA_ESPERA,655,,,,
La Gomera,ES706,12/2017,2017-M12,Pediatría,PEDIATRIA,Población en lista de espera,POBLACION_LISTA_ESPERA,9,,,,
La Palma,ES707,12/2017,2017-M12,Pediatría,PEDIATRIA,Población en lista de espera,POBLACION_LISTA_ESPERA,7,,,,
El Hierro,ES703,12/2017,2017-M12,Pediatría,PEDIATRIA,Población en lista de espera,POBLACION_LISTA_ESPERA,,Valor no disponible; el dato no existe,M,,
Canarias,ES70,12/2017,2017-M12,Otorrinolaringología,OTORRINOLARINGOLOGIA,Población en lista de espera,POBLACION_LISTA_ESPERA,9104,,,,
Lanzarote,ES708,12/2017,2017-M12,Otorrinolaringología,OTORRINOLARINGOLOGIA,Población en lista de espera,POBLACION_LISTA_ESPERA,69,,,,
Fuerteventura,ES704,12/2017,2017-M12,Otorrinolaringología,OTORRINOLARINGOLOGIA,Población en lista de espera,POBLACION_LISTA_ESPERA,290,,,,
Gran Canaria,ES705,12/2017,2017-M12,Otorrinolaringología,OTORRINOLARINGOLOGIA,Población en lista de espera,POBLACION_LISTA_ESPERA,3945,,,,
Tenerife,ES709,12/2017,2017-M12,Otorrinolaringología,OTORRINOLARINGOLOGIA,Población en lista de espera,POBLACION_LISTA_ESPERA,4643,,,,
La Gomera,ES706,12/2017,2017-M12,Otorrinolaringología,OTORRINOLARINGOLOGIA,Población en lista de espera,POBLACION_LISTA_ESPERA,41,,,,
La Palma,ES707,12/2017,2017-M12,Otorrinolaringología,OTORRINOLARINGOLOGIA,Población en lista de espera,POBLACION_LISTA_ESPERA,66,,,,
El Hierro,ES703,12/2017,2017-M12,Otorrinolaringología,OTORRINOLARINGOLOGIA,Población en lista de espera,POBLACION_LISTA_ESPERA,50,,,,
Canarias,ES70,12/2017,2017-M12,Oftalmología,OFTALMOLOGIA,Población en lista de espera,POBLACION_LISTA_ESPERA,28112,,,,
Lanzarote,ES708,12/2017,2017-M12,Oftalmología,OFTALMOLOGIA,Población en lista de espera,POBLACION_LISTA_ESPERA,100,,,,
Fuerteventura,ES704,12/2017,2017-M12,Oftalmología,OFTALMOLOGIA,Población en lista de espera,POBLACION_LISTA_ESPERA,149,,,,
Gran Canaria,ES705,12/2017,2017-M12,Oftalmología,OFTALMOLOGIA,Población en lista de espera,POBLACION_LISTA_ESPERA,10975,,,,
Tenerife,ES709,12/2017,2017-M12,Oftalmología,OFTALMOLOGIA,Población en lista de espera,POBLACION_LISTA_ESPERA,16505,,,,
La Gomera,ES706,12/2017,2017-M12,Oftalmología,OFTALMOLOGIA,Población en lista de espera,POBLACION_LISTA_ESPERA,90,,,,
La Palma,ES707,12/2017,2017-M12,Oftalmología,OFTALMOLOGIA,Población en lista de espera,POBLACION_LISTA_ESPERA,113,,,,
El Hierro,ES703,12/2017,2017-M12,Oftalmología,OFTALMOLOGIA,Población en lista de espera,POBLACION_LISTA_ESPERA,180,,,,
Canarias,ES70,12/2017,2017-M12,Neurología,NEUROLOGIA,Población en lista de espera,POBLACION_LISTA_ESPERA,2593,,,,
Lanzarote,ES708,12/2017,2017-M12,Neurología,NEUROLOGIA,Población en lista de espera,POBLACION_LISTA_ESPERA,35,,,,
Fuerteventura,ES704,12/2017,2017-M12,Neurología,NEUROLOGIA,Población en lista de espera,POBLACION_LISTA_ESPERA,41,,,,
Gran Canaria,ES705,12/2017,2017-M12,Neurología,NEUROLOGIA,Población en lista de espera,POBLACION_LISTA_ESPERA,1453,,,,
Tenerife,ES709,12/2017,2017-M12,Neurología,NEUROLOGIA,Población en lista de espera,POBLACION_LISTA_ESPERA,940,,,,
La Gomera,ES706,12/2017,2017-M12,Neurología,NEUROLOGIA,Población en lista de espera,POBLACION_LISTA_ESPERA,19,,,,
La Palma,ES707,12/2017,2017-M12,Neurología,NEUROLOGIA,Población en lista de espera,POBLACION_LISTA_ESPERA,56,,,,
El Hierro,ES703,12/2017,2017-M12,Neurología,NEUROLOGIA,Población en lista de espera,POBLACION_LISTA_ESPERA,49,,,,
Canarias,ES70,12/2017,2017-M12,Neurocirugía,NEUROCIRUGIA,Población en lista de espera,POBLACION_LISTA_ESPERA,4057,,,,
Lanzarote,ES708,12/2017,2017-M12,Neurocirugía,NEUROCIRUGIA,Población en lista de espera,POBLACION_LISTA_ESPERA,,Valor no disponible; el dato no existe,M,,
Fuerteventura,ES704,12/2017,2017-M12,Neurocirugía,NEUROCIRUGIA,Población en lista de espera,POBLACION_LISTA_ESPERA,,Valor no disponible; el dato no existe,M,,
Gran Canaria,ES705,12/2017,2017-M12,Neurocirugía,NEUROCIRUGIA,Población en lista de espera,POBLACION_LISTA_ESPERA,689,,,,
Tenerife,ES709,12/2017,2017-M12,Neurocirugía,NEUROCIRUGIA,Población en lista de espera,POBLACION_LISTA_ESPERA,3368,,,,
La Gomera,ES706,12/2017,2017-M12,Neurocirugía,NEUROCIRUGIA,Población en lista de espera,POBLACION_LISTA_ESPERA,,Valor no disponible; el dato no existe,M,,
La Palma,ES707,12/2017,2017-M12,Neurocirugía,NEUROCIRUGIA,Población en lista de espera,POBLACION_LISTA_ESPERA,,Valor no disponible; el dato no existe,M,,
El Hierro,ES703,12/2017,2017-M12,Neurocirugía,NEUROCIRUGIA,Población en lista de espera,POBLACION_LISTA_ESPERA,,Valor no disponible; el dato no existe,M,,
Canarias,ES70,12/2017,2017-M12,Neumología,NEUMOLOGIA,Población en lista de espera,POBLACION_LISTA_ESPERA,2988,,,,
Lanzarote,ES708,12/2017,2017-M12,Neumología,NEUMOLOGIA,Población en lista de espera,POBLACION_LISTA_ESPERA,32,,,,
Fuerteventura,ES704,12/2017,2017-M12,Neumología,NEUMOLOGIA,Población en lista de espera,POBLACION_LISTA_ESPERA,0,,,,
Gran Canaria,ES705,12/2017,2017-M12,Neumología,NEUMOLOGIA,Población en lista de espera,POBLACION_LISTA_ESPERA,1319,,,,
Tenerife,ES709,12/2017,2017-M12,Neumología,NEUMOLOGIA,Población en lista de espera,POBLACION_LISTA_ESPERA,1572,,,,
La Gomera,ES706,12/2017,2017-M12,Neumología,NEUMOLOGIA,Población en lista de espera,POBLACION_LISTA_ESPERA,0,,,,
La Palma,ES707,12/2017,2017-M12,Neumología,NEUMOLOGIA,Población en lista de espera,POBLACION_LISTA_ESPERA,56,,,,
El Hierro,ES703,12/2017,2017-M12,Neumología,NEUMOLOGIA,Población en lista de espera,POBLACION_LISTA_ESPERA,9,,,,
Canarias,ES70,12/2017,2017-M12,Nefrología,NEFROLOGIA,Población en lista de espera,POBLACION_LISTA_ESPERA,302,,,,
Lanzarote,ES708,12/2017,2017-M12,Nefrología,NEFROLOGIA,Población en lista de espera,POBLACION_LISTA_ESPERA,34,,,,
Fuerteventura,ES704,12/2017,2017-M12,Nefrología,NEFROLOGIA,Población en lista de espera,POBLACION_LISTA_ESPERA,33,,,,
Gran Canaria,ES705,12/2017,2017-M12,Nefrología,NEFROLOGIA,Población en lista de espera,POBLACION_LISTA_ESPERA,135,,,,
Tenerife,ES709,12/2017,2017-M12,Nefrología,NEFROLOGIA,Población en lista de espera,POBLACION_LISTA_ESPERA,79,,,,
La Gomera,ES706,12/2017,2017-M12,Nefrología,NEFROLOGIA,Población en lista de espera,POBLACION_LISTA_ESPERA,9,,,,
La Palma,ES707,12/2017,2017-M12,Nefrología,NEFROLOGIA,Población en lista de espera,POBLACION_LISTA_ESPERA,10,,,,
El Hierro,ES703,12/2017,2017-M12,Nefrología,NEFROLOGIA,Población en lista de espera,POBLACION_LISTA_ESPERA,2,,,,
Canarias,ES70,12/2017,2017-M12,Medicina interna,MEDICINA_INTERNA,Población en lista de espera,POBLACION_LISTA_ESPERA,842,,,,
Lanzarote,ES708,12/2017,2017-M12,Medicina interna,MEDICINA_INTERNA,Población en lista de espera,POBLACION_LISTA_ESPERA,25,,,,
Fuerteventura,ES704,12/2017,2017-M12,Medicina interna,MEDICINA_INTERNA,Población en lista de espera,POBLACION_LISTA_ESPERA,59,,,,
Gran Canaria,ES705,12/2017,2017-M12,Medicina interna,MEDICINA_INTERNA,Población en lista de espera,POBLACION_LISTA_ESPERA,531,,,,
Tenerife,ES709,12/2017,2017-M12,Medicina interna,MEDICINA_INTERNA,Población en lista de espera,POBLACION_LISTA_ESPERA,183,,,,
La Gomera,ES706,12/2017,2017-M12,Medicina interna,MEDICINA_INTERNA,Población en lista de espera,POBLACION_LISTA_ESPERA,25,,,,
La Palma,ES707,12/2017,2017-M12,Medicina interna,MEDICINA_INTERNA,Población en lista de espera,POBLACION_LISTA_ESPERA,5,,,,
El Hierro,ES703,12/2017,2017-M12,Medicina interna,MEDICINA_INTERNA,Población en lista de espera,POBLACION_LISTA_ESPERA,14,,,,
Canarias,ES70,12/2017,2017-M12,Hematología,HEMATOLOGIA,Población en lista de espera,POBLACION_LISTA_ESPERA,378,,,,
Lanzarote,ES708,12/2017,2017-M12,Hematología,HEMATOLOGIA,Población en lista de espera,POBLACION_LISTA_ESPERA,14,,,,
Fuerteventura,ES704,12/2017,2017-M12,Hematología,HEMATOLOGIA,Población en lista de espera,POBLACION_LISTA_ESPERA,3,,,,
Gran Canaria,ES705,12/2017,2017-M12,Hematología,HEMATOLOGIA,Población en lista de espera,POBLACION_LISTA_ESPERA,202,,,,
Tenerife,ES709,12/2017,2017-M12,Hematología,HEMATOLOGIA,Población en lista de espera,POBLACION_LISTA_ESPERA,117,,,,
La Gomera,ES706,12/2017,2017-M12,Hematología,HEMATOLOGIA,Población en lista de espera,POBLACION_LISTA_ESPERA,9,,,,
La Palma,ES707,12/2017,2017-M12,Hematología,HEMATOLOGIA,Población en lista de espera,POBLACION_LISTA_ESPERA,29,,,,
El Hierro,ES703,12/2017,2017-M12,Hematología,HEMATOLOGIA,Población en lista de espera,POBLACION_LISTA_ESPERA,4,,,,
Canarias,ES70,12/2017,2017-M12,Ginecología,GINECOLOGIA,Población en lista de espera,POBLACION_LISTA_ESPERA,1971,,,,
Lanzarote,ES708,12/2017,2017-M12,Ginecología,GINECOLOGIA,Población en lista de espera,POBLACION_LISTA_ESPERA,8,,,,
Fuerteventura,ES704,12/2017,2017-M12,Ginecología,GINECOLOGIA,Población en lista de espera,POBLACION_LISTA_ESPERA,47,,,,
Gran Canaria,ES705,12/2017,2017-M12,Ginecología,GINECOLOGIA,Población en lista de espera,POBLACION_LISTA_ESPERA,1231,,,,
Tenerife,ES709,12/2017,2017-M12,Ginecología,GINECOLOGIA,Población en lista de espera,POBLACION_LISTA_ESPERA,591,,,,
La Gomera,ES706,12/2017,2017-M12,Ginecología,GINECOLOGIA,Población en lista de espera,POBLACION_LISTA_ESPERA,24,,,,
La Palma,ES707,12/2017,2017-M12,Ginecología,GINECOLOGIA,Población en lista de espera,POBLACION_LISTA_ESPERA,36,,,,
El Hierro,ES703,12/2017,2017-M12,Ginecología,GINECOLOGIA,Población en lista de espera,POBLACION_LISTA_ESPERA,34,,,,
Canarias,ES70,12/2017,2017-M12,Endocrinología,ENDOCRINOLOGIA,Población en lista de espera,POBLACION_LISTA_ESPERA,1390,,,,
Lanzarote,ES708,12/2017,2017-M12,Endocrinología,ENDOCRINOLOGIA,Población en lista de espera,POBLACION_LISTA_ESPERA,78,,,,
Fuerteventura,ES704,12/2017,2017-M12,Endocrinología,ENDOCRINOLOGIA,Población en lista de espera,POBLACION_LISTA_ESPERA,65,,,,
Gran Canaria,ES705,12/2017,2017-M12,Endocrinología,ENDOCRINOLOGIA,Población en lista de espera,POBLACION_LISTA_ESPERA,1015,,,,
Tenerife,ES709,12/2017,2017-M12,Endocrinología,ENDOCRINOLOGIA,Población en lista de espera,POBLACION_LISTA_ESPERA,155,,,,
La Gomera,ES706,12/2017,2017-M12,Endocrinología,ENDOCRINOLOGIA,Población en lista de espera,POBLACION_LISTA_ESPERA,7,,,,
La Palma,ES707,12/2017,2017-M12,Endocrinología,ENDOCRINOLOGIA,Población en lista de espera,POBLACION_LISTA_ESPERA,34,,,,
El Hierro,ES703,12/2017,2017-M12,Endocrinología,ENDOCRINOLOGIA,Población en lista de espera,POBLACION_LISTA_ESPERA,36,,,,
Canarias,ES70,12/2017,2017-M12,Digestivo,DIGESTIVO,Población en lista de espera,POBLACION_LISTA_ESPERA,4362,,,,
Lanzarote,ES708,12/2017,2017-M12,Digestivo,DIGESTIVO,Población en lista de espera,POBLACION_LISTA_ESPERA,112,,,,
Fuerteventura,ES704,12/2017,2017-M12,Digestivo,DIGESTIVO,Población en lista de espera,POBLACION_LISTA_ESPERA,22,,,,
Gran Canaria,ES705,12/2017,2017-M12,Digestivo,DIGESTIVO,Población en lista de espera,POBLACION_LISTA_ESPERA,3235,,,,
Tenerife,ES709,12/2017,2017-M12,Digestivo,DIGESTIVO,Población en lista de espera,POBLACION_LISTA_ESPERA,887,,,,
La Gomera,ES706,12/2017,2017-M12,Digestivo,DIGESTIVO,Población en lista de espera,POBLACION_LISTA_ESPERA,0,,,,
La Palma,ES707,12/2017,2017-M12,Digestivo,DIGESTIVO,Población en lista de espera,POBLACION_LISTA_ESPERA,48,,,,
El Hierro,ES703,12/2017,2017-M12,Digestivo,DIGESTIVO,Población en lista de espera,POBLACION_LISTA_ESPERA,58,,,,
Canarias,ES70,12/2017,2017-M12,Dermatología,DERMATOLOGIA,Población en lista de espera,POBLACION_LISTA_ESPERA,20395,,,,
Lanzarote,ES708,12/2017,2017-M12,Dermatología,DERMATOLOGIA,Población en lista de espera,POBLACION_LISTA_ESPERA,120,,,,
Fuerteventura,ES704,12/2017,2017-M12,Dermatología,DERMATOLOGIA,Población en lista de espera,POBLACION_LISTA_ESPERA,552,,,,
Gran Canaria,ES705,12/2017,2017-M12,Dermatología,DERMATOLOGIA,Población en lista de espera,POBLACION_LISTA_ESPERA,6309,,,,
Tenerife,ES709,12/2017,2017-M12,Dermatología,DERMATOLOGIA,Población en lista de espera,POBLACION_LISTA_ESPERA,12493,,,,
La Gomera,ES706,12/2017,2017-M12,Dermatología,DERMATOLOGIA,Población en lista de espera,POBLACION_LISTA_ESPERA,114,,,,
La Palma,ES707,12/2017,2017-M12,Dermatología,DERMATOLOGIA,Población en lista de espera,POBLACION_LISTA_ESPERA,592,,,,
El Hierro,ES703,12/2017,2017-M12,Dermatología,DERMATOLOGIA,Población en lista de espera,POBLACION_LISTA_ESPERA,215,,,,
Canarias,ES70,12/2017,2017-M12,Cirugía torácica,CIRUGIA_TORACICA,Población en lista de espera,POBLACION_LISTA_ESPERA,46,,,,
Lanzarote,ES708,12/2017,2017-M12,Cirugía torácica,CIRUGIA_TORACICA,Población en lista de espera,POBLACION_LISTA_ESPERA,,Valor no disponible; el dato no existe,M,,
Fuerteventura,ES704,12/2017,2017-M12,Cirugía torácica,CIRUGIA_TORACICA,Población en lista de espera,POBLACION_LISTA_ESPERA,0,,,,
Gran Canaria,ES705,12/2017,2017-M12,Cirugía torácica,CIRUGIA_TORACICA,Población en lista de espera,POBLACION_LISTA_ESPERA,28,,,,
Tenerife,ES709,12/2017,2017-M12,Cirugía torácica,CIRUGIA_TORACICA,Población en lista de espera,POBLACION_LISTA_ESPERA,18,,,,
La Gomera,ES706,12/2017,2017-M12,Cirugía torácica,CIRUGIA_TORACICA,Población en lista de espera,POBLACION_LISTA_ESPERA,,Valor no disponible; el dato no existe,M,,
La Palma,ES707,12/2017,2017-M12,Cirugía torácica,CIRUGIA_TORACICA,Población en lista de espera,POBLACION_LISTA_ESPERA,,Valor no disponible; el dato no existe,M,,
El Hierro,ES703,12/2017,2017-M12,Cirugía torácica,CIRUGIA_TORACICA,Población en lista de espera,POBLACION_LISTA_ESPERA,,Valor no disponible; el dato no existe,M,,
Canarias,ES70,12/2017,2017-M12,Cirugía plástica y reparadora,CIRUGIA_PLASTICA_REPARADORA,Población en lista de espera,POBLACION_LISTA_ESPERA,581,,,,
Lanzarote,ES708,12/2017,2017-M12,Cirugía plástica y reparadora,CIRUGIA_PLASTICA_REPARADORA,Población en lista de espera,POBLACION_LISTA_ESPERA,,Valor no disponible; el dato no existe,M,,
Fuerteventura,ES704,12/2017,2017-M12,Cirugía plástica y reparadora,CIRUGIA_PLASTICA_REPARADORA,Población en lista de espera,POBLACION_LISTA_ESPERA,,Valor no disponible; el dato no existe,M,,
Gran Canaria,ES705,12/2017,2017-M12,Cirugía plástica y reparadora,CIRUGIA_PLASTICA_REPARADORA,Población en lista de espera,POBLACION_LISTA_ESPERA,203,,,,
Tenerife,ES709,12/2017,2017-M12,Cirugía plástica y reparadora,CIRUGIA_PLASTICA_REPARADORA,Población en lista de espera,POBLACION_LISTA_ESPERA,378,,,,
La Gomera,ES706,12/2017,2017-M12,Cirugía plástica y reparadora,CIRUGIA_PLASTICA_REPARADORA,Población en lista de espera,POBLACION_LISTA_ESPERA,,Valor no disponible; el dato no existe,M,,
La Palma,ES707,12/2017,2017-M12,Cirugía plástica y reparadora,CIRUGIA_PLASTICA_REPARADORA,Población en lista de espera,POBLACION_LISTA_ESPERA,,Valor no disponible; el dato no existe,M,,
El Hierro,ES703,12/2017,2017-M12,Cirugía plástica y reparadora,CIRUGIA_PLASTICA_REPARADORA,Población en lista de espera,POBLACION_LISTA_ESPERA,,Valor no disponible; el dato no existe,M,,
Canarias,ES70,12/2017,2017-M12,Cirugía pediátrica,CIRUGIA_PEDIATRICA,Población en lista de espera,POBLACION_LISTA_ESPERA,339,,,,
Lanzarote,ES708,12/2017,2017-M12,Cirugía pediátrica,CIRUGIA_PEDIATRICA,Población en lista de espera,POBLACION_LISTA_ESPERA,,Valor no disponible; el dato no existe,M,,
Fuerteventura,ES704,12/2017,2017-M12,Cirugía pediátrica,CIRUGIA_PEDIATRICA,Población en lista de espera,POBLACION_LISTA_ESPERA,,Valor no disponible; el dato no existe,M,,
Gran Canaria,ES705,12/2017,2017-M12,Cirugía pediátrica,CIRUGIA_PEDIATRICA,Población en lista de espera,POBLACION_LISTA_ESPERA,26,,,,
Tenerife,ES709,12/2017,2017-M12,Cirugía pediátrica,CIRUGIA_PEDIATRICA,Población en lista de espera,POBLACION_LISTA_ESPERA,313,,,,
La Gomera,ES706,12/2017,2017-M12,Cirugía pediátrica,CIRUGIA_PEDIATRICA,Población en lista de espera,POBLACION_LISTA_ESPERA,,Valor no disponible; el dato no existe,M,,
La Palma,ES707,12/2017,2017-M12,Cirugía pediátrica,CIRUGIA_PEDIATRICA,Población en lista de espera,POBLACION_LISTA_ESPERA,,Valor no disponible; el dato no existe,M,,
El Hierro,ES703,12/2017,2017-M12,Cirugía pediátrica,CIRUGIA_PEDIATRICA,Población en lista de espera,POBLACION_LISTA_ESPERA,,Valor no disponible; el dato no existe,M,,
Canarias,ES70,12/2017,2017-M12,Cirugía maxilofacial,CIRUGIA_MAXILOFACIAL,Población en lista de espera,POBLACION_LISTA_ESPERA,2331,,,,
Lanzarote,ES708,12/2017,2017-M12,Cirugía maxilofacial,CIRUGIA_MAXILOFACIAL,Población en lista de espera,POBLACION_LISTA_ESPERA,,Valor no disponible; el dato no existe,M,,
Fuerteventura,ES704,12/2017,2017-M12,Cirugía maxilofacial,CIRUGIA_MAXILOFACIAL,Población en lista de espera,POBLACION_LISTA_ESPERA,,Valor no disponible; el dato no existe,M,,
Gran Canaria,ES705,12/2017,2017-M12,Cirugía maxilofacial,CIRUGIA_MAXILOFACIAL,Población en lista de espera,POBLACION_LISTA_ESPERA,803,,,,
Tenerife,ES709,12/2017,2017-M12,Cirugía maxilofacial,CIRUGIA_MAXILOFACIAL,Población en lista de espera,POBLACION_LISTA_ESPERA,1528,,,,
La Gomera,ES706,12/2017,2017-M12,Cirugía maxilofacial,CIRUGIA_MAXILOFACIAL,Población en lista de espera,POBLACION_LISTA_ESPERA,,Valor no disponible; el dato no existe,M,,
La Palma,ES707,12/2017,2017-M12,Cirugía maxilofacial,CIRUGIA_MAXILOFACIAL,Población en lista de espera,POBLACION_LISTA_ESPERA,,Valor no disponible; el dato no existe,M,,
El Hierro,ES703,12/2017,2017-M12,Cirugía maxilofacial,CIRUGIA_MAXILOFACIAL,Población en lista de espera,POBLACION_LISTA_ESPERA,,Valor no disponible; el dato no existe,M,,
Canarias,ES70,12/2017,2017-M12,Cirugía general y digestiva,CIRUGIA_GENERAL_DIGESTIVA,Población en lista de espera,POBLACION_LISTA_ESPERA,3707,,,,
Lanzarote,ES708,12/2017,2017-M12,Cirugía general y digestiva,CIRUGIA_GENERAL_DIGESTIVA,Población en lista de espera,POBLACION_LISTA_ESPERA,70,,,,
Fuerteventura,ES704,12/2017,2017-M12,Cirugía general y digestiva,CIRUGIA_GENERAL_DIGESTIVA,Población en lista de espera,POBLACION_LISTA_ESPERA,47,,,,
Gran Canaria,ES705,12/2017,2017-M12,Cirugía general y digestiva,CIRUGIA_GENERAL_DIGESTIVA,Población en lista de espera,POBLACION_LISTA_ESPERA,2268,,,,
Tenerife,ES709,12/2017,2017-M12,Cirugía general y digestiva,CIRUGIA_GENERAL_DIGESTIVA,Población en lista de espera,POBLACION_LISTA_ESPERA,1226,,,,
La Gomera,ES706,12/2017,2017-M12,Cirugía general y digestiva,CIRUGIA_GENERAL_DIGESTIVA,Población en lista de espera,POBLACION_LISTA_ESPERA,32,,,,
La Palma,ES707,12/2017,2017-M12,Cirugía general y digestiva,CIRUGIA_GENERAL_DIGESTIVA,Población en lista de espera,POBLACION_LISTA_ESPERA,63,,,,
El Hierro,ES703,12/2017,2017-M12,Cirugía general y digestiva,CIRUGIA_GENERAL_DIGESTIVA,Población en lista de espera,POBLACION_LISTA_ESPERA,1,,,,
Canarias,ES70,12/2017,2017-M12,Cirugía cardíaca,CIRUGIA_CARDIACA,Población en lista de espera,POBLACION_LISTA_ESPERA,11,,,,
Lanzarote,ES708,12/2017,2017-M12,Cirugía cardíaca,CIRUGIA_CARDIACA,Población en lista de espera,POBLACION_LISTA_ESPERA,,Valor no disponible; el dato no existe,M,,
Fuerteventura,ES704,12/2017,2017-M12,Cirugía cardíaca,CIRUGIA_CARDIACA,Población en lista de espera,POBLACION_LISTA_ESPERA,,Valor no disponible; el dato no existe,M,,
Gran Canaria,ES705,12/2017,2017-M12,Cirugía cardíaca,CIRUGIA_CARDIACA,Población en lista de espera,POBLACION_LISTA_ESPERA,0,,,,
Tenerife,ES709,12/2017,2017-M12,Cirugía cardíaca,CIRUGIA_CARDIACA,Población en lista de espera,POBLACION_LISTA_ESPERA,11,,,,
La Gomera,ES706,12/2017,2017-M12,Cirugía cardíaca,CIRUGIA_CARDIACA,Población en lista de espera,POBLACION_LISTA_ESPERA,,Valor no disponible; el dato no existe,M,,
La Palma,ES707,12/2017,2017-M12,Cirugía cardíaca,CIRUGIA_CARDIACA,Población en lista de espera,POBLACION_LISTA_ESPERA,,Valor no disponible; el dato no existe,M,,
El Hierro,ES703,12/2017,2017-M12,Cirugía cardíaca,CIRUGIA_CARDIACA,Población en lista de espera,POBLACION_LISTA_ESPERA,,Valor no disponible; el dato no existe,M,,
Canarias,ES70,12/2017,2017-M12,Cardiología,CARDIOLOGIA,Población en lista de espera,POBLACION_LISTA_ESPERA,4303,,,,
Lanzarote,ES708,12/2017,2017-M12,Cardiología,CARDIOLOGIA,Población en lista de espera,POBLACION_LISTA_ESPERA,43,,,,
Fuerteventura,ES704,12/2017,2017-M12,Cardiología,CARDIOLOGIA,Población en lista de espera,POBLACION_LISTA_ESPERA,61,,,,
Gran Canaria,ES705,12/2017,2017-M12,Cardiología,CARDIOLOGIA,Población en lista de espera,POBLACION_LISTA_ESPERA,2123,,,,
Tenerife,ES709,12/2017,2017-M12,Cardiología,CARDIOLOGIA,Población en lista de espera,POBLACION_LISTA_ESPERA,2000,,,,
La Gomera,ES706,12/2017,2017-M12,Cardiología,CARDIOLOGIA,Población en lista de espera,POBLACION_LISTA_ESPERA,16,,,,
La Palma,ES707,12/2017,2017-M12,Cardiología,CARDIOLOGIA,Población en lista de espera,POBLACION_LISTA_ESPERA,50,,,,
El Hierro,ES703,12/2017,2017-M12,Cardiología,CARDIOLOGIA,Población en lista de espera,POBLACION_LISTA_ESPERA,10,,,,
Canarias,ES70,12/2017,2017-M12,Angiología y cirugía vascular,ANGIOLOGIA_CIRUGIA_VASCULAR,Población en lista de espera,POBLACION_LISTA_ESPERA,2111,,,,
Lanzarote,ES708,12/2017,2017-M12,Angiología y cirugía vascular,ANGIOLOGIA_CIRUGIA_VASCULAR,Población en lista de espera,POBLACION_LISTA_ESPERA,,Valor no disponible; el dato no existe,M,,
Fuerteventura,ES704,12/2017,2017-M12,Angiología y cirugía vascular,ANGIOLOGIA_CIRUGIA_VASCULAR,Población en lista de espera,POBLACION_LISTA_ESPERA,,Valor no disponible; el dato no existe,M,,
Gran Canaria,ES705,12/2017,2017-M12,Angiología y cirugía vascular,ANGIOLOGIA_CIRUGIA_VASCULAR,Población en lista de espera,POBLACION_LISTA_ESPERA,343,,,,
Tenerife,ES709,12/2017,2017-M12,Angiología y cirugía vascular,ANGIOLOGIA_CIRUGIA_VASCULAR,Población en lista de espera,POBLACION_LISTA_ESPERA,1768,,,,
La Gomera,ES706,12/2017,2017-M12,Angiología y cirugía vascular,ANGIOLOGIA_CIRUGIA_VASCULAR,Población en lista de espera,POBLACION_LISTA_ESPERA,,Valor no disponible; el dato no existe,M,,
La Palma,ES707,12/2017,2017-M12,Angiología y cirugía vascular,ANGIOLOGIA_CIRUGIA_VASCULAR,Población en lista de espera,POBLACION_LISTA_ESPERA,,Valor no disponible; el dato no existe,M,,
El Hierro,ES703,12/2017,2017-M12,Angiología y cirugía vascular,ANGIOLOGIA_CIRUGIA_VASCULAR,Población en lista de espera,POBLACION_LISTA_ESPERA,,Valor no disponible; el dato no existe,M,,
Canarias,ES70,12/2017,2017-M12,Alergia,ALERGIA,Población en lista de espera,POBLACION_LISTA_ESPERA,1514,,,,
Lanzarote,ES708,12/2017,2017-M12,Alergia,ALERGIA,Población en lista de espera,POBLACION_LISTA_ESPERA,45,,,,
Fuerteventura,ES704,12/2017,2017-M12,Alergia,ALERGIA,Población en lista de espera,POBLACION_LISTA_ESPERA,113,,,,
Gran Canaria,ES705,12/2017,2017-M12,Alergia,ALERGIA,Población en lista de espera,POBLACION_LISTA_ESPERA,526,,,,
Tenerife,ES709,12/2017,2017-M12,Alergia,ALERGIA,Población en lista de espera,POBLACION_LISTA_ESPERA,722,,,,
La Gomera,ES706,12/2017,2017-M12,Alergia,ALERGIA,Población en lista de espera,POBLACION_LISTA_ESPERA,0,,,,
La Palma,ES707,12/2017,2017-M12,Alergia,ALERGIA,Población en lista de espera,POBLACION_LISTA_ESPERA,92,,,,
El Hierro,ES703,12/2017,2017-M12,Alergia,ALERGIA,Población en lista de espera,POBLACION_LISTA_ESPERA,16,,,,
Canarias,ES70,06/2018,2018-M06,Urología,UROLOGIA,Población en lista de espera,POBLACION_LISTA_ESPERA,5021,,,,
Lanzarote,ES708,06/2018,2018-M06,Urología,UROLOGIA,Población en lista de espera,POBLACION_LISTA_ESPERA,136,,,,
Fuerteventura,ES704,06/2018,2018-M06,Urología,UROLOGIA,Población en lista de espera,POBLACION_LISTA_ESPERA,51,,,,
Gran Canaria,ES705,06/2018,2018-M06,Urología,UROLOGIA,Población en lista de espera,POBLACION_LISTA_ESPERA,2560,,,,
Tenerife,ES709,06/2018,2018-M06,Urología,UROLOGIA,Población en lista de espera,POBLACION_LISTA_ESPERA,2191,,,,
La Gomera,ES706,06/2018,2018-M06,Urología,UROLOGIA,Población en lista de espera,POBLACION_LISTA_ESPERA,0,,,,
La Palma,ES707,06/2018,2018-M06,Urología,UROLOGIA,Población en lista de espera,POBLACION_LISTA_ESPERA,69,,,,
El Hierro,ES703,06/2018,2018-M06,Urología,UROLOGIA,Población en lista de espera,POBLACION_LISTA_ESPERA,14,,,,
Canarias,ES70,06/2018,2018-M06,Traumatología y cirugía ortopédica,TRAUMATOLOGIA_CIRUGIA_ORTOPEDICA,Población en lista de espera,POBLACION_LISTA_ESPERA,21321,,,,
Lanzarote,ES708,06/2018,2018-M06,Traumatología y cirugía ortopédica,TRAUMATOLOGIA_CIRUGIA_ORTOPEDICA,Población en lista de espera,POBLACION_LISTA_ESPERA,144,,,,
Fuerteventura,ES704,06/2018,2018-M06,Traumatología y cirugía ortopédica,TRAUMATOLOGIA_CIRUGIA_ORTOPEDICA,Población en lista de espera,POBLACION_LISTA_ESPERA,294,,,,
Gran Canaria,ES705,06/2018,2018-M06,Traumatología y cirugía ortopédica,TRAUMATOLOGIA_CIRUGIA_ORTOPEDICA,Población en lista de espera,POBLACION_LISTA_ESPERA,10658,,,,
Tenerife,ES709,06/2018,2018-M06,Traumatología y cirugía ortopédica,TRAUMATOLOGIA_CIRUGIA_ORTOPEDICA,Población en lista de espera,POBLACION_LISTA_ESPERA,9993,,,,
La Gomera,ES706,06/2018,2018-M06,Traumatología y cirugía ortopédica,TRAUMATOLOGIA_CIRUGIA_ORTOPEDICA,Población en lista de espera,POBLACION_LISTA_ESPERA,162,,,,
La Palma,ES707,06/2018,2018-M06,Traumatología y cirugía ortopédica,TRAUMATOLOGIA_CIRUGIA_ORTOPEDICA,Población en lista de espera,POBLACION_LISTA_ESPERA,50,,,,
El Hierro,ES703,06/2018,2018-M06,Traumatología y cirugía ortopédica,TRAUMATOLOGIA_CIRUGIA_ORTOPEDICA,Población en lista de espera,POBLACION_LISTA_ESPERA,20,,,,
Canarias,ES70,06/2018,2018-M06,Total,_T,Población en lista de espera,POBLACION_LISTA_ESPERA,124796,,,,
Lanzarote,ES708,06/2018,2018-M06,Total,_T,Población en lista de espera,POBLACION_LISTA_ESPERA,1321,,,,
Fuerteventura,ES704,06/2018,2018-M06,Total,_T,Población en lista de espera,POBLACION_LISTA_ESPERA,3246,,,,
Gran Canaria,ES705,06/2018,2018-M06,Total,_T,Población en lista de espera,POBLACION_LISTA_ESPERA,51631,,,,
Tenerife,ES709,06/2018,2018-M06,Total,_T,Población en lista de espera,POBLACION_LISTA_ESPERA,65861,,,,
La Gomera,ES706,06/2018,2018-M06,Total,_T,Población en lista de espera,POBLACION_LISTA_ESPERA,542,,,,
La Palma,ES707,06/2018,2018-M06,Total,_T,Población en lista de espera,POBLACION_LISTA_ESPERA,1931,,,,
El Hierro,ES703,06/2018,2018-M06,Total,_T,Población en lista de espera,POBLACION_LISTA_ESPERA,264,,,,
Canarias,ES70,06/2018,2018-M06,Reumatología,REUMATOLOGIA,Población en lista de espera,POBLACION_LISTA_ESPERA,1771,,,,
Lanzarote,ES708,06/2018,2018-M06,Reumatología,REUMATOLOGIA,Población en lista de espera,POBLACION_LISTA_ESPERA,53,,,,
Fuerteventura,ES704,06/2018,2018-M06,Reumatología,REUMATOLOGIA,Población en lista de espera,POBLACION_LISTA_ESPERA,0,,,,
Gran Canaria,ES705,06/2018,2018-M06,Reumatología,REUMATOLOGIA,Población en lista de espera,POBLACION_LISTA_ESPERA,675,,,,
Tenerife,ES709,06/2018,2018-M06,Reumatología,REUMATOLOGIA,Población en lista de espera,POBLACION_LISTA_ESPERA,985,,,,
La Gomera,ES706,06/2018,2018-M06,Reumatología,REUMATOLOGIA,Población en lista de espera,POBLACION_LISTA_ESPERA,0,,,,
La Palma,ES707,06/2018,2018-M06,Reumatología,REUMATOLOGIA,Población en lista de espera,POBLACION_LISTA_ESPERA,58,,,,
El Hierro,ES703,06/2018,2018-M06,Reumatología,REUMATOLOGIA,Población en lista de espera,POBLACION_LISTA_ESPERA,0,,,,
Canarias,ES70,06/2018,2018-M06,Rehabilitación,REHABILITACION,Población en lista de espera,POBLACION_LISTA_ESPERA,9723,,,,
Lanzarote,ES708,06/2018,2018-M06,Rehabilitación,REHABILITACION,Población en lista de espera,POBLACION_LISTA_ESPERA,125,,,,
Fuerteventura,ES704,06/2018,2018-M06,Rehabilitación,REHABILITACION,Población en lista de espera,POBLACION_LISTA_ESPERA,215,,,,
Gran Canaria,ES705,06/2018,2018-M06,Rehabilitación,REHABILITACION,Población en lista de espera,POBLACION_LISTA_ESPERA,5165,,,,
Tenerife,ES709,06/2018,2018-M06,Rehabilitación,REHABILITACION,Población en lista de espera,POBLACION_LISTA_ESPERA,4105,,,,
La Gomera,ES706,06/2018,2018-M06,Rehabilitación,REHABILITACION,Población en lista de espera,POBLACION_LISTA_ESPERA,12,,,,
La Palma,ES707,06/2018,2018-M06,Rehabilitación,REHABILITACION,Población en lista de espera,POBLACION_LISTA_ESPERA,82,,,,
El Hierro,ES703,06/2018,2018-M06,Rehabilitación,REHABILITACION,Población en lista de espera,POBLACION_LISTA_ESPERA,19,,,,
Canarias,ES70,06/2018,2018-M06,Psiquiatría,PSIQUIATRIA,Población en lista de espera,POBLACION_LISTA_ESPERA,1963,,,,
Lanzarote,ES708,06/2018,2018-M06,Psiquiatría,PSIQUIATRIA,Población en lista de espera,POBLACION_LISTA_ESPERA,31,,,,
Fuerteventura,ES704,06/2018,2018-M06,Psiquiatría,PSIQUIATRIA,Población en lista de espera,POBLACION_LISTA_ESPERA,331,,,,
Gran Canaria,ES705,06/2018,2018-M06,Psiquiatría,PSIQUIATRIA,Población en lista de espera,POBLACION_LISTA_ESPERA,689,,,,
Tenerife,ES709,06/2018,2018-M06,Psiquiatría,PSIQUIATRIA,Población en lista de espera,POBLACION_LISTA_ESPERA,867,,,,
La Gomera,ES706,06/2018,2018-M06,Psiquiatría,PSIQUIATRIA,Población en lista de espera,POBLACION_LISTA_ESPERA,0,,,,
La Palma,ES707,06/2018,2018-M06,Psiquiatría,PSIQUIATRIA,Población en lista de espera,POBLACION_LISTA_ESPERA,44,,,,
El Hierro,ES703,06/2018,2018-M06,Psiquiatría,PSIQUIATRIA,Población en lista de espera,POBLACION_LISTA_ESPERA,1,,,,
Canarias,ES70,06/2018,2018-M06,Pediatría,PEDIATRIA,Población en lista de espera,POBLACION_LISTA_ESPERA,961,,,,
Lanzarote,ES708,06/2018,2018-M06,Pediatría,PEDIATRIA,Población en lista de espera,POBLACION_LISTA_ESPERA,106,,,,
Fuerteventura,ES704,06/2018,2018-M06,Pediatría,PEDIATRIA,Población en lista de espera,POBLACION_LISTA_ESPERA,26,,,,
Gran Canaria,ES705,06/2018,2018-M06,Pediatría,PEDIATRIA,Población en lista de espera,POBLACION_LISTA_ESPERA,233,,,,
Tenerife,ES709,06/2018,2018-M06,Pediatría,PEDIATRIA,Población en lista de espera,POBLACION_LISTA_ESPERA,588,,,,
La Gomera,ES706,06/2018,2018-M06,Pediatría,PEDIATRIA,Población en lista de espera,POBLACION_LISTA_ESPERA,4,,,,
La Palma,ES707,06/2018,2018-M06,Pediatría,PEDIATRIA,Población en lista de espera,POBLACION_LISTA_ESPERA,4,,,,
El Hierro,ES703,06/2018,2018-M06,Pediatría,PEDIATRIA,Población en lista de espera,POBLACION_LISTA_ESPERA,0,,,,
Canarias,ES70,06/2018,2018-M06,Otorrinolaringología,OTORRINOLARINGOLOGIA,Población en lista de espera,POBLACION_LISTA_ESPERA,10359,,,,
Lanzarote,ES708,06/2018,2018-M06,Otorrinolaringología,OTORRINOLARINGOLOGIA,Población en lista de espera,POBLACION_LISTA_ESPERA,60,,,,
Fuerteventura,ES704,06/2018,2018-M06,Otorrinolaringología,OTORRINOLARINGOLOGIA,Población en lista de espera,POBLACION_LISTA_ESPERA,122,,,,
Gran Canaria,ES705,06/2018,2018-M06,Otorrinolaringología,OTORRINOLARINGOLOGIA,Población en lista de espera,POBLACION_LISTA_ESPERA,3796,,,,
Tenerife,ES709,06/2018,2018-M06,Otorrinolaringología,OTORRINOLARINGOLOGIA,Población en lista de espera,POBLACION_LISTA_ESPERA,6196,,,,
La Gomera,ES706,06/2018,2018-M06,Otorrinolaringología,OTORRINOLARINGOLOGIA,Población en lista de espera,POBLACION_LISTA_ESPERA,28,,,,
La Palma,ES707,06/2018,2018-M06,Otorrinolaringología,OTORRINOLARINGOLOGIA,Población en lista de espera,POBLACION_LISTA_ESPERA,134,,,,
El Hierro,ES703,06/2018,2018-M06,Otorrinolaringología,OTORRINOLARINGOLOGIA,Población en lista de espera,POBLACION_LISTA_ESPERA,23,,,,
Canarias,ES70,06/2018,2018-M06,Oftalmología,OFTALMOLOGIA,Población en lista de espera,POBLACION_LISTA_ESPERA,25139,,,,
Lanzarote,ES708,06/2018,2018-M06,Oftalmología,OFTALMOLOGIA,Población en lista de espera,POBLACION_LISTA_ESPERA,133,,,,
Fuerteventura,ES704,06/2018,2018-M06,Oftalmología,OFTALMOLOGIA,Población en lista de espera,POBLACION_LISTA_ESPERA,415,,,,
Gran Canaria,ES705,06/2018,2018-M06,Oftalmología,OFTALMOLOGIA,Población en lista de espera,POBLACION_LISTA_ESPERA,9396,,,,
Tenerife,ES709,06/2018,2018-M06,Oftalmología,OFTALMOLOGIA,Población en lista de espera,POBLACION_LISTA_ESPERA,14969,,,,
La Gomera,ES706,06/2018,2018-M06,Oftalmología,OFTALMOLOGIA,Población en lista de espera,POBLACION_LISTA_ESPERA,61,,,,
La Palma,ES707,06/2018,2018-M06,Oftalmología,OFTALMOLOGIA,Población en lista de espera,POBLACION_LISTA_ESPERA,152,,,,
El Hierro,ES703,06/2018,2018-M06,Oftalmología,OFTALMOLOGIA,Población en lista de espera,POBLACION_LISTA_ESPERA,13,,,,
Canarias,ES70,06/2018,2018-M06,Neurología,NEUROLOGIA,Población en lista de espera,POBLACION_LISTA_ESPERA,2487,,,,
Lanzarote,ES708,06/2018,2018-M06,Neurología,NEUROLOGIA,Población en lista de espera,POBLACION_LISTA_ESPERA,28,,,,
Fuerteventura,ES704,06/2018,2018-M06,Neurología,NEUROLOGIA,Población en lista de espera,POBLACION_LISTA_ESPERA,100,,,,
Gran Canaria,ES705,06/2018,2018-M06,Neurología,NEUROLOGIA,Población en lista de espera,POBLACION_LISTA_ESPERA,1336,,,,
Tenerife,ES709,06/2018,2018-M06,Neurología,NEUROLOGIA,Población en lista de espera,POBLACION_LISTA_ESPERA,898,,,,
La Gomera,ES706,06/2018,2018-M06,Neurología,NEUROLOGIA,Población en lista de espera,POBLACION_LISTA_ESPERA,3,,,,
La Palma,ES707,06/2018,2018-M06,Neurología,NEUROLOGIA,Población en lista de espera,POBLACION_LISTA_ESPERA,109,,,,
El Hierro,ES703,06/2018,2018-M06,Neurología,NEUROLOGIA,Población en lista de espera,POBLACION_LISTA_ESPERA,13,,,,
Canarias,ES70,06/2018,2018-M06,Neurocirugía,NEUROCIRUGIA,Población en lista de espera,POBLACION_LISTA_ESPERA,4160,,,,
Lanzarote,ES708,06/2018,2018-M06,Neurocirugía,NEUROCIRUGIA,Población en lista de espera,POBLACION_LISTA_ESPERA,0,,,,
Fuerteventura,ES704,06/2018,2018-M06,Neurocirugía,NEUROCIRUGIA,Población en lista de espera,POBLACION_LISTA_ESPERA,15,,,,
Gran Canaria,ES705,06/2018,2018-M06,Neurocirugía,NEUROCIRUGIA,Población en lista de espera,POBLACION_LISTA_ESPERA,573,,,,
Tenerife,ES709,06/2018,2018-M06,Neurocirugía,NEUROCIRUGIA,Población en lista de espera,POBLACION_LISTA_ESPERA,3572,,,,
La Gomera,ES706,06/2018,2018-M06,Neurocirugía,NEUROCIRUGIA,Población en lista de espera,POBLACION_LISTA_ESPERA,0,,,,
La Palma,ES707,06/2018,2018-M06,Neurocirugía,NEUROCIRUGIA,Población en lista de espera,POBLACION_LISTA_ESPERA,0,,,,
El Hierro,ES703,06/2018,2018-M06,Neurocirugía,NEUROCIRUGIA,Población en lista de espera,POBLACION_LISTA_ESPERA,0,,,,
Canarias,ES70,06/2018,2018-M06,Neumología,NEUMOLOGIA,Población en lista de espera,POBLACION_LISTA_ESPERA,3290,,,,
Lanzarote,ES708,06/2018,2018-M06,Neumología,NEUMOLOGIA,Población en lista de espera,POBLACION_LISTA_ESPERA,31,,,,
Fuerteventura,ES704,06/2018,2018-M06,Neumología,NEUMOLOGIA,Población en lista de espera,POBLACION_LISTA_ESPERA,0,,,,
Gran Canaria,ES705,06/2018,2018-M06,Neumología,NEUMOLOGIA,Población en lista de espera,POBLACION_LISTA_ESPERA,1407,,,,
Tenerife,ES709,06/2018,2018-M06,Neumología,NEUMOLOGIA,Población en lista de espera,POBLACION_LISTA_ESPERA,1822,,,,
La Gomera,ES706,06/2018,2018-M06,Neumología,NEUMOLOGIA,Población en lista de espera,POBLACION_LISTA_ESPERA,8,,,,
La Palma,ES707,06/2018,2018-M06,Neumología,NEUMOLOGIA,Población en lista de espera,POBLACION_LISTA_ESPERA,17,,,,
El Hierro,ES703,06/2018,2018-M06,Neumología,NEUMOLOGIA,Población en lista de espera,POBLACION_LISTA_ESPERA,5,,,,
Canarias,ES70,06/2018,2018-M06,Nefrología,NEFROLOGIA,Población en lista de espera,POBLACION_LISTA_ESPERA,166,,,,
Lanzarote,ES708,06/2018,2018-M06,Nefrología,NEFROLOGIA,Población en lista de espera,POBLACION_LISTA_ESPERA,11,,,,
Fuerteventura,ES704,06/2018,2018-M06,Nefrología,NEFROLOGIA,Población en lista de espera,POBLACION_LISTA_ESPERA,21,,,,
Gran Canaria,ES705,06/2018,2018-M06,Nefrología,NEFROLOGIA,Población en lista de espera,POBLACION_LISTA_ESPERA,68,,,,
Tenerife,ES709,06/2018,2018-M06,Nefrología,NEFROLOGIA,Población en lista de espera,POBLACION_LISTA_ESPERA,59,,,,
La Gomera,ES706,06/2018,2018-M06,Nefrología,NEFROLOGIA,Población en lista de espera,POBLACION_LISTA_ESPERA,2,,,,
La Palma,ES707,06/2018,2018-M06,Nefrología,NEFROLOGIA,Población en lista de espera,POBLACION_LISTA_ESPERA,0,,,,
El Hierro,ES703,06/2018,2018-M06,Nefrología,NEFROLOGIA,Población en lista de espera,POBLACION_LISTA_ESPERA,5,,,,
Canarias,ES70,06/2018,2018-M06,Medicina interna,MEDICINA_INTERNA,Población en lista de espera,POBLACION_LISTA_ESPERA,673,,,,
Lanzarote,ES708,06/2018,2018-M06,Medicina interna,MEDICINA_INTERNA,Población en lista de espera,POBLACION_LISTA_ESPERA,16,,,,
Fuerteventura,ES704,06/2018,2018-M06,Medicina interna,MEDICINA_INTERNA,Población en lista de espera,POBLACION_LISTA_ESPERA,112,,,,
Gran Canaria,ES705,06/2018,2018-M06,Medicina interna,MEDICINA_INTERNA,Población en lista de espera,POBLACION_LISTA_ESPERA,405,,,,
Tenerife,ES709,06/2018,2018-M06,Medicina interna,MEDICINA_INTERNA,Población en lista de espera,POBLACION_LISTA_ESPERA,86,,,,
La Gomera,ES706,06/2018,2018-M06,Medicina interna,MEDICINA_INTERNA,Población en lista de espera,POBLACION_LISTA_ESPERA,20,,,,
La Palma,ES707,06/2018,2018-M06,Medicina interna,MEDICINA_INTERNA,Población en lista de espera,POBLACION_LISTA_ESPERA,18,,,,
El Hierro,ES703,06/2018,2018-M06,Medicina interna,MEDICINA_INTERNA,Población en lista de espera,POBLACION_LISTA_ESPERA,16,,,,
Canarias,ES70,06/2018,2018-M06,Hematología,HEMATOLOGIA,Población en lista de espera,POBLACION_LISTA_ESPERA,284,,,,
Lanzarote,ES708,06/2018,2018-M06,Hematología,HEMATOLOGIA,Población en lista de espera,POBLACION_LISTA_ESPERA,18,,,,
Fuerteventura,ES704,06/2018,2018-M06,Hematología,HEMATOLOGIA,Población en lista de espera,POBLACION_LISTA_ESPERA,17,,,,
Gran Canaria,ES705,06/2018,2018-M06,Hematología,HEMATOLOGIA,Población en lista de espera,POBLACION_LISTA_ESPERA,110,,,,
Tenerife,ES709,06/2018,2018-M06,Hematología,HEMATOLOGIA,Población en lista de espera,POBLACION_LISTA_ESPERA,53,,,,
La Gomera,ES706,06/2018,2018-M06,Hematología,HEMATOLOGIA,Población en lista de espera,POBLACION_LISTA_ESPERA,21,,,,
La Palma,ES707,06/2018,2018-M06,Hematología,HEMATOLOGIA,Población en lista de espera,POBLACION_LISTA_ESPERA,59,,,,
El Hierro,ES703,06/2018,2018-M06,Hematología,HEMATOLOGIA,Población en lista de espera,POBLACION_LISTA_ESPERA,6,,,,
Canarias,ES70,06/2018,2018-M06,Ginecología,GINECOLOGIA,Población en lista de espera,POBLACION_LISTA_ESPERA,1989,,,,
Lanzarote,ES708,06/2018,2018-M06,Ginecología,GINECOLOGIA,Población en lista de espera,POBLACION_LISTA_ESPERA,32,,,,
Fuerteventura,ES704,06/2018,2018-M06,Ginecología,GINECOLOGIA,Población en lista de espera,POBLACION_LISTA_ESPERA,117,,,,
Gran Canaria,ES705,06/2018,2018-M06,Ginecología,GINECOLOGIA,Población en lista de espera,POBLACION_LISTA_ESPERA,1108,,,,
Tenerife,ES709,06/2018,2018-M06,Ginecología,GINECOLOGIA,Población en lista de espera,POBLACION_LISTA_ESPERA,573,,,,
La Gomera,ES706,06/2018,2018-M06,Ginecología,GINECOLOGIA,Población en lista de espera,POBLACION_LISTA_ESPERA,34,,,,
La Palma,ES707,06/2018,2018-M06,Ginecología,GINECOLOGIA,Población en lista de espera,POBLACION_LISTA_ESPERA,90,,,,
El Hierro,ES703,06/2018,2018-M06,Ginecología,GINECOLOGIA,Población en lista de espera,POBLACION_LISTA_ESPERA,35,,,,
Canarias,ES70,06/2018,2018-M06,Endocrinología,ENDOCRINOLOGIA,Población en lista de espera,POBLACION_LISTA_ESPERA,1117,,,,
Lanzarote,ES708,06/2018,2018-M06,Endocrinología,ENDOCRINOLOGIA,Población en lista de espera,POBLACION_LISTA_ESPERA,73,,,,
Fuerteventura,ES704,06/2018,2018-M06,Endocrinología,ENDOCRINOLOGIA,Población en lista de espera,POBLACION_LISTA_ESPERA,102,,,,
Gran Canaria,ES705,06/2018,2018-M06,Endocrinología,ENDOCRINOLOGIA,Población en lista de espera,POBLACION_LISTA_ESPERA,689,,,,
Tenerife,ES709,06/2018,2018-M06,Endocrinología,ENDOCRINOLOGIA,Población en lista de espera,POBLACION_LISTA_ESPERA,144,,,,
La Gomera,ES706,06/2018,2018-M06,Endocrinología,ENDOCRINOLOGIA,Población en lista de espera,POBLACION_LISTA_ESPERA,2,,,,
La Palma,ES707,06/2018,2018-M06,Endocrinología,ENDOCRINOLOGIA,Población en lista de espera,POBLACION_LISTA_ESPERA,90,,,,
El Hierro,ES703,06/2018,2018-M06,Endocrinología,ENDOCRINOLOGIA,Población en lista de espera,POBLACION_LISTA_ESPERA,17,,,,
Canarias,ES70,06/2018,2018-M06,Digestivo,DIGESTIVO,Población en lista de espera,POBLACION_LISTA_ESPERA,3841,,,,
Lanzarote,ES708,06/2018,2018-M06,Digestivo,DIGESTIVO,Población en lista de espera,POBLACION_LISTA_ESPERA,60,,,,
Fuerteventura,ES704,06/2018,2018-M06,Digestivo,DIGESTIVO,Población en lista de espera,POBLACION_LISTA_ESPERA,93,,,,
Gran Canaria,ES705,06/2018,2018-M06,Digestivo,DIGESTIVO,Población en lista de espera,POBLACION_LISTA_ESPERA,2810,,,,
Tenerife,ES709,06/2018,2018-M06,Digestivo,DIGESTIVO,Población en lista de espera,POBLACION_LISTA_ESPERA,829,,,,
La Gomera,ES706,06/2018,2018-M06,Digestivo,DIGESTIVO,Población en lista de espera,POBLACION_LISTA_ESPERA,9,,,,
La Palma,ES707,06/2018,2018-M06,Digestivo,DIGESTIVO,Población en lista de espera,POBLACION_LISTA_ESPERA,15,,,,
El Hierro,ES703,06/2018,2018-M06,Digestivo,DIGESTIVO,Población en lista de espera,POBLACION_LISTA_ESPERA,25,,,,
Canarias,ES70,06/2018,2018-M06,Dermatología,DERMATOLOGIA,Población en lista de espera,POBLACION_LISTA_ESPERA,16363,,,,
Lanzarote,ES708,06/2018,2018-M06,Dermatología,DERMATOLOGIA,Población en lista de espera,POBLACION_LISTA_ESPERA,75,,,,
Fuerteventura,ES704,06/2018,2018-M06,Dermatología,DERMATOLOGIA,Población en lista de espera,POBLACION_LISTA_ESPERA,585,,,,
Gran Canaria,ES705,06/2018,2018-M06,Dermatología,DERMATOLOGIA,Población en lista de espera,POBLACION_LISTA_ESPERA,4314,,,,
Tenerife,ES709,06/2018,2018-M06,Dermatología,DERMATOLOGIA,Población en lista de espera,POBLACION_LISTA_ESPERA,10826,,,,
La Gomera,ES706,06/2018,2018-M06,Dermatología,DERMATOLOGIA,Población en lista de espera,POBLACION_LISTA_ESPERA,106,,,,
La Palma,ES707,06/2018,2018-M06,Dermatología,DERMATOLOGIA,Población en lista de espera,POBLACION_LISTA_ESPERA,431,,,,
El Hierro,ES703,06/2018,2018-M06,Dermatología,DERMATOLOGIA,Población en lista de espera,POBLACION_LISTA_ESPERA,26,,,,
Canarias,ES70,06/2018,2018-M06,Cirugía torácica,CIRUGIA_TORACICA,Población en lista de espera,POBLACION_LISTA_ESPERA,50,,,,
Lanzarote,ES708,06/2018,2018-M06,Cirugía torácica,CIRUGIA_TORACICA,Población en lista de espera,POBLACION_LISTA_ESPERA,0,,,,
Fuerteventura,ES704,06/2018,2018-M06,Cirugía torácica,CIRUGIA_TORACICA,Población en lista de espera,POBLACION_LISTA_ESPERA,1,,,,
Gran Canaria,ES705,06/2018,2018-M06,Cirugía torácica,CIRUGIA_TORACICA,Población en lista de espera,POBLACION_LISTA_ESPERA,16,,,,
Tenerife,ES709,06/2018,2018-M06,Cirugía torácica,CIRUGIA_TORACICA,Población en lista de espera,POBLACION_LISTA_ESPERA,33,,,,
La Gomera,ES706,06/2018,2018-M06,Cirugía torácica,CIRUGIA_TORACICA,Población en lista de espera,POBLACION_LISTA_ESPERA,0,,,,
La Palma,ES707,06/2018,2018-M06,Cirugía torácica,CIRUGIA_TORACICA,Población en lista de espera,POBLACION_LISTA_ESPERA,0,,,,
El Hierro,ES703,06/2018,2018-M06,Cirugía torácica,CIRUGIA_TORACICA,Población en lista de espera,POBLACION_LISTA_ESPERA,0,,,,
Canarias,ES70,06/2018,2018-M06,Cirugía plástica y reparadora,CIRUGIA_PLASTICA_REPARADORA,Población en lista de espera,POBLACION_LISTA_ESPERA,451,,,,
Lanzarote,ES708,06/2018,2018-M06,Cirugía plástica y reparadora,CIRUGIA_PLASTICA_REPARADORA,Población en lista de espera,POBLACION_LISTA_ESPERA,0,,,,
Fuerteventura,ES704,06/2018,2018-M06,Cirugía plástica y reparadora,CIRUGIA_PLASTICA_REPARADORA,Población en lista de espera,POBLACION_LISTA_ESPERA,0,,,,
Gran Canaria,ES705,06/2018,2018-M06,Cirugía plástica y reparadora,CIRUGIA_PLASTICA_REPARADORA,Población en lista de espera,POBLACION_LISTA_ESPERA,134,,,,
Tenerife,ES709,06/2018,2018-M06,Cirugía plástica y reparadora,CIRUGIA_PLASTICA_REPARADORA,Población en lista de espera,POBLACION_LISTA_ESPERA,317,,,,
La Gomera,ES706,06/2018,2018-M06,Cirugía plástica y reparadora,CIRUGIA_PLASTICA_REPARADORA,Población en lista de espera,POBLACION_LISTA_ESPERA,0,,,,
La Palma,ES707,06/2018,2018-M06,Cirugía plástica y reparadora,CIRUGIA_PLASTICA_REPARADORA,Población en lista de espera,POBLACION_LISTA_ESPERA,0,,,,
El Hierro,ES703,06/2018,2018-M06,Cirugía plástica y reparadora,CIRUGIA_PLASTICA_REPARADORA,Población en lista de espera,POBLACION_LISTA_ESPERA,0,,,,
Canarias,ES70,06/2018,2018-M06,Cirugía pediátrica,CIRUGIA_PEDIATRICA,Población en lista de espera,POBLACION_LISTA_ESPERA,564,,,,
Lanzarote,ES708,06/2018,2018-M06,Cirugía pediátrica,CIRUGIA_PEDIATRICA,Población en lista de espera,POBLACION_LISTA_ESPERA,0,,,,
Fuerteventura,ES704,06/2018,2018-M06,Cirugía pediátrica,CIRUGIA_PEDIATRICA,Población en lista de espera,POBLACION_LISTA_ESPERA,0,,,,
Gran Canaria,ES705,06/2018,2018-M06,Cirugía pediátrica,CIRUGIA_PEDIATRICA,Población en lista de espera,POBLACION_LISTA_ESPERA,133,,,,
Tenerife,ES709,06/2018,2018-M06,Cirugía pediátrica,CIRUGIA_PEDIATRICA,Población en lista de espera,POBLACION_LISTA_ESPERA,431,,,,
La Gomera,ES706,06/2018,2018-M06,Cirugía pediátrica,CIRUGIA_PEDIATRICA,Población en lista de espera,POBLACION_LISTA_ESPERA,0,,,,
La Palma,ES707,06/2018,2018-M06,Cirugía pediátrica,CIRUGIA_PEDIATRICA,Población en lista de espera,POBLACION_LISTA_ESPERA,0,,,,
El Hierro,ES703,06/2018,2018-M06,Cirugía pediátrica,CIRUGIA_PEDIATRICA,Población en lista de espera,POBLACION_LISTA_ESPERA,0,,,,
Canarias,ES70,06/2018,2018-M06,Cirugía maxilofacial,CIRUGIA_MAXILOFACIAL,Población en lista de espera,POBLACION_LISTA_ESPERA,2632,,,,
Lanzarote,ES708,06/2018,2018-M06,Cirugía maxilofacial,CIRUGIA_MAXILOFACIAL,Población en lista de espera,POBLACION_LISTA_ESPERA,0,,,,
Fuerteventura,ES704,06/2018,2018-M06,Cirugía maxilofacial,CIRUGIA_MAXILOFACIAL,Población en lista de espera,POBLACION_LISTA_ESPERA,0,,,,
Gran Canaria,ES705,06/2018,2018-M06,Cirugía maxilofacial,CIRUGIA_MAXILOFACIAL,Población en lista de espera,POBLACION_LISTA_ESPERA,811,,,,
Tenerife,ES709,06/2018,2018-M06,Cirugía maxilofacial,CIRUGIA_MAXILOFACIAL,Población en lista de espera,POBLACION_LISTA_ESPERA,1821,,,,
La Gomera,ES706,06/2018,2018-M06,Cirugía maxilofacial,CIRUGIA_MAXILOFACIAL,Población en lista de espera,POBLACION_LISTA_ESPERA,0,,,,
La Palma,ES707,06/2018,2018-M06,Cirugía maxilofacial,CIRUGIA_MAXILOFACIAL,Población en lista de espera,POBLACION_LISTA_ESPERA,0,,,,
El Hierro,ES703,06/2018,2018-M06,Cirugía maxilofacial,CIRUGIA_MAXILOFACIAL,Población en lista de espera,POBLACION_LISTA_ESPERA,0,,,,
Canarias,ES70,06/2018,2018-M06,Cirugía general y digestiva,CIRUGIA_GENERAL_DIGESTIVA,Población en lista de espera,POBLACION_LISTA_ESPERA,3251,,,,
Lanzarote,ES708,06/2018,2018-M06,Cirugía general y digestiva,CIRUGIA_GENERAL_DIGESTIVA,Población en lista de espera,POBLACION_LISTA_ESPERA,81,,,,
Fuerteventura,ES704,06/2018,2018-M06,Cirugía general y digestiva,CIRUGIA_GENERAL_DIGESTIVA,Población en lista de espera,POBLACION_LISTA_ESPERA,82,,,,
Gran Canaria,ES705,06/2018,2018-M06,Cirugía general y digestiva,CIRUGIA_GENERAL_DIGESTIVA,Población en lista de espera,POBLACION_LISTA_ESPERA,2082,,,,
Tenerife,ES709,06/2018,2018-M06,Cirugía general y digestiva,CIRUGIA_GENERAL_DIGESTIVA,Población en lista de espera,POBLACION_LISTA_ESPERA,729,,,,
La Gomera,ES706,06/2018,2018-M06,Cirugía general y digestiva,CIRUGIA_GENERAL_DIGESTIVA,Población en lista de espera,POBLACION_LISTA_ESPERA,22,,,,
La Palma,ES707,06/2018,2018-M06,Cirugía general y digestiva,CIRUGIA_GENERAL_DIGESTIVA,Población en lista de espera,POBLACION_LISTA_ESPERA,245,,,,
El Hierro,ES703,06/2018,2018-M06,Cirugía general y digestiva,CIRUGIA_GENERAL_DIGESTIVA,Población en lista de espera,POBLACION_LISTA_ESPERA,10,,,,
Canarias,ES70,06/2018,2018-M06,Cirugía cardíaca,CIRUGIA_CARDIACA,Población en lista de espera,POBLACION_LISTA_ESPERA,14,,,,
Lanzarote,ES708,06/2018,2018-M06,Cirugía cardíaca,CIRUGIA_CARDIACA,Población en lista de espera,POBLACION_LISTA_ESPERA,0,,,,
Fuerteventura,ES704,06/2018,2018-M06,Cirugía cardíaca,CIRUGIA_CARDIACA,Población en lista de espera,POBLACION_LISTA_ESPERA,0,,,,
Gran Canaria,ES705,06/2018,2018-M06,Cirugía cardíaca,CIRUGIA_CARDIACA,Población en lista de espera,POBLACION_LISTA_ESPERA,3,,,,
Tenerife,ES709,06/2018,2018-M06,Cirugía cardíaca,CIRUGIA_CARDIACA,Población en lista de espera,POBLACION_LISTA_ESPERA,11,,,,
La Gomera,ES706,06/2018,2018-M06,Cirugía cardíaca,CIRUGIA_CARDIACA,Población en lista de espera,POBLACION_LISTA_ESPERA,0,,,,
La Palma,ES707,06/2018,2018-M06,Cirugía cardíaca,CIRUGIA_CARDIACA,Población en lista de espera,POBLACION_LISTA_ESPERA,0,,,,
El Hierro,ES703,06/2018,2018-M06,Cirugía cardíaca,CIRUGIA_CARDIACA,Población en lista de espera,POBLACION_LISTA_ESPERA,0,,,,
Canarias,ES70,06/2018,2018-M06,Cardiología,CARDIOLOGIA,Población en lista de espera,POBLACION_LISTA_ESPERA,4299,,,,
Lanzarote,ES708,06/2018,2018-M06,Cardiología,CARDIOLOGIA,Población en lista de espera,POBLACION_LISTA_ESPERA,63,,,,
Fuerteventura,ES704,06/2018,2018-M06,Cardiología,CARDIOLOGIA,Población en lista de espera,POBLACION_LISTA_ESPERA,141,,,,
Gran Canaria,ES705,06/2018,2018-M06,Cardiología,CARDIOLOGIA,Población en lista de espera,POBLACION_LISTA_ESPERA,1955,,,,
Tenerife,ES709,06/2018,2018-M06,Cardiología,CARDIOLOGIA,Población en lista de espera,POBLACION_LISTA_ESPERA,2006,,,,
La Gomera,ES706,06/2018,2018-M06,Cardiología,CARDIOLOGIA,Población en lista de espera,POBLACION_LISTA_ESPERA,20,,,,
La Palma,ES707,06/2018,2018-M06,Cardiología,CARDIOLOGIA,Población en lista de espera,POBLACION_LISTA_ESPERA,106,,,,
El Hierro,ES703,06/2018,2018-M06,Cardiología,CARDIOLOGIA,Población en lista de espera,POBLACION_LISTA_ESPERA,8,,,,
Canarias,ES70,06/2018,2018-M06,Angiología y cirugía vascular,ANGIOLOGIA_CIRUGIA_VASCULAR,Población en lista de espera,POBLACION_LISTA_ESPERA,1828,,,,
Lanzarote,ES708,06/2018,2018-M06,Angiología y cirugía vascular,ANGIOLOGIA_CIRUGIA_VASCULAR,Población en lista de espera,POBLACION_LISTA_ESPERA,0,,,,
Fuerteventura,ES704,06/2018,2018-M06,Angiología y cirugía vascular,ANGIOLOGIA_CIRUGIA_VASCULAR,Población en lista de espera,POBLACION_LISTA_ESPERA,0,,,,
Gran Canaria,ES705,06/2018,2018-M06,Angiología y cirugía vascular,ANGIOLOGIA_CIRUGIA_VASCULAR,Población en lista de espera,POBLACION_LISTA_ESPERA,257,,,,
Tenerife,ES709,06/2018,2018-M06,Angiología y cirugía vascular,ANGIOLOGIA_CIRUGIA_VASCULAR,Población en lista de espera,POBLACION_LISTA_ESPERA,1571,,,,
La Gomera,ES706,06/2018,2018-M06,Angiología y cirugía vascular,ANGIOLOGIA_CIRUGIA_VASCULAR,Población en lista de espera,POBLACION_LISTA_ESPERA,0,,,,
La Palma,ES707,06/2018,2018-M06,Angiología y cirugía vascular,ANGIOLOGIA_CIRUGIA_VASCULAR,Población en lista de espera,POBLACION_LISTA_ESPERA,0,,,,
El Hierro,ES703,06/2018,2018-M06,Angiología y cirugía vascular,ANGIOLOGIA_CIRUGIA_VASCULAR,Población en lista de espera,POBLACION_LISTA_ESPERA,0,,,,
Canarias,ES70,06/2018,2018-M06,Alergia,ALERGIA,Población en lista de espera,POBLACION_LISTA_ESPERA,1079,,,,
Lanzarote,ES708,06/2018,2018-M06,Alergia,ALERGIA,Población en lista de espera,POBLACION_LISTA_ESPERA,45,,,,
Fuerteventura,ES704,06/2018,2018-M06,Alergia,ALERGIA,Población en lista de espera,POBLACION_LISTA_ESPERA,406,,,,
Gran Canaria,ES705,06/2018,2018-M06,Alergia,ALERGIA,Población en lista de espera,POBLACION_LISTA_ESPERA,248,,,,
Tenerife,ES709,06/2018,2018-M06,Alergia,ALERGIA,Población en lista de espera,POBLACION_LISTA_ESPERA,186,,,,
La Gomera,ES706,06/2018,2018-M06,Alergia,ALERGIA,Población en lista de espera,POBLACION_LISTA_ESPERA,28,,,,
La Palma,ES707,06/2018,2018-M06,Alergia,ALERGIA,Población en lista de espera,POBLACION_LISTA_ESPERA,158,,,,
El Hierro,ES703,06/2018,2018-M06,Alergia,ALERGIA,Población en lista de espera,POBLACION_LISTA_ESPERA,8,,,,
Canarias,ES70,12/2018,2018-M12,Urología,UROLOGIA,Población en lista de espera,POBLACION_LISTA_ESPERA,5825,,,,
Lanzarote,ES708,12/2018,2018-M12,Urología,UROLOGIA,Población en lista de espera,POBLACION_LISTA_ESPERA,127,,,,
Fuerteventura,ES704,12/2018,2018-M12,Urología,UROLOGIA,Población en lista de espera,POBLACION_LISTA_ESPERA,55,,,,
Gran Canaria,ES705,12/2018,2018-M12,Urología,UROLOGIA,Población en lista de espera,POBLACION_LISTA_ESPERA,3190,,,,
Tenerife,ES709,12/2018,2018-M12,Urología,UROLOGIA,Población en lista de espera,POBLACION_LISTA_ESPERA,2398,,,,
La Gomera,ES706,12/2018,2018-M12,Urología,UROLOGIA,Población en lista de espera,POBLACION_LISTA_ESPERA,0,,,,
La Palma,ES707,12/2018,2018-M12,Urología,UROLOGIA,Población en lista de espera,POBLACION_LISTA_ESPERA,35,,,,
El Hierro,ES703,12/2018,2018-M12,Urología,UROLOGIA,Población en lista de espera,POBLACION_LISTA_ESPERA,20,,,,
Canarias,ES70,12/2018,2018-M12,Traumatología y cirugía ortopédica,TRAUMATOLOGIA_CIRUGIA_ORTOPEDICA,Población en lista de espera,POBLACION_LISTA_ESPERA,22790,,,,
Lanzarote,ES708,12/2018,2018-M12,Traumatología y cirugía ortopédica,TRAUMATOLOGIA_CIRUGIA_ORTOPEDICA,Población en lista de espera,POBLACION_LISTA_ESPERA,249,,,,
Fuerteventura,ES704,12/2018,2018-M12,Traumatología y cirugía ortopédica,TRAUMATOLOGIA_CIRUGIA_ORTOPEDICA,Población en lista de espera,POBLACION_LISTA_ESPERA,75,,,,
Gran Canaria,ES705,12/2018,2018-M12,Traumatología y cirugía ortopédica,TRAUMATOLOGIA_CIRUGIA_ORTOPEDICA,Población en lista de espera,POBLACION_LISTA_ESPERA,12480,,,,
Tenerife,ES709,12/2018,2018-M12,Traumatología y cirugía ortopédica,TRAUMATOLOGIA_CIRUGIA_ORTOPEDICA,Población en lista de espera,POBLACION_LISTA_ESPERA,9814,,,,
La Gomera,ES706,12/2018,2018-M12,Traumatología y cirugía ortopédica,TRAUMATOLOGIA_CIRUGIA_ORTOPEDICA,Población en lista de espera,POBLACION_LISTA_ESPERA,124,,,,
La Palma,ES707,12/2018,2018-M12,Traumatología y cirugía ortopédica,TRAUMATOLOGIA_CIRUGIA_ORTOPEDICA,Población en lista de espera,POBLACION_LISTA_ESPERA,24,,,,
El Hierro,ES703,12/2018,2018-M12,Traumatología y cirugía ortopédica,TRAUMATOLOGIA_CIRUGIA_ORTOPEDICA,Población en lista de espera,POBLACION_LISTA_ESPERA,24,,,,
Canarias,ES70,12/2018,2018-M12,Total,_T,Población en lista de espera,POBLACION_LISTA_ESPERA,132667,,,,
Lanzarote,ES708,12/2018,2018-M12,Total,_T,Población en lista de espera,POBLACION_LISTA_ESPERA,1310,,,,
Fuerteventura,ES704,12/2018,2018-M12,Total,_T,Población en lista de espera,POBLACION_LISTA_ESPERA,1780,,,,
Gran Canaria,ES705,12/2018,2018-M12,Total,_T,Población en lista de espera,POBLACION_LISTA_ESPERA,59971,,,,
Tenerife,ES709,12/2018,2018-M12,Total,_T,Población en lista de espera,POBLACION_LISTA_ESPERA,67216,,,,
La Gomera,ES706,12/2018,2018-M12,Total,_T,Población en lista de espera,POBLACION_LISTA_ESPERA,569,,,,
La Palma,ES707,12/2018,2018-M12,Total,_T,Población en lista de espera,POBLACION_LISTA_ESPERA,1511,,,,
El Hierro,ES703,12/2018,2018-M12,Total,_T,Población en lista de espera,POBLACION_LISTA_ESPERA,310,,,,
Canarias,ES70,12/2018,2018-M12,Reumatología,REUMATOLOGIA,Población en lista de espera,POBLACION_LISTA_ESPERA,1791,,,,
Lanzarote,ES708,12/2018,2018-M12,Reumatología,REUMATOLOGIA,Población en lista de espera,POBLACION_LISTA_ESPERA,95,,,,
Fuerteventura,ES704,12/2018,2018-M12,Reumatología,REUMATOLOGIA,Población en lista de espera,POBLACION_LISTA_ESPERA,0,,,,
Gran Canaria,ES705,12/2018,2018-M12,Reumatología,REUMATOLOGIA,Población en lista de espera,POBLACION_LISTA_ESPERA,1154,,,,
Tenerife,ES709,12/2018,2018-M12,Reumatología,REUMATOLOGIA,Población en lista de espera,POBLACION_LISTA_ESPERA,512,,,,
La Gomera,ES706,12/2018,2018-M12,Reumatología,REUMATOLOGIA,Población en lista de espera,POBLACION_LISTA_ESPERA,0,,,,
La Palma,ES707,12/2018,2018-M12,Reumatología,REUMATOLOGIA,Población en lista de espera,POBLACION_LISTA_ESPERA,30,,,,
El Hierro,ES703,12/2018,2018-M12,Reumatología,REUMATOLOGIA,Población en lista de espera,POBLACION_LISTA_ESPERA,0,,,,
Canarias,ES70,12/2018,2018-M12,Rehabilitación,REHABILITACION,Población en lista de espera,POBLACION_LISTA_ESPERA,9640,,,,
Lanzarote,ES708,12/2018,2018-M12,Rehabilitación,REHABILITACION,Población en lista de espera,POBLACION_LISTA_ESPERA,135,,,,
Fuerteventura,ES704,12/2018,2018-M12,Rehabilitación,REHABILITACION,Población en lista de espera,POBLACION_LISTA_ESPERA,133,,,,
Gran Canaria,ES705,12/2018,2018-M12,Rehabilitación,REHABILITACION,Población en lista de espera,POBLACION_LISTA_ESPERA,5656,,,,
Tenerife,ES709,12/2018,2018-M12,Rehabilitación,REHABILITACION,Población en lista de espera,POBLACION_LISTA_ESPERA,3606,,,,
La Gomera,ES706,12/2018,2018-M12,Rehabilitación,REHABILITACION,Población en lista de espera,POBLACION_LISTA_ESPERA,27,,,,
La Palma,ES707,12/2018,2018-M12,Rehabilitación,REHABILITACION,Población en lista de espera,POBLACION_LISTA_ESPERA,63,,,,
El Hierro,ES703,12/2018,2018-M12,Rehabilitación,REHABILITACION,Población en lista de espera,POBLACION_LISTA_ESPERA,20,,,,
Canarias,ES70,12/2018,2018-M12,Psiquiatría,PSIQUIATRIA,Población en lista de espera,POBLACION_LISTA_ESPERA,1971,,,,
Lanzarote,ES708,12/2018,2018-M12,Psiquiatría,PSIQUIATRIA,Población en lista de espera,POBLACION_LISTA_ESPERA,26,,,,
Fuerteventura,ES704,12/2018,2018-M12,Psiquiatría,PSIQUIATRIA,Población en lista de espera,POBLACION_LISTA_ESPERA,293,,,,
Gran Canaria,ES705,12/2018,2018-M12,Psiquiatría,PSIQUIATRIA,Población en lista de espera,POBLACION_LISTA_ESPERA,621,,,,
Tenerife,ES709,12/2018,2018-M12,Psiquiatría,PSIQUIATRIA,Población en lista de espera,POBLACION_LISTA_ESPERA,999,,,,
La Gomera,ES706,12/2018,2018-M12,Psiquiatría,PSIQUIATRIA,Población en lista de espera,POBLACION_LISTA_ESPERA,0,,,,
La Palma,ES707,12/2018,2018-M12,Psiquiatría,PSIQUIATRIA,Población en lista de espera,POBLACION_LISTA_ESPERA,29,,,,
El Hierro,ES703,12/2018,2018-M12,Psiquiatría,PSIQUIATRIA,Población en lista de espera,POBLACION_LISTA_ESPERA,3,,,,
Canarias,ES70,12/2018,2018-M12,Pediatría,PEDIATRIA,Población en lista de espera,POBLACION_LISTA_ESPERA,618,,,,
Lanzarote,ES708,12/2018,2018-M12,Pediatría,PEDIATRIA,Población en lista de espera,POBLACION_LISTA_ESPERA,53,,,,
Fuerteventura,ES704,12/2018,2018-M12,Pediatría,PEDIATRIA,Población en lista de espera,POBLACION_LISTA_ESPERA,29,,,,
Gran Canaria,ES705,12/2018,2018-M12,Pediatría,PEDIATRIA,Población en lista de espera,POBLACION_LISTA_ESPERA,157,,,,
Tenerife,ES709,12/2018,2018-M12,Pediatría,PEDIATRIA,Población en lista de espera,POBLACION_LISTA_ESPERA,375,,,,
La Gomera,ES706,12/2018,2018-M12,Pediatría,PEDIATRIA,Población en lista de espera,POBLACION_LISTA_ESPERA,4,,,,
La Palma,ES707,12/2018,2018-M12,Pediatría,PEDIATRIA,Población en lista de espera,POBLACION_LISTA_ESPERA,0,,,,
El Hierro,ES703,12/2018,2018-M12,Pediatría,PEDIATRIA,Población en lista de espera,POBLACION_LISTA_ESPERA,0,,,,
Canarias,ES70,12/2018,2018-M12,Otorrinolaringología,OTORRINOLARINGOLOGIA,Población en lista de espera,POBLACION_LISTA_ESPERA,12000,,,,
Lanzarote,ES708,12/2018,2018-M12,Otorrinolaringología,OTORRINOLARINGOLOGIA,Población en lista de espera,POBLACION_LISTA_ESPERA,32,,,,
Fuerteventura,ES704,12/2018,2018-M12,Otorrinolaringología,OTORRINOLARINGOLOGIA,Población en lista de espera,POBLACION_LISTA_ESPERA,95,,,,
Gran Canaria,ES705,12/2018,2018-M12,Otorrinolaringología,OTORRINOLARINGOLOGIA,Población en lista de espera,POBLACION_LISTA_ESPERA,4034,,,,
Tenerife,ES709,12/2018,2018-M12,Otorrinolaringología,OTORRINOLARINGOLOGIA,Población en lista de espera,POBLACION_LISTA_ESPERA,7703,,,,
La Gomera,ES706,12/2018,2018-M12,Otorrinolaringología,OTORRINOLARINGOLOGIA,Población en lista de espera,POBLACION_LISTA_ESPERA,36,,,,
La Palma,ES707,12/2018,2018-M12,Otorrinolaringología,OTORRINOLARINGOLOGIA,Población en lista de espera,POBLACION_LISTA_ESPERA,52,,,,
El Hierro,ES703,12/2018,2018-M12,Otorrinolaringología,OTORRINOLARINGOLOGIA,Población en lista de espera,POBLACION_LISTA_ESPERA,48,,,,
Canarias,ES70,12/2018,2018-M12,Oftalmología,OFTALMOLOGIA,Población en lista de espera,POBLACION_LISTA_ESPERA,26129,,,,
Lanzarote,ES708,12/2018,2018-M12,Oftalmología,OFTALMOLOGIA,Población en lista de espera,POBLACION_LISTA_ESPERA,14,,,,
Fuerteventura,ES704,12/2018,2018-M12,Oftalmología,OFTALMOLOGIA,Población en lista de espera,POBLACION_LISTA_ESPERA,173,,,,
Gran Canaria,ES705,12/2018,2018-M12,Oftalmología,OFTALMOLOGIA,Población en lista de espera,POBLACION_LISTA_ESPERA,10055,,,,
Tenerife,ES709,12/2018,2018-M12,Oftalmología,OFTALMOLOGIA,Población en lista de espera,POBLACION_LISTA_ESPERA,15689,,,,
La Gomera,ES706,12/2018,2018-M12,Oftalmología,OFTALMOLOGIA,Población en lista de espera,POBLACION_LISTA_ESPERA,73,,,,
La Palma,ES707,12/2018,2018-M12,Oftalmología,OFTALMOLOGIA,Población en lista de espera,POBLACION_LISTA_ESPERA,90,,,,
El Hierro,ES703,12/2018,2018-M12,Oftalmología,OFTALMOLOGIA,Población en lista de espera,POBLACION_LISTA_ESPERA,35,,,,
Canarias,ES70,12/2018,2018-M12,Neurología,NEUROLOGIA,Población en lista de espera,POBLACION_LISTA_ESPERA,2688,,,,
Lanzarote,ES708,12/2018,2018-M12,Neurología,NEUROLOGIA,Población en lista de espera,POBLACION_LISTA_ESPERA,28,,,,
Fuerteventura,ES704,12/2018,2018-M12,Neurología,NEUROLOGIA,Población en lista de espera,POBLACION_LISTA_ESPERA,35,,,,
Gran Canaria,ES705,12/2018,2018-M12,Neurología,NEUROLOGIA,Población en lista de espera,POBLACION_LISTA_ESPERA,1756,,,,
Tenerife,ES709,12/2018,2018-M12,Neurología,NEUROLOGIA,Población en lista de espera,POBLACION_LISTA_ESPERA,834,,,,
La Gomera,ES706,12/2018,2018-M12,Neurología,NEUROLOGIA,Población en lista de espera,POBLACION_LISTA_ESPERA,15,,,,
La Palma,ES707,12/2018,2018-M12,Neurología,NEUROLOGIA,Población en lista de espera,POBLACION_LISTA_ESPERA,15,,,,
El Hierro,ES703,12/2018,2018-M12,Neurología,NEUROLOGIA,Población en lista de espera,POBLACION_LISTA_ESPERA,5,,,,
Canarias,ES70,12/2018,2018-M12,Neurocirugía,NEUROCIRUGIA,Población en lista de espera,POBLACION_LISTA_ESPERA,4999,,,,
Lanzarote,ES708,12/2018,2018-M12,Neurocirugía,NEUROCIRUGIA,Población en lista de espera,POBLACION_LISTA_ESPERA,0,,,,
Fuerteventura,ES704,12/2018,2018-M12,Neurocirugía,NEUROCIRUGIA,Población en lista de espera,POBLACION_LISTA_ESPERA,1,,,,
Gran Canaria,ES705,12/2018,2018-M12,Neurocirugía,NEUROCIRUGIA,Población en lista de espera,POBLACION_LISTA_ESPERA,890,,,,
Tenerife,ES709,12/2018,2018-M12,Neurocirugía,NEUROCIRUGIA,Población en lista de espera,POBLACION_LISTA_ESPERA,4108,,,,
La Gomera,ES706,12/2018,2018-M12,Neurocirugía,NEUROCIRUGIA,Población en lista de espera,POBLACION_LISTA_ESPERA,0,,,,
La Palma,ES707,12/2018,2018-M12,Neurocirugía,NEUROCIRUGIA,Población en lista de espera,POBLACION_LISTA_ESPERA,0,,,,
El Hierro,ES703,12/2018,2018-M12,Neurocirugía,NEUROCIRUGIA,Población en lista de espera,POBLACION_LISTA_ESPERA,0,,,,
Canarias,ES70,12/2018,2018-M12,Neumología,NEUMOLOGIA,Población en lista de espera,POBLACION_LISTA_ESPERA,3245,,,,
Lanzarote,ES708,12/2018,2018-M12,Neumología,NEUMOLOGIA,Población en lista de espera,POBLACION_LISTA_ESPERA,14,,,,
Fuerteventura,ES704,12/2018,2018-M12,Neumología,NEUMOLOGIA,Población en lista de espera,POBLACION_LISTA_ESPERA,0,,,,
Gran Canaria,ES705,12/2018,2018-M12,Neumología,NEUMOLOGIA,Población en lista de espera,POBLACION_LISTA_ESPERA,1705,,,,
Tenerife,ES709,12/2018,2018-M12,Neumología,NEUMOLOGIA,Población en lista de espera,POBLACION_LISTA_ESPERA,1478,,,,
La Gomera,ES706,12/2018,2018-M12,Neumología,NEUMOLOGIA,Población en lista de espera,POBLACION_LISTA_ESPERA,0,,,,
La Palma,ES707,12/2018,2018-M12,Neumología,NEUMOLOGIA,Población en lista de espera,POBLACION_LISTA_ESPERA,33,,,,
El Hierro,ES703,12/2018,2018-M12,Neumología,NEUMOLOGIA,Población en lista de espera,POBLACION_LISTA_ESPERA,15,,,,
Canarias,ES70,12/2018,2018-M12,Nefrología,NEFROLOGIA,Población en lista de espera,POBLACION_LISTA_ESPERA,247,,,,
Lanzarote,ES708,12/2018,2018-M12,Nefrología,NEFROLOGIA,Población en lista de espera,POBLACION_LISTA_ESPERA,31,,,,
Fuerteventura,ES704,12/2018,2018-M12,Nefrología,NEFROLOGIA,Población en lista de espera,POBLACION_LISTA_ESPERA,17,,,,
Gran Canaria,ES705,12/2018,2018-M12,Nefrología,NEFROLOGIA,Población en lista de espera,POBLACION_LISTA_ESPERA,144,,,,
Tenerife,ES709,12/2018,2018-M12,Nefrología,NEFROLOGIA,Población en lista de espera,POBLACION_LISTA_ESPERA,39,,,,
La Gomera,ES706,12/2018,2018-M12,Nefrología,NEFROLOGIA,Población en lista de espera,POBLACION_LISTA_ESPERA,2,,,,
La Palma,ES707,12/2018,2018-M12,Nefrología,NEFROLOGIA,Población en lista de espera,POBLACION_LISTA_ESPERA,11,,,,
El Hierro,ES703,12/2018,2018-M12,Nefrología,NEFROLOGIA,Población en lista de espera,POBLACION_LISTA_ESPERA,3,,,,
Canarias,ES70,12/2018,2018-M12,Medicina interna,MEDICINA_INTERNA,Población en lista de espera,POBLACION_LISTA_ESPERA,754,,,,
Lanzarote,ES708,12/2018,2018-M12,Medicina interna,MEDICINA_INTERNA,Población en lista de espera,POBLACION_LISTA_ESPERA,18,,,,
Fuerteventura,ES704,12/2018,2018-M12,Medicina interna,MEDICINA_INTERNA,Población en lista de espera,POBLACION_LISTA_ESPERA,49,,,,
Gran Canaria,ES705,12/2018,2018-M12,Medicina interna,MEDICINA_INTERNA,Población en lista de espera,POBLACION_LISTA_ESPERA,516,,,,
Tenerife,ES709,12/2018,2018-M12,Medicina interna,MEDICINA_INTERNA,Población en lista de espera,POBLACION_LISTA_ESPERA,79,,,,
La Gomera,ES706,12/2018,2018-M12,Medicina interna,MEDICINA_INTERNA,Población en lista de espera,POBLACION_LISTA_ESPERA,5,,,,
La Palma,ES707,12/2018,2018-M12,Medicina interna,MEDICINA_INTERNA,Población en lista de espera,POBLACION_LISTA_ESPERA,67,,,,
El Hierro,ES703,12/2018,2018-M12,Medicina interna,MEDICINA_INTERNA,Población en lista de espera,POBLACION_LISTA_ESPERA,20,,,,
Canarias,ES70,12/2018,2018-M12,Hematología,HEMATOLOGIA,Población en lista de espera,POBLACION_LISTA_ESPERA,305,,,,
Lanzarote,ES708,12/2018,2018-M12,Hematología,HEMATOLOGIA,Población en lista de espera,POBLACION_LISTA_ESPERA,31,,,,
Fuerteventura,ES704,12/2018,2018-M12,Hematología,HEMATOLOGIA,Población en lista de espera,POBLACION_LISTA_ESPERA,12,,,,
Gran Canaria,ES705,12/2018,2018-M12,Hematología,HEMATOLOGIA,Población en lista de espera,POBLACION_LISTA_ESPERA,84,,,,
Tenerife,ES709,12/2018,2018-M12,Hematología,HEMATOLOGIA,Población en lista de espera,POBLACION_LISTA_ESPERA,134,,,,
La Gomera,ES706,12/2018,2018-M12,Hematología,HEMATOLOGIA,Población en lista de espera,POBLACION_LISTA_ESPERA,12,,,,
La Palma,ES707,12/2018,2018-M12,Hematología,HEMATOLOGIA,Población en lista de espera,POBLACION_LISTA_ESPERA,27,,,,
El Hierro,ES703,12/2018,2018-M12,Hematología,HEMATOLOGIA,Población en lista de espera,POBLACION_LISTA_ESPERA,5,,,,
Canarias,ES70,12/2018,2018-M12,Ginecología,GINECOLOGIA,Población en lista de espera,POBLACION_LISTA_ESPERA,2094,,,,
Lanzarote,ES708,12/2018,2018-M12,Ginecología,GINECOLOGIA,Población en lista de espera,POBLACION_LISTA_ESPERA,37,,,,
Fuerteventura,ES704,12/2018,2018-M12,Ginecología,GINECOLOGIA,Población en lista de espera,POBLACION_LISTA_ESPERA,44,,,,
Gran Canaria,ES705,12/2018,2018-M12,Ginecología,GINECOLOGIA,Población en lista de espera,POBLACION_LISTA_ESPERA,1316,,,,
Tenerife,ES709,12/2018,2018-M12,Ginecología,GINECOLOGIA,Población en lista de espera,POBLACION_LISTA_ESPERA,552,,,,
La Gomera,ES706,12/2018,2018-M12,Ginecología,GINECOLOGIA,Población en lista de espera,POBLACION_LISTA_ESPERA,68,,,,
La Palma,ES707,12/2018,2018-M12,Ginecología,GINECOLOGIA,Población en lista de espera,POBLACION_LISTA_ESPERA,34,,,,
El Hierro,ES703,12/2018,2018-M12,Ginecología,GINECOLOGIA,Población en lista de espera,POBLACION_LISTA_ESPERA,43,,,,
Canarias,ES70,12/2018,2018-M12,Endocrinología,ENDOCRINOLOGIA,Población en lista de espera,POBLACION_LISTA_ESPERA,1041,,,,
Lanzarote,ES708,12/2018,2018-M12,Endocrinología,ENDOCRINOLOGIA,Población en lista de espera,POBLACION_LISTA_ESPERA,94,,,,
Fuerteventura,ES704,12/2018,2018-M12,Endocrinología,ENDOCRINOLOGIA,Población en lista de espera,POBLACION_LISTA_ESPERA,76,,,,
Gran Canaria,ES705,12/2018,2018-M12,Endocrinología,ENDOCRINOLOGIA,Población en lista de espera,POBLACION_LISTA_ESPERA,673,,,,
Tenerife,ES709,12/2018,2018-M12,Endocrinología,ENDOCRINOLOGIA,Población en lista de espera,POBLACION_LISTA_ESPERA,118,,,,
La Gomera,ES706,12/2018,2018-M12,Endocrinología,ENDOCRINOLOGIA,Población en lista de espera,POBLACION_LISTA_ESPERA,3,,,,
La Palma,ES707,12/2018,2018-M12,Endocrinología,ENDOCRINOLOGIA,Población en lista de espera,POBLACION_LISTA_ESPERA,71,,,,
El Hierro,ES703,12/2018,2018-M12,Endocrinología,ENDOCRINOLOGIA,Población en lista de espera,POBLACION_LISTA_ESPERA,6,,,,
Canarias,ES70,12/2018,2018-M12,Digestivo,DIGESTIVO,Población en lista de espera,POBLACION_LISTA_ESPERA,4390,,,,
Lanzarote,ES708,12/2018,2018-M12,Digestivo,DIGESTIVO,Población en lista de espera,POBLACION_LISTA_ESPERA,18,,,,
Fuerteventura,ES704,12/2018,2018-M12,Digestivo,DIGESTIVO,Población en lista de espera,POBLACION_LISTA_ESPERA,37,,,,
Gran Canaria,ES705,12/2018,2018-M12,Digestivo,DIGESTIVO,Población en lista de espera,POBLACION_LISTA_ESPERA,3496,,,,
Tenerife,ES709,12/2018,2018-M12,Digestivo,DIGESTIVO,Población en lista de espera,POBLACION_LISTA_ESPERA,831,,,,
La Gomera,ES706,12/2018,2018-M12,Digestivo,DIGESTIVO,Población en lista de espera,POBLACION_LISTA_ESPERA,0,,,,
La Palma,ES707,12/2018,2018-M12,Digestivo,DIGESTIVO,Población en lista de espera,POBLACION_LISTA_ESPERA,2,,,,
El Hierro,ES703,12/2018,2018-M12,Digestivo,DIGESTIVO,Población en lista de espera,POBLACION_LISTA_ESPERA,6,,,,
Canarias,ES70,12/2018,2018-M12,Dermatología,DERMATOLOGIA,Población en lista de espera,POBLACION_LISTA_ESPERA,18394,,,,
Lanzarote,ES708,12/2018,2018-M12,Dermatología,DERMATOLOGIA,Población en lista de espera,POBLACION_LISTA_ESPERA,149,,,,
Fuerteventura,ES704,12/2018,2018-M12,Dermatología,DERMATOLOGIA,Población en lista de espera,POBLACION_LISTA_ESPERA,446,,,,
Gran Canaria,ES705,12/2018,2018-M12,Dermatología,DERMATOLOGIA,Población en lista de espera,POBLACION_LISTA_ESPERA,5490,,,,
Tenerife,ES709,12/2018,2018-M12,Dermatología,DERMATOLOGIA,Población en lista de espera,POBLACION_LISTA_ESPERA,11489,,,,
La Gomera,ES706,12/2018,2018-M12,Dermatología,DERMATOLOGIA,Población en lista de espera,POBLACION_LISTA_ESPERA,175,,,,
La Palma,ES707,12/2018,2018-M12,Dermatología,DERMATOLOGIA,Población en lista de espera,POBLACION_LISTA_ESPERA,617,,,,
El Hierro,ES703,12/2018,2018-M12,Dermatología,DERMATOLOGIA,Población en lista de espera,POBLACION_LISTA_ESPERA,28,,,,
Canarias,ES70,12/2018,2018-M12,Cirugía torácica,CIRUGIA_TORACICA,Población en lista de espera,POBLACION_LISTA_ESPERA,50,,,,
Lanzarote,ES708,12/2018,2018-M12,Cirugía torácica,CIRUGIA_TORACICA,Población en lista de espera,POBLACION_LISTA_ESPERA,0,,,,
Fuerteventura,ES704,12/2018,2018-M12,Cirugía torácica,CIRUGIA_TORACICA,Población en lista de espera,POBLACION_LISTA_ESPERA,3,,,,
Gran Canaria,ES705,12/2018,2018-M12,Cirugía torácica,CIRUGIA_TORACICA,Población en lista de espera,POBLACION_LISTA_ESPERA,23,,,,
Tenerife,ES709,12/2018,2018-M12,Cirugía torácica,CIRUGIA_TORACICA,Población en lista de espera,POBLACION_LISTA_ESPERA,24,,,,
La Gomera,ES706,12/2018,2018-M12,Cirugía torácica,CIRUGIA_TORACICA,Población en lista de espera,POBLACION_LISTA_ESPERA,0,,,,
La Palma,ES707,12/2018,2018-M12,Cirugía torácica,CIRUGIA_TORACICA,Población en lista de espera,POBLACION_LISTA_ESPERA,0,,,,
El Hierro,ES703,12/2018,2018-M12,Cirugía torácica,CIRUGIA_TORACICA,Población en lista de espera,POBLACION_LISTA_ESPERA,0,,,,
Canarias,ES70,12/2018,2018-M12,Cirugía plástica y reparadora,CIRUGIA_PLASTICA_REPARADORA,Población en lista de espera,POBLACION_LISTA_ESPERA,439,,,,
Lanzarote,ES708,12/2018,2018-M12,Cirugía plástica y reparadora,CIRUGIA_PLASTICA_REPARADORA,Población en lista de espera,POBLACION_LISTA_ESPERA,0,,,,
Fuerteventura,ES704,12/2018,2018-M12,Cirugía plástica y reparadora,CIRUGIA_PLASTICA_REPARADORA,Población en lista de espera,POBLACION_LISTA_ESPERA,0,,,,
Gran Canaria,ES705,12/2018,2018-M12,Cirugía plástica y reparadora,CIRUGIA_PLASTICA_REPARADORA,Población en lista de espera,POBLACION_LISTA_ESPERA,219,,,,
Tenerife,ES709,12/2018,2018-M12,Cirugía plástica y reparadora,CIRUGIA_PLASTICA_REPARADORA,Población en lista de espera,POBLACION_LISTA_ESPERA,220,,,,
La Gomera,ES706,12/2018,2018-M12,Cirugía plástica y reparadora,CIRUGIA_PLASTICA_REPARADORA,Población en lista de espera,POBLACION_LISTA_ESPERA,0,,,,
La Palma,ES707,12/2018,2018-M12,Cirugía plástica y reparadora,CIRUGIA_PLASTICA_REPARADORA,Población en lista de espera,POBLACION_LISTA_ESPERA,0,,,,
El Hierro,ES703,12/2018,2018-M12,Cirugía plástica y reparadora,CIRUGIA_PLASTICA_REPARADORA,Población en lista de espera,POBLACION_LISTA_ESPERA,0,,,,
Canarias,ES70,12/2018,2018-M12,Cirugía pediátrica,CIRUGIA_PEDIATRICA,Población en lista de espera,POBLACION_LISTA_ESPERA,513,,,,
Lanzarote,ES708,12/2018,2018-M12,Cirugía pediátrica,CIRUGIA_PEDIATRICA,Población en lista de espera,POBLACION_LISTA_ESPERA,0,,,,
Fuerteventura,ES704,12/2018,2018-M12,Cirugía pediátrica,CIRUGIA_PEDIATRICA,Población en lista de espera,POBLACION_LISTA_ESPERA,0,,,,
Gran Canaria,ES705,12/2018,2018-M12,Cirugía pediátrica,CIRUGIA_PEDIATRICA,Población en lista de espera,POBLACION_LISTA_ESPERA,96,,,,
Tenerife,ES709,12/2018,2018-M12,Cirugía pediátrica,CIRUGIA_PEDIATRICA,Población en lista de espera,POBLACION_LISTA_ESPERA,417,,,,
La Gomera,ES706,12/2018,2018-M12,Cirugía pediátrica,CIRUGIA_PEDIATRICA,Población en lista de espera,POBLACION_LISTA_ESPERA,0,,,,
La Palma,ES707,12/2018,2018-M12,Cirugía pediátrica,CIRUGIA_PEDIATRICA,Población en lista de espera,POBLACION_LISTA_ESPERA,0,,,,
El Hierro,ES703,12/2018,2018-M12,Cirugía pediátrica,CIRUGIA_PEDIATRICA,Población en lista de espera,POBLACION_LISTA_ESPERA,0,,,,
Canarias,ES70,12/2018,2018-M12,Cirugía maxilofacial,CIRUGIA_MAXILOFACIAL,Población en lista de espera,POBLACION_LISTA_ESPERA,2883,,,,
Lanzarote,ES708,12/2018,2018-M12,Cirugía maxilofacial,CIRUGIA_MAXILOFACIAL,Población en lista de espera,POBLACION_LISTA_ESPERA,0,,,,
Fuerteventura,ES704,12/2018,2018-M12,Cirugía maxilofacial,CIRUGIA_MAXILOFACIAL,Población en lista de espera,POBLACION_LISTA_ESPERA,0,,,,
Gran Canaria,ES705,12/2018,2018-M12,Cirugía maxilofacial,CIRUGIA_MAXILOFACIAL,Población en lista de espera,POBLACION_LISTA_ESPERA,897,,,,
Tenerife,ES709,12/2018,2018-M12,Cirugía maxilofacial,CIRUGIA_MAXILOFACIAL,Población en lista de espera,POBLACION_LISTA_ESPERA,1986,,,,
La Gomera,ES706,12/2018,2018-M12,Cirugía maxilofacial,CIRUGIA_MAXILOFACIAL,Población en lista de espera,POBLACION_LISTA_ESPERA,0,,,,
La Palma,ES707,12/2018,2018-M12,Cirugía maxilofacial,CIRUGIA_MAXILOFACIAL,Población en lista de espera,POBLACION_LISTA_ESPERA,0,,,,
El Hierro,ES703,12/2018,2018-M12,Cirugía maxilofacial,CIRUGIA_MAXILOFACIAL,Población en lista de espera,POBLACION_LISTA_ESPERA,0,,,,
Canarias,ES70,12/2018,2018-M12,Cirugía general y digestiva,CIRUGIA_GENERAL_DIGESTIVA,Población en lista de espera,POBLACION_LISTA_ESPERA,4080,,,,
Lanzarote,ES708,12/2018,2018-M12,Cirugía general y digestiva,CIRUGIA_GENERAL_DIGESTIVA,Población en lista de espera,POBLACION_LISTA_ESPERA,84,,,,
Fuerteventura,ES704,12/2018,2018-M12,Cirugía general y digestiva,CIRUGIA_GENERAL_DIGESTIVA,Población en lista de espera,POBLACION_LISTA_ESPERA,45,,,,
Gran Canaria,ES705,12/2018,2018-M12,Cirugía general y digestiva,CIRUGIA_GENERAL_DIGESTIVA,Población en lista de espera,POBLACION_LISTA_ESPERA,2948,,,,
Tenerife,ES709,12/2018,2018-M12,Cirugía general y digestiva,CIRUGIA_GENERAL_DIGESTIVA,Población en lista de espera,POBLACION_LISTA_ESPERA,824,,,,
La Gomera,ES706,12/2018,2018-M12,Cirugía general y digestiva,CIRUGIA_GENERAL_DIGESTIVA,Población en lista de espera,POBLACION_LISTA_ESPERA,24,,,,
La Palma,ES707,12/2018,2018-M12,Cirugía general y digestiva,CIRUGIA_GENERAL_DIGESTIVA,Población en lista de espera,POBLACION_LISTA_ESPERA,154,,,,
El Hierro,ES703,12/2018,2018-M12,Cirugía general y digestiva,CIRUGIA_GENERAL_DIGESTIVA,Población en lista de espera,POBLACION_LISTA_ESPERA,1,,,,
Canarias,ES70,12/2018,2018-M12,Cirugía cardíaca,CIRUGIA_CARDIACA,Población en lista de espera,POBLACION_LISTA_ESPERA,11,,,,
Lanzarote,ES708,12/2018,2018-M12,Cirugía cardíaca,CIRUGIA_CARDIACA,Población en lista de espera,POBLACION_LISTA_ESPERA,0,,,,
Fuerteventura,ES704,12/2018,2018-M12,Cirugía cardíaca,CIRUGIA_CARDIACA,Población en lista de espera,POBLACION_LISTA_ESPERA,0,,,,
Gran Canaria,ES705,12/2018,2018-M12,Cirugía cardíaca,CIRUGIA_CARDIACA,Población en lista de espera,POBLACION_LISTA_ESPERA,5,,,,
Tenerife,ES709,12/2018,2018-M12,Cirugía cardíaca,CIRUGIA_CARDIACA,Población en lista de espera,POBLACION_LISTA_ESPERA,6,,,,
La Gomera,ES706,12/2018,2018-M12,Cirugía cardíaca,CIRUGIA_CARDIACA,Población en lista de espera,POBLACION_LISTA_ESPERA,0,,,,
La Palma,ES707,12/2018,2018-M12,Cirugía cardíaca,CIRUGIA_CARDIACA,Población en lista de espera,POBLACION_LISTA_ESPERA,0,,,,
El Hierro,ES703,12/2018,2018-M12,Cirugía cardíaca,CIRUGIA_CARDIACA,Población en lista de espera,POBLACION_LISTA_ESPERA,0,,,,
Canarias,ES70,12/2018,2018-M12,Cardiología,CARDIOLOGIA,Población en lista de espera,POBLACION_LISTA_ESPERA,3275,,,,
Lanzarote,ES708,12/2018,2018-M12,Cardiología,CARDIOLOGIA,Población en lista de espera,POBLACION_LISTA_ESPERA,42,,,,
Fuerteventura,ES704,12/2018,2018-M12,Cardiología,CARDIOLOGIA,Población en lista de espera,POBLACION_LISTA_ESPERA,13,,,,
Gran Canaria,ES705,12/2018,2018-M12,Cardiología,CARDIOLOGIA,Población en lista de espera,POBLACION_LISTA_ESPERA,1730,,,,
Tenerife,ES709,12/2018,2018-M12,Cardiología,CARDIOLOGIA,Población en lista de espera,POBLACION_LISTA_ESPERA,1442,,,,
La Gomera,ES706,12/2018,2018-M12,Cardiología,CARDIOLOGIA,Población en lista de espera,POBLACION_LISTA_ESPERA,1,,,,
La Palma,ES707,12/2018,2018-M12,Cardiología,CARDIOLOGIA,Población en lista de espera,POBLACION_LISTA_ESPERA,33,,,,
El Hierro,ES703,12/2018,2018-M12,Cardiología,CARDIOLOGIA,Población en lista de espera,POBLACION_LISTA_ESPERA,14,,,,
Canarias,ES70,12/2018,2018-M12,Angiología y cirugía vascular,ANGIOLOGIA_CIRUGIA_VASCULAR,Población en lista de espera,POBLACION_LISTA_ESPERA,1460,,,,
Lanzarote,ES708,12/2018,2018-M12,Angiología y cirugía vascular,ANGIOLOGIA_CIRUGIA_VASCULAR,Población en lista de espera,POBLACION_LISTA_ESPERA,0,,,,
Fuerteventura,ES704,12/2018,2018-M12,Angiología y cirugía vascular,ANGIOLOGIA_CIRUGIA_VASCULAR,Población en lista de espera,POBLACION_LISTA_ESPERA,0,,,,
Gran Canaria,ES705,12/2018,2018-M12,Angiología y cirugía vascular,ANGIOLOGIA_CIRUGIA_VASCULAR,Población en lista de espera,POBLACION_LISTA_ESPERA,393,,,,
Tenerife,ES709,12/2018,2018-M12,Angiología y cirugía vascular,ANGIOLOGIA_CIRUGIA_VASCULAR,Población en lista de espera,POBLACION_LISTA_ESPERA,1067,,,,
La Gomera,ES706,12/2018,2018-M12,Angiología y cirugía vascular,ANGIOLOGIA_CIRUGIA_VASCULAR,Población en lista de espera,POBLACION_LISTA_ESPERA,0,,,,
La Palma,ES707,12/2018,2018-M12,Angiología y cirugía vascular,ANGIOLOGIA_CIRUGIA_VASCULAR,Población en lista de espera,POBLACION_LISTA_ESPERA,0,,,,
El Hierro,ES703,12/2018,2018-M12,Angiología y cirugía vascular,ANGIOLOGIA_CIRUGIA_VASCULAR,Población en lista de espera,POBLACION_LISTA_ESPERA,0,,,,
Canarias,ES70,12/2018,2018-M12,Alergia,ALERGIA,Población en lista de espera,POBLACION_LISTA_ESPERA,1035,,,,
Lanzarote,ES708,12/2018,2018-M12,Alergia,ALERGIA,Población en lista de espera,POBLACION_LISTA_ESPERA,33,,,,
Fuerteventura,ES704,12/2018,2018-M12,Alergia,ALERGIA,Población en lista de espera,POBLACION_LISTA_ESPERA,149,,,,
Gran Canaria,ES705,12/2018,2018-M12,Alergia,ALERGIA,Población en lista de espera,POBLACION_LISTA_ESPERA,243,,,,
Tenerife,ES709,12/2018,2018-M12,Alergia,ALERGIA,Población en lista de espera,POBLACION_LISTA_ESPERA,472,,,,
La Gomera,ES706,12/2018,2018-M12,Alergia,ALERGIA,Población en lista de espera,POBLACION_LISTA_ESPERA,0,,,,
La Palma,ES707,12/2018,2018-M12,Alergia,ALERGIA,Población en lista de espera,POBLACION_LISTA_ESPERA,124,,,,
El Hierro,ES703,12/2018,2018-M12,Alergia,ALERGIA,Población en lista de espera,POBLACION_LISTA_ESPERA,14,,,,
Canarias,ES70,06/2019,2019-M06,Urología,UROLOGIA,Población en lista de espera,POBLACION_LISTA_ESPERA,5057,,,,
Lanzarote,ES708,06/2019,2019-M06,Urología,UROLOGIA,Población en lista de espera,POBLACION_LISTA_ESPERA,294,,,,
Fuerteventura,ES704,06/2019,2019-M06,Urología,UROLOGIA,Población en lista de espera,POBLACION_LISTA_ESPERA,72,,,,
Gran Canaria,ES705,06/2019,2019-M06,Urología,UROLOGIA,Población en lista de espera,POBLACION_LISTA_ESPERA,2741,,,,
Tenerife,ES709,06/2019,2019-M06,Urología,UROLOGIA,Población en lista de espera,POBLACION_LISTA_ESPERA,1890,,,,
La Gomera,ES706,06/2019,2019-M06,Urología,UROLOGIA,Población en lista de espera,POBLACION_LISTA_ESPERA,0,,,,
La Palma,ES707,06/2019,2019-M06,Urología,UROLOGIA,Población en lista de espera,POBLACION_LISTA_ESPERA,47,,,,
El Hierro,ES703,06/2019,2019-M06,Urología,UROLOGIA,Población en lista de espera,POBLACION_LISTA_ESPERA,13,,,,
Canarias,ES70,06/2019,2019-M06,Traumatología y cirugía ortopédica,TRAUMATOLOGIA_CIRUGIA_ORTOPEDICA,Población en lista de espera,POBLACION_LISTA_ESPERA,21817,,,,
Lanzarote,ES708,06/2019,2019-M06,Traumatología y cirugía ortopédica,TRAUMATOLOGIA_CIRUGIA_ORTOPEDICA,Población en lista de espera,POBLACION_LISTA_ESPERA,477,,,,
Fuerteventura,ES704,06/2019,2019-M06,Traumatología y cirugía ortopédica,TRAUMATOLOGIA_CIRUGIA_ORTOPEDICA,Población en lista de espera,POBLACION_LISTA_ESPERA,320,,,,
Gran Canaria,ES705,06/2019,2019-M06,Traumatología y cirugía ortopédica,TRAUMATOLOGIA_CIRUGIA_ORTOPEDICA,Población en lista de espera,POBLACION_LISTA_ESPERA,11745,,,,
Tenerife,ES709,06/2019,2019-M06,Traumatología y cirugía ortopédica,TRAUMATOLOGIA_CIRUGIA_ORTOPEDICA,Población en lista de espera,POBLACION_LISTA_ESPERA,9030,,,,
La Gomera,ES706,06/2019,2019-M06,Traumatología y cirugía ortopédica,TRAUMATOLOGIA_CIRUGIA_ORTOPEDICA,Población en lista de espera,POBLACION_LISTA_ESPERA,121,,,,
La Palma,ES707,06/2019,2019-M06,Traumatología y cirugía ortopédica,TRAUMATOLOGIA_CIRUGIA_ORTOPEDICA,Población en lista de espera,POBLACION_LISTA_ESPERA,88,,,,
El Hierro,ES703,06/2019,2019-M06,Traumatología y cirugía ortopédica,TRAUMATOLOGIA_CIRUGIA_ORTOPEDICA,Población en lista de espera,POBLACION_LISTA_ESPERA,36,,,,
Canarias,ES70,06/2019,2019-M06,Total,_T,Población en lista de espera,POBLACION_LISTA_ESPERA,132834,,,,
Lanzarote,ES708,06/2019,2019-M06,Total,_T,Población en lista de espera,POBLACION_LISTA_ESPERA,2950,,,,
Fuerteventura,ES704,06/2019,2019-M06,Total,_T,Población en lista de espera,POBLACION_LISTA_ESPERA,3559,,,,
Gran Canaria,ES705,06/2019,2019-M06,Total,_T,Población en lista de espera,POBLACION_LISTA_ESPERA,60588,,,,
Tenerife,ES709,06/2019,2019-M06,Total,_T,Población en lista de espera,POBLACION_LISTA_ESPERA,63014,,,,
La Gomera,ES706,06/2019,2019-M06,Total,_T,Población en lista de espera,POBLACION_LISTA_ESPERA,783,,,,
La Palma,ES707,06/2019,2019-M06,Total,_T,Población en lista de espera,POBLACION_LISTA_ESPERA,1476,,,,
El Hierro,ES703,06/2019,2019-M06,Total,_T,Población en lista de espera,POBLACION_LISTA_ESPERA,464,,,,
Canarias,ES70,06/2019,2019-M06,Reumatología,REUMATOLOGIA,Población en lista de espera,POBLACION_LISTA_ESPERA,1962,,,,
Lanzarote,ES708,06/2019,2019-M06,Reumatología,REUMATOLOGIA,Población en lista de espera,POBLACION_LISTA_ESPERA,71,,,,
Fuerteventura,ES704,06/2019,2019-M06,Reumatología,REUMATOLOGIA,Población en lista de espera,POBLACION_LISTA_ESPERA,0,,,,
Gran Canaria,ES705,06/2019,2019-M06,Reumatología,REUMATOLOGIA,Población en lista de espera,POBLACION_LISTA_ESPERA,1208,,,,
Tenerife,ES709,06/2019,2019-M06,Reumatología,REUMATOLOGIA,Población en lista de espera,POBLACION_LISTA_ESPERA,633,,,,
La Gomera,ES706,06/2019,2019-M06,Reumatología,REUMATOLOGIA,Población en lista de espera,POBLACION_LISTA_ESPERA,0,,,,
La Palma,ES707,06/2019,2019-M06,Reumatología,REUMATOLOGIA,Población en lista de espera,POBLACION_LISTA_ESPERA,50,,,,
El Hierro,ES703,06/2019,2019-M06,Reumatología,REUMATOLOGIA,Población en lista de espera,POBLACION_LISTA_ESPERA,0,,,,
Canarias,ES70,06/2019,2019-M06,Rehabilitación,REHABILITACION,Población en lista de espera,POBLACION_LISTA_ESPERA,10994,,,,
Lanzarote,ES708,06/2019,2019-M06,Rehabilitación,REHABILITACION,Población en lista de espera,POBLACION_LISTA_ESPERA,163,,,,
Fuerteventura,ES704,06/2019,2019-M06,Rehabilitación,REHABILITACION,Población en lista de espera,POBLACION_LISTA_ESPERA,210,,,,
Gran Canaria,ES705,06/2019,2019-M06,Rehabilitación,REHABILITACION,Población en lista de espera,POBLACION_LISTA_ESPERA,6630,,,,
Tenerife,ES709,06/2019,2019-M06,Rehabilitación,REHABILITACION,Población en lista de espera,POBLACION_LISTA_ESPERA,3875,,,,
La Gomera,ES706,06/2019,2019-M06,Rehabilitación,REHABILITACION,Población en lista de espera,POBLACION_LISTA_ESPERA,31,,,,
La Palma,ES707,06/2019,2019-M06,Rehabilitación,REHABILITACION,Población en lista de espera,POBLACION_LISTA_ESPERA,37,,,,
El Hierro,ES703,06/2019,2019-M06,Rehabilitación,REHABILITACION,Población en lista de espera,POBLACION_LISTA_ESPERA,48,,,,
Canarias,ES70,06/2019,2019-M06,Psiquiatría,PSIQUIATRIA,Población en lista de espera,POBLACION_LISTA_ESPERA,2156,,,,
Lanzarote,ES708,06/2019,2019-M06,Psiquiatría,PSIQUIATRIA,Población en lista de espera,POBLACION_LISTA_ESPERA,53,,,,
Fuerteventura,ES704,06/2019,2019-M06,Psiquiatría,PSIQUIATRIA,Población en lista de espera,POBLACION_LISTA_ESPERA,415,,,,
Gran Canaria,ES705,06/2019,2019-M06,Psiquiatría,PSIQUIATRIA,Población en lista de espera,POBLACION_LISTA_ESPERA,797,,,,
Tenerife,ES709,06/2019,2019-M06,Psiquiatría,PSIQUIATRIA,Población en lista de espera,POBLACION_LISTA_ESPERA,862,,,,
La Gomera,ES706,06/2019,2019-M06,Psiquiatría,PSIQUIATRIA,Población en lista de espera,POBLACION_LISTA_ESPERA,0,,,,
La Palma,ES707,06/2019,2019-M06,Psiquiatría,PSIQUIATRIA,Población en lista de espera,POBLACION_LISTA_ESPERA,26,,,,
El Hierro,ES703,06/2019,2019-M06,Psiquiatría,PSIQUIATRIA,Población en lista de espera,POBLACION_LISTA_ESPERA,3,,,,
Canarias,ES70,06/2019,2019-M06,Pediatría,PEDIATRIA,Población en lista de espera,POBLACION_LISTA_ESPERA,707,,,,
Lanzarote,ES708,06/2019,2019-M06,Pediatría,PEDIATRIA,Población en lista de espera,POBLACION_LISTA_ESPERA,165,,,,
Fuerteventura,ES704,06/2019,2019-M06,Pediatría,PEDIATRIA,Población en lista de espera,POBLACION_LISTA_ESPERA,40,,,,
Gran Canaria,ES705,06/2019,2019-M06,Pediatría,PEDIATRIA,Población en lista de espera,POBLACION_LISTA_ESPERA,200,,,,
Tenerife,ES709,06/2019,2019-M06,Pediatría,PEDIATRIA,Población en lista de espera,POBLACION_LISTA_ESPERA,283,,,,
La Gomera,ES706,06/2019,2019-M06,Pediatría,PEDIATRIA,Población en lista de espera,POBLACION_LISTA_ESPERA,9,,,,
La Palma,ES707,06/2019,2019-M06,Pediatría,PEDIATRIA,Población en lista de espera,POBLACION_LISTA_ESPERA,10,,,,
El Hierro,ES703,06/2019,2019-M06,Pediatría,PEDIATRIA,Población en lista de espera,POBLACION_LISTA_ESPERA,0,,,,
Canarias,ES70,06/2019,2019-M06,Otorrinolaringología,OTORRINOLARINGOLOGIA,Población en lista de espera,POBLACION_LISTA_ESPERA,13696,,,,
Lanzarote,ES708,06/2019,2019-M06,Otorrinolaringología,OTORRINOLARINGOLOGIA,Población en lista de espera,POBLACION_LISTA_ESPERA,115,,,,
Fuerteventura,ES704,06/2019,2019-M06,Otorrinolaringología,OTORRINOLARINGOLOGIA,Población en lista de espera,POBLACION_LISTA_ESPERA,466,,,,
Gran Canaria,ES705,06/2019,2019-M06,Otorrinolaringología,OTORRINOLARINGOLOGIA,Población en lista de espera,POBLACION_LISTA_ESPERA,4342,,,,
Tenerife,ES709,06/2019,2019-M06,Otorrinolaringología,OTORRINOLARINGOLOGIA,Población en lista de espera,POBLACION_LISTA_ESPERA,8642,,,,
La Gomera,ES706,06/2019,2019-M06,Otorrinolaringología,OTORRINOLARINGOLOGIA,Población en lista de espera,POBLACION_LISTA_ESPERA,42,,,,
La Palma,ES707,06/2019,2019-M06,Otorrinolaringología,OTORRINOLARINGOLOGIA,Población en lista de espera,POBLACION_LISTA_ESPERA,37,,,,
El Hierro,ES703,06/2019,2019-M06,Otorrinolaringología,OTORRINOLARINGOLOGIA,Población en lista de espera,POBLACION_LISTA_ESPERA,52,,,,
Canarias,ES70,06/2019,2019-M06,Oftalmología,OFTALMOLOGIA,Población en lista de espera,POBLACION_LISTA_ESPERA,28176,,,,
Lanzarote,ES708,06/2019,2019-M06,Oftalmología,OFTALMOLOGIA,Población en lista de espera,POBLACION_LISTA_ESPERA,156,,,,
Fuerteventura,ES704,06/2019,2019-M06,Oftalmología,OFTALMOLOGIA,Población en lista de espera,POBLACION_LISTA_ESPERA,308,,,,
Gran Canaria,ES705,06/2019,2019-M06,Oftalmología,OFTALMOLOGIA,Población en lista de espera,POBLACION_LISTA_ESPERA,11824,,,,
Tenerife,ES709,06/2019,2019-M06,Oftalmología,OFTALMOLOGIA,Población en lista de espera,POBLACION_LISTA_ESPERA,15559,,,,
La Gomera,ES706,06/2019,2019-M06,Oftalmología,OFTALMOLOGIA,Población en lista de espera,POBLACION_LISTA_ESPERA,177,,,,
La Palma,ES707,06/2019,2019-M06,Oftalmología,OFTALMOLOGIA,Población en lista de espera,POBLACION_LISTA_ESPERA,109,,,,
El Hierro,ES703,06/2019,2019-M06,Oftalmología,OFTALMOLOGIA,Población en lista de espera,POBLACION_LISTA_ESPERA,43,,,,
Canarias,ES70,06/2019,2019-M06,Neurología,NEUROLOGIA,Población en lista de espera,POBLACION_LISTA_ESPERA,3087,,,,
Lanzarote,ES708,06/2019,2019-M06,Neurología,NEUROLOGIA,Población en lista de espera,POBLACION_LISTA_ESPERA,134,,,,
Fuerteventura,ES704,06/2019,2019-M06,Neurología,NEUROLOGIA,Población en lista de espera,POBLACION_LISTA_ESPERA,363,,,,
Gran Canaria,ES705,06/2019,2019-M06,Neurología,NEUROLOGIA,Población en lista de espera,POBLACION_LISTA_ESPERA,1699,,,,
Tenerife,ES709,06/2019,2019-M06,Neurología,NEUROLOGIA,Población en lista de espera,POBLACION_LISTA_ESPERA,780,,,,
La Gomera,ES706,06/2019,2019-M06,Neurología,NEUROLOGIA,Población en lista de espera,POBLACION_LISTA_ESPERA,51,,,,
La Palma,ES707,06/2019,2019-M06,Neurología,NEUROLOGIA,Población en lista de espera,POBLACION_LISTA_ESPERA,49,,,,
El Hierro,ES703,06/2019,2019-M06,Neurología,NEUROLOGIA,Población en lista de espera,POBLACION_LISTA_ESPERA,11,,,,
Canarias,ES70,06/2019,2019-M06,Neurocirugía,NEUROCIRUGIA,Población en lista de espera,POBLACION_LISTA_ESPERA,4333,,,,
Lanzarote,ES708,06/2019,2019-M06,Neurocirugía,NEUROCIRUGIA,Población en lista de espera,POBLACION_LISTA_ESPERA,0,,,,
Fuerteventura,ES704,06/2019,2019-M06,Neurocirugía,NEUROCIRUGIA,Población en lista de espera,POBLACION_LISTA_ESPERA,38,,,,
Gran Canaria,ES705,06/2019,2019-M06,Neurocirugía,NEUROCIRUGIA,Población en lista de espera,POBLACION_LISTA_ESPERA,581,,,,
Tenerife,ES709,06/2019,2019-M06,Neurocirugía,NEUROCIRUGIA,Población en lista de espera,POBLACION_LISTA_ESPERA,3714,,,,
La Gomera,ES706,06/2019,2019-M06,Neurocirugía,NEUROCIRUGIA,Población en lista de espera,POBLACION_LISTA_ESPERA,0,,,,
La Palma,ES707,06/2019,2019-M06,Neurocirugía,NEUROCIRUGIA,Población en lista de espera,POBLACION_LISTA_ESPERA,0,,,,
El Hierro,ES703,06/2019,2019-M06,Neurocirugía,NEUROCIRUGIA,Población en lista de espera,POBLACION_LISTA_ESPERA,0,,,,
Canarias,ES70,06/2019,2019-M06,Neumología,NEUMOLOGIA,Población en lista de espera,POBLACION_LISTA_ESPERA,2694,,,,
Lanzarote,ES708,06/2019,2019-M06,Neumología,NEUMOLOGIA,Población en lista de espera,POBLACION_LISTA_ESPERA,31,,,,
Fuerteventura,ES704,06/2019,2019-M06,Neumología,NEUMOLOGIA,Población en lista de espera,POBLACION_LISTA_ESPERA,0,,,,
Gran Canaria,ES705,06/2019,2019-M06,Neumología,NEUMOLOGIA,Población en lista de espera,POBLACION_LISTA_ESPERA,1470,,,,
Tenerife,ES709,06/2019,2019-M06,Neumología,NEUMOLOGIA,Población en lista de espera,POBLACION_LISTA_ESPERA,1152,,,,
La Gomera,ES706,06/2019,2019-M06,Neumología,NEUMOLOGIA,Población en lista de espera,POBLACION_LISTA_ESPERA,0,,,,
La Palma,ES707,06/2019,2019-M06,Neumología,NEUMOLOGIA,Población en lista de espera,POBLACION_LISTA_ESPERA,39,,,,
El Hierro,ES703,06/2019,2019-M06,Neumología,NEUMOLOGIA,Población en lista de espera,POBLACION_LISTA_ESPERA,2,,,,
Canarias,ES70,06/2019,2019-M06,Nefrología,NEFROLOGIA,Población en lista de espera,POBLACION_LISTA_ESPERA,244,,,,
Lanzarote,ES708,06/2019,2019-M06,Nefrología,NEFROLOGIA,Población en lista de espera,POBLACION_LISTA_ESPERA,12,,,,
Fuerteventura,ES704,06/2019,2019-M06,Nefrología,NEFROLOGIA,Población en lista de espera,POBLACION_LISTA_ESPERA,25,,,,
Gran Canaria,ES705,06/2019,2019-M06,Nefrología,NEFROLOGIA,Población en lista de espera,POBLACION_LISTA_ESPERA,142,,,,
Tenerife,ES709,06/2019,2019-M06,Nefrología,NEFROLOGIA,Población en lista de espera,POBLACION_LISTA_ESPERA,35,,,,
La Gomera,ES706,06/2019,2019-M06,Nefrología,NEFROLOGIA,Población en lista de espera,POBLACION_LISTA_ESPERA,1,,,,
La Palma,ES707,06/2019,2019-M06,Nefrología,NEFROLOGIA,Población en lista de espera,POBLACION_LISTA_ESPERA,29,,,,
El Hierro,ES703,06/2019,2019-M06,Nefrología,NEFROLOGIA,Población en lista de espera,POBLACION_LISTA_ESPERA,0,,,,
Canarias,ES70,06/2019,2019-M06,Medicina interna,MEDICINA_INTERNA,Población en lista de espera,POBLACION_LISTA_ESPERA,687,,,,
Lanzarote,ES708,06/2019,2019-M06,Medicina interna,MEDICINA_INTERNA,Población en lista de espera,POBLACION_LISTA_ESPERA,31,,,,
Fuerteventura,ES704,06/2019,2019-M06,Medicina interna,MEDICINA_INTERNA,Población en lista de espera,POBLACION_LISTA_ESPERA,106,,,,
Gran Canaria,ES705,06/2019,2019-M06,Medicina interna,MEDICINA_INTERNA,Población en lista de espera,POBLACION_LISTA_ESPERA,471,,,,
Tenerife,ES709,06/2019,2019-M06,Medicina interna,MEDICINA_INTERNA,Población en lista de espera,POBLACION_LISTA_ESPERA,42,,,,
La Gomera,ES706,06/2019,2019-M06,Medicina interna,MEDICINA_INTERNA,Población en lista de espera,POBLACION_LISTA_ESPERA,9,,,,
La Palma,ES707,06/2019,2019-M06,Medicina interna,MEDICINA_INTERNA,Población en lista de espera,POBLACION_LISTA_ESPERA,17,,,,
El Hierro,ES703,06/2019,2019-M06,Medicina interna,MEDICINA_INTERNA,Población en lista de espera,POBLACION_LISTA_ESPERA,11,,,,
Canarias,ES70,06/2019,2019-M06,Hematología,HEMATOLOGIA,Población en lista de espera,POBLACION_LISTA_ESPERA,316,,,,
Lanzarote,ES708,06/2019,2019-M06,Hematología,HEMATOLOGIA,Población en lista de espera,POBLACION_LISTA_ESPERA,21,,,,
Fuerteventura,ES704,06/2019,2019-M06,Hematología,HEMATOLOGIA,Población en lista de espera,POBLACION_LISTA_ESPERA,14,,,,
Gran Canaria,ES705,06/2019,2019-M06,Hematología,HEMATOLOGIA,Población en lista de espera,POBLACION_LISTA_ESPERA,91,,,,
Tenerife,ES709,06/2019,2019-M06,Hematología,HEMATOLOGIA,Población en lista de espera,POBLACION_LISTA_ESPERA,140,,,,
La Gomera,ES706,06/2019,2019-M06,Hematología,HEMATOLOGIA,Población en lista de espera,POBLACION_LISTA_ESPERA,10,,,,
La Palma,ES707,06/2019,2019-M06,Hematología,HEMATOLOGIA,Población en lista de espera,POBLACION_LISTA_ESPERA,34,,,,
El Hierro,ES703,06/2019,2019-M06,Hematología,HEMATOLOGIA,Población en lista de espera,POBLACION_LISTA_ESPERA,6,,,,
Canarias,ES70,06/2019,2019-M06,Ginecología,GINECOLOGIA,Población en lista de espera,POBLACION_LISTA_ESPERA,2385,,,,
Lanzarote,ES708,06/2019,2019-M06,Ginecología,GINECOLOGIA,Población en lista de espera,POBLACION_LISTA_ESPERA,77,,,,
Fuerteventura,ES704,06/2019,2019-M06,Ginecología,GINECOLOGIA,Población en lista de espera,POBLACION_LISTA_ESPERA,157,,,,
Gran Canaria,ES705,06/2019,2019-M06,Ginecología,GINECOLOGIA,Población en lista de espera,POBLACION_LISTA_ESPERA,1270,,,,
Tenerife,ES709,06/2019,2019-M06,Ginecología,GINECOLOGIA,Población en lista de espera,POBLACION_LISTA_ESPERA,612,,,,
La Gomera,ES706,06/2019,2019-M06,Ginecología,GINECOLOGIA,Población en lista de espera,POBLACION_LISTA_ESPERA,103,,,,
La Palma,ES707,06/2019,2019-M06,Ginecología,GINECOLOGIA,Población en lista de espera,POBLACION_LISTA_ESPERA,61,,,,
El Hierro,ES703,06/2019,2019-M06,Ginecología,GINECOLOGIA,Población en lista de espera,POBLACION_LISTA_ESPERA,105,,,,
Canarias,ES70,06/2019,2019-M06,Endocrinología,ENDOCRINOLOGIA,Población en lista de espera,POBLACION_LISTA_ESPERA,1066,,,,
Lanzarote,ES708,06/2019,2019-M06,Endocrinología,ENDOCRINOLOGIA,Población en lista de espera,POBLACION_LISTA_ESPERA,87,,,,
Fuerteventura,ES704,06/2019,2019-M06,Endocrinología,ENDOCRINOLOGIA,Población en lista de espera,POBLACION_LISTA_ESPERA,189,,,,
Gran Canaria,ES705,06/2019,2019-M06,Endocrinología,ENDOCRINOLOGIA,Población en lista de espera,POBLACION_LISTA_ESPERA,622,,,,
Tenerife,ES709,06/2019,2019-M06,Endocrinología,ENDOCRINOLOGIA,Población en lista de espera,POBLACION_LISTA_ESPERA,117,,,,
La Gomera,ES706,06/2019,2019-M06,Endocrinología,ENDOCRINOLOGIA,Población en lista de espera,POBLACION_LISTA_ESPERA,13,,,,
La Palma,ES707,06/2019,2019-M06,Endocrinología,ENDOCRINOLOGIA,Población en lista de espera,POBLACION_LISTA_ESPERA,31,,,,
El Hierro,ES703,06/2019,2019-M06,Endocrinología,ENDOCRINOLOGIA,Población en lista de espera,POBLACION_LISTA_ESPERA,7,,,,
Canarias,ES70,06/2019,2019-M06,Digestivo,DIGESTIVO,Población en lista de espera,POBLACION_LISTA_ESPERA,3967,,,,
Lanzarote,ES708,06/2019,2019-M06,Digestivo,DIGESTIVO,Población en lista de espera,POBLACION_LISTA_ESPERA,49,,,,
Fuerteventura,ES704,06/2019,2019-M06,Digestivo,DIGESTIVO,Población en lista de espera,POBLACION_LISTA_ESPERA,31,,,,
Gran Canaria,ES705,06/2019,2019-M06,Digestivo,DIGESTIVO,Población en lista de espera,POBLACION_LISTA_ESPERA,3022,,,,
Tenerife,ES709,06/2019,2019-M06,Digestivo,DIGESTIVO,Población en lista de espera,POBLACION_LISTA_ESPERA,812,,,,
La Gomera,ES706,06/2019,2019-M06,Digestivo,DIGESTIVO,Población en lista de espera,POBLACION_LISTA_ESPERA,16,,,,
La Palma,ES707,06/2019,2019-M06,Digestivo,DIGESTIVO,Población en lista de espera,POBLACION_LISTA_ESPERA,8,,,,
El Hierro,ES703,06/2019,2019-M06,Digestivo,DIGESTIVO,Población en lista de espera,POBLACION_LISTA_ESPERA,29,,,,
Canarias,ES70,06/2019,2019-M06,Dermatología,DERMATOLOGIA,Población en lista de espera,POBLACION_LISTA_ESPERA,17415,,,,
Lanzarote,ES708,06/2019,2019-M06,Dermatología,DERMATOLOGIA,Población en lista de espera,POBLACION_LISTA_ESPERA,266,,,,
Fuerteventura,ES704,06/2019,2019-M06,Dermatología,DERMATOLOGIA,Población en lista de espera,POBLACION_LISTA_ESPERA,501,,,,
Gran Canaria,ES705,06/2019,2019-M06,Dermatología,DERMATOLOGIA,Población en lista de espera,POBLACION_LISTA_ESPERA,5711,,,,
Tenerife,ES709,06/2019,2019-M06,Dermatología,DERMATOLOGIA,Población en lista de espera,POBLACION_LISTA_ESPERA,10180,,,,
La Gomera,ES706,06/2019,2019-M06,Dermatología,DERMATOLOGIA,Población en lista de espera,POBLACION_LISTA_ESPERA,123,,,,
La Palma,ES707,06/2019,2019-M06,Dermatología,DERMATOLOGIA,Población en lista de espera,POBLACION_LISTA_ESPERA,588,,,,
El Hierro,ES703,06/2019,2019-M06,Dermatología,DERMATOLOGIA,Población en lista de espera,POBLACION_LISTA_ESPERA,46,,,,
Canarias,ES70,06/2019,2019-M06,Cirugía torácica,CIRUGIA_TORACICA,Población en lista de espera,POBLACION_LISTA_ESPERA,56,,,,
Lanzarote,ES708,06/2019,2019-M06,Cirugía torácica,CIRUGIA_TORACICA,Población en lista de espera,POBLACION_LISTA_ESPERA,0,,,,
Fuerteventura,ES704,06/2019,2019-M06,Cirugía torácica,CIRUGIA_TORACICA,Población en lista de espera,POBLACION_LISTA_ESPERA,5,,,,
Gran Canaria,ES705,06/2019,2019-M06,Cirugía torácica,CIRUGIA_TORACICA,Población en lista de espera,POBLACION_LISTA_ESPERA,23,,,,
Tenerife,ES709,06/2019,2019-M06,Cirugía torácica,CIRUGIA_TORACICA,Población en lista de espera,POBLACION_LISTA_ESPERA,28,,,,
La Gomera,ES706,06/2019,2019-M06,Cirugía torácica,CIRUGIA_TORACICA,Población en lista de espera,POBLACION_LISTA_ESPERA,0,,,,
La Palma,ES707,06/2019,2019-M06,Cirugía torácica,CIRUGIA_TORACICA,Población en lista de espera,POBLACION_LISTA_ESPERA,0,,,,
El Hierro,ES703,06/2019,2019-M06,Cirugía torácica,CIRUGIA_TORACICA,Población en lista de espera,POBLACION_LISTA_ESPERA,0,,,,
Canarias,ES70,06/2019,2019-M06,Cirugía plástica y reparadora,CIRUGIA_PLASTICA_REPARADORA,Población en lista de espera,POBLACION_LISTA_ESPERA,544,,,,
Lanzarote,ES708,06/2019,2019-M06,Cirugía plástica y reparadora,CIRUGIA_PLASTICA_REPARADORA,Población en lista de espera,POBLACION_LISTA_ESPERA,0,,,,
Fuerteventura,ES704,06/2019,2019-M06,Cirugía plástica y reparadora,CIRUGIA_PLASTICA_REPARADORA,Población en lista de espera,POBLACION_LISTA_ESPERA,0,,,,
Gran Canaria,ES705,06/2019,2019-M06,Cirugía plástica y reparadora,CIRUGIA_PLASTICA_REPARADORA,Población en lista de espera,POBLACION_LISTA_ESPERA,264,,,,
Tenerife,ES709,06/2019,2019-M06,Cirugía plástica y reparadora,CIRUGIA_PLASTICA_REPARADORA,Población en lista de espera,POBLACION_LISTA_ESPERA,280,,,,
La Gomera,ES706,06/2019,2019-M06,Cirugía plástica y reparadora,CIRUGIA_PLASTICA_REPARADORA,Población en lista de espera,POBLACION_LISTA_ESPERA,0,,,,
La Palma,ES707,06/2019,2019-M06,Cirugía plástica y reparadora,CIRUGIA_PLASTICA_REPARADORA,Población en lista de espera,POBLACION_LISTA_ESPERA,0,,,,
El Hierro,ES703,06/2019,2019-M06,Cirugía plástica y reparadora,CIRUGIA_PLASTICA_REPARADORA,Población en lista de espera,POBLACION_LISTA_ESPERA,0,,,,
Canarias,ES70,06/2019,2019-M06,Cirugía pediátrica,CIRUGIA_PEDIATRICA,Población en lista de espera,POBLACION_LISTA_ESPERA,707,,,,
Lanzarote,ES708,06/2019,2019-M06,Cirugía pediátrica,CIRUGIA_PEDIATRICA,Población en lista de espera,POBLACION_LISTA_ESPERA,0,,,,
Fuerteventura,ES704,06/2019,2019-M06,Cirugía pediátrica,CIRUGIA_PEDIATRICA,Población en lista de espera,POBLACION_LISTA_ESPERA,0,,,,
Gran Canaria,ES705,06/2019,2019-M06,Cirugía pediátrica,CIRUGIA_PEDIATRICA,Población en lista de espera,POBLACION_LISTA_ESPERA,163,,,,
Tenerife,ES709,06/2019,2019-M06,Cirugía pediátrica,CIRUGIA_PEDIATRICA,Población en lista de espera,POBLACION_LISTA_ESPERA,544,,,,
La Gomera,ES706,06/2019,2019-M06,Cirugía pediátrica,CIRUGIA_PEDIATRICA,Población en lista de espera,POBLACION_LISTA_ESPERA,0,,,,
La Palma,ES707,06/2019,2019-M06,Cirugía pediátrica,CIRUGIA_PEDIATRICA,Población en lista de espera,POBLACION_LISTA_ESPERA,0,,,,
El Hierro,ES703,06/2019,2019-M06,Cirugía pediátrica,CIRUGIA_PEDIATRICA,Población en lista de espera,POBLACION_LISTA_ESPERA,0,,,,
Canarias,ES70,06/2019,2019-M06,Cirugía maxilofacial,CIRUGIA_MAXILOFACIAL,Población en lista de espera,POBLACION_LISTA_ESPERA,2674,,,,
Lanzarote,ES708,06/2019,2019-M06,Cirugía maxilofacial,CIRUGIA_MAXILOFACIAL,Población en lista de espera,POBLACION_LISTA_ESPERA,0,,,,
Fuerteventura,ES704,06/2019,2019-M06,Cirugía maxilofacial,CIRUGIA_MAXILOFACIAL,Población en lista de espera,POBLACION_LISTA_ESPERA,0,,,,
Gran Canaria,ES705,06/2019,2019-M06,Cirugía maxilofacial,CIRUGIA_MAXILOFACIAL,Población en lista de espera,POBLACION_LISTA_ESPERA,943,,,,
Tenerife,ES709,06/2019,2019-M06,Cirugía maxilofacial,CIRUGIA_MAXILOFACIAL,Población en lista de espera,POBLACION_LISTA_ESPERA,1731,,,,
La Gomera,ES706,06/2019,2019-M06,Cirugía maxilofacial,CIRUGIA_MAXILOFACIAL,Población en lista de espera,POBLACION_LISTA_ESPERA,0,,,,
La Palma,ES707,06/2019,2019-M06,Cirugía maxilofacial,CIRUGIA_MAXILOFACIAL,Población en lista de espera,POBLACION_LISTA_ESPERA,0,,,,
El Hierro,ES703,06/2019,2019-M06,Cirugía maxilofacial,CIRUGIA_MAXILOFACIAL,Población en lista de espera,POBLACION_LISTA_ESPERA,0,,,,
Canarias,ES70,06/2019,2019-M06,Cirugía general y digestiva,CIRUGIA_GENERAL_DIGESTIVA,Población en lista de espera,POBLACION_LISTA_ESPERA,3627,,,,
Lanzarote,ES708,06/2019,2019-M06,Cirugía general y digestiva,CIRUGIA_GENERAL_DIGESTIVA,Población en lista de espera,POBLACION_LISTA_ESPERA,412,,,,
Fuerteventura,ES704,06/2019,2019-M06,Cirugía general y digestiva,CIRUGIA_GENERAL_DIGESTIVA,Población en lista de espera,POBLACION_LISTA_ESPERA,168,,,,
Gran Canaria,ES705,06/2019,2019-M06,Cirugía general y digestiva,CIRUGIA_GENERAL_DIGESTIVA,Población en lista de espera,POBLACION_LISTA_ESPERA,2518,,,,
Tenerife,ES709,06/2019,2019-M06,Cirugía general y digestiva,CIRUGIA_GENERAL_DIGESTIVA,Población en lista de espera,POBLACION_LISTA_ESPERA,433,,,,
La Gomera,ES706,06/2019,2019-M06,Cirugía general y digestiva,CIRUGIA_GENERAL_DIGESTIVA,Población en lista de espera,POBLACION_LISTA_ESPERA,45,,,,
La Palma,ES707,06/2019,2019-M06,Cirugía general y digestiva,CIRUGIA_GENERAL_DIGESTIVA,Población en lista de espera,POBLACION_LISTA_ESPERA,43,,,,
El Hierro,ES703,06/2019,2019-M06,Cirugía general y digestiva,CIRUGIA_GENERAL_DIGESTIVA,Población en lista de espera,POBLACION_LISTA_ESPERA,8,,,,
Canarias,ES70,06/2019,2019-M06,Cirugía cardíaca,CIRUGIA_CARDIACA,Población en lista de espera,POBLACION_LISTA_ESPERA,11,,,,
Lanzarote,ES708,06/2019,2019-M06,Cirugía cardíaca,CIRUGIA_CARDIACA,Población en lista de espera,POBLACION_LISTA_ESPERA,0,,,,
Fuerteventura,ES704,06/2019,2019-M06,Cirugía cardíaca,CIRUGIA_CARDIACA,Población en lista de espera,POBLACION_LISTA_ESPERA,0,,,,
Gran Canaria,ES705,06/2019,2019-M06,Cirugía cardíaca,CIRUGIA_CARDIACA,Población en lista de espera,POBLACION_LISTA_ESPERA,5,,,,
Tenerife,ES709,06/2019,2019-M06,Cirugía cardíaca,CIRUGIA_CARDIACA,Población en lista de espera,POBLACION_LISTA_ESPERA,6,,,,
La Gomera,ES706,06/2019,2019-M06,Cirugía cardíaca,CIRUGIA_CARDIACA,Población en lista de espera,POBLACION_LISTA_ESPERA,0,,,,
La Palma,ES707,06/2019,2019-M06,Cirugía cardíaca,CIRUGIA_CARDIACA,Población en lista de espera,POBLACION_LISTA_ESPERA,0,,,,
El Hierro,ES703,06/2019,2019-M06,Cirugía cardíaca,CIRUGIA_CARDIACA,Población en lista de espera,POBLACION_LISTA_ESPERA,0,,,,
Canarias,ES70,06/2019,2019-M06,Cardiología,CARDIOLOGIA,Población en lista de espera,POBLACION_LISTA_ESPERA,2635,,,,
Lanzarote,ES708,06/2019,2019-M06,Cardiología,CARDIOLOGIA,Población en lista de espera,POBLACION_LISTA_ESPERA,100,,,,
Fuerteventura,ES704,06/2019,2019-M06,Cardiología,CARDIOLOGIA,Población en lista de espera,POBLACION_LISTA_ESPERA,37,,,,
Gran Canaria,ES705,06/2019,2019-M06,Cardiología,CARDIOLOGIA,Población en lista de espera,POBLACION_LISTA_ESPERA,1436,,,,
Tenerife,ES709,06/2019,2019-M06,Cardiología,CARDIOLOGIA,Población en lista de espera,POBLACION_LISTA_ESPERA,930,,,,
La Gomera,ES706,06/2019,2019-M06,Cardiología,CARDIOLOGIA,Población en lista de espera,POBLACION_LISTA_ESPERA,28,,,,
La Palma,ES707,06/2019,2019-M06,Cardiología,CARDIOLOGIA,Población en lista de espera,POBLACION_LISTA_ESPERA,74,,,,
El Hierro,ES703,06/2019,2019-M06,Cardiología,CARDIOLOGIA,Población en lista de espera,POBLACION_LISTA_ESPERA,30,,,,
Canarias,ES70,06/2019,2019-M06,Angiología y cirugía vascular,ANGIOLOGIA_CIRUGIA_VASCULAR,Población en lista de espera,POBLACION_LISTA_ESPERA,668,,,,
Lanzarote,ES708,06/2019,2019-M06,Angiología y cirugía vascular,ANGIOLOGIA_CIRUGIA_VASCULAR,Población en lista de espera,POBLACION_LISTA_ESPERA,0,,,,
Fuerteventura,ES704,06/2019,2019-M06,Angiología y cirugía vascular,ANGIOLOGIA_CIRUGIA_VASCULAR,Población en lista de espera,POBLACION_LISTA_ESPERA,0,,,,
Gran Canaria,ES705,06/2019,2019-M06,Angiología y cirugía vascular,ANGIOLOGIA_CIRUGIA_VASCULAR,Población en lista de espera,POBLACION_LISTA_ESPERA,217,,,,
Tenerife,ES709,06/2019,2019-M06,Angiología y cirugía vascular,ANGIOLOGIA_CIRUGIA_VASCULAR,Población en lista de espera,POBLACION_LISTA_ESPERA,451,,,,
La Gomera,ES706,06/2019,2019-M06,Angiología y cirugía vascular,ANGIOLOGIA_CIRUGIA_VASCULAR,Población en lista de espera,POBLACION_LISTA_ESPERA,0,,,,
La Palma,ES707,06/2019,2019-M06,Angiología y cirugía vascular,ANGIOLOGIA_CIRUGIA_VASCULAR,Población en lista de espera,POBLACION_LISTA_ESPERA,0,,,,
El Hierro,ES703,06/2019,2019-M06,Angiología y cirugía vascular,ANGIOLOGIA_CIRUGIA_VASCULAR,Población en lista de espera,POBLACION_LISTA_ESPERA,0,,,,
Canarias,ES70,06/2019,2019-M06,Alergia,ALERGIA,Población en lista de espera,POBLACION_LISTA_ESPERA,1153,,,,
Lanzarote,ES708,06/2019,2019-M06,Alergia,ALERGIA,Población en lista de espera,POBLACION_LISTA_ESPERA,236,,,,
Fuerteventura,ES704,06/2019,2019-M06,Alergia,ALERGIA,Población en lista de espera,POBLACION_LISTA_ESPERA,94,,,,
Gran Canaria,ES705,06/2019,2019-M06,Alergia,ALERGIA,Población en lista de espera,POBLACION_LISTA_ESPERA,453,,,,
Tenerife,ES709,06/2019,2019-M06,Alergia,ALERGIA,Población en lista de espera,POBLACION_LISTA_ESPERA,253,,,,
La Gomera,ES706,06/2019,2019-M06,Alergia,ALERGIA,Población en lista de espera,POBLACION_LISTA_ESPERA,4,,,,
La Palma,ES707,06/2019,2019-M06,Alergia,ALERGIA,Población en lista de espera,POBLACION_LISTA_ESPERA,99,,,,
El Hierro,ES703,06/2019,2019-M06,Alergia,ALERGIA,Población en lista de espera,POBLACION_LISTA_ESPERA,14,,,,
Canarias,ES70,12/2019,2019-M12,Urología,UROLOGIA,Población en lista de espera,POBLACION_LISTA_ESPERA,6105,,,,
Lanzarote,ES708,12/2019,2019-M12,Urología,UROLOGIA,Población en lista de espera,POBLACION_LISTA_ESPERA,50,,,,
Fuerteventura,ES704,12/2019,2019-M12,Urología,UROLOGIA,Población en lista de espera,POBLACION_LISTA_ESPERA,86,,,,
Gran Canaria,ES705,12/2019,2019-M12,Urología,UROLOGIA,Población en lista de espera,POBLACION_LISTA_ESPERA,3384,,,,
Tenerife,ES709,12/2019,2019-M12,Urología,UROLOGIA,Población en lista de espera,POBLACION_LISTA_ESPERA,2567,,,,
La Gomera,ES706,12/2019,2019-M12,Urología,UROLOGIA,Población en lista de espera,POBLACION_LISTA_ESPERA,0,,,,
La Palma,ES707,12/2019,2019-M12,Urología,UROLOGIA,Población en lista de espera,POBLACION_LISTA_ESPERA,8,,,,
El Hierro,ES703,12/2019,2019-M12,Urología,UROLOGIA,Población en lista de espera,POBLACION_LISTA_ESPERA,10,,,,
Canarias,ES70,12/2019,2019-M12,Traumatología y cirugía ortopédica,TRAUMATOLOGIA_CIRUGIA_ORTOPEDICA,Población en lista de espera,POBLACION_LISTA_ESPERA,23502,,,,
Lanzarote,ES708,12/2019,2019-M12,Traumatología y cirugía ortopédica,TRAUMATOLOGIA_CIRUGIA_ORTOPEDICA,Población en lista de espera,POBLACION_LISTA_ESPERA,329,,,,
Fuerteventura,ES704,12/2019,2019-M12,Traumatología y cirugía ortopédica,TRAUMATOLOGIA_CIRUGIA_ORTOPEDICA,Población en lista de espera,POBLACION_LISTA_ESPERA,507,,,,
Gran Canaria,ES705,12/2019,2019-M12,Traumatología y cirugía ortopédica,TRAUMATOLOGIA_CIRUGIA_ORTOPEDICA,Población en lista de espera,POBLACION_LISTA_ESPERA,14620,,,,
Tenerife,ES709,12/2019,2019-M12,Traumatología y cirugía ortopédica,TRAUMATOLOGIA_CIRUGIA_ORTOPEDICA,Población en lista de espera,POBLACION_LISTA_ESPERA,7910,,,,
La Gomera,ES706,12/2019,2019-M12,Traumatología y cirugía ortopédica,TRAUMATOLOGIA_CIRUGIA_ORTOPEDICA,Población en lista de espera,POBLACION_LISTA_ESPERA,104,,,,
La Palma,ES707,12/2019,2019-M12,Traumatología y cirugía ortopédica,TRAUMATOLOGIA_CIRUGIA_ORTOPEDICA,Población en lista de espera,POBLACION_LISTA_ESPERA,27,,,,
El Hierro,ES703,12/2019,2019-M12,Traumatología y cirugía ortopédica,TRAUMATOLOGIA_CIRUGIA_ORTOPEDICA,Población en lista de espera,POBLACION_LISTA_ESPERA,5,,,,
Canarias,ES70,12/2019,2019-M12,Total,_T,Población en lista de espera,POBLACION_LISTA_ESPERA,141386,,,,
Lanzarote,ES708,12/2019,2019-M12,Total,_T,Población en lista de espera,POBLACION_LISTA_ESPERA,1755,,,,
Fuerteventura,ES704,12/2019,2019-M12,Total,_T,Población en lista de espera,POBLACION_LISTA_ESPERA,2037,,,,
Gran Canaria,ES705,12/2019,2019-M12,Total,_T,Población en lista de espera,POBLACION_LISTA_ESPERA,70508,,,,
Tenerife,ES709,12/2019,2019-M12,Total,_T,Población en lista de espera,POBLACION_LISTA_ESPERA,64655,,,,
La Gomera,ES706,12/2019,2019-M12,Total,_T,Población en lista de espera,POBLACION_LISTA_ESPERA,741,,,,
La Palma,ES707,12/2019,2019-M12,Total,_T,Población en lista de espera,POBLACION_LISTA_ESPERA,1420,,,,
El Hierro,ES703,12/2019,2019-M12,Total,_T,Población en lista de espera,POBLACION_LISTA_ESPERA,270,,,,
Canarias,ES70,12/2019,2019-M12,Reumatología,REUMATOLOGIA,Población en lista de espera,POBLACION_LISTA_ESPERA,2380,,,,
Lanzarote,ES708,12/2019,2019-M12,Reumatología,REUMATOLOGIA,Población en lista de espera,POBLACION_LISTA_ESPERA,194,,,,
Fuerteventura,ES704,12/2019,2019-M12,Reumatología,REUMATOLOGIA,Población en lista de espera,POBLACION_LISTA_ESPERA,0,,,,
Gran Canaria,ES705,12/2019,2019-M12,Reumatología,REUMATOLOGIA,Población en lista de espera,POBLACION_LISTA_ESPERA,1261,,,,
Tenerife,ES709,12/2019,2019-M12,Reumatología,REUMATOLOGIA,Población en lista de espera,POBLACION_LISTA_ESPERA,901,,,,
La Gomera,ES706,12/2019,2019-M12,Reumatología,REUMATOLOGIA,Población en lista de espera,POBLACION_LISTA_ESPERA,0,,,,
La Palma,ES707,12/2019,2019-M12,Reumatología,REUMATOLOGIA,Población en lista de espera,POBLACION_LISTA_ESPERA,24,,,,
El Hierro,ES703,12/2019,2019-M12,Reumatología,REUMATOLOGIA,Población en lista de espera,POBLACION_LISTA_ESPERA,0,,,,
Canarias,ES70,12/2019,2019-M12,Rehabilitación,REHABILITACION,Población en lista de espera,POBLACION_LISTA_ESPERA,11674,,,,
Lanzarote,ES708,12/2019,2019-M12,Rehabilitación,REHABILITACION,Población en lista de espera,POBLACION_LISTA_ESPERA,112,,,,
Fuerteventura,ES704,12/2019,2019-M12,Rehabilitación,REHABILITACION,Población en lista de espera,POBLACION_LISTA_ESPERA,120,,,,
Gran Canaria,ES705,12/2019,2019-M12,Rehabilitación,REHABILITACION,Población en lista de espera,POBLACION_LISTA_ESPERA,7150,,,,
Tenerife,ES709,12/2019,2019-M12,Rehabilitación,REHABILITACION,Población en lista de espera,POBLACION_LISTA_ESPERA,4177,,,,
La Gomera,ES706,12/2019,2019-M12,Rehabilitación,REHABILITACION,Población en lista de espera,POBLACION_LISTA_ESPERA,32,,,,
La Palma,ES707,12/2019,2019-M12,Rehabilitación,REHABILITACION,Población en lista de espera,POBLACION_LISTA_ESPERA,52,,,,
El Hierro,ES703,12/2019,2019-M12,Rehabilitación,REHABILITACION,Población en lista de espera,POBLACION_LISTA_ESPERA,31,,,,
Canarias,ES70,12/2019,2019-M12,Psiquiatría,PSIQUIATRIA,Población en lista de espera,POBLACION_LISTA_ESPERA,2266,,,,
Lanzarote,ES708,12/2019,2019-M12,Psiquiatría,PSIQUIATRIA,Población en lista de espera,POBLACION_LISTA_ESPERA,30,,,,
Fuerteventura,ES704,12/2019,2019-M12,Psiquiatría,PSIQUIATRIA,Población en lista de espera,POBLACION_LISTA_ESPERA,339,,,,
Gran Canaria,ES705,12/2019,2019-M12,Psiquiatría,PSIQUIATRIA,Población en lista de espera,POBLACION_LISTA_ESPERA,832,,,,
Tenerife,ES709,12/2019,2019-M12,Psiquiatría,PSIQUIATRIA,Población en lista de espera,POBLACION_LISTA_ESPERA,983,,,,
La Gomera,ES706,12/2019,2019-M12,Psiquiatría,PSIQUIATRIA,Población en lista de espera,POBLACION_LISTA_ESPERA,7,,,,
La Palma,ES707,12/2019,2019-M12,Psiquiatría,PSIQUIATRIA,Población en lista de espera,POBLACION_LISTA_ESPERA,67,,,,
El Hierro,ES703,12/2019,2019-M12,Psiquiatría,PSIQUIATRIA,Población en lista de espera,POBLACION_LISTA_ESPERA,8,,,,
Canarias,ES70,12/2019,2019-M12,Pediatría,PEDIATRIA,Población en lista de espera,POBLACION_LISTA_ESPERA,454,,,,
Lanzarote,ES708,12/2019,2019-M12,Pediatría,PEDIATRIA,Población en lista de espera,POBLACION_LISTA_ESPERA,105,,,,
Fuerteventura,ES704,12/2019,2019-M12,Pediatría,PEDIATRIA,Población en lista de espera,POBLACION_LISTA_ESPERA,18,,,,
Gran Canaria,ES705,12/2019,2019-M12,Pediatría,PEDIATRIA,Población en lista de espera,POBLACION_LISTA_ESPERA,143,,,,
Tenerife,ES709,12/2019,2019-M12,Pediatría,PEDIATRIA,Población en lista de espera,POBLACION_LISTA_ESPERA,182,,,,
La Gomera,ES706,12/2019,2019-M12,Pediatría,PEDIATRIA,Población en lista de espera,POBLACION_LISTA_ESPERA,3,,,,
La Palma,ES707,12/2019,2019-M12,Pediatría,PEDIATRIA,Población en lista de espera,POBLACION_LISTA_ESPERA,3,,,,
El Hierro,ES703,12/2019,2019-M12,Pediatría,PEDIATRIA,Población en lista de espera,POBLACION_LISTA_ESPERA,0,,,,
Canarias,ES70,12/2019,2019-M12,Otorrinolaringología,OTORRINOLARINGOLOGIA,Población en lista de espera,POBLACION_LISTA_ESPERA,13132,,,,
Lanzarote,ES708,12/2019,2019-M12,Otorrinolaringología,OTORRINOLARINGOLOGIA,Población en lista de espera,POBLACION_LISTA_ESPERA,178,,,,
Fuerteventura,ES704,12/2019,2019-M12,Otorrinolaringología,OTORRINOLARINGOLOGIA,Población en lista de espera,POBLACION_LISTA_ESPERA,58,,,,
Gran Canaria,ES705,12/2019,2019-M12,Otorrinolaringología,OTORRINOLARINGOLOGIA,Población en lista de espera,POBLACION_LISTA_ESPERA,3788,,,,
Tenerife,ES709,12/2019,2019-M12,Otorrinolaringología,OTORRINOLARINGOLOGIA,Población en lista de espera,POBLACION_LISTA_ESPERA,8965,,,,
La Gomera,ES706,12/2019,2019-M12,Otorrinolaringología,OTORRINOLARINGOLOGIA,Población en lista de espera,POBLACION_LISTA_ESPERA,30,,,,
La Palma,ES707,12/2019,2019-M12,Otorrinolaringología,OTORRINOLARINGOLOGIA,Población en lista de espera,POBLACION_LISTA_ESPERA,68,,,,
El Hierro,ES703,12/2019,2019-M12,Otorrinolaringología,OTORRINOLARINGOLOGIA,Población en lista de espera,POBLACION_LISTA_ESPERA,45,,,,
Canarias,ES70,12/2019,2019-M12,Oftalmología,OFTALMOLOGIA,Población en lista de espera,POBLACION_LISTA_ESPERA,29481,,,,
Lanzarote,ES708,12/2019,2019-M12,Oftalmología,OFTALMOLOGIA,Población en lista de espera,POBLACION_LISTA_ESPERA,109,,,,
Fuerteventura,ES704,12/2019,2019-M12,Oftalmología,OFTALMOLOGIA,Población en lista de espera,POBLACION_LISTA_ESPERA,93,,,,
Gran Canaria,ES705,12/2019,2019-M12,Oftalmología,OFTALMOLOGIA,Población en lista de espera,POBLACION_LISTA_ESPERA,13571,,,,
Tenerife,ES709,12/2019,2019-M12,Oftalmología,OFTALMOLOGIA,Población en lista de espera,POBLACION_LISTA_ESPERA,15436,,,,
La Gomera,ES706,12/2019,2019-M12,Oftalmología,OFTALMOLOGIA,Población en lista de espera,POBLACION_LISTA_ESPERA,189,,,,
La Palma,ES707,12/2019,2019-M12,Oftalmología,OFTALMOLOGIA,Población en lista de espera,POBLACION_LISTA_ESPERA,69,,,,
El Hierro,ES703,12/2019,2019-M12,Oftalmología,OFTALMOLOGIA,Población en lista de espera,POBLACION_LISTA_ESPERA,14,,,,
Canarias,ES70,12/2019,2019-M12,Neurología,NEUROLOGIA,Población en lista de espera,POBLACION_LISTA_ESPERA,3061,,,,
Lanzarote,ES708,12/2019,2019-M12,Neurología,NEUROLOGIA,Población en lista de espera,POBLACION_LISTA_ESPERA,37,,,,
Fuerteventura,ES704,12/2019,2019-M12,Neurología,NEUROLOGIA,Población en lista de espera,POBLACION_LISTA_ESPERA,159,,,,
Gran Canaria,ES705,12/2019,2019-M12,Neurología,NEUROLOGIA,Población en lista de espera,POBLACION_LISTA_ESPERA,2010,,,,
Tenerife,ES709,12/2019,2019-M12,Neurología,NEUROLOGIA,Población en lista de espera,POBLACION_LISTA_ESPERA,710,,,,
La Gomera,ES706,12/2019,2019-M12,Neurología,NEUROLOGIA,Población en lista de espera,POBLACION_LISTA_ESPERA,81,,,,
La Palma,ES707,12/2019,2019-M12,Neurología,NEUROLOGIA,Población en lista de espera,POBLACION_LISTA_ESPERA,50,,,,
El Hierro,ES703,12/2019,2019-M12,Neurología,NEUROLOGIA,Población en lista de espera,POBLACION_LISTA_ESPERA,14,,,,
Canarias,ES70,12/2019,2019-M12,Neurocirugía,NEUROCIRUGIA,Población en lista de espera,POBLACION_LISTA_ESPERA,3874,,,,
Lanzarote,ES708,12/2019,2019-M12,Neurocirugía,NEUROCIRUGIA,Población en lista de espera,POBLACION_LISTA_ESPERA,0,,,,
Fuerteventura,ES704,12/2019,2019-M12,Neurocirugía,NEUROCIRUGIA,Población en lista de espera,POBLACION_LISTA_ESPERA,4,,,,
Gran Canaria,ES705,12/2019,2019-M12,Neurocirugía,NEUROCIRUGIA,Población en lista de espera,POBLACION_LISTA_ESPERA,807,,,,
Tenerife,ES709,12/2019,2019-M12,Neurocirugía,NEUROCIRUGIA,Población en lista de espera,POBLACION_LISTA_ESPERA,3063,,,,
La Gomera,ES706,12/2019,2019-M12,Neurocirugía,NEUROCIRUGIA,Población en lista de espera,POBLACION_LISTA_ESPERA,0,,,,
La Palma,ES707,12/2019,2019-M12,Neurocirugía,NEUROCIRUGIA,Población en lista de espera,POBLACION_LISTA_ESPERA,0,,,,
El Hierro,ES703,12/2019,2019-M12,Neurocirugía,NEUROCIRUGIA,Población en lista de espera,POBLACION_LISTA_ESPERA,0,,,,
Canarias,ES70,12/2019,2019-M12,Neumología,NEUMOLOGIA,Población en lista de espera,POBLACION_LISTA_ESPERA,2588,,,,
Lanzarote,ES708,12/2019,2019-M12,Neumología,NEUMOLOGIA,Población en lista de espera,POBLACION_LISTA_ESPERA,31,,,,
Fuerteventura,ES704,12/2019,2019-M12,Neumología,NEUMOLOGIA,Población en lista de espera,POBLACION_LISTA_ESPERA,0,,,,
Gran Canaria,ES705,12/2019,2019-M12,Neumología,NEUMOLOGIA,Población en lista de espera,POBLACION_LISTA_ESPERA,1534,,,,
Tenerife,ES709,12/2019,2019-M12,Neumología,NEUMOLOGIA,Población en lista de espera,POBLACION_LISTA_ESPERA,975,,,,
La Gomera,ES706,12/2019,2019-M12,Neumología,NEUMOLOGIA,Población en lista de espera,POBLACION_LISTA_ESPERA,0,,,,
La Palma,ES707,12/2019,2019-M12,Neumología,NEUMOLOGIA,Población en lista de espera,POBLACION_LISTA_ESPERA,41,,,,
El Hierro,ES703,12/2019,2019-M12,Neumología,NEUMOLOGIA,Población en lista de espera,POBLACION_LISTA_ESPERA,7,,,,
Canarias,ES70,12/2019,2019-M12,Nefrología,NEFROLOGIA,Población en lista de espera,POBLACION_LISTA_ESPERA,209,,,,
Lanzarote,ES708,12/2019,2019-M12,Nefrología,NEFROLOGIA,Población en lista de espera,POBLACION_LISTA_ESPERA,24,,,,
Fuerteventura,ES704,12/2019,2019-M12,Nefrología,NEFROLOGIA,Población en lista de espera,POBLACION_LISTA_ESPERA,19,,,,
Gran Canaria,ES705,12/2019,2019-M12,Nefrología,NEFROLOGIA,Población en lista de espera,POBLACION_LISTA_ESPERA,131,,,,
Tenerife,ES709,12/2019,2019-M12,Nefrología,NEFROLOGIA,Población en lista de espera,POBLACION_LISTA_ESPERA,24,,,,
La Gomera,ES706,12/2019,2019-M12,Nefrología,NEFROLOGIA,Población en lista de espera,POBLACION_LISTA_ESPERA,3,,,,
La Palma,ES707,12/2019,2019-M12,Nefrología,NEFROLOGIA,Población en lista de espera,POBLACION_LISTA_ESPERA,7,,,,
El Hierro,ES703,12/2019,2019-M12,Nefrología,NEFROLOGIA,Población en lista de espera,POBLACION_LISTA_ESPERA,1,,,,
Canarias,ES70,12/2019,2019-M12,Medicina interna,MEDICINA_INTERNA,Población en lista de espera,POBLACION_LISTA_ESPERA,691,,,,
Lanzarote,ES708,12/2019,2019-M12,Medicina interna,MEDICINA_INTERNA,Población en lista de espera,POBLACION_LISTA_ESPERA,18,,,,
Fuerteventura,ES704,12/2019,2019-M12,Medicina interna,MEDICINA_INTERNA,Población en lista de espera,POBLACION_LISTA_ESPERA,48,,,,
Gran Canaria,ES705,12/2019,2019-M12,Medicina interna,MEDICINA_INTERNA,Población en lista de espera,POBLACION_LISTA_ESPERA,503,,,,
Tenerife,ES709,12/2019,2019-M12,Medicina interna,MEDICINA_INTERNA,Población en lista de espera,POBLACION_LISTA_ESPERA,77,,,,
La Gomera,ES706,12/2019,2019-M12,Medicina interna,MEDICINA_INTERNA,Población en lista de espera,POBLACION_LISTA_ESPERA,17,,,,
La Palma,ES707,12/2019,2019-M12,Medicina interna,MEDICINA_INTERNA,Población en lista de espera,POBLACION_LISTA_ESPERA,13,,,,
El Hierro,ES703,12/2019,2019-M12,Medicina interna,MEDICINA_INTERNA,Población en lista de espera,POBLACION_LISTA_ESPERA,15,,,,
Canarias,ES70,12/2019,2019-M12,Hematología,HEMATOLOGIA,Población en lista de espera,POBLACION_LISTA_ESPERA,350,,,,
Lanzarote,ES708,12/2019,2019-M12,Hematología,HEMATOLOGIA,Población en lista de espera,POBLACION_LISTA_ESPERA,38,,,,
Fuerteventura,ES704,12/2019,2019-M12,Hematología,HEMATOLOGIA,Población en lista de espera,POBLACION_LISTA_ESPERA,11,,,,
Gran Canaria,ES705,12/2019,2019-M12,Hematología,HEMATOLOGIA,Población en lista de espera,POBLACION_LISTA_ESPERA,104,,,,
Tenerife,ES709,12/2019,2019-M12,Hematología,HEMATOLOGIA,Población en lista de espera,POBLACION_LISTA_ESPERA,183,,,,
La Gomera,ES706,12/2019,2019-M12,Hematología,HEMATOLOGIA,Población en lista de espera,POBLACION_LISTA_ESPERA,13,,,,
La Palma,ES707,12/2019,2019-M12,Hematología,HEMATOLOGIA,Población en lista de espera,POBLACION_LISTA_ESPERA,1,,,,
El Hierro,ES703,12/2019,2019-M12,Hematología,HEMATOLOGIA,Población en lista de espera,POBLACION_LISTA_ESPERA,0,,,,
Canarias,ES70,12/2019,2019-M12,Ginecología,GINECOLOGIA,Población en lista de espera,POBLACION_LISTA_ESPERA,2178,,,,
Lanzarote,ES708,12/2019,2019-M12,Ginecología,GINECOLOGIA,Población en lista de espera,POBLACION_LISTA_ESPERA,58,,,,
Fuerteventura,ES704,12/2019,2019-M12,Ginecología,GINECOLOGIA,Población en lista de espera,POBLACION_LISTA_ESPERA,31,,,,
Gran Canaria,ES705,12/2019,2019-M12,Ginecología,GINECOLOGIA,Población en lista de espera,POBLACION_LISTA_ESPERA,1436,,,,
Tenerife,ES709,12/2019,2019-M12,Ginecología,GINECOLOGIA,Población en lista de espera,POBLACION_LISTA_ESPERA,491,,,,
La Gomera,ES706,12/2019,2019-M12,Ginecología,GINECOLOGIA,Población en lista de espera,POBLACION_LISTA_ESPERA,117,,,,
La Palma,ES707,12/2019,2019-M12,Ginecología,GINECOLOGIA,Población en lista de espera,POBLACION_LISTA_ESPERA,21,,,,
El Hierro,ES703,12/2019,2019-M12,Ginecología,GINECOLOGIA,Población en lista de espera,POBLACION_LISTA_ESPERA,24,,,,
Canarias,ES70,12/2019,2019-M12,Endocrinología,ENDOCRINOLOGIA,Población en lista de espera,POBLACION_LISTA_ESPERA,753,,,,
Lanzarote,ES708,12/2019,2019-M12,Endocrinología,ENDOCRINOLOGIA,Población en lista de espera,POBLACION_LISTA_ESPERA,80,,,,
Fuerteventura,ES704,12/2019,2019-M12,Endocrinología,ENDOCRINOLOGIA,Población en lista de espera,POBLACION_LISTA_ESPERA,55,,,,
Gran Canaria,ES705,12/2019,2019-M12,Endocrinología,ENDOCRINOLOGIA,Población en lista de espera,POBLACION_LISTA_ESPERA,473,,,,
Tenerife,ES709,12/2019,2019-M12,Endocrinología,ENDOCRINOLOGIA,Población en lista de espera,POBLACION_LISTA_ESPERA,76,,,,
La Gomera,ES706,12/2019,2019-M12,Endocrinología,ENDOCRINOLOGIA,Población en lista de espera,POBLACION_LISTA_ESPERA,0,,,,
La Palma,ES707,12/2019,2019-M12,Endocrinología,ENDOCRINOLOGIA,Población en lista de espera,POBLACION_LISTA_ESPERA,56,,,,
El Hierro,ES703,12/2019,2019-M12,Endocrinología,ENDOCRINOLOGIA,Población en lista de espera,POBLACION_LISTA_ESPERA,13,,,,
Canarias,ES70,12/2019,2019-M12,Digestivo,DIGESTIVO,Población en lista de espera,POBLACION_LISTA_ESPERA,4486,,,,
Lanzarote,ES708,12/2019,2019-M12,Digestivo,DIGESTIVO,Población en lista de espera,POBLACION_LISTA_ESPERA,65,,,,
Fuerteventura,ES704,12/2019,2019-M12,Digestivo,DIGESTIVO,Población en lista de espera,POBLACION_LISTA_ESPERA,25,,,,
Gran Canaria,ES705,12/2019,2019-M12,Digestivo,DIGESTIVO,Población en lista de espera,POBLACION_LISTA_ESPERA,3366,,,,
Tenerife,ES709,12/2019,2019-M12,Digestivo,DIGESTIVO,Población en lista de espera,POBLACION_LISTA_ESPERA,984,,,,
La Gomera,ES706,12/2019,2019-M12,Digestivo,DIGESTIVO,Población en lista de espera,POBLACION_LISTA_ESPERA,0,,,,
La Palma,ES707,12/2019,2019-M12,Digestivo,DIGESTIVO,Población en lista de espera,POBLACION_LISTA_ESPERA,22,,,,
El Hierro,ES703,12/2019,2019-M12,Digestivo,DIGESTIVO,Población en lista de espera,POBLACION_LISTA_ESPERA,24,,,,
Canarias,ES70,12/2019,2019-M12,Dermatología,DERMATOLOGIA,Población en lista de espera,POBLACION_LISTA_ESPERA,22531,,,,
Lanzarote,ES708,12/2019,2019-M12,Dermatología,DERMATOLOGIA,Población en lista de espera,POBLACION_LISTA_ESPERA,105,,,,
Fuerteventura,ES704,12/2019,2019-M12,Dermatología,DERMATOLOGIA,Población en lista de espera,POBLACION_LISTA_ESPERA,295,,,,
Gran Canaria,ES705,12/2019,2019-M12,Dermatología,DERMATOLOGIA,Población en lista de espera,POBLACION_LISTA_ESPERA,8841,,,,
Tenerife,ES709,12/2019,2019-M12,Dermatología,DERMATOLOGIA,Población en lista de espera,POBLACION_LISTA_ESPERA,12379,,,,
La Gomera,ES706,12/2019,2019-M12,Dermatología,DERMATOLOGIA,Población en lista de espera,POBLACION_LISTA_ESPERA,75,,,,
La Palma,ES707,12/2019,2019-M12,Dermatología,DERMATOLOGIA,Población en lista de espera,POBLACION_LISTA_ESPERA,797,,,,
El Hierro,ES703,12/2019,2019-M12,Dermatología,DERMATOLOGIA,Población en lista de espera,POBLACION_LISTA_ESPERA,39,,,,
Canarias,ES70,12/2019,2019-M12,Cirugía torácica,CIRUGIA_TORACICA,Población en lista de espera,POBLACION_LISTA_ESPERA,47,,,,
Lanzarote,ES708,12/2019,2019-M12,Cirugía torácica,CIRUGIA_TORACICA,Población en lista de espera,POBLACION_LISTA_ESPERA,0,,,,
Fuerteventura,ES704,12/2019,2019-M12,Cirugía torácica,CIRUGIA_TORACICA,Población en lista de espera,POBLACION_LISTA_ESPERA,0,,,,
Gran Canaria,ES705,12/2019,2019-M12,Cirugía torácica,CIRUGIA_TORACICA,Población en lista de espera,POBLACION_LISTA_ESPERA,17,,,,
Tenerife,ES709,12/2019,2019-M12,Cirugía torácica,CIRUGIA_TORACICA,Población en lista de espera,POBLACION_LISTA_ESPERA,30,,,,
La Gomera,ES706,12/2019,2019-M12,Cirugía torácica,CIRUGIA_TORACICA,Población en lista de espera,POBLACION_LISTA_ESPERA,0,,,,
La Palma,ES707,12/2019,2019-M12,Cirugía torácica,CIRUGIA_TORACICA,Población en lista de espera,POBLACION_LISTA_ESPERA,0,,,,
El Hierro,ES703,12/2019,2019-M12,Cirugía torácica,CIRUGIA_TORACICA,Población en lista de espera,POBLACION_LISTA_ESPERA,0,,,,
Canarias,ES70,12/2019,2019-M12,Cirugía plástica y reparadora,CIRUGIA_PLASTICA_REPARADORA,Población en lista de espera,POBLACION_LISTA_ESPERA,624,,,,
Lanzarote,ES708,12/2019,2019-M12,Cirugía plástica y reparadora,CIRUGIA_PLASTICA_REPARADORA,Población en lista de espera,POBLACION_LISTA_ESPERA,0,,,,
Fuerteventura,ES704,12/2019,2019-M12,Cirugía plástica y reparadora,CIRUGIA_PLASTICA_REPARADORA,Población en lista de espera,POBLACION_LISTA_ESPERA,0,,,,
Gran Canaria,ES705,12/2019,2019-M12,Cirugía plástica y reparadora,CIRUGIA_PLASTICA_REPARADORA,Población en lista de espera,POBLACION_LISTA_ESPERA,285,,,,
Tenerife,ES709,12/2019,2019-M12,Cirugía plástica y reparadora,CIRUGIA_PLASTICA_REPARADORA,Población en lista de espera,POBLACION_LISTA_ESPERA,339,,,,
La Gomera,ES706,12/2019,2019-M12,Cirugía plástica y reparadora,CIRUGIA_PLASTICA_REPARADORA,Población en lista de espera,POBLACION_LISTA_ESPERA,0,,,,
La Palma,ES707,12/2019,2019-M12,Cirugía plástica y reparadora,CIRUGIA_PLASTICA_REPARADORA,Población en lista de espera,POBLACION_LISTA_ESPERA,0,,,,
El Hierro,ES703,12/2019,2019-M12,Cirugía plástica y reparadora,CIRUGIA_PLASTICA_REPARADORA,Población en lista de espera,POBLACION_LISTA_ESPERA,0,,,,
Canarias,ES70,12/2019,2019-M12,Cirugía pediátrica,CIRUGIA_PEDIATRICA,Población en lista de espera,POBLACION_LISTA_ESPERA,434,,,,
Lanzarote,ES708,12/2019,2019-M12,Cirugía pediátrica,CIRUGIA_PEDIATRICA,Población en lista de espera,POBLACION_LISTA_ESPERA,0,,,,
Fuerteventura,ES704,12/2019,2019-M12,Cirugía pediátrica,CIRUGIA_PEDIATRICA,Población en lista de espera,POBLACION_LISTA_ESPERA,0,,,,
Gran Canaria,ES705,12/2019,2019-M12,Cirugía pediátrica,CIRUGIA_PEDIATRICA,Población en lista de espera,POBLACION_LISTA_ESPERA,118,,,,
Tenerife,ES709,12/2019,2019-M12,Cirugía pediátrica,CIRUGIA_PEDIATRICA,Población en lista de espera,POBLACION_LISTA_ESPERA,316,,,,
La Gomera,ES706,12/2019,2019-M12,Cirugía pediátrica,CIRUGIA_PEDIATRICA,Población en lista de espera,POBLACION_LISTA_ESPERA,0,,,,
La Palma,ES707,12/2019,2019-M12,Cirugía pediátrica,CIRUGIA_PEDIATRICA,Población en lista de espera,POBLACION_LISTA_ESPERA,0,,,,
El Hierro,ES703,12/2019,2019-M12,Cirugía pediátrica,CIRUGIA_PEDIATRICA,Población en lista de espera,POBLACION_LISTA_ESPERA,0,,,,
Canarias,ES70,12/2019,2019-M12,Cirugía maxilofacial,CIRUGIA_MAXILOFACIAL,Población en lista de espera,POBLACION_LISTA_ESPERA,2745,,,,
Lanzarote,ES708,12/2019,2019-M12,Cirugía maxilofacial,CIRUGIA_MAXILOFACIAL,Población en lista de espera,POBLACION_LISTA_ESPERA,0,,,,
Fuerteventura,ES704,12/2019,2019-M12,Cirugía maxilofacial,CIRUGIA_MAXILOFACIAL,Población en lista de espera,POBLACION_LISTA_ESPERA,0,,,,
Gran Canaria,ES705,12/2019,2019-M12,Cirugía maxilofacial,CIRUGIA_MAXILOFACIAL,Población en lista de espera,POBLACION_LISTA_ESPERA,1003,,,,
Tenerife,ES709,12/2019,2019-M12,Cirugía maxilofacial,CIRUGIA_MAXILOFACIAL,Población en lista de espera,POBLACION_LISTA_ESPERA,1742,,,,
La Gomera,ES706,12/2019,2019-M12,Cirugía maxilofacial,CIRUGIA_MAXILOFACIAL,Población en lista de espera,POBLACION_LISTA_ESPERA,0,,,,
La Palma,ES707,12/2019,2019-M12,Cirugía maxilofacial,CIRUGIA_MAXILOFACIAL,Población en lista de espera,POBLACION_LISTA_ESPERA,0,,,,
El Hierro,ES703,12/2019,2019-M12,Cirugía maxilofacial,CIRUGIA_MAXILOFACIAL,Población en lista de espera,POBLACION_LISTA_ESPERA,0,,,,
Canarias,ES70,12/2019,2019-M12,Cirugía general y digestiva,CIRUGIA_GENERAL_DIGESTIVA,Población en lista de espera,POBLACION_LISTA_ESPERA,3794,,,,
Lanzarote,ES708,12/2019,2019-M12,Cirugía general y digestiva,CIRUGIA_GENERAL_DIGESTIVA,Población en lista de espera,POBLACION_LISTA_ESPERA,85,,,,
Fuerteventura,ES704,12/2019,2019-M12,Cirugía general y digestiva,CIRUGIA_GENERAL_DIGESTIVA,Población en lista de espera,POBLACION_LISTA_ESPERA,36,,,,
Gran Canaria,ES705,12/2019,2019-M12,Cirugía general y digestiva,CIRUGIA_GENERAL_DIGESTIVA,Población en lista de espera,POBLACION_LISTA_ESPERA,2849,,,,
Tenerife,ES709,12/2019,2019-M12,Cirugía general y digestiva,CIRUGIA_GENERAL_DIGESTIVA,Población en lista de espera,POBLACION_LISTA_ESPERA,776,,,,
La Gomera,ES706,12/2019,2019-M12,Cirugía general y digestiva,CIRUGIA_GENERAL_DIGESTIVA,Población en lista de espera,POBLACION_LISTA_ESPERA,33,,,,
La Palma,ES707,12/2019,2019-M12,Cirugía general y digestiva,CIRUGIA_GENERAL_DIGESTIVA,Población en lista de espera,POBLACION_LISTA_ESPERA,12,,,,
El Hierro,ES703,12/2019,2019-M12,Cirugía general y digestiva,CIRUGIA_GENERAL_DIGESTIVA,Población en lista de espera,POBLACION_LISTA_ESPERA,3,,,,
Canarias,ES70,12/2019,2019-M12,Cirugía cardíaca,CIRUGIA_CARDIACA,Población en lista de espera,POBLACION_LISTA_ESPERA,8,,,,
Lanzarote,ES708,12/2019,2019-M12,Cirugía cardíaca,CIRUGIA_CARDIACA,Población en lista de espera,POBLACION_LISTA_ESPERA,0,,,,
Fuerteventura,ES704,12/2019,2019-M12,Cirugía cardíaca,CIRUGIA_CARDIACA,Población en lista de espera,POBLACION_LISTA_ESPERA,0,,,,
Gran Canaria,ES705,12/2019,2019-M12,Cirugía cardíaca,CIRUGIA_CARDIACA,Población en lista de espera,POBLACION_LISTA_ESPERA,3,,,,
Tenerife,ES709,12/2019,2019-M12,Cirugía cardíaca,CIRUGIA_CARDIACA,Población en lista de espera,POBLACION_LISTA_ESPERA,5,,,,
La Gomera,ES706,12/2019,2019-M12,Cirugía cardíaca,CIRUGIA_CARDIACA,Población en lista de espera,POBLACION_LISTA_ESPERA,0,,,,
La Palma,ES707,12/2019,2019-M12,Cirugía cardíaca,CIRUGIA_CARDIACA,Población en lista de espera,POBLACION_LISTA_ESPERA,0,,,,
El Hierro,ES703,12/2019,2019-M12,Cirugía cardíaca,CIRUGIA_CARDIACA,Población en lista de espera,POBLACION_LISTA_ESPERA,0,,,,
Canarias,ES70,12/2019,2019-M12,Cardiología,CARDIOLOGIA,Población en lista de espera,POBLACION_LISTA_ESPERA,2761,,,,
Lanzarote,ES708,12/2019,2019-M12,Cardiología,CARDIOLOGIA,Población en lista de espera,POBLACION_LISTA_ESPERA,72,,,,
Fuerteventura,ES704,12/2019,2019-M12,Cardiología,CARDIOLOGIA,Población en lista de espera,POBLACION_LISTA_ESPERA,98,,,,
Gran Canaria,ES705,12/2019,2019-M12,Cardiología,CARDIOLOGIA,Población en lista de espera,POBLACION_LISTA_ESPERA,1786,,,,
Tenerife,ES709,12/2019,2019-M12,Cardiología,CARDIOLOGIA,Población en lista de espera,POBLACION_LISTA_ESPERA,697,,,,
La Gomera,ES706,12/2019,2019-M12,Cardiología,CARDIOLOGIA,Población en lista de espera,POBLACION_LISTA_ESPERA,37,,,,
La Palma,ES707,12/2019,2019-M12,Cardiología,CARDIOLOGIA,Población en lista de espera,POBLACION_LISTA_ESPERA,61,,,,
El Hierro,ES703,12/2019,2019-M12,Cardiología,CARDIOLOGIA,Población en lista de espera,POBLACION_LISTA_ESPERA,10,,,,
Canarias,ES70,12/2019,2019-M12,Angiología y cirugía vascular,ANGIOLOGIA_CIRUGIA_VASCULAR,Población en lista de espera,POBLACION_LISTA_ESPERA,496,,,,
Lanzarote,ES708,12/2019,2019-M12,Angiología y cirugía vascular,ANGIOLOGIA_CIRUGIA_VASCULAR,Población en lista de espera,POBLACION_LISTA_ESPERA,0,,,,
Fuerteventura,ES704,12/2019,2019-M12,Angiología y cirugía vascular,ANGIOLOGIA_CIRUGIA_VASCULAR,Población en lista de espera,POBLACION_LISTA_ESPERA,0,,,,
Gran Canaria,ES705,12/2019,2019-M12,Angiología y cirugía vascular,ANGIOLOGIA_CIRUGIA_VASCULAR,Población en lista de espera,POBLACION_LISTA_ESPERA,159,,,,
Tenerife,ES709,12/2019,2019-M12,Angiología y cirugía vascular,ANGIOLOGIA_CIRUGIA_VASCULAR,Población en lista de espera,POBLACION_LISTA_ESPERA,337,,,,
La Gomera,ES706,12/2019,2019-M12,Angiología y cirugía vascular,ANGIOLOGIA_CIRUGIA_VASCULAR,Población en lista de espera,POBLACION_LISTA_ESPERA,0,,,,
La Palma,ES707,12/2019,2019-M12,Angiología y cirugía vascular,ANGIOLOGIA_CIRUGIA_VASCULAR,Población en lista de espera,POBLACION_LISTA_ESPERA,0,,,,
El Hierro,ES703,12/2019,2019-M12,Angiología y cirugía vascular,ANGIOLOGIA_CIRUGIA_VASCULAR,Población en lista de espera,POBLACION_LISTA_ESPERA,0,,,,
Canarias,ES70,12/2019,2019-M12,Alergia,ALERGIA,Población en lista de espera,POBLACION_LISTA_ESPERA,762,,,,
Lanzarote,ES708,12/2019,2019-M12,Alergia,ALERGIA,Población en lista de espera,POBLACION_LISTA_ESPERA,35,,,,
Fuerteventura,ES704,12/2019,2019-M12,Alergia,ALERGIA,Población en lista de espera,POBLACION_LISTA_ESPERA,35,,,,
Gran Canaria,ES705,12/2019,2019-M12,Alergia,ALERGIA,Población en lista de espera,POBLACION_LISTA_ESPERA,334,,,,
Tenerife,ES709,12/2019,2019-M12,Alergia,ALERGIA,Población en lista de espera,POBLACION_LISTA_ESPERA,330,,,,
La Gomera,ES706,12/2019,2019-M12,Alergia,ALERGIA,Población en lista de espera,POBLACION_LISTA_ESPERA,0,,,,
La Palma,ES707,12/2019,2019-M12,Alergia,ALERGIA,Población en lista de espera,POBLACION_LISTA_ESPERA,21,,,,
El Hierro,ES703,12/2019,2019-M12,Alergia,ALERGIA,Población en lista de espera,POBLACION_LISTA_ESPERA,7,,,,
Canarias,ES70,06/2020,2020-M06,Urología,UROLOGIA,Población en lista de espera,POBLACION_LISTA_ESPERA,3519,,,,
Lanzarote,ES708,06/2020,2020-M06,Urología,UROLOGIA,Población en lista de espera,POBLACION_LISTA_ESPERA,178,,,,
Fuerteventura,ES704,06/2020,2020-M06,Urología,UROLOGIA,Población en lista de espera,POBLACION_LISTA_ESPERA,68,,,,
Gran Canaria,ES705,06/2020,2020-M06,Urología,UROLOGIA,Población en lista de espera,POBLACION_LISTA_ESPERA,1962,,,,
Tenerife,ES709,06/2020,2020-M06,Urología,UROLOGIA,Población en lista de espera,POBLACION_LISTA_ESPERA,1282,,,,
La Gomera,ES706,06/2020,2020-M06,Urología,UROLOGIA,Población en lista de espera,POBLACION_LISTA_ESPERA,0,,,,
La Palma,ES707,06/2020,2020-M06,Urología,UROLOGIA,Población en lista de espera,POBLACION_LISTA_ESPERA,14,,,,
El Hierro,ES703,06/2020,2020-M06,Urología,UROLOGIA,Población en lista de espera,POBLACION_LISTA_ESPERA,15,,,,
Canarias,ES70,06/2020,2020-M06,Traumatología y cirugía ortopédica,TRAUMATOLOGIA_CIRUGIA_ORTOPEDICA,Población en lista de espera,POBLACION_LISTA_ESPERA,16890,,,,
Lanzarote,ES708,06/2020,2020-M06,Traumatología y cirugía ortopédica,TRAUMATOLOGIA_CIRUGIA_ORTOPEDICA,Población en lista de espera,POBLACION_LISTA_ESPERA,188,,,,
Fuerteventura,ES704,06/2020,2020-M06,Traumatología y cirugía ortopédica,TRAUMATOLOGIA_CIRUGIA_ORTOPEDICA,Población en lista de espera,POBLACION_LISTA_ESPERA,133,,,,
Gran Canaria,ES705,06/2020,2020-M06,Traumatología y cirugía ortopédica,TRAUMATOLOGIA_CIRUGIA_ORTOPEDICA,Población en lista de espera,POBLACION_LISTA_ESPERA,9344,,,,
Tenerife,ES709,06/2020,2020-M06,Traumatología y cirugía ortopédica,TRAUMATOLOGIA_CIRUGIA_ORTOPEDICA,Población en lista de espera,POBLACION_LISTA_ESPERA,7083,,,,
La Gomera,ES706,06/2020,2020-M06,Traumatología y cirugía ortopédica,TRAUMATOLOGIA_CIRUGIA_ORTOPEDICA,Población en lista de espera,POBLACION_LISTA_ESPERA,93,,,,
La Palma,ES707,06/2020,2020-M06,Traumatología y cirugía ortopédica,TRAUMATOLOGIA_CIRUGIA_ORTOPEDICA,Población en lista de espera,POBLACION_LISTA_ESPERA,25,,,,
El Hierro,ES703,06/2020,2020-M06,Traumatología y cirugía ortopédica,TRAUMATOLOGIA_CIRUGIA_ORTOPEDICA,Población en lista de espera,POBLACION_LISTA_ESPERA,24,,,,
Canarias,ES70,06/2020,2020-M06,Total,_T,Población en lista de espera,POBLACION_LISTA_ESPERA,95548,,,,
Lanzarote,ES708,06/2020,2020-M06,Total,_T,Población en lista de espera,POBLACION_LISTA_ESPERA,1691,,,,
Fuerteventura,ES704,06/2020,2020-M06,Total,_T,Población en lista de espera,POBLACION_LISTA_ESPERA,1724,,,,
Gran Canaria,ES705,06/2020,2020-M06,Total,_T,Población en lista de espera,POBLACION_LISTA_ESPERA,41362,,,,
Tenerife,ES709,06/2020,2020-M06,Total,_T,Población en lista de espera,POBLACION_LISTA_ESPERA,48816,,,,
La Gomera,ES706,06/2020,2020-M06,Total,_T,Población en lista de espera,POBLACION_LISTA_ESPERA,697,,,,
La Palma,ES707,06/2020,2020-M06,Total,_T,Población en lista de espera,POBLACION_LISTA_ESPERA,573,,,,
El Hierro,ES703,06/2020,2020-M06,Total,_T,Población en lista de espera,POBLACION_LISTA_ESPERA,685,,,,
Canarias,ES70,06/2020,2020-M06,Reumatología,REUMATOLOGIA,Población en lista de espera,POBLACION_LISTA_ESPERA,1134,,,,
Lanzarote,ES708,06/2020,2020-M06,Reumatología,REUMATOLOGIA,Población en lista de espera,POBLACION_LISTA_ESPERA,38,,,,
Fuerteventura,ES704,06/2020,2020-M06,Reumatología,REUMATOLOGIA,Población en lista de espera,POBLACION_LISTA_ESPERA,8,,,,
Gran Canaria,ES705,06/2020,2020-M06,Reumatología,REUMATOLOGIA,Población en lista de espera,POBLACION_LISTA_ESPERA,498,,,,
Tenerife,ES709,06/2020,2020-M06,Reumatología,REUMATOLOGIA,Población en lista de espera,POBLACION_LISTA_ESPERA,584,,,,
La Gomera,ES706,06/2020,2020-M06,Reumatología,REUMATOLOGIA,Población en lista de espera,POBLACION_LISTA_ESPERA,0,,,,
La Palma,ES707,06/2020,2020-M06,Reumatología,REUMATOLOGIA,Población en lista de espera,POBLACION_LISTA_ESPERA,6,,,,
El Hierro,ES703,06/2020,2020-M06,Reumatología,REUMATOLOGIA,Población en lista de espera,POBLACION_LISTA_ESPERA,0,,,,
Canarias,ES70,06/2020,2020-M06,Rehabilitación,REHABILITACION,Población en lista de espera,POBLACION_LISTA_ESPERA,8694,,,,
Lanzarote,ES708,06/2020,2020-M06,Rehabilitación,REHABILITACION,Población en lista de espera,POBLACION_LISTA_ESPERA,111,,,,
Fuerteventura,ES704,06/2020,2020-M06,Rehabilitación,REHABILITACION,Población en lista de espera,POBLACION_LISTA_ESPERA,134,,,,
Gran Canaria,ES705,06/2020,2020-M06,Rehabilitación,REHABILITACION,Población en lista de espera,POBLACION_LISTA_ESPERA,4424,,,,
Tenerife,ES709,06/2020,2020-M06,Rehabilitación,REHABILITACION,Población en lista de espera,POBLACION_LISTA_ESPERA,3758,,,,
La Gomera,ES706,06/2020,2020-M06,Rehabilitación,REHABILITACION,Población en lista de espera,POBLACION_LISTA_ESPERA,10,,,,
La Palma,ES707,06/2020,2020-M06,Rehabilitación,REHABILITACION,Población en lista de espera,POBLACION_LISTA_ESPERA,3,,,,
El Hierro,ES703,06/2020,2020-M06,Rehabilitación,REHABILITACION,Población en lista de espera,POBLACION_LISTA_ESPERA,254,,,,
Canarias,ES70,06/2020,2020-M06,Psiquiatría,PSIQUIATRIA,Población en lista de espera,POBLACION_LISTA_ESPERA,1949,,,,
Lanzarote,ES708,06/2020,2020-M06,Psiquiatría,PSIQUIATRIA,Población en lista de espera,POBLACION_LISTA_ESPERA,44,,,,
Fuerteventura,ES704,06/2020,2020-M06,Psiquiatría,PSIQUIATRIA,Población en lista de espera,POBLACION_LISTA_ESPERA,351,,,,
Gran Canaria,ES705,06/2020,2020-M06,Psiquiatría,PSIQUIATRIA,Población en lista de espera,POBLACION_LISTA_ESPERA,753,,,,
Tenerife,ES709,06/2020,2020-M06,Psiquiatría,PSIQUIATRIA,Población en lista de espera,POBLACION_LISTA_ESPERA,782,,,,
La Gomera,ES706,06/2020,2020-M06,Psiquiatría,PSIQUIATRIA,Población en lista de espera,POBLACION_LISTA_ESPERA,12,,,,
La Palma,ES707,06/2020,2020-M06,Psiquiatría,PSIQUIATRIA,Población en lista de espera,POBLACION_LISTA_ESPERA,5,,,,
El Hierro,ES703,06/2020,2020-M06,Psiquiatría,PSIQUIATRIA,Población en lista de espera,POBLACION_LISTA_ESPERA,2,,,,
Canarias,ES70,06/2020,2020-M06,Pediatría,PEDIATRIA,Población en lista de espera,POBLACION_LISTA_ESPERA,366,,,,
Lanzarote,ES708,06/2020,2020-M06,Pediatría,PEDIATRIA,Población en lista de espera,POBLACION_LISTA_ESPERA,57,,,,
Fuerteventura,ES704,06/2020,2020-M06,Pediatría,PEDIATRIA,Población en lista de espera,POBLACION_LISTA_ESPERA,40,,,,
Gran Canaria,ES705,06/2020,2020-M06,Pediatría,PEDIATRIA,Población en lista de espera,POBLACION_LISTA_ESPERA,171,,,,
Tenerife,ES709,06/2020,2020-M06,Pediatría,PEDIATRIA,Población en lista de espera,POBLACION_LISTA_ESPERA,94,,,,
La Gomera,ES706,06/2020,2020-M06,Pediatría,PEDIATRIA,Población en lista de espera,POBLACION_LISTA_ESPERA,4,,,,
La Palma,ES707,06/2020,2020-M06,Pediatría,PEDIATRIA,Población en lista de espera,POBLACION_LISTA_ESPERA,0,,,,
El Hierro,ES703,06/2020,2020-M06,Pediatría,PEDIATRIA,Población en lista de espera,POBLACION_LISTA_ESPERA,0,,,,
Canarias,ES70,06/2020,2020-M06,Otorrinolaringología,OTORRINOLARINGOLOGIA,Población en lista de espera,POBLACION_LISTA_ESPERA,8670,,,,
Lanzarote,ES708,06/2020,2020-M06,Otorrinolaringología,OTORRINOLARINGOLOGIA,Población en lista de espera,POBLACION_LISTA_ESPERA,99,,,,
Fuerteventura,ES704,06/2020,2020-M06,Otorrinolaringología,OTORRINOLARINGOLOGIA,Población en lista de espera,POBLACION_LISTA_ESPERA,40,,,,
Gran Canaria,ES705,06/2020,2020-M06,Otorrinolaringología,OTORRINOLARINGOLOGIA,Población en lista de espera,POBLACION_LISTA_ESPERA,1857,,,,
Tenerife,ES709,06/2020,2020-M06,Otorrinolaringología,OTORRINOLARINGOLOGIA,Población en lista de espera,POBLACION_LISTA_ESPERA,6637,,,,
La Gomera,ES706,06/2020,2020-M06,Otorrinolaringología,OTORRINOLARINGOLOGIA,Población en lista de espera,POBLACION_LISTA_ESPERA,13,,,,
La Palma,ES707,06/2020,2020-M06,Otorrinolaringología,OTORRINOLARINGOLOGIA,Población en lista de espera,POBLACION_LISTA_ESPERA,21,,,,
El Hierro,ES703,06/2020,2020-M06,Otorrinolaringología,OTORRINOLARINGOLOGIA,Población en lista de espera,POBLACION_LISTA_ESPERA,3,,,,
Canarias,ES70,06/2020,2020-M06,Oftalmología,OFTALMOLOGIA,Población en lista de espera,POBLACION_LISTA_ESPERA,19977,,,,
Lanzarote,ES708,06/2020,2020-M06,Oftalmología,OFTALMOLOGIA,Población en lista de espera,POBLACION_LISTA_ESPERA,44,,,,
Fuerteventura,ES704,06/2020,2020-M06,Oftalmología,OFTALMOLOGIA,Población en lista de espera,POBLACION_LISTA_ESPERA,212,,,,
Gran Canaria,ES705,06/2020,2020-M06,Oftalmología,OFTALMOLOGIA,Población en lista de espera,POBLACION_LISTA_ESPERA,8205,,,,
Tenerife,ES709,06/2020,2020-M06,Oftalmología,OFTALMOLOGIA,Población en lista de espera,POBLACION_LISTA_ESPERA,11255,,,,
La Gomera,ES706,06/2020,2020-M06,Oftalmología,OFTALMOLOGIA,Población en lista de espera,POBLACION_LISTA_ESPERA,162,,,,
La Palma,ES707,06/2020,2020-M06,Oftalmología,OFTALMOLOGIA,Población en lista de espera,POBLACION_LISTA_ESPERA,56,,,,
El Hierro,ES703,06/2020,2020-M06,Oftalmología,OFTALMOLOGIA,Población en lista de espera,POBLACION_LISTA_ESPERA,43,,,,
Canarias,ES70,06/2020,2020-M06,Neurología,NEUROLOGIA,Población en lista de espera,POBLACION_LISTA_ESPERA,1722,,,,
Lanzarote,ES708,06/2020,2020-M06,Neurología,NEUROLOGIA,Población en lista de espera,POBLACION_LISTA_ESPERA,26,,,,
Fuerteventura,ES704,06/2020,2020-M06,Neurología,NEUROLOGIA,Población en lista de espera,POBLACION_LISTA_ESPERA,118,,,,
Gran Canaria,ES705,06/2020,2020-M06,Neurología,NEUROLOGIA,Población en lista de espera,POBLACION_LISTA_ESPERA,816,,,,
Tenerife,ES709,06/2020,2020-M06,Neurología,NEUROLOGIA,Población en lista de espera,POBLACION_LISTA_ESPERA,619,,,,
La Gomera,ES706,06/2020,2020-M06,Neurología,NEUROLOGIA,Población en lista de espera,POBLACION_LISTA_ESPERA,56,,,,
La Palma,ES707,06/2020,2020-M06,Neurología,NEUROLOGIA,Población en lista de espera,POBLACION_LISTA_ESPERA,6,,,,
El Hierro,ES703,06/2020,2020-M06,Neurología,NEUROLOGIA,Población en lista de espera,POBLACION_LISTA_ESPERA,81,,,,
Canarias,ES70,06/2020,2020-M06,Neurocirugía,NEUROCIRUGIA,Población en lista de espera,POBLACION_LISTA_ESPERA,3305,,,,
Lanzarote,ES708,06/2020,2020-M06,Neurocirugía,NEUROCIRUGIA,Población en lista de espera,POBLACION_LISTA_ESPERA,0,,,,
Fuerteventura,ES704,06/2020,2020-M06,Neurocirugía,NEUROCIRUGIA,Población en lista de espera,POBLACION_LISTA_ESPERA,16,,,,
Gran Canaria,ES705,06/2020,2020-M06,Neurocirugía,NEUROCIRUGIA,Población en lista de espera,POBLACION_LISTA_ESPERA,480,,,,
Tenerife,ES709,06/2020,2020-M06,Neurocirugía,NEUROCIRUGIA,Población en lista de espera,POBLACION_LISTA_ESPERA,2809,,,,
La Gomera,ES706,06/2020,2020-M06,Neurocirugía,NEUROCIRUGIA,Población en lista de espera,POBLACION_LISTA_ESPERA,0,,,,
La Palma,ES707,06/2020,2020-M06,Neurocirugía,NEUROCIRUGIA,Población en lista de espera,POBLACION_LISTA_ESPERA,0,,,,
El Hierro,ES703,06/2020,2020-M06,Neurocirugía,NEUROCIRUGIA,Población en lista de espera,POBLACION_LISTA_ESPERA,0,,,,
Canarias,ES70,06/2020,2020-M06,Neumología,NEUMOLOGIA,Población en lista de espera,POBLACION_LISTA_ESPERA,1628,,,,
Lanzarote,ES708,06/2020,2020-M06,Neumología,NEUMOLOGIA,Población en lista de espera,POBLACION_LISTA_ESPERA,30,,,,
Fuerteventura,ES704,06/2020,2020-M06,Neumología,NEUMOLOGIA,Población en lista de espera,POBLACION_LISTA_ESPERA,10,,,,
Gran Canaria,ES705,06/2020,2020-M06,Neumología,NEUMOLOGIA,Población en lista de espera,POBLACION_LISTA_ESPERA,835,,,,
Tenerife,ES709,06/2020,2020-M06,Neumología,NEUMOLOGIA,Población en lista de espera,POBLACION_LISTA_ESPERA,731,,,,
La Gomera,ES706,06/2020,2020-M06,Neumología,NEUMOLOGIA,Población en lista de espera,POBLACION_LISTA_ESPERA,0,,,,
La Palma,ES707,06/2020,2020-M06,Neumología,NEUMOLOGIA,Población en lista de espera,POBLACION_LISTA_ESPERA,6,,,,
El Hierro,ES703,06/2020,2020-M06,Neumología,NEUMOLOGIA,Población en lista de espera,POBLACION_LISTA_ESPERA,16,,,,
Canarias,ES70,06/2020,2020-M06,Nefrología,NEFROLOGIA,Población en lista de espera,POBLACION_LISTA_ESPERA,157,,,,
Lanzarote,ES708,06/2020,2020-M06,Nefrología,NEFROLOGIA,Población en lista de espera,POBLACION_LISTA_ESPERA,10,,,,
Fuerteventura,ES704,06/2020,2020-M06,Nefrología,NEFROLOGIA,Población en lista de espera,POBLACION_LISTA_ESPERA,6,,,,
Gran Canaria,ES705,06/2020,2020-M06,Nefrología,NEFROLOGIA,Población en lista de espera,POBLACION_LISTA_ESPERA,52,,,,
Tenerife,ES709,06/2020,2020-M06,Nefrología,NEFROLOGIA,Población en lista de espera,POBLACION_LISTA_ESPERA,82,,,,
La Gomera,ES706,06/2020,2020-M06,Nefrología,NEFROLOGIA,Población en lista de espera,POBLACION_LISTA_ESPERA,2,,,,
La Palma,ES707,06/2020,2020-M06,Nefrología,NEFROLOGIA,Población en lista de espera,POBLACION_LISTA_ESPERA,5,,,,
El Hierro,ES703,06/2020,2020-M06,Nefrología,NEFROLOGIA,Población en lista de espera,POBLACION_LISTA_ESPERA,0,,,,
Canarias,ES70,06/2020,2020-M06,Medicina interna,MEDICINA_INTERNA,Población en lista de espera,POBLACION_LISTA_ESPERA,420,,,,
Lanzarote,ES708,06/2020,2020-M06,Medicina interna,MEDICINA_INTERNA,Población en lista de espera,POBLACION_LISTA_ESPERA,26,,,,
Fuerteventura,ES704,06/2020,2020-M06,Medicina interna,MEDICINA_INTERNA,Población en lista de espera,POBLACION_LISTA_ESPERA,44,,,,
Gran Canaria,ES705,06/2020,2020-M06,Medicina interna,MEDICINA_INTERNA,Población en lista de espera,POBLACION_LISTA_ESPERA,287,,,,
Tenerife,ES709,06/2020,2020-M06,Medicina interna,MEDICINA_INTERNA,Población en lista de espera,POBLACION_LISTA_ESPERA,25,,,,
La Gomera,ES706,06/2020,2020-M06,Medicina interna,MEDICINA_INTERNA,Población en lista de espera,POBLACION_LISTA_ESPERA,19,,,,
La Palma,ES707,06/2020,2020-M06,Medicina interna,MEDICINA_INTERNA,Población en lista de espera,POBLACION_LISTA_ESPERA,1,,,,
El Hierro,ES703,06/2020,2020-M06,Medicina interna,MEDICINA_INTERNA,Población en lista de espera,POBLACION_LISTA_ESPERA,18,,,,
Canarias,ES70,06/2020,2020-M06,Hematología,HEMATOLOGIA,Población en lista de espera,POBLACION_LISTA_ESPERA,233,,,,
Lanzarote,ES708,06/2020,2020-M06,Hematología,HEMATOLOGIA,Población en lista de espera,POBLACION_LISTA_ESPERA,31,,,,
Fuerteventura,ES704,06/2020,2020-M06,Hematología,HEMATOLOGIA,Población en lista de espera,POBLACION_LISTA_ESPERA,8,,,,
Gran Canaria,ES705,06/2020,2020-M06,Hematología,HEMATOLOGIA,Población en lista de espera,POBLACION_LISTA_ESPERA,53,,,,
Tenerife,ES709,06/2020,2020-M06,Hematología,HEMATOLOGIA,Población en lista de espera,POBLACION_LISTA_ESPERA,125,,,,
La Gomera,ES706,06/2020,2020-M06,Hematología,HEMATOLOGIA,Población en lista de espera,POBLACION_LISTA_ESPERA,13,,,,
La Palma,ES707,06/2020,2020-M06,Hematología,HEMATOLOGIA,Población en lista de espera,POBLACION_LISTA_ESPERA,0,,,,
El Hierro,ES703,06/2020,2020-M06,Hematología,HEMATOLOGIA,Población en lista de espera,POBLACION_LISTA_ESPERA,3,,,,
Canarias,ES70,06/2020,2020-M06,Ginecología,GINECOLOGIA,Población en lista de espera,POBLACION_LISTA_ESPERA,1588,,,,
Lanzarote,ES708,06/2020,2020-M06,Ginecología,GINECOLOGIA,Población en lista de espera,POBLACION_LISTA_ESPERA,84,,,,
Fuerteventura,ES704,06/2020,2020-M06,Ginecología,GINECOLOGIA,Población en lista de espera,POBLACION_LISTA_ESPERA,80,,,,
Gran Canaria,ES705,06/2020,2020-M06,Ginecología,GINECOLOGIA,Población en lista de espera,POBLACION_LISTA_ESPERA,778,,,,
Tenerife,ES709,06/2020,2020-M06,Ginecología,GINECOLOGIA,Población en lista de espera,POBLACION_LISTA_ESPERA,463,,,,
La Gomera,ES706,06/2020,2020-M06,Ginecología,GINECOLOGIA,Población en lista de espera,POBLACION_LISTA_ESPERA,145,,,,
La Palma,ES707,06/2020,2020-M06,Ginecología,GINECOLOGIA,Población en lista de espera,POBLACION_LISTA_ESPERA,7,,,,
El Hierro,ES703,06/2020,2020-M06,Ginecología,GINECOLOGIA,Población en lista de espera,POBLACION_LISTA_ESPERA,31,,,,
Canarias,ES70,06/2020,2020-M06,Endocrinología,ENDOCRINOLOGIA,Población en lista de espera,POBLACION_LISTA_ESPERA,643,,,,
Lanzarote,ES708,06/2020,2020-M06,Endocrinología,ENDOCRINOLOGIA,Población en lista de espera,POBLACION_LISTA_ESPERA,111,,,,
Fuerteventura,ES704,06/2020,2020-M06,Endocrinología,ENDOCRINOLOGIA,Población en lista de espera,POBLACION_LISTA_ESPERA,149,,,,
Gran Canaria,ES705,06/2020,2020-M06,Endocrinología,ENDOCRINOLOGIA,Población en lista de espera,POBLACION_LISTA_ESPERA,261,,,,
Tenerife,ES709,06/2020,2020-M06,Endocrinología,ENDOCRINOLOGIA,Población en lista de espera,POBLACION_LISTA_ESPERA,57,,,,
La Gomera,ES706,06/2020,2020-M06,Endocrinología,ENDOCRINOLOGIA,Población en lista de espera,POBLACION_LISTA_ESPERA,18,,,,
La Palma,ES707,06/2020,2020-M06,Endocrinología,ENDOCRINOLOGIA,Población en lista de espera,POBLACION_LISTA_ESPERA,42,,,,
El Hierro,ES703,06/2020,2020-M06,Endocrinología,ENDOCRINOLOGIA,Población en lista de espera,POBLACION_LISTA_ESPERA,5,,,,
Canarias,ES70,06/2020,2020-M06,Digestivo,DIGESTIVO,Población en lista de espera,POBLACION_LISTA_ESPERA,2134,,,,
Lanzarote,ES708,06/2020,2020-M06,Digestivo,DIGESTIVO,Población en lista de espera,POBLACION_LISTA_ESPERA,28,,,,
Fuerteventura,ES704,06/2020,2020-M06,Digestivo,DIGESTIVO,Población en lista de espera,POBLACION_LISTA_ESPERA,21,,,,
Gran Canaria,ES705,06/2020,2020-M06,Digestivo,DIGESTIVO,Población en lista de espera,POBLACION_LISTA_ESPERA,1420,,,,
Tenerife,ES709,06/2020,2020-M06,Digestivo,DIGESTIVO,Población en lista de espera,POBLACION_LISTA_ESPERA,631,,,,
La Gomera,ES706,06/2020,2020-M06,Digestivo,DIGESTIVO,Población en lista de espera,POBLACION_LISTA_ESPERA,6,,,,
La Palma,ES707,06/2020,2020-M06,Digestivo,DIGESTIVO,Población en lista de espera,POBLACION_LISTA_ESPERA,7,,,,
El Hierro,ES703,06/2020,2020-M06,Digestivo,DIGESTIVO,Población en lista de espera,POBLACION_LISTA_ESPERA,21,,,,
Canarias,ES70,06/2020,2020-M06,Dermatología,DERMATOLOGIA,Población en lista de espera,POBLACION_LISTA_ESPERA,15212,,,,
Lanzarote,ES708,06/2020,2020-M06,Dermatología,DERMATOLOGIA,Población en lista de espera,POBLACION_LISTA_ESPERA,244,,,,
Fuerteventura,ES704,06/2020,2020-M06,Dermatología,DERMATOLOGIA,Población en lista de espera,POBLACION_LISTA_ESPERA,192,,,,
Gran Canaria,ES705,06/2020,2020-M06,Dermatología,DERMATOLOGIA,Población en lista de espera,POBLACION_LISTA_ESPERA,5651,,,,
Tenerife,ES709,06/2020,2020-M06,Dermatología,DERMATOLOGIA,Población en lista de espera,POBLACION_LISTA_ESPERA,8654,,,,
La Gomera,ES706,06/2020,2020-M06,Dermatología,DERMATOLOGIA,Población en lista de espera,POBLACION_LISTA_ESPERA,52,,,,
La Palma,ES707,06/2020,2020-M06,Dermatología,DERMATOLOGIA,Población en lista de espera,POBLACION_LISTA_ESPERA,269,,,,
El Hierro,ES703,06/2020,2020-M06,Dermatología,DERMATOLOGIA,Población en lista de espera,POBLACION_LISTA_ESPERA,150,,,,
Canarias,ES70,06/2020,2020-M06,Cirugía torácica,CIRUGIA_TORACICA,Población en lista de espera,POBLACION_LISTA_ESPERA,56,,,,
Lanzarote,ES708,06/2020,2020-M06,Cirugía torácica,CIRUGIA_TORACICA,Población en lista de espera,POBLACION_LISTA_ESPERA,0,,,,
Fuerteventura,ES704,06/2020,2020-M06,Cirugía torácica,CIRUGIA_TORACICA,Población en lista de espera,POBLACION_LISTA_ESPERA,4,,,,
Gran Canaria,ES705,06/2020,2020-M06,Cirugía torácica,CIRUGIA_TORACICA,Población en lista de espera,POBLACION_LISTA_ESPERA,30,,,,
Tenerife,ES709,06/2020,2020-M06,Cirugía torácica,CIRUGIA_TORACICA,Población en lista de espera,POBLACION_LISTA_ESPERA,22,,,,
La Gomera,ES706,06/2020,2020-M06,Cirugía torácica,CIRUGIA_TORACICA,Población en lista de espera,POBLACION_LISTA_ESPERA,0,,,,
La Palma,ES707,06/2020,2020-M06,Cirugía torácica,CIRUGIA_TORACICA,Población en lista de espera,POBLACION_LISTA_ESPERA,0,,,,
El Hierro,ES703,06/2020,2020-M06,Cirugía torácica,CIRUGIA_TORACICA,Población en lista de espera,POBLACION_LISTA_ESPERA,0,,,,
Canarias,ES70,06/2020,2020-M06,Cirugía plástica y reparadora,CIRUGIA_PLASTICA_REPARADORA,Población en lista de espera,POBLACION_LISTA_ESPERA,362,,,,
Lanzarote,ES708,06/2020,2020-M06,Cirugía plástica y reparadora,CIRUGIA_PLASTICA_REPARADORA,Población en lista de espera,POBLACION_LISTA_ESPERA,0,,,,
Fuerteventura,ES704,06/2020,2020-M06,Cirugía plástica y reparadora,CIRUGIA_PLASTICA_REPARADORA,Población en lista de espera,POBLACION_LISTA_ESPERA,0,,,,
Gran Canaria,ES705,06/2020,2020-M06,Cirugía plástica y reparadora,CIRUGIA_PLASTICA_REPARADORA,Población en lista de espera,POBLACION_LISTA_ESPERA,114,,,,
Tenerife,ES709,06/2020,2020-M06,Cirugía plástica y reparadora,CIRUGIA_PLASTICA_REPARADORA,Población en lista de espera,POBLACION_LISTA_ESPERA,248,,,,
La Gomera,ES706,06/2020,2020-M06,Cirugía plástica y reparadora,CIRUGIA_PLASTICA_REPARADORA,Población en lista de espera,POBLACION_LISTA_ESPERA,0,,,,
La Palma,ES707,06/2020,2020-M06,Cirugía plástica y reparadora,CIRUGIA_PLASTICA_REPARADORA,Población en lista de espera,POBLACION_LISTA_ESPERA,0,,,,
El Hierro,ES703,06/2020,2020-M06,Cirugía plástica y reparadora,CIRUGIA_PLASTICA_REPARADORA,Población en lista de espera,POBLACION_LISTA_ESPERA,0,,,,
Canarias,ES70,06/2020,2020-M06,Cirugía pediátrica,CIRUGIA_PEDIATRICA,Población en lista de espera,POBLACION_LISTA_ESPERA,198,,,,
Lanzarote,ES708,06/2020,2020-M06,Cirugía pediátrica,CIRUGIA_PEDIATRICA,Población en lista de espera,POBLACION_LISTA_ESPERA,0,,,,
Fuerteventura,ES704,06/2020,2020-M06,Cirugía pediátrica,CIRUGIA_PEDIATRICA,Población en lista de espera,POBLACION_LISTA_ESPERA,0,,,,
Gran Canaria,ES705,06/2020,2020-M06,Cirugía pediátrica,CIRUGIA_PEDIATRICA,Población en lista de espera,POBLACION_LISTA_ESPERA,33,,,,
Tenerife,ES709,06/2020,2020-M06,Cirugía pediátrica,CIRUGIA_PEDIATRICA,Población en lista de espera,POBLACION_LISTA_ESPERA,165,,,,
La Gomera,ES706,06/2020,2020-M06,Cirugía pediátrica,CIRUGIA_PEDIATRICA,Población en lista de espera,POBLACION_LISTA_ESPERA,0,,,,
La Palma,ES707,06/2020,2020-M06,Cirugía pediátrica,CIRUGIA_PEDIATRICA,Población en lista de espera,POBLACION_LISTA_ESPERA,0,,,,
El Hierro,ES703,06/2020,2020-M06,Cirugía pediátrica,CIRUGIA_PEDIATRICA,Población en lista de espera,POBLACION_LISTA_ESPERA,0,,,,
Canarias,ES70,06/2020,2020-M06,Cirugía maxilofacial,CIRUGIA_MAXILOFACIAL,Población en lista de espera,POBLACION_LISTA_ESPERA,1728,,,,
Lanzarote,ES708,06/2020,2020-M06,Cirugía maxilofacial,CIRUGIA_MAXILOFACIAL,Población en lista de espera,POBLACION_LISTA_ESPERA,0,,,,
Fuerteventura,ES704,06/2020,2020-M06,Cirugía maxilofacial,CIRUGIA_MAXILOFACIAL,Población en lista de espera,POBLACION_LISTA_ESPERA,0,,,,
Gran Canaria,ES705,06/2020,2020-M06,Cirugía maxilofacial,CIRUGIA_MAXILOFACIAL,Población en lista de espera,POBLACION_LISTA_ESPERA,682,,,,
Tenerife,ES709,06/2020,2020-M06,Cirugía maxilofacial,CIRUGIA_MAXILOFACIAL,Población en lista de espera,POBLACION_LISTA_ESPERA,1046,,,,
La Gomera,ES706,06/2020,2020-M06,Cirugía maxilofacial,CIRUGIA_MAXILOFACIAL,Población en lista de espera,POBLACION_LISTA_ESPERA,0,,,,
La Palma,ES707,06/2020,2020-M06,Cirugía maxilofacial,CIRUGIA_MAXILOFACIAL,Población en lista de espera,POBLACION_LISTA_ESPERA,0,,,,
El Hierro,ES703,06/2020,2020-M06,Cirugía maxilofacial,CIRUGIA_MAXILOFACIAL,Población en lista de espera,POBLACION_LISTA_ESPERA,0,,,,
Canarias,ES70,06/2020,2020-M06,Cirugía general y digestiva,CIRUGIA_GENERAL_DIGESTIVA,Población en lista de espera,POBLACION_LISTA_ESPERA,2316,,,,
Lanzarote,ES708,06/2020,2020-M06,Cirugía general y digestiva,CIRUGIA_GENERAL_DIGESTIVA,Población en lista de espera,POBLACION_LISTA_ESPERA,168,,,,
Fuerteventura,ES704,06/2020,2020-M06,Cirugía general y digestiva,CIRUGIA_GENERAL_DIGESTIVA,Población en lista de espera,POBLACION_LISTA_ESPERA,66,,,,
Gran Canaria,ES705,06/2020,2020-M06,Cirugía general y digestiva,CIRUGIA_GENERAL_DIGESTIVA,Población en lista de espera,POBLACION_LISTA_ESPERA,1502,,,,
Tenerife,ES709,06/2020,2020-M06,Cirugía general y digestiva,CIRUGIA_GENERAL_DIGESTIVA,Población en lista de espera,POBLACION_LISTA_ESPERA,516,,,,
La Gomera,ES706,06/2020,2020-M06,Cirugía general y digestiva,CIRUGIA_GENERAL_DIGESTIVA,Población en lista de espera,POBLACION_LISTA_ESPERA,48,,,,
La Palma,ES707,06/2020,2020-M06,Cirugía general y digestiva,CIRUGIA_GENERAL_DIGESTIVA,Población en lista de espera,POBLACION_LISTA_ESPERA,9,,,,
El Hierro,ES703,06/2020,2020-M06,Cirugía general y digestiva,CIRUGIA_GENERAL_DIGESTIVA,Población en lista de espera,POBLACION_LISTA_ESPERA,7,,,,
Canarias,ES70,06/2020,2020-M06,Cirugía cardíaca,CIRUGIA_CARDIACA,Población en lista de espera,POBLACION_LISTA_ESPERA,2,,,,
Lanzarote,ES708,06/2020,2020-M06,Cirugía cardíaca,CIRUGIA_CARDIACA,Población en lista de espera,POBLACION_LISTA_ESPERA,0,,,,
Fuerteventura,ES704,06/2020,2020-M06,Cirugía cardíaca,CIRUGIA_CARDIACA,Población en lista de espera,POBLACION_LISTA_ESPERA,0,,,,
Gran Canaria,ES705,06/2020,2020-M06,Cirugía cardíaca,CIRUGIA_CARDIACA,Población en lista de espera,POBLACION_LISTA_ESPERA,1,,,,
Tenerife,ES709,06/2020,2020-M06,Cirugía cardíaca,CIRUGIA_CARDIACA,Población en lista de espera,POBLACION_LISTA_ESPERA,1,,,,
La Gomera,ES706,06/2020,2020-M06,Cirugía cardíaca,CIRUGIA_CARDIACA,Población en lista de espera,POBLACION_LISTA_ESPERA,0,,,,
La Palma,ES707,06/2020,2020-M06,Cirugía cardíaca,CIRUGIA_CARDIACA,Población en lista de espera,POBLACION_LISTA_ESPERA,0,,,,
El Hierro,ES703,06/2020,2020-M06,Cirugía cardíaca,CIRUGIA_CARDIACA,Población en lista de espera,POBLACION_LISTA_ESPERA,0,,,,
Canarias,ES70,06/2020,2020-M06,Cardiología,CARDIOLOGIA,Población en lista de espera,POBLACION_LISTA_ESPERA,1686,,,,
Lanzarote,ES708,06/2020,2020-M06,Cardiología,CARDIOLOGIA,Población en lista de espera,POBLACION_LISTA_ESPERA,42,,,,
Fuerteventura,ES704,06/2020,2020-M06,Cardiología,CARDIOLOGIA,Población en lista de espera,POBLACION_LISTA_ESPERA,11,,,,
Gran Canaria,ES705,06/2020,2020-M06,Cardiología,CARDIOLOGIA,Población en lista de espera,POBLACION_LISTA_ESPERA,895,,,,
Tenerife,ES709,06/2020,2020-M06,Cardiología,CARDIOLOGIA,Población en lista de espera,POBLACION_LISTA_ESPERA,601,,,,
La Gomera,ES706,06/2020,2020-M06,Cardiología,CARDIOLOGIA,Población en lista de espera,POBLACION_LISTA_ESPERA,44,,,,
La Palma,ES707,06/2020,2020-M06,Cardiología,CARDIOLOGIA,Población en lista de espera,POBLACION_LISTA_ESPERA,85,,,,
El Hierro,ES703,06/2020,2020-M06,Cardiología,CARDIOLOGIA,Población en lista de espera,POBLACION_LISTA_ESPERA,8,,,,
Canarias,ES70,06/2020,2020-M06,Angiología y cirugía vascular,ANGIOLOGIA_CIRUGIA_VASCULAR,Población en lista de espera,POBLACION_LISTA_ESPERA,193,,,,
Lanzarote,ES708,06/2020,2020-M06,Angiología y cirugía vascular,ANGIOLOGIA_CIRUGIA_VASCULAR,Población en lista de espera,POBLACION_LISTA_ESPERA,32,,,,
Fuerteventura,ES704,06/2020,2020-M06,Angiología y cirugía vascular,ANGIOLOGIA_CIRUGIA_VASCULAR,Población en lista de espera,POBLACION_LISTA_ESPERA,0,,,,
Gran Canaria,ES705,06/2020,2020-M06,Angiología y cirugía vascular,ANGIOLOGIA_CIRUGIA_VASCULAR,Población en lista de espera,POBLACION_LISTA_ESPERA,102,,,,
Tenerife,ES709,06/2020,2020-M06,Angiología y cirugía vascular,ANGIOLOGIA_CIRUGIA_VASCULAR,Población en lista de espera,POBLACION_LISTA_ESPERA,59,,,,
La Gomera,ES706,06/2020,2020-M06,Angiología y cirugía vascular,ANGIOLOGIA_CIRUGIA_VASCULAR,Población en lista de espera,POBLACION_LISTA_ESPERA,0,,,,
La Palma,ES707,06/2020,2020-M06,Angiología y cirugía vascular,ANGIOLOGIA_CIRUGIA_VASCULAR,Población en lista de espera,POBLACION_LISTA_ESPERA,0,,,,
El Hierro,ES703,06/2020,2020-M06,Angiología y cirugía vascular,ANGIOLOGIA_CIRUGIA_VASCULAR,Población en lista de espera,POBLACION_LISTA_ESPERA,0,,,,
Canarias,ES70,06/2020,2020-M06,Alergia,ALERGIA,Población en lista de espera,POBLACION_LISTA_ESPERA,766,,,,
Lanzarote,ES708,06/2020,2020-M06,Alergia,ALERGIA,Población en lista de espera,POBLACION_LISTA_ESPERA,100,,,,
Fuerteventura,ES704,06/2020,2020-M06,Alergia,ALERGIA,Población en lista de espera,POBLACION_LISTA_ESPERA,13,,,,
Gran Canaria,ES705,06/2020,2020-M06,Alergia,ALERGIA,Población en lista de espera,POBLACION_LISTA_ESPERA,156,,,,
Tenerife,ES709,06/2020,2020-M06,Alergia,ALERGIA,Población en lista de espera,POBLACION_LISTA_ESPERA,487,,,,
La Gomera,ES706,06/2020,2020-M06,Alergia,ALERGIA,Población en lista de espera,POBLACION_LISTA_ESPERA,0,,,,
La Palma,ES707,06/2020,2020-M06,Alergia,ALERGIA,Población en lista de espera,POBLACION_LISTA_ESPERA,6,,,,
El Hierro,ES703,06/2020,2020-M06,Alergia,ALERGIA,Población en lista de espera,POBLACION_LISTA_ESPERA,4,,,,
Canarias,ES70,12/2020,2020-M12,Urología,UROLOGIA,Población en lista de espera,POBLACION_LISTA_ESPERA,3630,,,,
Lanzarote,ES708,12/2020,2020-M12,Urología,UROLOGIA,Población en lista de espera,POBLACION_LISTA_ESPERA,116,,,,
Fuerteventura,ES704,12/2020,2020-M12,Urología,UROLOGIA,Población en lista de espera,POBLACION_LISTA_ESPERA,94,,,,
Gran Canaria,ES705,12/2020,2020-M12,Urología,UROLOGIA,Población en lista de espera,POBLACION_LISTA_ESPERA,1646,,,,
Tenerife,ES709,12/2020,2020-M12,Urología,UROLOGIA,Población en lista de espera,POBLACION_LISTA_ESPERA,1758,,,,
La Gomera,ES706,12/2020,2020-M12,Urología,UROLOGIA,Población en lista de espera,POBLACION_LISTA_ESPERA,0,,,,
La Palma,ES707,12/2020,2020-M12,Urología,UROLOGIA,Población en lista de espera,POBLACION_LISTA_ESPERA,9,,,,
El Hierro,ES703,12/2020,2020-M12,Urología,UROLOGIA,Población en lista de espera,POBLACION_LISTA_ESPERA,7,,,,
Canarias,ES70,12/2020,2020-M12,Traumatología y cirugía ortopédica,TRAUMATOLOGIA_CIRUGIA_ORTOPEDICA,Población en lista de espera,POBLACION_LISTA_ESPERA,17701,,,,
Lanzarote,ES708,12/2020,2020-M12,Traumatología y cirugía ortopédica,TRAUMATOLOGIA_CIRUGIA_ORTOPEDICA,Población en lista de espera,POBLACION_LISTA_ESPERA,124,,,,
Fuerteventura,ES704,12/2020,2020-M12,Traumatología y cirugía ortopédica,TRAUMATOLOGIA_CIRUGIA_ORTOPEDICA,Población en lista de espera,POBLACION_LISTA_ESPERA,66,,,,
Gran Canaria,ES705,12/2020,2020-M12,Traumatología y cirugía ortopédica,TRAUMATOLOGIA_CIRUGIA_ORTOPEDICA,Población en lista de espera,POBLACION_LISTA_ESPERA,9565,,,,
Tenerife,ES709,12/2020,2020-M12,Traumatología y cirugía ortopédica,TRAUMATOLOGIA_CIRUGIA_ORTOPEDICA,Población en lista de espera,POBLACION_LISTA_ESPERA,7728,,,,
La Gomera,ES706,12/2020,2020-M12,Traumatología y cirugía ortopédica,TRAUMATOLOGIA_CIRUGIA_ORTOPEDICA,Población en lista de espera,POBLACION_LISTA_ESPERA,173,,,,
La Palma,ES707,12/2020,2020-M12,Traumatología y cirugía ortopédica,TRAUMATOLOGIA_CIRUGIA_ORTOPEDICA,Población en lista de espera,POBLACION_LISTA_ESPERA,33,,,,
El Hierro,ES703,12/2020,2020-M12,Traumatología y cirugía ortopédica,TRAUMATOLOGIA_CIRUGIA_ORTOPEDICA,Población en lista de espera,POBLACION_LISTA_ESPERA,12,,,,
Canarias,ES70,12/2020,2020-M12,Total,_T,Población en lista de espera,POBLACION_LISTA_ESPERA,104657,,,,
Lanzarote,ES708,12/2020,2020-M12,Total,_T,Población en lista de espera,POBLACION_LISTA_ESPERA,1314,,,,
Fuerteventura,ES704,12/2020,2020-M12,Total,_T,Población en lista de espera,POBLACION_LISTA_ESPERA,1875,,,,
Gran Canaria,ES705,12/2020,2020-M12,Total,_T,Población en lista de espera,POBLACION_LISTA_ESPERA,47509,,,,
Tenerife,ES709,12/2020,2020-M12,Total,_T,Población en lista de espera,POBLACION_LISTA_ESPERA,52227,,,,
La Gomera,ES706,12/2020,2020-M12,Total,_T,Población en lista de espera,POBLACION_LISTA_ESPERA,887,,,,
La Palma,ES707,12/2020,2020-M12,Total,_T,Población en lista de espera,POBLACION_LISTA_ESPERA,634,,,,
El Hierro,ES703,12/2020,2020-M12,Total,_T,Población en lista de espera,POBLACION_LISTA_ESPERA,211,,,,
Canarias,ES70,12/2020,2020-M12,Reumatología,REUMATOLOGIA,Población en lista de espera,POBLACION_LISTA_ESPERA,1661,,,,
Lanzarote,ES708,12/2020,2020-M12,Reumatología,REUMATOLOGIA,Población en lista de espera,POBLACION_LISTA_ESPERA,40,,,,
Fuerteventura,ES704,12/2020,2020-M12,Reumatología,REUMATOLOGIA,Población en lista de espera,POBLACION_LISTA_ESPERA,32,,,,
Gran Canaria,ES705,12/2020,2020-M12,Reumatología,REUMATOLOGIA,Población en lista de espera,POBLACION_LISTA_ESPERA,1243,,,,
Tenerife,ES709,12/2020,2020-M12,Reumatología,REUMATOLOGIA,Población en lista de espera,POBLACION_LISTA_ESPERA,331,,,,
La Gomera,ES706,12/2020,2020-M12,Reumatología,REUMATOLOGIA,Población en lista de espera,POBLACION_LISTA_ESPERA,0,,,,
La Palma,ES707,12/2020,2020-M12,Reumatología,REUMATOLOGIA,Población en lista de espera,POBLACION_LISTA_ESPERA,15,,,,
El Hierro,ES703,12/2020,2020-M12,Reumatología,REUMATOLOGIA,Población en lista de espera,POBLACION_LISTA_ESPERA,0,,,,
Canarias,ES70,12/2020,2020-M12,Rehabilitación,REHABILITACION,Población en lista de espera,POBLACION_LISTA_ESPERA,10399,,,,
Lanzarote,ES708,12/2020,2020-M12,Rehabilitación,REHABILITACION,Población en lista de espera,POBLACION_LISTA_ESPERA,56,,,,
Fuerteventura,ES704,12/2020,2020-M12,Rehabilitación,REHABILITACION,Población en lista de espera,POBLACION_LISTA_ESPERA,125,,,,
Gran Canaria,ES705,12/2020,2020-M12,Rehabilitación,REHABILITACION,Población en lista de espera,POBLACION_LISTA_ESPERA,5513,,,,
Tenerife,ES709,12/2020,2020-M12,Rehabilitación,REHABILITACION,Población en lista de espera,POBLACION_LISTA_ESPERA,4645,,,,
La Gomera,ES706,12/2020,2020-M12,Rehabilitación,REHABILITACION,Población en lista de espera,POBLACION_LISTA_ESPERA,12,,,,
La Palma,ES707,12/2020,2020-M12,Rehabilitación,REHABILITACION,Población en lista de espera,POBLACION_LISTA_ESPERA,29,,,,
El Hierro,ES703,12/2020,2020-M12,Rehabilitación,REHABILITACION,Población en lista de espera,POBLACION_LISTA_ESPERA,19,,,,
Canarias,ES70,12/2020,2020-M12,Psiquiatría,PSIQUIATRIA,Población en lista de espera,POBLACION_LISTA_ESPERA,2193,,,,
Lanzarote,ES708,12/2020,2020-M12,Psiquiatría,PSIQUIATRIA,Población en lista de espera,POBLACION_LISTA_ESPERA,20,,,,
Fuerteventura,ES704,12/2020,2020-M12,Psiquiatría,PSIQUIATRIA,Población en lista de espera,POBLACION_LISTA_ESPERA,362,,,,
Gran Canaria,ES705,12/2020,2020-M12,Psiquiatría,PSIQUIATRIA,Población en lista de espera,POBLACION_LISTA_ESPERA,825,,,,
Tenerife,ES709,12/2020,2020-M12,Psiquiatría,PSIQUIATRIA,Población en lista de espera,POBLACION_LISTA_ESPERA,950,,,,
La Gomera,ES706,12/2020,2020-M12,Psiquiatría,PSIQUIATRIA,Población en lista de espera,POBLACION_LISTA_ESPERA,3,,,,
La Palma,ES707,12/2020,2020-M12,Psiquiatría,PSIQUIATRIA,Población en lista de espera,POBLACION_LISTA_ESPERA,19,,,,
El Hierro,ES703,12/2020,2020-M12,Psiquiatría,PSIQUIATRIA,Población en lista de espera,POBLACION_LISTA_ESPERA,14,,,,
Canarias,ES70,12/2020,2020-M12,Pediatría,PEDIATRIA,Población en lista de espera,POBLACION_LISTA_ESPERA,468,,,,
Lanzarote,ES708,12/2020,2020-M12,Pediatría,PEDIATRIA,Población en lista de espera,POBLACION_LISTA_ESPERA,71,,,,
Fuerteventura,ES704,12/2020,2020-M12,Pediatría,PEDIATRIA,Población en lista de espera,POBLACION_LISTA_ESPERA,16,,,,
Gran Canaria,ES705,12/2020,2020-M12,Pediatría,PEDIATRIA,Población en lista de espera,POBLACION_LISTA_ESPERA,207,,,,
Tenerife,ES709,12/2020,2020-M12,Pediatría,PEDIATRIA,Población en lista de espera,POBLACION_LISTA_ESPERA,162,,,,
La Gomera,ES706,12/2020,2020-M12,Pediatría,PEDIATRIA,Población en lista de espera,POBLACION_LISTA_ESPERA,8,,,,
La Palma,ES707,12/2020,2020-M12,Pediatría,PEDIATRIA,Población en lista de espera,POBLACION_LISTA_ESPERA,4,,,,
El Hierro,ES703,12/2020,2020-M12,Pediatría,PEDIATRIA,Población en lista de espera,POBLACION_LISTA_ESPERA,0,,,,
Canarias,ES70,12/2020,2020-M12,Otorrinolaringología,OTORRINOLARINGOLOGIA,Población en lista de espera,POBLACION_LISTA_ESPERA,8548,,,,
Lanzarote,ES708,12/2020,2020-M12,Otorrinolaringología,OTORRINOLARINGOLOGIA,Población en lista de espera,POBLACION_LISTA_ESPERA,159,,,,
Fuerteventura,ES704,12/2020,2020-M12,Otorrinolaringología,OTORRINOLARINGOLOGIA,Población en lista de espera,POBLACION_LISTA_ESPERA,112,,,,
Gran Canaria,ES705,12/2020,2020-M12,Otorrinolaringología,OTORRINOLARINGOLOGIA,Población en lista de espera,POBLACION_LISTA_ESPERA,1640,,,,
Tenerife,ES709,12/2020,2020-M12,Otorrinolaringología,OTORRINOLARINGOLOGIA,Población en lista de espera,POBLACION_LISTA_ESPERA,6546,,,,
La Gomera,ES706,12/2020,2020-M12,Otorrinolaringología,OTORRINOLARINGOLOGIA,Población en lista de espera,POBLACION_LISTA_ESPERA,39,,,,
La Palma,ES707,12/2020,2020-M12,Otorrinolaringología,OTORRINOLARINGOLOGIA,Población en lista de espera,POBLACION_LISTA_ESPERA,46,,,,
El Hierro,ES703,12/2020,2020-M12,Otorrinolaringología,OTORRINOLARINGOLOGIA,Población en lista de espera,POBLACION_LISTA_ESPERA,6,,,,
Canarias,ES70,12/2020,2020-M12,Oftalmología,OFTALMOLOGIA,Población en lista de espera,POBLACION_LISTA_ESPERA,21542,,,,
Lanzarote,ES708,12/2020,2020-M12,Oftalmología,OFTALMOLOGIA,Población en lista de espera,POBLACION_LISTA_ESPERA,41,,,,
Fuerteventura,ES704,12/2020,2020-M12,Oftalmología,OFTALMOLOGIA,Población en lista de espera,POBLACION_LISTA_ESPERA,237,,,,
Gran Canaria,ES705,12/2020,2020-M12,Oftalmología,OFTALMOLOGIA,Población en lista de espera,POBLACION_LISTA_ESPERA,8932,,,,
Tenerife,ES709,12/2020,2020-M12,Oftalmología,OFTALMOLOGIA,Población en lista de espera,POBLACION_LISTA_ESPERA,12059,,,,
La Gomera,ES706,12/2020,2020-M12,Oftalmología,OFTALMOLOGIA,Población en lista de espera,POBLACION_LISTA_ESPERA,189,,,,
La Palma,ES707,12/2020,2020-M12,Oftalmología,OFTALMOLOGIA,Población en lista de espera,POBLACION_LISTA_ESPERA,55,,,,
El Hierro,ES703,12/2020,2020-M12,Oftalmología,OFTALMOLOGIA,Población en lista de espera,POBLACION_LISTA_ESPERA,29,,,,
Canarias,ES70,12/2020,2020-M12,Neurología,NEUROLOGIA,Población en lista de espera,POBLACION_LISTA_ESPERA,2072,,,,
Lanzarote,ES708,12/2020,2020-M12,Neurología,NEUROLOGIA,Población en lista de espera,POBLACION_LISTA_ESPERA,15,,,,
Fuerteventura,ES704,12/2020,2020-M12,Neurología,NEUROLOGIA,Población en lista de espera,POBLACION_LISTA_ESPERA,53,,,,
Gran Canaria,ES705,12/2020,2020-M12,Neurología,NEUROLOGIA,Población en lista de espera,POBLACION_LISTA_ESPERA,1355,,,,
Tenerife,ES709,12/2020,2020-M12,Neurología,NEUROLOGIA,Población en lista de espera,POBLACION_LISTA_ESPERA,556,,,,
La Gomera,ES706,12/2020,2020-M12,Neurología,NEUROLOGIA,Población en lista de espera,POBLACION_LISTA_ESPERA,32,,,,
La Palma,ES707,12/2020,2020-M12,Neurología,NEUROLOGIA,Población en lista de espera,POBLACION_LISTA_ESPERA,39,,,,
El Hierro,ES703,12/2020,2020-M12,Neurología,NEUROLOGIA,Población en lista de espera,POBLACION_LISTA_ESPERA,22,,,,
Canarias,ES70,12/2020,2020-M12,Neurocirugía,NEUROCIRUGIA,Población en lista de espera,POBLACION_LISTA_ESPERA,2787,,,,
Lanzarote,ES708,12/2020,2020-M12,Neurocirugía,NEUROCIRUGIA,Población en lista de espera,POBLACION_LISTA_ESPERA,0,,,,
Fuerteventura,ES704,12/2020,2020-M12,Neurocirugía,NEUROCIRUGIA,Población en lista de espera,POBLACION_LISTA_ESPERA,21,,,,
Gran Canaria,ES705,12/2020,2020-M12,Neurocirugía,NEUROCIRUGIA,Población en lista de espera,POBLACION_LISTA_ESPERA,602,,,,
Tenerife,ES709,12/2020,2020-M12,Neurocirugía,NEUROCIRUGIA,Población en lista de espera,POBLACION_LISTA_ESPERA,2164,,,,
La Gomera,ES706,12/2020,2020-M12,Neurocirugía,NEUROCIRUGIA,Población en lista de espera,POBLACION_LISTA_ESPERA,0,,,,
La Palma,ES707,12/2020,2020-M12,Neurocirugía,NEUROCIRUGIA,Población en lista de espera,POBLACION_LISTA_ESPERA,0,,,,
El Hierro,ES703,12/2020,2020-M12,Neurocirugía,NEUROCIRUGIA,Población en lista de espera,POBLACION_LISTA_ESPERA,0,,,,
Canarias,ES70,12/2020,2020-M12,Neumología,NEUMOLOGIA,Población en lista de espera,POBLACION_LISTA_ESPERA,1769,,,,
Lanzarote,ES708,12/2020,2020-M12,Neumología,NEUMOLOGIA,Población en lista de espera,POBLACION_LISTA_ESPERA,21,,,,
Fuerteventura,ES704,12/2020,2020-M12,Neumología,NEUMOLOGIA,Población en lista de espera,POBLACION_LISTA_ESPERA,19,,,,
Gran Canaria,ES705,12/2020,2020-M12,Neumología,NEUMOLOGIA,Población en lista de espera,POBLACION_LISTA_ESPERA,944,,,,
Tenerife,ES709,12/2020,2020-M12,Neumología,NEUMOLOGIA,Población en lista de espera,POBLACION_LISTA_ESPERA,758,,,,
La Gomera,ES706,12/2020,2020-M12,Neumología,NEUMOLOGIA,Población en lista de espera,POBLACION_LISTA_ESPERA,0,,,,
La Palma,ES707,12/2020,2020-M12,Neumología,NEUMOLOGIA,Población en lista de espera,POBLACION_LISTA_ESPERA,22,,,,
El Hierro,ES703,12/2020,2020-M12,Neumología,NEUMOLOGIA,Población en lista de espera,POBLACION_LISTA_ESPERA,5,,,,
Canarias,ES70,12/2020,2020-M12,Nefrología,NEFROLOGIA,Población en lista de espera,POBLACION_LISTA_ESPERA,366,,,,
Lanzarote,ES708,12/2020,2020-M12,Nefrología,NEFROLOGIA,Población en lista de espera,POBLACION_LISTA_ESPERA,47,,,,
Fuerteventura,ES704,12/2020,2020-M12,Nefrología,NEFROLOGIA,Población en lista de espera,POBLACION_LISTA_ESPERA,10,,,,
Gran Canaria,ES705,12/2020,2020-M12,Nefrología,NEFROLOGIA,Población en lista de espera,POBLACION_LISTA_ESPERA,217,,,,
Tenerife,ES709,12/2020,2020-M12,Nefrología,NEFROLOGIA,Población en lista de espera,POBLACION_LISTA_ESPERA,74,,,,
La Gomera,ES706,12/2020,2020-M12,Nefrología,NEFROLOGIA,Población en lista de espera,POBLACION_LISTA_ESPERA,1,,,,
La Palma,ES707,12/2020,2020-M12,Nefrología,NEFROLOGIA,Población en lista de espera,POBLACION_LISTA_ESPERA,17,,,,
El Hierro,ES703,12/2020,2020-M12,Nefrología,NEFROLOGIA,Población en lista de espera,POBLACION_LISTA_ESPERA,0,,,,
Canarias,ES70,12/2020,2020-M12,Medicina interna,MEDICINA_INTERNA,Población en lista de espera,POBLACION_LISTA_ESPERA,462,,,,
Lanzarote,ES708,12/2020,2020-M12,Medicina interna,MEDICINA_INTERNA,Población en lista de espera,POBLACION_LISTA_ESPERA,16,,,,
Fuerteventura,ES704,12/2020,2020-M12,Medicina interna,MEDICINA_INTERNA,Población en lista de espera,POBLACION_LISTA_ESPERA,84,,,,
Gran Canaria,ES705,12/2020,2020-M12,Medicina interna,MEDICINA_INTERNA,Población en lista de espera,POBLACION_LISTA_ESPERA,264,,,,
Tenerife,ES709,12/2020,2020-M12,Medicina interna,MEDICINA_INTERNA,Población en lista de espera,POBLACION_LISTA_ESPERA,66,,,,
La Gomera,ES706,12/2020,2020-M12,Medicina interna,MEDICINA_INTERNA,Población en lista de espera,POBLACION_LISTA_ESPERA,10,,,,
La Palma,ES707,12/2020,2020-M12,Medicina interna,MEDICINA_INTERNA,Población en lista de espera,POBLACION_LISTA_ESPERA,7,,,,
El Hierro,ES703,12/2020,2020-M12,Medicina interna,MEDICINA_INTERNA,Población en lista de espera,POBLACION_LISTA_ESPERA,15,,,,
Canarias,ES70,12/2020,2020-M12,Hematología,HEMATOLOGIA,Población en lista de espera,POBLACION_LISTA_ESPERA,307,,,,
Lanzarote,ES708,12/2020,2020-M12,Hematología,HEMATOLOGIA,Población en lista de espera,POBLACION_LISTA_ESPERA,55,,,,
Fuerteventura,ES704,12/2020,2020-M12,Hematología,HEMATOLOGIA,Población en lista de espera,POBLACION_LISTA_ESPERA,6,,,,
Gran Canaria,ES705,12/2020,2020-M12,Hematología,HEMATOLOGIA,Población en lista de espera,POBLACION_LISTA_ESPERA,104,,,,
Tenerife,ES709,12/2020,2020-M12,Hematología,HEMATOLOGIA,Población en lista de espera,POBLACION_LISTA_ESPERA,127,,,,
La Gomera,ES706,12/2020,2020-M12,Hematología,HEMATOLOGIA,Población en lista de espera,POBLACION_LISTA_ESPERA,6,,,,
La Palma,ES707,12/2020,2020-M12,Hematología,HEMATOLOGIA,Población en lista de espera,POBLACION_LISTA_ESPERA,3,,,,
El Hierro,ES703,12/2020,2020-M12,Hematología,HEMATOLOGIA,Población en lista de espera,POBLACION_LISTA_ESPERA,6,,,,
Canarias,ES70,12/2020,2020-M12,Ginecología,GINECOLOGIA,Población en lista de espera,POBLACION_LISTA_ESPERA,2739,,,,
Lanzarote,ES708,12/2020,2020-M12,Ginecología,GINECOLOGIA,Población en lista de espera,POBLACION_LISTA_ESPERA,31,,,,
Fuerteventura,ES704,12/2020,2020-M12,Ginecología,GINECOLOGIA,Población en lista de espera,POBLACION_LISTA_ESPERA,43,,,,
Gran Canaria,ES705,12/2020,2020-M12,Ginecología,GINECOLOGIA,Población en lista de espera,POBLACION_LISTA_ESPERA,1956,,,,
Tenerife,ES709,12/2020,2020-M12,Ginecología,GINECOLOGIA,Población en lista de espera,POBLACION_LISTA_ESPERA,388,,,,
La Gomera,ES706,12/2020,2020-M12,Ginecología,GINECOLOGIA,Población en lista de espera,POBLACION_LISTA_ESPERA,231,,,,
La Palma,ES707,12/2020,2020-M12,Ginecología,GINECOLOGIA,Población en lista de espera,POBLACION_LISTA_ESPERA,70,,,,
El Hierro,ES703,12/2020,2020-M12,Ginecología,GINECOLOGIA,Población en lista de espera,POBLACION_LISTA_ESPERA,20,,,,
Canarias,ES70,12/2020,2020-M12,Endocrinología,ENDOCRINOLOGIA,Población en lista de espera,POBLACION_LISTA_ESPERA,1069,,,,
Lanzarote,ES708,12/2020,2020-M12,Endocrinología,ENDOCRINOLOGIA,Población en lista de espera,POBLACION_LISTA_ESPERA,68,,,,
Fuerteventura,ES704,12/2020,2020-M12,Endocrinología,ENDOCRINOLOGIA,Población en lista de espera,POBLACION_LISTA_ESPERA,135,,,,
Gran Canaria,ES705,12/2020,2020-M12,Endocrinología,ENDOCRINOLOGIA,Población en lista de espera,POBLACION_LISTA_ESPERA,586,,,,
Tenerife,ES709,12/2020,2020-M12,Endocrinología,ENDOCRINOLOGIA,Población en lista de espera,POBLACION_LISTA_ESPERA,209,,,,
La Gomera,ES706,12/2020,2020-M12,Endocrinología,ENDOCRINOLOGIA,Población en lista de espera,POBLACION_LISTA_ESPERA,0,,,,
La Palma,ES707,12/2020,2020-M12,Endocrinología,ENDOCRINOLOGIA,Población en lista de espera,POBLACION_LISTA_ESPERA,65,,,,
El Hierro,ES703,12/2020,2020-M12,Endocrinología,ENDOCRINOLOGIA,Población en lista de espera,POBLACION_LISTA_ESPERA,6,,,,
Canarias,ES70,12/2020,2020-M12,Digestivo,DIGESTIVO,Población en lista de espera,POBLACION_LISTA_ESPERA,2380,,,,
Lanzarote,ES708,12/2020,2020-M12,Digestivo,DIGESTIVO,Población en lista de espera,POBLACION_LISTA_ESPERA,43,,,,
Fuerteventura,ES704,12/2020,2020-M12,Digestivo,DIGESTIVO,Población en lista de espera,POBLACION_LISTA_ESPERA,132,,,,
Gran Canaria,ES705,12/2020,2020-M12,Digestivo,DIGESTIVO,Población en lista de espera,POBLACION_LISTA_ESPERA,1363,,,,
Tenerife,ES709,12/2020,2020-M12,Digestivo,DIGESTIVO,Población en lista de espera,POBLACION_LISTA_ESPERA,829,,,,
La Gomera,ES706,12/2020,2020-M12,Digestivo,DIGESTIVO,Población en lista de espera,POBLACION_LISTA_ESPERA,0,,,,
La Palma,ES707,12/2020,2020-M12,Digestivo,DIGESTIVO,Población en lista de espera,POBLACION_LISTA_ESPERA,8,,,,
El Hierro,ES703,12/2020,2020-M12,Digestivo,DIGESTIVO,Población en lista de espera,POBLACION_LISTA_ESPERA,5,,,,
Canarias,ES70,12/2020,2020-M12,Dermatología,DERMATOLOGIA,Población en lista de espera,POBLACION_LISTA_ESPERA,16035,,,,
Lanzarote,ES708,12/2020,2020-M12,Dermatología,DERMATOLOGIA,Población en lista de espera,POBLACION_LISTA_ESPERA,117,,,,
Fuerteventura,ES704,12/2020,2020-M12,Dermatología,DERMATOLOGIA,Población en lista de espera,POBLACION_LISTA_ESPERA,246,,,,
Gran Canaria,ES705,12/2020,2020-M12,Dermatología,DERMATOLOGIA,Población en lista de espera,POBLACION_LISTA_ESPERA,6177,,,,
Tenerife,ES709,12/2020,2020-M12,Dermatología,DERMATOLOGIA,Población en lista de espera,POBLACION_LISTA_ESPERA,9328,,,,
La Gomera,ES706,12/2020,2020-M12,Dermatología,DERMATOLOGIA,Población en lista de espera,POBLACION_LISTA_ESPERA,85,,,,
La Palma,ES707,12/2020,2020-M12,Dermatología,DERMATOLOGIA,Población en lista de espera,POBLACION_LISTA_ESPERA,51,,,,
El Hierro,ES703,12/2020,2020-M12,Dermatología,DERMATOLOGIA,Población en lista de espera,POBLACION_LISTA_ESPERA,31,,,,
Canarias,ES70,12/2020,2020-M12,Cirugía torácica,CIRUGIA_TORACICA,Población en lista de espera,POBLACION_LISTA_ESPERA,48,,,,
Lanzarote,ES708,12/2020,2020-M12,Cirugía torácica,CIRUGIA_TORACICA,Población en lista de espera,POBLACION_LISTA_ESPERA,0,,,,
Fuerteventura,ES704,12/2020,2020-M12,Cirugía torácica,CIRUGIA_TORACICA,Población en lista de espera,POBLACION_LISTA_ESPERA,1,,,,
Gran Canaria,ES705,12/2020,2020-M12,Cirugía torácica,CIRUGIA_TORACICA,Población en lista de espera,POBLACION_LISTA_ESPERA,26,,,,
Tenerife,ES709,12/2020,2020-M12,Cirugía torácica,CIRUGIA_TORACICA,Población en lista de espera,POBLACION_LISTA_ESPERA,21,,,,
La Gomera,ES706,12/2020,2020-M12,Cirugía torácica,CIRUGIA_TORACICA,Población en lista de espera,POBLACION_LISTA_ESPERA,0,,,,
La Palma,ES707,12/2020,2020-M12,Cirugía torácica,CIRUGIA_TORACICA,Población en lista de espera,POBLACION_LISTA_ESPERA,0,,,,
El Hierro,ES703,12/2020,2020-M12,Cirugía torácica,CIRUGIA_TORACICA,Población en lista de espera,POBLACION_LISTA_ESPERA,0,,,,
Canarias,ES70,12/2020,2020-M12,Cirugía plástica y reparadora,CIRUGIA_PLASTICA_REPARADORA,Población en lista de espera,POBLACION_LISTA_ESPERA,478,,,,
Lanzarote,ES708,12/2020,2020-M12,Cirugía plástica y reparadora,CIRUGIA_PLASTICA_REPARADORA,Población en lista de espera,POBLACION_LISTA_ESPERA,0,,,,
Fuerteventura,ES704,12/2020,2020-M12,Cirugía plástica y reparadora,CIRUGIA_PLASTICA_REPARADORA,Población en lista de espera,POBLACION_LISTA_ESPERA,0,,,,
Gran Canaria,ES705,12/2020,2020-M12,Cirugía plástica y reparadora,CIRUGIA_PLASTICA_REPARADORA,Población en lista de espera,POBLACION_LISTA_ESPERA,136,,,,
Tenerife,ES709,12/2020,2020-M12,Cirugía plástica y reparadora,CIRUGIA_PLASTICA_REPARADORA,Población en lista de espera,POBLACION_LISTA_ESPERA,342,,,,
La Gomera,ES706,12/2020,2020-M12,Cirugía plástica y reparadora,CIRUGIA_PLASTICA_REPARADORA,Población en lista de espera,POBLACION_LISTA_ESPERA,0,,,,
La Palma,ES707,12/2020,2020-M12,Cirugía plástica y reparadora,CIRUGIA_PLASTICA_REPARADORA,Población en lista de espera,POBLACION_LISTA_ESPERA,0,,,,
El Hierro,ES703,12/2020,2020-M12,Cirugía plástica y reparadora,CIRUGIA_PLASTICA_REPARADORA,Población en lista de espera,POBLACION_LISTA_ESPERA,0,,,,
Canarias,ES70,12/2020,2020-M12,Cirugía pediátrica,CIRUGIA_PEDIATRICA,Población en lista de espera,POBLACION_LISTA_ESPERA,90,,,,
Lanzarote,ES708,12/2020,2020-M12,Cirugía pediátrica,CIRUGIA_PEDIATRICA,Población en lista de espera,POBLACION_LISTA_ESPERA,0,,,,
Fuerteventura,ES704,12/2020,2020-M12,Cirugía pediátrica,CIRUGIA_PEDIATRICA,Población en lista de espera,POBLACION_LISTA_ESPERA,0,,,,
Gran Canaria,ES705,12/2020,2020-M12,Cirugía pediátrica,CIRUGIA_PEDIATRICA,Población en lista de espera,POBLACION_LISTA_ESPERA,22,,,,
Tenerife,ES709,12/2020,2020-M12,Cirugía pediátrica,CIRUGIA_PEDIATRICA,Población en lista de espera,POBLACION_LISTA_ESPERA,68,,,,
La Gomera,ES706,12/2020,2020-M12,Cirugía pediátrica,CIRUGIA_PEDIATRICA,Población en lista de espera,POBLACION_LISTA_ESPERA,0,,,,
La Palma,ES707,12/2020,2020-M12,Cirugía pediátrica,CIRUGIA_PEDIATRICA,Población en lista de espera,POBLACION_LISTA_ESPERA,0,,,,
El Hierro,ES703,12/2020,2020-M12,Cirugía pediátrica,CIRUGIA_PEDIATRICA,Población en lista de espera,POBLACION_LISTA_ESPERA,0,,,,
Canarias,ES70,12/2020,2020-M12,Cirugía maxilofacial,CIRUGIA_MAXILOFACIAL,Población en lista de espera,POBLACION_LISTA_ESPERA,1796,,,,
Lanzarote,ES708,12/2020,2020-M12,Cirugía maxilofacial,CIRUGIA_MAXILOFACIAL,Población en lista de espera,POBLACION_LISTA_ESPERA,0,,,,
Fuerteventura,ES704,12/2020,2020-M12,Cirugía maxilofacial,CIRUGIA_MAXILOFACIAL,Población en lista de espera,POBLACION_LISTA_ESPERA,0,,,,
Gran Canaria,ES705,12/2020,2020-M12,Cirugía maxilofacial,CIRUGIA_MAXILOFACIAL,Población en lista de espera,POBLACION_LISTA_ESPERA,515,,,,
Tenerife,ES709,12/2020,2020-M12,Cirugía maxilofacial,CIRUGIA_MAXILOFACIAL,Población en lista de espera,POBLACION_LISTA_ESPERA,1281,,,,
La Gomera,ES706,12/2020,2020-M12,Cirugía maxilofacial,CIRUGIA_MAXILOFACIAL,Población en lista de espera,POBLACION_LISTA_ESPERA,0,,,,
La Palma,ES707,12/2020,2020-M12,Cirugía maxilofacial,CIRUGIA_MAXILOFACIAL,Población en lista de espera,POBLACION_LISTA_ESPERA,0,,,,
El Hierro,ES703,12/2020,2020-M12,Cirugía maxilofacial,CIRUGIA_MAXILOFACIAL,Población en lista de espera,POBLACION_LISTA_ESPERA,0,,,,
Canarias,ES70,12/2020,2020-M12,Cirugía general y digestiva,CIRUGIA_GENERAL_DIGESTIVA,Población en lista de espera,POBLACION_LISTA_ESPERA,3770,,,,
Lanzarote,ES708,12/2020,2020-M12,Cirugía general y digestiva,CIRUGIA_GENERAL_DIGESTIVA,Población en lista de espera,POBLACION_LISTA_ESPERA,116,,,,
Fuerteventura,ES704,12/2020,2020-M12,Cirugía general y digestiva,CIRUGIA_GENERAL_DIGESTIVA,Población en lista de espera,POBLACION_LISTA_ESPERA,44,,,,
Gran Canaria,ES705,12/2020,2020-M12,Cirugía general y digestiva,CIRUGIA_GENERAL_DIGESTIVA,Población en lista de espera,POBLACION_LISTA_ESPERA,2619,,,,
Tenerife,ES709,12/2020,2020-M12,Cirugía general y digestiva,CIRUGIA_GENERAL_DIGESTIVA,Población en lista de espera,POBLACION_LISTA_ESPERA,908,,,,
La Gomera,ES706,12/2020,2020-M12,Cirugía general y digestiva,CIRUGIA_GENERAL_DIGESTIVA,Población en lista de espera,POBLACION_LISTA_ESPERA,40,,,,
La Palma,ES707,12/2020,2020-M12,Cirugía general y digestiva,CIRUGIA_GENERAL_DIGESTIVA,Población en lista de espera,POBLACION_LISTA_ESPERA,36,,,,
El Hierro,ES703,12/2020,2020-M12,Cirugía general y digestiva,CIRUGIA_GENERAL_DIGESTIVA,Población en lista de espera,POBLACION_LISTA_ESPERA,7,,,,
Canarias,ES70,12/2020,2020-M12,Cirugía cardíaca,CIRUGIA_CARDIACA,Población en lista de espera,POBLACION_LISTA_ESPERA,8,,,,
Lanzarote,ES708,12/2020,2020-M12,Cirugía cardíaca,CIRUGIA_CARDIACA,Población en lista de espera,POBLACION_LISTA_ESPERA,0,,,,
Fuerteventura,ES704,12/2020,2020-M12,Cirugía cardíaca,CIRUGIA_CARDIACA,Población en lista de espera,POBLACION_LISTA_ESPERA,0,,,,
Gran Canaria,ES705,12/2020,2020-M12,Cirugía cardíaca,CIRUGIA_CARDIACA,Población en lista de espera,POBLACION_LISTA_ESPERA,3,,,,
Tenerife,ES709,12/2020,2020-M12,Cirugía cardíaca,CIRUGIA_CARDIACA,Población en lista de espera,POBLACION_LISTA_ESPERA,5,,,,
La Gomera,ES706,12/2020,2020-M12,Cirugía cardíaca,CIRUGIA_CARDIACA,Población en lista de espera,POBLACION_LISTA_ESPERA,0,,,,
La Palma,ES707,12/2020,2020-M12,Cirugía cardíaca,CIRUGIA_CARDIACA,Población en lista de espera,POBLACION_LISTA_ESPERA,0,,,,
El Hierro,ES703,12/2020,2020-M12,Cirugía cardíaca,CIRUGIA_CARDIACA,Población en lista de espera,POBLACION_LISTA_ESPERA,0,,,,
Canarias,ES70,12/2020,2020-M12,Cardiología,CARDIOLOGIA,Población en lista de espera,POBLACION_LISTA_ESPERA,1446,,,,
Lanzarote,ES708,12/2020,2020-M12,Cardiología,CARDIOLOGIA,Población en lista de espera,POBLACION_LISTA_ESPERA,40,,,,
Fuerteventura,ES704,12/2020,2020-M12,Cardiología,CARDIOLOGIA,Población en lista de espera,POBLACION_LISTA_ESPERA,15,,,,
Gran Canaria,ES705,12/2020,2020-M12,Cardiología,CARDIOLOGIA,Población en lista de espera,POBLACION_LISTA_ESPERA,764,,,,
Tenerife,ES709,12/2020,2020-M12,Cardiología,CARDIOLOGIA,Población en lista de espera,POBLACION_LISTA_ESPERA,542,,,,
La Gomera,ES706,12/2020,2020-M12,Cardiología,CARDIOLOGIA,Población en lista de espera,POBLACION_LISTA_ESPERA,58,,,,
La Palma,ES707,12/2020,2020-M12,Cardiología,CARDIOLOGIA,Población en lista de espera,POBLACION_LISTA_ESPERA,22,,,,
El Hierro,ES703,12/2020,2020-M12,Cardiología,CARDIOLOGIA,Población en lista de espera,POBLACION_LISTA_ESPERA,5,,,,
Canarias,ES70,12/2020,2020-M12,Angiología y cirugía vascular,ANGIOLOGIA_CIRUGIA_VASCULAR,Población en lista de espera,POBLACION_LISTA_ESPERA,180,,,,
Lanzarote,ES708,12/2020,2020-M12,Angiología y cirugía vascular,ANGIOLOGIA_CIRUGIA_VASCULAR,Población en lista de espera,POBLACION_LISTA_ESPERA,8,,,,
Fuerteventura,ES704,12/2020,2020-M12,Angiología y cirugía vascular,ANGIOLOGIA_CIRUGIA_VASCULAR,Población en lista de espera,POBLACION_LISTA_ESPERA,0,,,,
Gran Canaria,ES705,12/2020,2020-M12,Angiología y cirugía vascular,ANGIOLOGIA_CIRUGIA_VASCULAR,Población en lista de espera,POBLACION_LISTA_ESPERA,115,,,,
Tenerife,ES709,12/2020,2020-M12,Angiología y cirugía vascular,ANGIOLOGIA_CIRUGIA_VASCULAR,Población en lista de espera,POBLACION_LISTA_ESPERA,57,,,,
La Gomera,ES706,12/2020,2020-M12,Angiología y cirugía vascular,ANGIOLOGIA_CIRUGIA_VASCULAR,Población en lista de espera,POBLACION_LISTA_ESPERA,0,,,,
La Palma,ES707,12/2020,2020-M12,Angiología y cirugía vascular,ANGIOLOGIA_CIRUGIA_VASCULAR,Población en lista de espera,POBLACION_LISTA_ESPERA,0,,,,
El Hierro,ES703,12/2020,2020-M12,Angiología y cirugía vascular,ANGIOLOGIA_CIRUGIA_VASCULAR,Población en lista de espera,POBLACION_LISTA_ESPERA,0,,,,
Canarias,ES70,12/2020,2020-M12,Alergia,ALERGIA,Población en lista de espera,POBLACION_LISTA_ESPERA,713,,,,
Lanzarote,ES708,12/2020,2020-M12,Alergia,ALERGIA,Población en lista de espera,POBLACION_LISTA_ESPERA,110,,,,
Fuerteventura,ES704,12/2020,2020-M12,Alergia,ALERGIA,Población en lista de espera,POBLACION_LISTA_ESPERA,22,,,,
Gran Canaria,ES705,12/2020,2020-M12,Alergia,ALERGIA,Población en lista de espera,POBLACION_LISTA_ESPERA,170,,,,
Tenerife,ES709,12/2020,2020-M12,Alergia,ALERGIA,Población en lista de espera,POBLACION_LISTA_ESPERA,325,,,,
La Gomera,ES706,12/2020,2020-M12,Alergia,ALERGIA,Población en lista de espera,POBLACION_LISTA_ESPERA,0,,,,
La Palma,ES707,12/2020,2020-M12,Alergia,ALERGIA,Población en lista de espera,POBLACION_LISTA_ESPERA,84,,,,
El Hierro,ES703,12/2020,2020-M12,Alergia,ALERGIA,Población en lista de espera,POBLACION_LISTA_ESPERA,2,,,,
Canarias,ES70,06/2021,2021-M06,Urología,UROLOGIA,Población en lista de espera,POBLACION_LISTA_ESPERA,3860,,,,
Lanzarote,ES708,06/2021,2021-M06,Urología,UROLOGIA,Población en lista de espera,POBLACION_LISTA_ESPERA,97,,,,
Fuerteventura,ES704,06/2021,2021-M06,Urología,UROLOGIA,Población en lista de espera,POBLACION_LISTA_ESPERA,68,,,,
Gran Canaria,ES705,06/2021,2021-M06,Urología,UROLOGIA,Población en lista de espera,POBLACION_LISTA_ESPERA,1135,,,,
Tenerife,ES709,06/2021,2021-M06,Urología,UROLOGIA,Población en lista de espera,POBLACION_LISTA_ESPERA,2511,,,,
La Gomera,ES706,06/2021,2021-M06,Urología,UROLOGIA,Población en lista de espera,POBLACION_LISTA_ESPERA,0,,,,
La Palma,ES707,06/2021,2021-M06,Urología,UROLOGIA,Población en lista de espera,POBLACION_LISTA_ESPERA,35,,,,
El Hierro,ES703,06/2021,2021-M06,Urología,UROLOGIA,Población en lista de espera,POBLACION_LISTA_ESPERA,14,,,,
Canarias,ES70,06/2021,2021-M06,Traumatología y cirugía ortopédica,TRAUMATOLOGIA_CIRUGIA_ORTOPEDICA,Población en lista de espera,POBLACION_LISTA_ESPERA,13803,,,,
Lanzarote,ES708,06/2021,2021-M06,Traumatología y cirugía ortopédica,TRAUMATOLOGIA_CIRUGIA_ORTOPEDICA,Población en lista de espera,POBLACION_LISTA_ESPERA,182,,,,
Fuerteventura,ES704,06/2021,2021-M06,Traumatología y cirugía ortopédica,TRAUMATOLOGIA_CIRUGIA_ORTOPEDICA,Población en lista de espera,POBLACION_LISTA_ESPERA,102,,,,
Gran Canaria,ES705,06/2021,2021-M06,Traumatología y cirugía ortopédica,TRAUMATOLOGIA_CIRUGIA_ORTOPEDICA,Población en lista de espera,POBLACION_LISTA_ESPERA,8363,,,,
Tenerife,ES709,06/2021,2021-M06,Traumatología y cirugía ortopédica,TRAUMATOLOGIA_CIRUGIA_ORTOPEDICA,Población en lista de espera,POBLACION_LISTA_ESPERA,4900,,,,
La Gomera,ES706,06/2021,2021-M06,Traumatología y cirugía ortopédica,TRAUMATOLOGIA_CIRUGIA_ORTOPEDICA,Población en lista de espera,POBLACION_LISTA_ESPERA,205,,,,
La Palma,ES707,06/2021,2021-M06,Traumatología y cirugía ortopédica,TRAUMATOLOGIA_CIRUGIA_ORTOPEDICA,Población en lista de espera,POBLACION_LISTA_ESPERA,35,,,,
El Hierro,ES703,06/2021,2021-M06,Traumatología y cirugía ortopédica,TRAUMATOLOGIA_CIRUGIA_ORTOPEDICA,Población en lista de espera,POBLACION_LISTA_ESPERA,16,,,,
Canarias,ES70,06/2021,2021-M06,Total,_T,Población en lista de espera,POBLACION_LISTA_ESPERA,103313,,,,
Lanzarote,ES708,06/2021,2021-M06,Total,_T,Población en lista de espera,POBLACION_LISTA_ESPERA,1511,,,,
Fuerteventura,ES704,06/2021,2021-M06,Total,_T,Población en lista de espera,POBLACION_LISTA_ESPERA,2346,,,,
Gran Canaria,ES705,06/2021,2021-M06,Total,_T,Población en lista de espera,POBLACION_LISTA_ESPERA,47426,,,,
Tenerife,ES709,06/2021,2021-M06,Total,_T,Población en lista de espera,POBLACION_LISTA_ESPERA,50035,,,,
La Gomera,ES706,06/2021,2021-M06,Total,_T,Población en lista de espera,POBLACION_LISTA_ESPERA,1091,,,,
La Palma,ES707,06/2021,2021-M06,Total,_T,Población en lista de espera,POBLACION_LISTA_ESPERA,597,,,,
El Hierro,ES703,06/2021,2021-M06,Total,_T,Población en lista de espera,POBLACION_LISTA_ESPERA,307,,,,
Canarias,ES70,06/2021,2021-M06,Reumatología,REUMATOLOGIA,Población en lista de espera,POBLACION_LISTA_ESPERA,1833,,,,
Lanzarote,ES708,06/2021,2021-M06,Reumatología,REUMATOLOGIA,Población en lista de espera,POBLACION_LISTA_ESPERA,95,,,,
Fuerteventura,ES704,06/2021,2021-M06,Reumatología,REUMATOLOGIA,Población en lista de espera,POBLACION_LISTA_ESPERA,17,,,,
Gran Canaria,ES705,06/2021,2021-M06,Reumatología,REUMATOLOGIA,Población en lista de espera,POBLACION_LISTA_ESPERA,1374,,,,
Tenerife,ES709,06/2021,2021-M06,Reumatología,REUMATOLOGIA,Población en lista de espera,POBLACION_LISTA_ESPERA,325,,,,
La Gomera,ES706,06/2021,2021-M06,Reumatología,REUMATOLOGIA,Población en lista de espera,POBLACION_LISTA_ESPERA,8,,,,
La Palma,ES707,06/2021,2021-M06,Reumatología,REUMATOLOGIA,Población en lista de espera,POBLACION_LISTA_ESPERA,14,,,,
El Hierro,ES703,06/2021,2021-M06,Reumatología,REUMATOLOGIA,Población en lista de espera,POBLACION_LISTA_ESPERA,0,,,,
Canarias,ES70,06/2021,2021-M06,Rehabilitación,REHABILITACION,Población en lista de espera,POBLACION_LISTA_ESPERA,13274,,,,
Lanzarote,ES708,06/2021,2021-M06,Rehabilitación,REHABILITACION,Población en lista de espera,POBLACION_LISTA_ESPERA,49,,,,
Fuerteventura,ES704,06/2021,2021-M06,Rehabilitación,REHABILITACION,Población en lista de espera,POBLACION_LISTA_ESPERA,291,,,,
Gran Canaria,ES705,06/2021,2021-M06,Rehabilitación,REHABILITACION,Población en lista de espera,POBLACION_LISTA_ESPERA,5210,,,,
Tenerife,ES709,06/2021,2021-M06,Rehabilitación,REHABILITACION,Población en lista de espera,POBLACION_LISTA_ESPERA,7648,,,,
La Gomera,ES706,06/2021,2021-M06,Rehabilitación,REHABILITACION,Población en lista de espera,POBLACION_LISTA_ESPERA,22,,,,
La Palma,ES707,06/2021,2021-M06,Rehabilitación,REHABILITACION,Población en lista de espera,POBLACION_LISTA_ESPERA,34,,,,
El Hierro,ES703,06/2021,2021-M06,Rehabilitación,REHABILITACION,Población en lista de espera,POBLACION_LISTA_ESPERA,20,,,,
Canarias,ES70,06/2021,2021-M06,Psiquiatría,PSIQUIATRIA,Población en lista de espera,POBLACION_LISTA_ESPERA,2796,,,,
Lanzarote,ES708,06/2021,2021-M06,Psiquiatría,PSIQUIATRIA,Población en lista de espera,POBLACION_LISTA_ESPERA,31,,,,
Fuerteventura,ES704,06/2021,2021-M06,Psiquiatría,PSIQUIATRIA,Población en lista de espera,POBLACION_LISTA_ESPERA,561,,,,
Gran Canaria,ES705,06/2021,2021-M06,Psiquiatría,PSIQUIATRIA,Población en lista de espera,POBLACION_LISTA_ESPERA,1133,,,,
Tenerife,ES709,06/2021,2021-M06,Psiquiatría,PSIQUIATRIA,Población en lista de espera,POBLACION_LISTA_ESPERA,1031,,,,
La Gomera,ES706,06/2021,2021-M06,Psiquiatría,PSIQUIATRIA,Población en lista de espera,POBLACION_LISTA_ESPERA,2,,,,
La Palma,ES707,06/2021,2021-M06,Psiquiatría,PSIQUIATRIA,Población en lista de espera,POBLACION_LISTA_ESPERA,37,,,,
El Hierro,ES703,06/2021,2021-M06,Psiquiatría,PSIQUIATRIA,Población en lista de espera,POBLACION_LISTA_ESPERA,1,,,,
Canarias,ES70,06/2021,2021-M06,Pediatría,PEDIATRIA,Población en lista de espera,POBLACION_LISTA_ESPERA,543,,,,
Lanzarote,ES708,06/2021,2021-M06,Pediatría,PEDIATRIA,Población en lista de espera,POBLACION_LISTA_ESPERA,65,,,,
Fuerteventura,ES704,06/2021,2021-M06,Pediatría,PEDIATRIA,Población en lista de espera,POBLACION_LISTA_ESPERA,33,,,,
Gran Canaria,ES705,06/2021,2021-M06,Pediatría,PEDIATRIA,Población en lista de espera,POBLACION_LISTA_ESPERA,216,,,,
Tenerife,ES709,06/2021,2021-M06,Pediatría,PEDIATRIA,Población en lista de espera,POBLACION_LISTA_ESPERA,223,,,,
La Gomera,ES706,06/2021,2021-M06,Pediatría,PEDIATRIA,Población en lista de espera,POBLACION_LISTA_ESPERA,2,,,,
La Palma,ES707,06/2021,2021-M06,Pediatría,PEDIATRIA,Población en lista de espera,POBLACION_LISTA_ESPERA,4,,,,
El Hierro,ES703,06/2021,2021-M06,Pediatría,PEDIATRIA,Población en lista de espera,POBLACION_LISTA_ESPERA,0,,,,
Canarias,ES70,06/2021,2021-M06,Otorrinolaringología,OTORRINOLARINGOLOGIA,Población en lista de espera,POBLACION_LISTA_ESPERA,7393,,,,
Lanzarote,ES708,06/2021,2021-M06,Otorrinolaringología,OTORRINOLARINGOLOGIA,Población en lista de espera,POBLACION_LISTA_ESPERA,179,,,,
Fuerteventura,ES704,06/2021,2021-M06,Otorrinolaringología,OTORRINOLARINGOLOGIA,Población en lista de espera,POBLACION_LISTA_ESPERA,46,,,,
Gran Canaria,ES705,06/2021,2021-M06,Otorrinolaringología,OTORRINOLARINGOLOGIA,Población en lista de espera,POBLACION_LISTA_ESPERA,2786,,,,
Tenerife,ES709,06/2021,2021-M06,Otorrinolaringología,OTORRINOLARINGOLOGIA,Población en lista de espera,POBLACION_LISTA_ESPERA,4258,,,,
La Gomera,ES706,06/2021,2021-M06,Otorrinolaringología,OTORRINOLARINGOLOGIA,Población en lista de espera,POBLACION_LISTA_ESPERA,72,,,,
La Palma,ES707,06/2021,2021-M06,Otorrinolaringología,OTORRINOLARINGOLOGIA,Población en lista de espera,POBLACION_LISTA_ESPERA,24,,,,
El Hierro,ES703,06/2021,2021-M06,Otorrinolaringología,OTORRINOLARINGOLOGIA,Población en lista de espera,POBLACION_LISTA_ESPERA,28,,,,
Canarias,ES70,06/2021,2021-M06,Oftalmología,OFTALMOLOGIA,Población en lista de espera,POBLACION_LISTA_ESPERA,22376,,,,
Lanzarote,ES708,06/2021,2021-M06,Oftalmología,OFTALMOLOGIA,Población en lista de espera,POBLACION_LISTA_ESPERA,36,,,,
Fuerteventura,ES704,06/2021,2021-M06,Oftalmología,OFTALMOLOGIA,Población en lista de espera,POBLACION_LISTA_ESPERA,150,,,,
Gran Canaria,ES705,06/2021,2021-M06,Oftalmología,OFTALMOLOGIA,Población en lista de espera,POBLACION_LISTA_ESPERA,9461,,,,
Tenerife,ES709,06/2021,2021-M06,Oftalmología,OFTALMOLOGIA,Población en lista de espera,POBLACION_LISTA_ESPERA,12375,,,,
La Gomera,ES706,06/2021,2021-M06,Oftalmología,OFTALMOLOGIA,Población en lista de espera,POBLACION_LISTA_ESPERA,208,,,,
La Palma,ES707,06/2021,2021-M06,Oftalmología,OFTALMOLOGIA,Población en lista de espera,POBLACION_LISTA_ESPERA,107,,,,
El Hierro,ES703,06/2021,2021-M06,Oftalmología,OFTALMOLOGIA,Población en lista de espera,POBLACION_LISTA_ESPERA,39,,,,
Canarias,ES70,06/2021,2021-M06,Neurología,NEUROLOGIA,Población en lista de espera,POBLACION_LISTA_ESPERA,2086,,,,
Lanzarote,ES708,06/2021,2021-M06,Neurología,NEUROLOGIA,Población en lista de espera,POBLACION_LISTA_ESPERA,24,,,,
Fuerteventura,ES704,06/2021,2021-M06,Neurología,NEUROLOGIA,Población en lista de espera,POBLACION_LISTA_ESPERA,32,,,,
Gran Canaria,ES705,06/2021,2021-M06,Neurología,NEUROLOGIA,Población en lista de espera,POBLACION_LISTA_ESPERA,1224,,,,
Tenerife,ES709,06/2021,2021-M06,Neurología,NEUROLOGIA,Población en lista de espera,POBLACION_LISTA_ESPERA,696,,,,
La Gomera,ES706,06/2021,2021-M06,Neurología,NEUROLOGIA,Población en lista de espera,POBLACION_LISTA_ESPERA,81,,,,
La Palma,ES707,06/2021,2021-M06,Neurología,NEUROLOGIA,Población en lista de espera,POBLACION_LISTA_ESPERA,22,,,,
El Hierro,ES703,06/2021,2021-M06,Neurología,NEUROLOGIA,Población en lista de espera,POBLACION_LISTA_ESPERA,7,,,,
Canarias,ES70,06/2021,2021-M06,Neurocirugía,NEUROCIRUGIA,Población en lista de espera,POBLACION_LISTA_ESPERA,3111,,,,
Lanzarote,ES708,06/2021,2021-M06,Neurocirugía,NEUROCIRUGIA,Población en lista de espera,POBLACION_LISTA_ESPERA,0,,,,
Fuerteventura,ES704,06/2021,2021-M06,Neurocirugía,NEUROCIRUGIA,Población en lista de espera,POBLACION_LISTA_ESPERA,15,,,,
Gran Canaria,ES705,06/2021,2021-M06,Neurocirugía,NEUROCIRUGIA,Población en lista de espera,POBLACION_LISTA_ESPERA,787,,,,
Tenerife,ES709,06/2021,2021-M06,Neurocirugía,NEUROCIRUGIA,Población en lista de espera,POBLACION_LISTA_ESPERA,2309,,,,
La Gomera,ES706,06/2021,2021-M06,Neurocirugía,NEUROCIRUGIA,Población en lista de espera,POBLACION_LISTA_ESPERA,0,,,,
La Palma,ES707,06/2021,2021-M06,Neurocirugía,NEUROCIRUGIA,Población en lista de espera,POBLACION_LISTA_ESPERA,0,,,,
El Hierro,ES703,06/2021,2021-M06,Neurocirugía,NEUROCIRUGIA,Población en lista de espera,POBLACION_LISTA_ESPERA,0,,,,
Canarias,ES70,06/2021,2021-M06,Neumología,NEUMOLOGIA,Población en lista de espera,POBLACION_LISTA_ESPERA,1709,,,,
Lanzarote,ES708,06/2021,2021-M06,Neumología,NEUMOLOGIA,Población en lista de espera,POBLACION_LISTA_ESPERA,31,,,,
Fuerteventura,ES704,06/2021,2021-M06,Neumología,NEUMOLOGIA,Población en lista de espera,POBLACION_LISTA_ESPERA,34,,,,
Gran Canaria,ES705,06/2021,2021-M06,Neumología,NEUMOLOGIA,Población en lista de espera,POBLACION_LISTA_ESPERA,649,,,,
Tenerife,ES709,06/2021,2021-M06,Neumología,NEUMOLOGIA,Población en lista de espera,POBLACION_LISTA_ESPERA,982,,,,
La Gomera,ES706,06/2021,2021-M06,Neumología,NEUMOLOGIA,Población en lista de espera,POBLACION_LISTA_ESPERA,0,,,,
La Palma,ES707,06/2021,2021-M06,Neumología,NEUMOLOGIA,Población en lista de espera,POBLACION_LISTA_ESPERA,12,,,,
El Hierro,ES703,06/2021,2021-M06,Neumología,NEUMOLOGIA,Población en lista de espera,POBLACION_LISTA_ESPERA,1,,,,
Canarias,ES70,06/2021,2021-M06,Nefrología,NEFROLOGIA,Población en lista de espera,POBLACION_LISTA_ESPERA,309,,,,
Lanzarote,ES708,06/2021,2021-M06,Nefrología,NEFROLOGIA,Población en lista de espera,POBLACION_LISTA_ESPERA,5,,,,
Fuerteventura,ES704,06/2021,2021-M06,Nefrología,NEFROLOGIA,Población en lista de espera,POBLACION_LISTA_ESPERA,5,,,,
Gran Canaria,ES705,06/2021,2021-M06,Nefrología,NEFROLOGIA,Población en lista de espera,POBLACION_LISTA_ESPERA,203,,,,
Tenerife,ES709,06/2021,2021-M06,Nefrología,NEFROLOGIA,Población en lista de espera,POBLACION_LISTA_ESPERA,90,,,,
La Gomera,ES706,06/2021,2021-M06,Nefrología,NEFROLOGIA,Población en lista de espera,POBLACION_LISTA_ESPERA,2,,,,
La Palma,ES707,06/2021,2021-M06,Nefrología,NEFROLOGIA,Población en lista de espera,POBLACION_LISTA_ESPERA,2,,,,
El Hierro,ES703,06/2021,2021-M06,Nefrología,NEFROLOGIA,Población en lista de espera,POBLACION_LISTA_ESPERA,2,,,,
Canarias,ES70,06/2021,2021-M06,Medicina interna,MEDICINA_INTERNA,Población en lista de espera,POBLACION_LISTA_ESPERA,764,,,,
Lanzarote,ES708,06/2021,2021-M06,Medicina interna,MEDICINA_INTERNA,Población en lista de espera,POBLACION_LISTA_ESPERA,12,,,,
Fuerteventura,ES704,06/2021,2021-M06,Medicina interna,MEDICINA_INTERNA,Población en lista de espera,POBLACION_LISTA_ESPERA,162,,,,
Gran Canaria,ES705,06/2021,2021-M06,Medicina interna,MEDICINA_INTERNA,Población en lista de espera,POBLACION_LISTA_ESPERA,426,,,,
Tenerife,ES709,06/2021,2021-M06,Medicina interna,MEDICINA_INTERNA,Población en lista de espera,POBLACION_LISTA_ESPERA,137,,,,
La Gomera,ES706,06/2021,2021-M06,Medicina interna,MEDICINA_INTERNA,Población en lista de espera,POBLACION_LISTA_ESPERA,0,,,,
La Palma,ES707,06/2021,2021-M06,Medicina interna,MEDICINA_INTERNA,Población en lista de espera,POBLACION_LISTA_ESPERA,2,,,,
El Hierro,ES703,06/2021,2021-M06,Medicina interna,MEDICINA_INTERNA,Población en lista de espera,POBLACION_LISTA_ESPERA,25,,,,
Canarias,ES70,06/2021,2021-M06,Hematología,HEMATOLOGIA,Población en lista de espera,POBLACION_LISTA_ESPERA,257,,,,
Lanzarote,ES708,06/2021,2021-M06,Hematología,HEMATOLOGIA,Población en lista de espera,POBLACION_LISTA_ESPERA,39,,,,
Fuerteventura,ES704,06/2021,2021-M06,Hematología,HEMATOLOGIA,Población en lista de espera,POBLACION_LISTA_ESPERA,12,,,,
Gran Canaria,ES705,06/2021,2021-M06,Hematología,HEMATOLOGIA,Población en lista de espera,POBLACION_LISTA_ESPERA,125,,,,
Tenerife,ES709,06/2021,2021-M06,Hematología,HEMATOLOGIA,Población en lista de espera,POBLACION_LISTA_ESPERA,58,,,,
La Gomera,ES706,06/2021,2021-M06,Hematología,HEMATOLOGIA,Población en lista de espera,POBLACION_LISTA_ESPERA,18,,,,
La Palma,ES707,06/2021,2021-M06,Hematología,HEMATOLOGIA,Población en lista de espera,POBLACION_LISTA_ESPERA,0,,,,
El Hierro,ES703,06/2021,2021-M06,Hematología,HEMATOLOGIA,Población en lista de espera,POBLACION_LISTA_ESPERA,5,,,,
Canarias,ES70,06/2021,2021-M06,Ginecología,GINECOLOGIA,Población en lista de espera,POBLACION_LISTA_ESPERA,2540,,,,
Lanzarote,ES708,06/2021,2021-M06,Ginecología,GINECOLOGIA,Población en lista de espera,POBLACION_LISTA_ESPERA,21,,,,
Fuerteventura,ES704,06/2021,2021-M06,Ginecología,GINECOLOGIA,Población en lista de espera,POBLACION_LISTA_ESPERA,139,,,,
Gran Canaria,ES705,06/2021,2021-M06,Ginecología,GINECOLOGIA,Población en lista de espera,POBLACION_LISTA_ESPERA,1692,,,,
Tenerife,ES709,06/2021,2021-M06,Ginecología,GINECOLOGIA,Población en lista de espera,POBLACION_LISTA_ESPERA,311,,,,
La Gomera,ES706,06/2021,2021-M06,Ginecología,GINECOLOGIA,Población en lista de espera,POBLACION_LISTA_ESPERA,261,,,,
La Palma,ES707,06/2021,2021-M06,Ginecología,GINECOLOGIA,Población en lista de espera,POBLACION_LISTA_ESPERA,61,,,,
El Hierro,ES703,06/2021,2021-M06,Ginecología,GINECOLOGIA,Población en lista de espera,POBLACION_LISTA_ESPERA,55,,,,
Canarias,ES70,06/2021,2021-M06,Endocrinología,ENDOCRINOLOGIA,Población en lista de espera,POBLACION_LISTA_ESPERA,1164,,,,
Lanzarote,ES708,06/2021,2021-M06,Endocrinología,ENDOCRINOLOGIA,Población en lista de espera,POBLACION_LISTA_ESPERA,125,,,,
Fuerteventura,ES704,06/2021,2021-M06,Endocrinología,ENDOCRINOLOGIA,Población en lista de espera,POBLACION_LISTA_ESPERA,183,,,,
Gran Canaria,ES705,06/2021,2021-M06,Endocrinología,ENDOCRINOLOGIA,Población en lista de espera,POBLACION_LISTA_ESPERA,584,,,,
Tenerife,ES709,06/2021,2021-M06,Endocrinología,ENDOCRINOLOGIA,Población en lista de espera,POBLACION_LISTA_ESPERA,194,,,,
La Gomera,ES706,06/2021,2021-M06,Endocrinología,ENDOCRINOLOGIA,Población en lista de espera,POBLACION_LISTA_ESPERA,7,,,,
La Palma,ES707,06/2021,2021-M06,Endocrinología,ENDOCRINOLOGIA,Población en lista de espera,POBLACION_LISTA_ESPERA,56,,,,
El Hierro,ES703,06/2021,2021-M06,Endocrinología,ENDOCRINOLOGIA,Población en lista de espera,POBLACION_LISTA_ESPERA,15,,,,
Canarias,ES70,06/2021,2021-M06,Digestivo,DIGESTIVO,Población en lista de espera,POBLACION_LISTA_ESPERA,2710,,,,
Lanzarote,ES708,06/2021,2021-M06,Digestivo,DIGESTIVO,Población en lista de espera,POBLACION_LISTA_ESPERA,33,,,,
Fuerteventura,ES704,06/2021,2021-M06,Digestivo,DIGESTIVO,Población en lista de espera,POBLACION_LISTA_ESPERA,82,,,,
Gran Canaria,ES705,06/2021,2021-M06,Digestivo,DIGESTIVO,Población en lista de espera,POBLACION_LISTA_ESPERA,1938,,,,
Tenerife,ES709,06/2021,2021-M06,Digestivo,DIGESTIVO,Población en lista de espera,POBLACION_LISTA_ESPERA,622,,,,
La Gomera,ES706,06/2021,2021-M06,Digestivo,DIGESTIVO,Población en lista de espera,POBLACION_LISTA_ESPERA,0,,,,
La Palma,ES707,06/2021,2021-M06,Digestivo,DIGESTIVO,Población en lista de espera,POBLACION_LISTA_ESPERA,16,,,,
El Hierro,ES703,06/2021,2021-M06,Digestivo,DIGESTIVO,Población en lista de espera,POBLACION_LISTA_ESPERA,19,,,,
Canarias,ES70,06/2021,2021-M06,Dermatología,DERMATOLOGIA,Población en lista de espera,POBLACION_LISTA_ESPERA,13736,,,,
Lanzarote,ES708,06/2021,2021-M06,Dermatología,DERMATOLOGIA,Población en lista de espera,POBLACION_LISTA_ESPERA,124,,,,
Fuerteventura,ES704,06/2021,2021-M06,Dermatología,DERMATOLOGIA,Población en lista de espera,POBLACION_LISTA_ESPERA,246,,,,
Gran Canaria,ES705,06/2021,2021-M06,Dermatología,DERMATOLOGIA,Población en lista de espera,POBLACION_LISTA_ESPERA,5206,,,,
Tenerife,ES709,06/2021,2021-M06,Dermatología,DERMATOLOGIA,Población en lista de espera,POBLACION_LISTA_ESPERA,7974,,,,
La Gomera,ES706,06/2021,2021-M06,Dermatología,DERMATOLOGIA,Población en lista de espera,POBLACION_LISTA_ESPERA,127,,,,
La Palma,ES707,06/2021,2021-M06,Dermatología,DERMATOLOGIA,Población en lista de espera,POBLACION_LISTA_ESPERA,22,,,,
El Hierro,ES703,06/2021,2021-M06,Dermatología,DERMATOLOGIA,Población en lista de espera,POBLACION_LISTA_ESPERA,37,,,,
Canarias,ES70,06/2021,2021-M06,Cirugía torácica,CIRUGIA_TORACICA,Población en lista de espera,POBLACION_LISTA_ESPERA,67,,,,
Lanzarote,ES708,06/2021,2021-M06,Cirugía torácica,CIRUGIA_TORACICA,Población en lista de espera,POBLACION_LISTA_ESPERA,0,,,,
Fuerteventura,ES704,06/2021,2021-M06,Cirugía torácica,CIRUGIA_TORACICA,Población en lista de espera,POBLACION_LISTA_ESPERA,3,,,,
Gran Canaria,ES705,06/2021,2021-M06,Cirugía torácica,CIRUGIA_TORACICA,Población en lista de espera,POBLACION_LISTA_ESPERA,42,,,,
Tenerife,ES709,06/2021,2021-M06,Cirugía torácica,CIRUGIA_TORACICA,Población en lista de espera,POBLACION_LISTA_ESPERA,22,,,,
La Gomera,ES706,06/2021,2021-M06,Cirugía torácica,CIRUGIA_TORACICA,Población en lista de espera,POBLACION_LISTA_ESPERA,0,,,,
La Palma,ES707,06/2021,2021-M06,Cirugía torácica,CIRUGIA_TORACICA,Población en lista de espera,POBLACION_LISTA_ESPERA,0,,,,
El Hierro,ES703,06/2021,2021-M06,Cirugía torácica,CIRUGIA_TORACICA,Población en lista de espera,POBLACION_LISTA_ESPERA,0,,,,
Canarias,ES70,06/2021,2021-M06,Cirugía plástica y reparadora,CIRUGIA_PLASTICA_REPARADORA,Población en lista de espera,POBLACION_LISTA_ESPERA,635,,,,
Lanzarote,ES708,06/2021,2021-M06,Cirugía plástica y reparadora,CIRUGIA_PLASTICA_REPARADORA,Población en lista de espera,POBLACION_LISTA_ESPERA,0,,,,
Fuerteventura,ES704,06/2021,2021-M06,Cirugía plástica y reparadora,CIRUGIA_PLASTICA_REPARADORA,Población en lista de espera,POBLACION_LISTA_ESPERA,0,,,,
Gran Canaria,ES705,06/2021,2021-M06,Cirugía plástica y reparadora,CIRUGIA_PLASTICA_REPARADORA,Población en lista de espera,POBLACION_LISTA_ESPERA,209,,,,
Tenerife,ES709,06/2021,2021-M06,Cirugía plástica y reparadora,CIRUGIA_PLASTICA_REPARADORA,Población en lista de espera,POBLACION_LISTA_ESPERA,426,,,,
La Gomera,ES706,06/2021,2021-M06,Cirugía plástica y reparadora,CIRUGIA_PLASTICA_REPARADORA,Población en lista de espera,POBLACION_LISTA_ESPERA,0,,,,
La Palma,ES707,06/2021,2021-M06,Cirugía plástica y reparadora,CIRUGIA_PLASTICA_REPARADORA,Población en lista de espera,POBLACION_LISTA_ESPERA,0,,,,
El Hierro,ES703,06/2021,2021-M06,Cirugía plástica y reparadora,CIRUGIA_PLASTICA_REPARADORA,Población en lista de espera,POBLACION_LISTA_ESPERA,0,,,,
Canarias,ES70,06/2021,2021-M06,Cirugía pediátrica,CIRUGIA_PEDIATRICA,Población en lista de espera,POBLACION_LISTA_ESPERA,109,,,,
Lanzarote,ES708,06/2021,2021-M06,Cirugía pediátrica,CIRUGIA_PEDIATRICA,Población en lista de espera,POBLACION_LISTA_ESPERA,0,,,,
Fuerteventura,ES704,06/2021,2021-M06,Cirugía pediátrica,CIRUGIA_PEDIATRICA,Población en lista de espera,POBLACION_LISTA_ESPERA,0,,,,
Gran Canaria,ES705,06/2021,2021-M06,Cirugía pediátrica,CIRUGIA_PEDIATRICA,Población en lista de espera,POBLACION_LISTA_ESPERA,21,,,,
Tenerife,ES709,06/2021,2021-M06,Cirugía pediátrica,CIRUGIA_PEDIATRICA,Población en lista de espera,POBLACION_LISTA_ESPERA,88,,,,
La Gomera,ES706,06/2021,2021-M06,Cirugía pediátrica,CIRUGIA_PEDIATRICA,Población en lista de espera,POBLACION_LISTA_ESPERA,0,,,,
La Palma,ES707,06/2021,2021-M06,Cirugía pediátrica,CIRUGIA_PEDIATRICA,Población en lista de espera,POBLACION_LISTA_ESPERA,0,,,,
El Hierro,ES703,06/2021,2021-M06,Cirugía pediátrica,CIRUGIA_PEDIATRICA,Población en lista de espera,POBLACION_LISTA_ESPERA,0,,,,
Canarias,ES70,06/2021,2021-M06,Cirugía maxilofacial,CIRUGIA_MAXILOFACIAL,Población en lista de espera,POBLACION_LISTA_ESPERA,2575,,,,
Lanzarote,ES708,06/2021,2021-M06,Cirugía maxilofacial,CIRUGIA_MAXILOFACIAL,Población en lista de espera,POBLACION_LISTA_ESPERA,0,,,,
Fuerteventura,ES704,06/2021,2021-M06,Cirugía maxilofacial,CIRUGIA_MAXILOFACIAL,Población en lista de espera,POBLACION_LISTA_ESPERA,0,,,,
Gran Canaria,ES705,06/2021,2021-M06,Cirugía maxilofacial,CIRUGIA_MAXILOFACIAL,Población en lista de espera,POBLACION_LISTA_ESPERA,1054,,,,
Tenerife,ES709,06/2021,2021-M06,Cirugía maxilofacial,CIRUGIA_MAXILOFACIAL,Población en lista de espera,POBLACION_LISTA_ESPERA,1521,,,,
La Gomera,ES706,06/2021,2021-M06,Cirugía maxilofacial,CIRUGIA_MAXILOFACIAL,Población en lista de espera,POBLACION_LISTA_ESPERA,0,,,,
La Palma,ES707,06/2021,2021-M06,Cirugía maxilofacial,CIRUGIA_MAXILOFACIAL,Población en lista de espera,POBLACION_LISTA_ESPERA,0,,,,
El Hierro,ES703,06/2021,2021-M06,Cirugía maxilofacial,CIRUGIA_MAXILOFACIAL,Población en lista de espera,POBLACION_LISTA_ESPERA,0,,,,
Canarias,ES70,06/2021,2021-M06,Cirugía general y digestiva,CIRUGIA_GENERAL_DIGESTIVA,Población en lista de espera,POBLACION_LISTA_ESPERA,3154,,,,
Lanzarote,ES708,06/2021,2021-M06,Cirugía general y digestiva,CIRUGIA_GENERAL_DIGESTIVA,Población en lista de espera,POBLACION_LISTA_ESPERA,139,,,,
Fuerteventura,ES704,06/2021,2021-M06,Cirugía general y digestiva,CIRUGIA_GENERAL_DIGESTIVA,Población en lista de espera,POBLACION_LISTA_ESPERA,49,,,,
Gran Canaria,ES705,06/2021,2021-M06,Cirugía general y digestiva,CIRUGIA_GENERAL_DIGESTIVA,Población en lista de espera,POBLACION_LISTA_ESPERA,2343,,,,
Tenerife,ES709,06/2021,2021-M06,Cirugía general y digestiva,CIRUGIA_GENERAL_DIGESTIVA,Población en lista de espera,POBLACION_LISTA_ESPERA,538,,,,
La Gomera,ES706,06/2021,2021-M06,Cirugía general y digestiva,CIRUGIA_GENERAL_DIGESTIVA,Población en lista de espera,POBLACION_LISTA_ESPERA,54,,,,
La Palma,ES707,06/2021,2021-M06,Cirugía general y digestiva,CIRUGIA_GENERAL_DIGESTIVA,Población en lista de espera,POBLACION_LISTA_ESPERA,24,,,,
El Hierro,ES703,06/2021,2021-M06,Cirugía general y digestiva,CIRUGIA_GENERAL_DIGESTIVA,Población en lista de espera,POBLACION_LISTA_ESPERA,7,,,,
Canarias,ES70,06/2021,2021-M06,Cirugía cardíaca,CIRUGIA_CARDIACA,Población en lista de espera,POBLACION_LISTA_ESPERA,6,,,,
Lanzarote,ES708,06/2021,2021-M06,Cirugía cardíaca,CIRUGIA_CARDIACA,Población en lista de espera,POBLACION_LISTA_ESPERA,0,,,,
Fuerteventura,ES704,06/2021,2021-M06,Cirugía cardíaca,CIRUGIA_CARDIACA,Población en lista de espera,POBLACION_LISTA_ESPERA,0,,,,
Gran Canaria,ES705,06/2021,2021-M06,Cirugía cardíaca,CIRUGIA_CARDIACA,Población en lista de espera,POBLACION_LISTA_ESPERA,0,,,,
Tenerife,ES709,06/2021,2021-M06,Cirugía cardíaca,CIRUGIA_CARDIACA,Población en lista de espera,POBLACION_LISTA_ESPERA,6,,,,
La Gomera,ES706,06/2021,2021-M06,Cirugía cardíaca,CIRUGIA_CARDIACA,Población en lista de espera,POBLACION_LISTA_ESPERA,0,,,,
La Palma,ES707,06/2021,2021-M06,Cirugía cardíaca,CIRUGIA_CARDIACA,Población en lista de espera,POBLACION_LISTA_ESPERA,0,,,,
El Hierro,ES703,06/2021,2021-M06,Cirugía cardíaca,CIRUGIA_CARDIACA,Población en lista de espera,POBLACION_LISTA_ESPERA,0,,,,
Canarias,ES70,06/2021,2021-M06,Cardiología,CARDIOLOGIA,Población en lista de espera,POBLACION_LISTA_ESPERA,1338,,,,
Lanzarote,ES708,06/2021,2021-M06,Cardiología,CARDIOLOGIA,Población en lista de espera,POBLACION_LISTA_ESPERA,63,,,,
Fuerteventura,ES704,06/2021,2021-M06,Cardiología,CARDIOLOGIA,Población en lista de espera,POBLACION_LISTA_ESPERA,22,,,,
Gran Canaria,ES705,06/2021,2021-M06,Cardiología,CARDIOLOGIA,Población en lista de espera,POBLACION_LISTA_ESPERA,691,,,,
Tenerife,ES709,06/2021,2021-M06,Cardiología,CARDIOLOGIA,Población en lista de espera,POBLACION_LISTA_ESPERA,514,,,,
La Gomera,ES706,06/2021,2021-M06,Cardiología,CARDIOLOGIA,Población en lista de espera,POBLACION_LISTA_ESPERA,7,,,,
La Palma,ES707,06/2021,2021-M06,Cardiología,CARDIOLOGIA,Población en lista de espera,POBLACION_LISTA_ESPERA,36,,,,
El Hierro,ES703,06/2021,2021-M06,Cardiología,CARDIOLOGIA,Población en lista de espera,POBLACION_LISTA_ESPERA,5,,,,
Canarias,ES70,06/2021,2021-M06,Angiología y cirugía vascular,ANGIOLOGIA_CIRUGIA_VASCULAR,Población en lista de espera,POBLACION_LISTA_ESPERA,473,,,,
Lanzarote,ES708,06/2021,2021-M06,Angiología y cirugía vascular,ANGIOLOGIA_CIRUGIA_VASCULAR,Población en lista de espera,POBLACION_LISTA_ESPERA,101,,,,
Fuerteventura,ES704,06/2021,2021-M06,Angiología y cirugía vascular,ANGIOLOGIA_CIRUGIA_VASCULAR,Población en lista de espera,POBLACION_LISTA_ESPERA,14,,,,
Gran Canaria,ES705,06/2021,2021-M06,Angiología y cirugía vascular,ANGIOLOGIA_CIRUGIA_VASCULAR,Población en lista de espera,POBLACION_LISTA_ESPERA,232,,,,
Tenerife,ES709,06/2021,2021-M06,Angiología y cirugía vascular,ANGIOLOGIA_CIRUGIA_VASCULAR,Población en lista de espera,POBLACION_LISTA_ESPERA,126,,,,
La Gomera,ES706,06/2021,2021-M06,Angiología y cirugía vascular,ANGIOLOGIA_CIRUGIA_VASCULAR,Población en lista de espera,POBLACION_LISTA_ESPERA,0,,,,
La Palma,ES707,06/2021,2021-M06,Angiología y cirugía vascular,ANGIOLOGIA_CIRUGIA_VASCULAR,Población en lista de espera,POBLACION_LISTA_ESPERA,0,,,,
El Hierro,ES703,06/2021,2021-M06,Angiología y cirugía vascular,ANGIOLOGIA_CIRUGIA_VASCULAR,Población en lista de espera,POBLACION_LISTA_ESPERA,0,,,,
Canarias,ES70,06/2021,2021-M06,Alergia,ALERGIA,Población en lista de espera,POBLACION_LISTA_ESPERA,692,,,,
Lanzarote,ES708,06/2021,2021-M06,Alergia,ALERGIA,Población en lista de espera,POBLACION_LISTA_ESPERA,60,,,,
Fuerteventura,ES704,06/2021,2021-M06,Alergia,ALERGIA,Población en lista de espera,POBLACION_LISTA_ESPERA,80,,,,
Gran Canaria,ES705,06/2021,2021-M06,Alergia,ALERGIA,Población en lista de espera,POBLACION_LISTA_ESPERA,322,,,,
Tenerife,ES709,06/2021,2021-M06,Alergia,ALERGIA,Población en lista de espera,POBLACION_LISTA_ESPERA,150,,,,
La Gomera,ES706,06/2021,2021-M06,Alergia,ALERGIA,Población en lista de espera,POBLACION_LISTA_ESPERA,15,,,,
La Palma,ES707,06/2021,2021-M06,Alergia,ALERGIA,Población en lista de espera,POBLACION_LISTA_ESPERA,54,,,,
El Hierro,ES703,06/2021,2021-M06,Alergia,ALERGIA,Población en lista de espera,POBLACION_LISTA_ESPERA,11,,,,
Canarias,ES70,12/2021,2021-M12,Urología,UROLOGIA,Población en lista de espera,POBLACION_LISTA_ESPERA,3876,,,,
Lanzarote,ES708,12/2021,2021-M12,Urología,UROLOGIA,Población en lista de espera,POBLACION_LISTA_ESPERA,95,,,,
Fuerteventura,ES704,12/2021,2021-M12,Urología,UROLOGIA,Población en lista de espera,POBLACION_LISTA_ESPERA,56,,,,
Gran Canaria,ES705,12/2021,2021-M12,Urología,UROLOGIA,Población en lista de espera,POBLACION_LISTA_ESPERA,1317,,,,
Tenerife,ES709,12/2021,2021-M12,Urología,UROLOGIA,Población en lista de espera,POBLACION_LISTA_ESPERA,2359,,,,
La Gomera,ES706,12/2021,2021-M12,Urología,UROLOGIA,Población en lista de espera,POBLACION_LISTA_ESPERA,0,,,,
La Palma,ES707,12/2021,2021-M12,Urología,UROLOGIA,Población en lista de espera,POBLACION_LISTA_ESPERA,26,,,,
El Hierro,ES703,12/2021,2021-M12,Urología,UROLOGIA,Población en lista de espera,POBLACION_LISTA_ESPERA,23,,,,
Canarias,ES70,12/2021,2021-M12,Traumatología y cirugía ortopédica,TRAUMATOLOGIA_CIRUGIA_ORTOPEDICA,Población en lista de espera,POBLACION_LISTA_ESPERA,13659,,,,
Lanzarote,ES708,12/2021,2021-M12,Traumatología y cirugía ortopédica,TRAUMATOLOGIA_CIRUGIA_ORTOPEDICA,Población en lista de espera,POBLACION_LISTA_ESPERA,235,,,,
Fuerteventura,ES704,12/2021,2021-M12,Traumatología y cirugía ortopédica,TRAUMATOLOGIA_CIRUGIA_ORTOPEDICA,Población en lista de espera,POBLACION_LISTA_ESPERA,140,,,,
Gran Canaria,ES705,12/2021,2021-M12,Traumatología y cirugía ortopédica,TRAUMATOLOGIA_CIRUGIA_ORTOPEDICA,Población en lista de espera,POBLACION_LISTA_ESPERA,9089,,,,
Tenerife,ES709,12/2021,2021-M12,Traumatología y cirugía ortopédica,TRAUMATOLOGIA_CIRUGIA_ORTOPEDICA,Población en lista de espera,POBLACION_LISTA_ESPERA,4040,,,,
La Gomera,ES706,12/2021,2021-M12,Traumatología y cirugía ortopédica,TRAUMATOLOGIA_CIRUGIA_ORTOPEDICA,Población en lista de espera,POBLACION_LISTA_ESPERA,101,,,,
La Palma,ES707,12/2021,2021-M12,Traumatología y cirugía ortopédica,TRAUMATOLOGIA_CIRUGIA_ORTOPEDICA,Población en lista de espera,POBLACION_LISTA_ESPERA,30,,,,
El Hierro,ES703,12/2021,2021-M12,Traumatología y cirugía ortopédica,TRAUMATOLOGIA_CIRUGIA_ORTOPEDICA,Población en lista de espera,POBLACION_LISTA_ESPERA,24,,,,
Canarias,ES70,12/2021,2021-M12,Total,_T,Población en lista de espera,POBLACION_LISTA_ESPERA,116561,,,,
Lanzarote,ES708,12/2021,2021-M12,Total,_T,Población en lista de espera,POBLACION_LISTA_ESPERA,1488,,,,
Fuerteventura,ES704,12/2021,2021-M12,Total,_T,Población en lista de espera,POBLACION_LISTA_ESPERA,2967,,,,
Gran Canaria,ES705,12/2021,2021-M12,Total,_T,Población en lista de espera,POBLACION_LISTA_ESPERA,53856,,,,
Tenerife,ES709,12/2021,2021-M12,Total,_T,Población en lista de espera,POBLACION_LISTA_ESPERA,56160,,,,
La Gomera,ES706,12/2021,2021-M12,Total,_T,Población en lista de espera,POBLACION_LISTA_ESPERA,1125,,,,
La Palma,ES707,12/2021,2021-M12,Total,_T,Población en lista de espera,POBLACION_LISTA_ESPERA,582,,,,
El Hierro,ES703,12/2021,2021-M12,Total,_T,Población en lista de espera,POBLACION_LISTA_ESPERA,383,,,,
Canarias,ES70,12/2021,2021-M12,Reumatología,REUMATOLOGIA,Población en lista de espera,POBLACION_LISTA_ESPERA,1697,,,,
Lanzarote,ES708,12/2021,2021-M12,Reumatología,REUMATOLOGIA,Población en lista de espera,POBLACION_LISTA_ESPERA,39,,,,
Fuerteventura,ES704,12/2021,2021-M12,Reumatología,REUMATOLOGIA,Población en lista de espera,POBLACION_LISTA_ESPERA,28,,,,
Gran Canaria,ES705,12/2021,2021-M12,Reumatología,REUMATOLOGIA,Población en lista de espera,POBLACION_LISTA_ESPERA,1204,,,,
Tenerife,ES709,12/2021,2021-M12,Reumatología,REUMATOLOGIA,Población en lista de espera,POBLACION_LISTA_ESPERA,417,,,,
La Gomera,ES706,12/2021,2021-M12,Reumatología,REUMATOLOGIA,Población en lista de espera,POBLACION_LISTA_ESPERA,0,,,,
La Palma,ES707,12/2021,2021-M12,Reumatología,REUMATOLOGIA,Población en lista de espera,POBLACION_LISTA_ESPERA,9,,,,
El Hierro,ES703,12/2021,2021-M12,Reumatología,REUMATOLOGIA,Población en lista de espera,POBLACION_LISTA_ESPERA,0,,,,
Canarias,ES70,12/2021,2021-M12,Rehabilitación,REHABILITACION,Población en lista de espera,POBLACION_LISTA_ESPERA,12546,,,,
Lanzarote,ES708,12/2021,2021-M12,Rehabilitación,REHABILITACION,Población en lista de espera,POBLACION_LISTA_ESPERA,96,,,,
Fuerteventura,ES704,12/2021,2021-M12,Rehabilitación,REHABILITACION,Población en lista de espera,POBLACION_LISTA_ESPERA,281,,,,
Gran Canaria,ES705,12/2021,2021-M12,Rehabilitación,REHABILITACION,Población en lista de espera,POBLACION_LISTA_ESPERA,4413,,,,
Tenerife,ES709,12/2021,2021-M12,Rehabilitación,REHABILITACION,Población en lista de espera,POBLACION_LISTA_ESPERA,7672,,,,
La Gomera,ES706,12/2021,2021-M12,Rehabilitación,REHABILITACION,Población en lista de espera,POBLACION_LISTA_ESPERA,15,,,,
La Palma,ES707,12/2021,2021-M12,Rehabilitación,REHABILITACION,Población en lista de espera,POBLACION_LISTA_ESPERA,51,,,,
El Hierro,ES703,12/2021,2021-M12,Rehabilitación,REHABILITACION,Población en lista de espera,POBLACION_LISTA_ESPERA,18,,,,
Canarias,ES70,12/2021,2021-M12,Psiquiatría,PSIQUIATRIA,Población en lista de espera,POBLACION_LISTA_ESPERA,2691,,,,
Lanzarote,ES708,12/2021,2021-M12,Psiquiatría,PSIQUIATRIA,Población en lista de espera,POBLACION_LISTA_ESPERA,25,,,,
Fuerteventura,ES704,12/2021,2021-M12,Psiquiatría,PSIQUIATRIA,Población en lista de espera,POBLACION_LISTA_ESPERA,525,,,,
Gran Canaria,ES705,12/2021,2021-M12,Psiquiatría,PSIQUIATRIA,Población en lista de espera,POBLACION_LISTA_ESPERA,1346,,,,
Tenerife,ES709,12/2021,2021-M12,Psiquiatría,PSIQUIATRIA,Población en lista de espera,POBLACION_LISTA_ESPERA,739,,,,
La Gomera,ES706,12/2021,2021-M12,Psiquiatría,PSIQUIATRIA,Población en lista de espera,POBLACION_LISTA_ESPERA,7,,,,
La Palma,ES707,12/2021,2021-M12,Psiquiatría,PSIQUIATRIA,Población en lista de espera,POBLACION_LISTA_ESPERA,40,,,,
El Hierro,ES703,12/2021,2021-M12,Psiquiatría,PSIQUIATRIA,Población en lista de espera,POBLACION_LISTA_ESPERA,9,,,,
Canarias,ES70,12/2021,2021-M12,Pediatría,PEDIATRIA,Población en lista de espera,POBLACION_LISTA_ESPERA,518,,,,
Lanzarote,ES708,12/2021,2021-M12,Pediatría,PEDIATRIA,Población en lista de espera,POBLACION_LISTA_ESPERA,68,,,,
Fuerteventura,ES704,12/2021,2021-M12,Pediatría,PEDIATRIA,Población en lista de espera,POBLACION_LISTA_ESPERA,24,,,,
Gran Canaria,ES705,12/2021,2021-M12,Pediatría,PEDIATRIA,Población en lista de espera,POBLACION_LISTA_ESPERA,222,,,,
Tenerife,ES709,12/2021,2021-M12,Pediatría,PEDIATRIA,Población en lista de espera,POBLACION_LISTA_ESPERA,199,,,,
La Gomera,ES706,12/2021,2021-M12,Pediatría,PEDIATRIA,Población en lista de espera,POBLACION_LISTA_ESPERA,2,,,,
La Palma,ES707,12/2021,2021-M12,Pediatría,PEDIATRIA,Población en lista de espera,POBLACION_LISTA_ESPERA,3,,,,
El Hierro,ES703,12/2021,2021-M12,Pediatría,PEDIATRIA,Población en lista de espera,POBLACION_LISTA_ESPERA,0,,,,
Canarias,ES70,12/2021,2021-M12,Otorrinolaringología,OTORRINOLARINGOLOGIA,Población en lista de espera,POBLACION_LISTA_ESPERA,9291,,,,
Lanzarote,ES708,12/2021,2021-M12,Otorrinolaringología,OTORRINOLARINGOLOGIA,Población en lista de espera,POBLACION_LISTA_ESPERA,75,,,,
Fuerteventura,ES704,12/2021,2021-M12,Otorrinolaringología,OTORRINOLARINGOLOGIA,Población en lista de espera,POBLACION_LISTA_ESPERA,239,,,,
Gran Canaria,ES705,12/2021,2021-M12,Otorrinolaringología,OTORRINOLARINGOLOGIA,Población en lista de espera,POBLACION_LISTA_ESPERA,3956,,,,
Tenerife,ES709,12/2021,2021-M12,Otorrinolaringología,OTORRINOLARINGOLOGIA,Población en lista de espera,POBLACION_LISTA_ESPERA,4932,,,,
La Gomera,ES706,12/2021,2021-M12,Otorrinolaringología,OTORRINOLARINGOLOGIA,Población en lista de espera,POBLACION_LISTA_ESPERA,17,,,,
La Palma,ES707,12/2021,2021-M12,Otorrinolaringología,OTORRINOLARINGOLOGIA,Población en lista de espera,POBLACION_LISTA_ESPERA,40,,,,
El Hierro,ES703,12/2021,2021-M12,Otorrinolaringología,OTORRINOLARINGOLOGIA,Población en lista de espera,POBLACION_LISTA_ESPERA,32,,,,
Canarias,ES70,12/2021,2021-M12,Oftalmología,OFTALMOLOGIA,Población en lista de espera,POBLACION_LISTA_ESPERA,22284,,,,
Lanzarote,ES708,12/2021,2021-M12,Oftalmología,OFTALMOLOGIA,Población en lista de espera,POBLACION_LISTA_ESPERA,129,,,,
Fuerteventura,ES704,12/2021,2021-M12,Oftalmología,OFTALMOLOGIA,Población en lista de espera,POBLACION_LISTA_ESPERA,234,,,,
Gran Canaria,ES705,12/2021,2021-M12,Oftalmología,OFTALMOLOGIA,Población en lista de espera,POBLACION_LISTA_ESPERA,8610,,,,
Tenerife,ES709,12/2021,2021-M12,Oftalmología,OFTALMOLOGIA,Población en lista de espera,POBLACION_LISTA_ESPERA,12905,,,,
La Gomera,ES706,12/2021,2021-M12,Oftalmología,OFTALMOLOGIA,Población en lista de espera,POBLACION_LISTA_ESPERA,245,,,,
La Palma,ES707,12/2021,2021-M12,Oftalmología,OFTALMOLOGIA,Población en lista de espera,POBLACION_LISTA_ESPERA,119,,,,
El Hierro,ES703,12/2021,2021-M12,Oftalmología,OFTALMOLOGIA,Población en lista de espera,POBLACION_LISTA_ESPERA,42,,,,
Canarias,ES70,12/2021,2021-M12,Neurología,NEUROLOGIA,Población en lista de espera,POBLACION_LISTA_ESPERA,3113,,,,
Lanzarote,ES708,12/2021,2021-M12,Neurología,NEUROLOGIA,Población en lista de espera,POBLACION_LISTA_ESPERA,70,,,,
Fuerteventura,ES704,12/2021,2021-M12,Neurología,NEUROLOGIA,Población en lista de espera,POBLACION_LISTA_ESPERA,164,,,,
Gran Canaria,ES705,12/2021,2021-M12,Neurología,NEUROLOGIA,Población en lista de espera,POBLACION_LISTA_ESPERA,1764,,,,
Tenerife,ES709,12/2021,2021-M12,Neurología,NEUROLOGIA,Población en lista de espera,POBLACION_LISTA_ESPERA,983,,,,
La Gomera,ES706,12/2021,2021-M12,Neurología,NEUROLOGIA,Población en lista de espera,POBLACION_LISTA_ESPERA,105,,,,
La Palma,ES707,12/2021,2021-M12,Neurología,NEUROLOGIA,Población en lista de espera,POBLACION_LISTA_ESPERA,8,,,,
El Hierro,ES703,12/2021,2021-M12,Neurología,NEUROLOGIA,Población en lista de espera,POBLACION_LISTA_ESPERA,19,,,,
Canarias,ES70,12/2021,2021-M12,Neurocirugía,NEUROCIRUGIA,Población en lista de espera,POBLACION_LISTA_ESPERA,4345,,,,
Lanzarote,ES708,12/2021,2021-M12,Neurocirugía,NEUROCIRUGIA,Población en lista de espera,POBLACION_LISTA_ESPERA,0,,,,
Fuerteventura,ES704,12/2021,2021-M12,Neurocirugía,NEUROCIRUGIA,Población en lista de espera,POBLACION_LISTA_ESPERA,2,,,,
Gran Canaria,ES705,12/2021,2021-M12,Neurocirugía,NEUROCIRUGIA,Población en lista de espera,POBLACION_LISTA_ESPERA,685,,,,
Tenerife,ES709,12/2021,2021-M12,Neurocirugía,NEUROCIRUGIA,Población en lista de espera,POBLACION_LISTA_ESPERA,3658,,,,
La Gomera,ES706,12/2021,2021-M12,Neurocirugía,NEUROCIRUGIA,Población en lista de espera,POBLACION_LISTA_ESPERA,0,,,,
La Palma,ES707,12/2021,2021-M12,Neurocirugía,NEUROCIRUGIA,Población en lista de espera,POBLACION_LISTA_ESPERA,0,,,,
El Hierro,ES703,12/2021,2021-M12,Neurocirugía,NEUROCIRUGIA,Población en lista de espera,POBLACION_LISTA_ESPERA,0,,,,
Canarias,ES70,12/2021,2021-M12,Neumología,NEUMOLOGIA,Población en lista de espera,POBLACION_LISTA_ESPERA,1979,,,,
Lanzarote,ES708,12/2021,2021-M12,Neumología,NEUMOLOGIA,Población en lista de espera,POBLACION_LISTA_ESPERA,20,,,,
Fuerteventura,ES704,12/2021,2021-M12,Neumología,NEUMOLOGIA,Población en lista de espera,POBLACION_LISTA_ESPERA,21,,,,
Gran Canaria,ES705,12/2021,2021-M12,Neumología,NEUMOLOGIA,Población en lista de espera,POBLACION_LISTA_ESPERA,790,,,,
Tenerife,ES709,12/2021,2021-M12,Neumología,NEUMOLOGIA,Población en lista de espera,POBLACION_LISTA_ESPERA,1115,,,,
La Gomera,ES706,12/2021,2021-M12,Neumología,NEUMOLOGIA,Población en lista de espera,POBLACION_LISTA_ESPERA,0,,,,
La Palma,ES707,12/2021,2021-M12,Neumología,NEUMOLOGIA,Población en lista de espera,POBLACION_LISTA_ESPERA,29,,,,
El Hierro,ES703,12/2021,2021-M12,Neumología,NEUMOLOGIA,Población en lista de espera,POBLACION_LISTA_ESPERA,4,,,,
Canarias,ES70,12/2021,2021-M12,Nefrología,NEFROLOGIA,Población en lista de espera,POBLACION_LISTA_ESPERA,398,,,,
Lanzarote,ES708,12/2021,2021-M12,Nefrología,NEFROLOGIA,Población en lista de espera,POBLACION_LISTA_ESPERA,2,,,,
Fuerteventura,ES704,12/2021,2021-M12,Nefrología,NEFROLOGIA,Población en lista de espera,POBLACION_LISTA_ESPERA,6,,,,
Gran Canaria,ES705,12/2021,2021-M12,Nefrología,NEFROLOGIA,Población en lista de espera,POBLACION_LISTA_ESPERA,190,,,,
Tenerife,ES709,12/2021,2021-M12,Nefrología,NEFROLOGIA,Población en lista de espera,POBLACION_LISTA_ESPERA,181,,,,
La Gomera,ES706,12/2021,2021-M12,Nefrología,NEFROLOGIA,Población en lista de espera,POBLACION_LISTA_ESPERA,19,,,,
La Palma,ES707,12/2021,2021-M12,Nefrología,NEFROLOGIA,Población en lista de espera,POBLACION_LISTA_ESPERA,0,,,,
El Hierro,ES703,12/2021,2021-M12,Nefrología,NEFROLOGIA,Población en lista de espera,POBLACION_LISTA_ESPERA,0,,,,
Canarias,ES70,12/2021,2021-M12,Medicina interna,MEDICINA_INTERNA,Población en lista de espera,POBLACION_LISTA_ESPERA,614,,,,
Lanzarote,ES708,12/2021,2021-M12,Medicina interna,MEDICINA_INTERNA,Población en lista de espera,POBLACION_LISTA_ESPERA,18,,,,
Fuerteventura,ES704,12/2021,2021-M12,Medicina interna,MEDICINA_INTERNA,Población en lista de espera,POBLACION_LISTA_ESPERA,57,,,,
Gran Canaria,ES705,12/2021,2021-M12,Medicina interna,MEDICINA_INTERNA,Población en lista de espera,POBLACION_LISTA_ESPERA,420,,,,
Tenerife,ES709,12/2021,2021-M12,Medicina interna,MEDICINA_INTERNA,Población en lista de espera,POBLACION_LISTA_ESPERA,89,,,,
La Gomera,ES706,12/2021,2021-M12,Medicina interna,MEDICINA_INTERNA,Población en lista de espera,POBLACION_LISTA_ESPERA,7,,,,
La Palma,ES707,12/2021,2021-M12,Medicina interna,MEDICINA_INTERNA,Población en lista de espera,POBLACION_LISTA_ESPERA,2,,,,
El Hierro,ES703,12/2021,2021-M12,Medicina interna,MEDICINA_INTERNA,Población en lista de espera,POBLACION_LISTA_ESPERA,21,,,,
Canarias,ES70,12/2021,2021-M12,Hematología,HEMATOLOGIA,Población en lista de espera,POBLACION_LISTA_ESPERA,414,,,,
Lanzarote,ES708,12/2021,2021-M12,Hematología,HEMATOLOGIA,Población en lista de espera,POBLACION_LISTA_ESPERA,29,,,,
Fuerteventura,ES704,12/2021,2021-M12,Hematología,HEMATOLOGIA,Población en lista de espera,POBLACION_LISTA_ESPERA,31,,,,
Gran Canaria,ES705,12/2021,2021-M12,Hematología,HEMATOLOGIA,Población en lista de espera,POBLACION_LISTA_ESPERA,192,,,,
Tenerife,ES709,12/2021,2021-M12,Hematología,HEMATOLOGIA,Población en lista de espera,POBLACION_LISTA_ESPERA,133,,,,
La Gomera,ES706,12/2021,2021-M12,Hematología,HEMATOLOGIA,Población en lista de espera,POBLACION_LISTA_ESPERA,11,,,,
La Palma,ES707,12/2021,2021-M12,Hematología,HEMATOLOGIA,Población en lista de espera,POBLACION_LISTA_ESPERA,3,,,,
El Hierro,ES703,12/2021,2021-M12,Hematología,HEMATOLOGIA,Población en lista de espera,POBLACION_LISTA_ESPERA,15,,,,
Canarias,ES70,12/2021,2021-M12,Ginecología,GINECOLOGIA,Población en lista de espera,POBLACION_LISTA_ESPERA,4179,,,,
Lanzarote,ES708,12/2021,2021-M12,Ginecología,GINECOLOGIA,Población en lista de espera,POBLACION_LISTA_ESPERA,23,,,,
Fuerteventura,ES704,12/2021,2021-M12,Ginecología,GINECOLOGIA,Población en lista de espera,POBLACION_LISTA_ESPERA,68,,,,
Gran Canaria,ES705,12/2021,2021-M12,Ginecología,GINECOLOGIA,Población en lista de espera,POBLACION_LISTA_ESPERA,3402,,,,
Tenerife,ES709,12/2021,2021-M12,Ginecología,GINECOLOGIA,Población en lista de espera,POBLACION_LISTA_ESPERA,308,,,,
La Gomera,ES706,12/2021,2021-M12,Ginecología,GINECOLOGIA,Población en lista de espera,POBLACION_LISTA_ESPERA,255,,,,
La Palma,ES707,12/2021,2021-M12,Ginecología,GINECOLOGIA,Población en lista de espera,POBLACION_LISTA_ESPERA,47,,,,
El Hierro,ES703,12/2021,2021-M12,Ginecología,GINECOLOGIA,Población en lista de espera,POBLACION_LISTA_ESPERA,76,,,,
Canarias,ES70,12/2021,2021-M12,Endocrinología,ENDOCRINOLOGIA,Población en lista de espera,POBLACION_LISTA_ESPERA,1007,,,,
Lanzarote,ES708,12/2021,2021-M12,Endocrinología,ENDOCRINOLOGIA,Población en lista de espera,POBLACION_LISTA_ESPERA,93,,,,
Fuerteventura,ES704,12/2021,2021-M12,Endocrinología,ENDOCRINOLOGIA,Población en lista de espera,POBLACION_LISTA_ESPERA,179,,,,
Gran Canaria,ES705,12/2021,2021-M12,Endocrinología,ENDOCRINOLOGIA,Población en lista de espera,POBLACION_LISTA_ESPERA,483,,,,
Tenerife,ES709,12/2021,2021-M12,Endocrinología,ENDOCRINOLOGIA,Población en lista de espera,POBLACION_LISTA_ESPERA,176,,,,
La Gomera,ES706,12/2021,2021-M12,Endocrinología,ENDOCRINOLOGIA,Población en lista de espera,POBLACION_LISTA_ESPERA,7,,,,
La Palma,ES707,12/2021,2021-M12,Endocrinología,ENDOCRINOLOGIA,Población en lista de espera,POBLACION_LISTA_ESPERA,55,,,,
El Hierro,ES703,12/2021,2021-M12,Endocrinología,ENDOCRINOLOGIA,Población en lista de espera,POBLACION_LISTA_ESPERA,14,,,,
Canarias,ES70,12/2021,2021-M12,Digestivo,DIGESTIVO,Población en lista de espera,POBLACION_LISTA_ESPERA,2898,,,,
Lanzarote,ES708,12/2021,2021-M12,Digestivo,DIGESTIVO,Población en lista de espera,POBLACION_LISTA_ESPERA,133,,,,
Fuerteventura,ES704,12/2021,2021-M12,Digestivo,DIGESTIVO,Población en lista de espera,POBLACION_LISTA_ESPERA,128,,,,
Gran Canaria,ES705,12/2021,2021-M12,Digestivo,DIGESTIVO,Población en lista de espera,POBLACION_LISTA_ESPERA,1838,,,,
Tenerife,ES709,12/2021,2021-M12,Digestivo,DIGESTIVO,Población en lista de espera,POBLACION_LISTA_ESPERA,789,,,,
La Gomera,ES706,12/2021,2021-M12,Digestivo,DIGESTIVO,Población en lista de espera,POBLACION_LISTA_ESPERA,8,,,,
La Palma,ES707,12/2021,2021-M12,Digestivo,DIGESTIVO,Población en lista de espera,POBLACION_LISTA_ESPERA,0,,,,
El Hierro,ES703,12/2021,2021-M12,Digestivo,DIGESTIVO,Población en lista de espera,POBLACION_LISTA_ESPERA,2,,,,
Canarias,ES70,12/2021,2021-M12,Dermatología,DERMATOLOGIA,Población en lista de espera,POBLACION_LISTA_ESPERA,18843,,,,
Lanzarote,ES708,12/2021,2021-M12,Dermatología,DERMATOLOGIA,Población en lista de espera,POBLACION_LISTA_ESPERA,104,,,,
Fuerteventura,ES704,12/2021,2021-M12,Dermatología,DERMATOLOGIA,Población en lista de espera,POBLACION_LISTA_ESPERA,310,,,,
Gran Canaria,ES705,12/2021,2021-M12,Dermatología,DERMATOLOGIA,Población en lista de espera,POBLACION_LISTA_ESPERA,6565,,,,
Tenerife,ES709,12/2021,2021-M12,Dermatología,DERMATOLOGIA,Población en lista de espera,POBLACION_LISTA_ESPERA,11621,,,,
La Gomera,ES706,12/2021,2021-M12,Dermatología,DERMATOLOGIA,Población en lista de espera,POBLACION_LISTA_ESPERA,197,,,,
La Palma,ES707,12/2021,2021-M12,Dermatología,DERMATOLOGIA,Población en lista de espera,POBLACION_LISTA_ESPERA,1,,,,
El Hierro,ES703,12/2021,2021-M12,Dermatología,DERMATOLOGIA,Población en lista de espera,POBLACION_LISTA_ESPERA,45,,,,
Canarias,ES70,12/2021,2021-M12,Cirugía torácica,CIRUGIA_TORACICA,Población en lista de espera,POBLACION_LISTA_ESPERA,50,,,,
Lanzarote,ES708,12/2021,2021-M12,Cirugía torácica,CIRUGIA_TORACICA,Población en lista de espera,POBLACION_LISTA_ESPERA,0,,,,
Fuerteventura,ES704,12/2021,2021-M12,Cirugía torácica,CIRUGIA_TORACICA,Población en lista de espera,POBLACION_LISTA_ESPERA,3,,,,
Gran Canaria,ES705,12/2021,2021-M12,Cirugía torácica,CIRUGIA_TORACICA,Población en lista de espera,POBLACION_LISTA_ESPERA,32,,,,
Tenerife,ES709,12/2021,2021-M12,Cirugía torácica,CIRUGIA_TORACICA,Población en lista de espera,POBLACION_LISTA_ESPERA,15,,,,
La Gomera,ES706,12/2021,2021-M12,Cirugía torácica,CIRUGIA_TORACICA,Población en lista de espera,POBLACION_LISTA_ESPERA,0,,,,
La Palma,ES707,12/2021,2021-M12,Cirugía torácica,CIRUGIA_TORACICA,Población en lista de espera,POBLACION_LISTA_ESPERA,0,,,,
El Hierro,ES703,12/2021,2021-M12,Cirugía torácica,CIRUGIA_TORACICA,Población en lista de espera,POBLACION_LISTA_ESPERA,0,,,,
Canarias,ES70,12/2021,2021-M12,Cirugía plástica y reparadora,CIRUGIA_PLASTICA_REPARADORA,Población en lista de espera,POBLACION_LISTA_ESPERA,608,,,,
Lanzarote,ES708,12/2021,2021-M12,Cirugía plástica y reparadora,CIRUGIA_PLASTICA_REPARADORA,Población en lista de espera,POBLACION_LISTA_ESPERA,0,,,,
Fuerteventura,ES704,12/2021,2021-M12,Cirugía plástica y reparadora,CIRUGIA_PLASTICA_REPARADORA,Población en lista de espera,POBLACION_LISTA_ESPERA,0,,,,
Gran Canaria,ES705,12/2021,2021-M12,Cirugía plástica y reparadora,CIRUGIA_PLASTICA_REPARADORA,Población en lista de espera,POBLACION_LISTA_ESPERA,119,,,,
Tenerife,ES709,12/2021,2021-M12,Cirugía plástica y reparadora,CIRUGIA_PLASTICA_REPARADORA,Población en lista de espera,POBLACION_LISTA_ESPERA,489,,,,
La Gomera,ES706,12/2021,2021-M12,Cirugía plástica y reparadora,CIRUGIA_PLASTICA_REPARADORA,Población en lista de espera,POBLACION_LISTA_ESPERA,0,,,,
La Palma,ES707,12/2021,2021-M12,Cirugía plástica y reparadora,CIRUGIA_PLASTICA_REPARADORA,Población en lista de espera,POBLACION_LISTA_ESPERA,0,,,,
El Hierro,ES703,12/2021,2021-M12,Cirugía plástica y reparadora,CIRUGIA_PLASTICA_REPARADORA,Población en lista de espera,POBLACION_LISTA_ESPERA,0,,,,
Canarias,ES70,12/2021,2021-M12,Cirugía pediátrica,CIRUGIA_PEDIATRICA,Población en lista de espera,POBLACION_LISTA_ESPERA,162,,,,
Lanzarote,ES708,12/2021,2021-M12,Cirugía pediátrica,CIRUGIA_PEDIATRICA,Población en lista de espera,POBLACION_LISTA_ESPERA,0,,,,
Fuerteventura,ES704,12/2021,2021-M12,Cirugía pediátrica,CIRUGIA_PEDIATRICA,Población en lista de espera,POBLACION_LISTA_ESPERA,0,,,,
Gran Canaria,ES705,12/2021,2021-M12,Cirugía pediátrica,CIRUGIA_PEDIATRICA,Población en lista de espera,POBLACION_LISTA_ESPERA,52,,,,
Tenerife,ES709,12/2021,2021-M12,Cirugía pediátrica,CIRUGIA_PEDIATRICA,Población en lista de espera,POBLACION_LISTA_ESPERA,110,,,,
La Gomera,ES706,12/2021,2021-M12,Cirugía pediátrica,CIRUGIA_PEDIATRICA,Población en lista de espera,POBLACION_LISTA_ESPERA,0,,,,
La Palma,ES707,12/2021,2021-M12,Cirugía pediátrica,CIRUGIA_PEDIATRICA,Población en lista de espera,POBLACION_LISTA_ESPERA,0,,,,
El Hierro,ES703,12/2021,2021-M12,Cirugía pediátrica,CIRUGIA_PEDIATRICA,Población en lista de espera,POBLACION_LISTA_ESPERA,0,,,,
Canarias,ES70,12/2021,2021-M12,Cirugía maxilofacial,CIRUGIA_MAXILOFACIAL,Población en lista de espera,POBLACION_LISTA_ESPERA,2894,,,,
Lanzarote,ES708,12/2021,2021-M12,Cirugía maxilofacial,CIRUGIA_MAXILOFACIAL,Población en lista de espera,POBLACION_LISTA_ESPERA,0,,,,
Fuerteventura,ES704,12/2021,2021-M12,Cirugía maxilofacial,CIRUGIA_MAXILOFACIAL,Población en lista de espera,POBLACION_LISTA_ESPERA,0,,,,
Gran Canaria,ES705,12/2021,2021-M12,Cirugía maxilofacial,CIRUGIA_MAXILOFACIAL,Población en lista de espera,POBLACION_LISTA_ESPERA,1210,,,,
Tenerife,ES709,12/2021,2021-M12,Cirugía maxilofacial,CIRUGIA_MAXILOFACIAL,Población en lista de espera,POBLACION_LISTA_ESPERA,1684,,,,
La Gomera,ES706,12/2021,2021-M12,Cirugía maxilofacial,CIRUGIA_MAXILOFACIAL,Población en lista de espera,POBLACION_LISTA_ESPERA,0,,,,
La Palma,ES707,12/2021,2021-M12,Cirugía maxilofacial,CIRUGIA_MAXILOFACIAL,Población en lista de espera,POBLACION_LISTA_ESPERA,0,,,,
El Hierro,ES703,12/2021,2021-M12,Cirugía maxilofacial,CIRUGIA_MAXILOFACIAL,Población en lista de espera,POBLACION_LISTA_ESPERA,0,,,,
Canarias,ES70,12/2021,2021-M12,Cirugía general y digestiva,CIRUGIA_GENERAL_DIGESTIVA,Población en lista de espera,POBLACION_LISTA_ESPERA,4675,,,,
Lanzarote,ES708,12/2021,2021-M12,Cirugía general y digestiva,CIRUGIA_GENERAL_DIGESTIVA,Población en lista de espera,POBLACION_LISTA_ESPERA,79,,,,
Fuerteventura,ES704,12/2021,2021-M12,Cirugía general y digestiva,CIRUGIA_GENERAL_DIGESTIVA,Población en lista de espera,POBLACION_LISTA_ESPERA,186,,,,
Gran Canaria,ES705,12/2021,2021-M12,Cirugía general y digestiva,CIRUGIA_GENERAL_DIGESTIVA,Población en lista de espera,POBLACION_LISTA_ESPERA,3704,,,,
Tenerife,ES709,12/2021,2021-M12,Cirugía general y digestiva,CIRUGIA_GENERAL_DIGESTIVA,Población en lista de espera,POBLACION_LISTA_ESPERA,569,,,,
La Gomera,ES706,12/2021,2021-M12,Cirugía general y digestiva,CIRUGIA_GENERAL_DIGESTIVA,Población en lista de espera,POBLACION_LISTA_ESPERA,60,,,,
La Palma,ES707,12/2021,2021-M12,Cirugía general y digestiva,CIRUGIA_GENERAL_DIGESTIVA,Población en lista de espera,POBLACION_LISTA_ESPERA,73,,,,
El Hierro,ES703,12/2021,2021-M12,Cirugía general y digestiva,CIRUGIA_GENERAL_DIGESTIVA,Población en lista de espera,POBLACION_LISTA_ESPERA,4,,,,
Canarias,ES70,12/2021,2021-M12,Cirugía cardíaca,CIRUGIA_CARDIACA,Población en lista de espera,POBLACION_LISTA_ESPERA,3,,,,
Lanzarote,ES708,12/2021,2021-M12,Cirugía cardíaca,CIRUGIA_CARDIACA,Población en lista de espera,POBLACION_LISTA_ESPERA,0,,,,
Fuerteventura,ES704,12/2021,2021-M12,Cirugía cardíaca,CIRUGIA_CARDIACA,Población en lista de espera,POBLACION_LISTA_ESPERA,0,,,,
Gran Canaria,ES705,12/2021,2021-M12,Cirugía cardíaca,CIRUGIA_CARDIACA,Población en lista de espera,POBLACION_LISTA_ESPERA,0,,,,
Tenerife,ES709,12/2021,2021-M12,Cirugía cardíaca,CIRUGIA_CARDIACA,Población en lista de espera,POBLACION_LISTA_ESPERA,3,,,,
La Gomera,ES706,12/2021,2021-M12,Cirugía cardíaca,CIRUGIA_CARDIACA,Población en lista de espera,POBLACION_LISTA_ESPERA,0,,,,
La Palma,ES707,12/2021,2021-M12,Cirugía cardíaca,CIRUGIA_CARDIACA,Población en lista de espera,POBLACION_LISTA_ESPERA,0,,,,
El Hierro,ES703,12/2021,2021-M12,Cirugía cardíaca,CIRUGIA_CARDIACA,Población en lista de espera,POBLACION_LISTA_ESPERA,0,,,,
Canarias,ES70,12/2021,2021-M12,Cardiología,CARDIOLOGIA,Población en lista de espera,POBLACION_LISTA_ESPERA,2440,,,,
Lanzarote,ES708,12/2021,2021-M12,Cardiología,CARDIOLOGIA,Población en lista de espera,POBLACION_LISTA_ESPERA,27,,,,
Fuerteventura,ES704,12/2021,2021-M12,Cardiología,CARDIOLOGIA,Población en lista de espera,POBLACION_LISTA_ESPERA,42,,,,
Gran Canaria,ES705,12/2021,2021-M12,Cardiología,CARDIOLOGIA,Población en lista de espera,POBLACION_LISTA_ESPERA,1583,,,,
Tenerife,ES709,12/2021,2021-M12,Cardiología,CARDIOLOGIA,Población en lista de espera,POBLACION_LISTA_ESPERA,672,,,,
La Gomera,ES706,12/2021,2021-M12,Cardiología,CARDIOLOGIA,Población en lista de espera,POBLACION_LISTA_ESPERA,55,,,,
La Palma,ES707,12/2021,2021-M12,Cardiología,CARDIOLOGIA,Población en lista de espera,POBLACION_LISTA_ESPERA,34,,,,
El Hierro,ES703,12/2021,2021-M12,Cardiología,CARDIOLOGIA,Población en lista de espera,POBLACION_LISTA_ESPERA,27,,,,
Canarias,ES70,12/2021,2021-M12,Angiología y cirugía vascular,ANGIOLOGIA_CIRUGIA_VASCULAR,Población en lista de espera,POBLACION_LISTA_ESPERA,453,,,,
Lanzarote,ES708,12/2021,2021-M12,Angiología y cirugía vascular,ANGIOLOGIA_CIRUGIA_VASCULAR,Población en lista de espera,POBLACION_LISTA_ESPERA,2,,,,
Fuerteventura,ES704,12/2021,2021-M12,Angiología y cirugía vascular,ANGIOLOGIA_CIRUGIA_VASCULAR,Población en lista de espera,POBLACION_LISTA_ESPERA,0,,,,
Gran Canaria,ES705,12/2021,2021-M12,Angiología y cirugía vascular,ANGIOLOGIA_CIRUGIA_VASCULAR,Población en lista de espera,POBLACION_LISTA_ESPERA,297,,,,
Tenerife,ES709,12/2021,2021-M12,Angiología y cirugía vascular,ANGIOLOGIA_CIRUGIA_VASCULAR,Población en lista de espera,POBLACION_LISTA_ESPERA,154,,,,
La Gomera,ES706,12/2021,2021-M12,Angiología y cirugía vascular,ANGIOLOGIA_CIRUGIA_VASCULAR,Población en lista de espera,POBLACION_LISTA_ESPERA,0,,,,
La Palma,ES707,12/2021,2021-M12,Angiología y cirugía vascular,ANGIOLOGIA_CIRUGIA_VASCULAR,Población en lista de espera,POBLACION_LISTA_ESPERA,0,,,,
El Hierro,ES703,12/2021,2021-M12,Angiología y cirugía vascular,ANGIOLOGIA_CIRUGIA_VASCULAR,Población en lista de espera,POBLACION_LISTA_ESPERA,0,,,,
Canarias,ES70,12/2021,2021-M12,Alergia,ALERGIA,Población en lista de espera,POBLACION_LISTA_ESPERA,924,,,,
Lanzarote,ES708,12/2021,2021-M12,Alergia,ALERGIA,Población en lista de espera,POBLACION_LISTA_ESPERA,126,,,,
Fuerteventura,ES704,12/2021,2021-M12,Alergia,ALERGIA,Población en lista de espera,POBLACION_LISTA_ESPERA,243,,,,
Gran Canaria,ES705,12/2021,2021-M12,Alergia,ALERGIA,Población en lista de espera,POBLACION_LISTA_ESPERA,373,,,,
Tenerife,ES709,12/2021,2021-M12,Alergia,ALERGIA,Población en lista de espera,POBLACION_LISTA_ESPERA,148,,,,
La Gomera,ES706,12/2021,2021-M12,Alergia,ALERGIA,Población en lista de espera,POBLACION_LISTA_ESPERA,14,,,,
La Palma,ES707,12/2021,2021-M12,Alergia,ALERGIA,Población en lista de espera,POBLACION_LISTA_ESPERA,12,,,,
El Hierro,ES703,12/2021,2021-M12,Alergia,ALERGIA,Población en lista de espera,POBLACION_LISTA_ESPERA,8,,,,
Canarias,ES70,06/2022,2022-M06,Urología,UROLOGIA,Población en lista de espera,POBLACION_LISTA_ESPERA,2684,,,,
Lanzarote,ES708,06/2022,2022-M06,Urología,UROLOGIA,Población en lista de espera,POBLACION_LISTA_ESPERA,125,,,,
Fuerteventura,ES704,06/2022,2022-M06,Urología,UROLOGIA,Población en lista de espera,POBLACION_LISTA_ESPERA,19,,,,
Gran Canaria,ES705,06/2022,2022-M06,Urología,UROLOGIA,Población en lista de espera,POBLACION_LISTA_ESPERA,438,,,,
Tenerife,ES709,06/2022,2022-M06,Urología,UROLOGIA,Población en lista de espera,POBLACION_LISTA_ESPERA,2059,,,,
La Gomera,ES706,06/2022,2022-M06,Urología,UROLOGIA,Población en lista de espera,POBLACION_LISTA_ESPERA,0,,,,
La Palma,ES707,06/2022,2022-M06,Urología,UROLOGIA,Población en lista de espera,POBLACION_LISTA_ESPERA,28,,,,
El Hierro,ES703,06/2022,2022-M06,Urología,UROLOGIA,Población en lista de espera,POBLACION_LISTA_ESPERA,15,,,,
Canarias,ES70,06/2022,2022-M06,Traumatología y cirugía ortopédica,TRAUMATOLOGIA_CIRUGIA_ORTOPEDICA,Población en lista de espera,POBLACION_LISTA_ESPERA,11362,,,,
Lanzarote,ES708,06/2022,2022-M06,Traumatología y cirugía ortopédica,TRAUMATOLOGIA_CIRUGIA_ORTOPEDICA,Población en lista de espera,POBLACION_LISTA_ESPERA,357,,,,
Fuerteventura,ES704,06/2022,2022-M06,Traumatología y cirugía ortopédica,TRAUMATOLOGIA_CIRUGIA_ORTOPEDICA,Población en lista de espera,POBLACION_LISTA_ESPERA,60,,,,
Gran Canaria,ES705,06/2022,2022-M06,Traumatología y cirugía ortopédica,TRAUMATOLOGIA_CIRUGIA_ORTOPEDICA,Población en lista de espera,POBLACION_LISTA_ESPERA,7961,,,,
Tenerife,ES709,06/2022,2022-M06,Traumatología y cirugía ortopédica,TRAUMATOLOGIA_CIRUGIA_ORTOPEDICA,Población en lista de espera,POBLACION_LISTA_ESPERA,2830,,,,
La Gomera,ES706,06/2022,2022-M06,Traumatología y cirugía ortopédica,TRAUMATOLOGIA_CIRUGIA_ORTOPEDICA,Población en lista de espera,POBLACION_LISTA_ESPERA,79,,,,
La Palma,ES707,06/2022,2022-M06,Traumatología y cirugía ortopédica,TRAUMATOLOGIA_CIRUGIA_ORTOPEDICA,Población en lista de espera,POBLACION_LISTA_ESPERA,17,,,,
El Hierro,ES703,06/2022,2022-M06,Traumatología y cirugía ortopédica,TRAUMATOLOGIA_CIRUGIA_ORTOPEDICA,Población en lista de espera,POBLACION_LISTA_ESPERA,58,,,,
Canarias,ES70,06/2022,2022-M06,Total,_T,Población en lista de espera,POBLACION_LISTA_ESPERA,113515,,,,
Lanzarote,ES708,06/2022,2022-M06,Total,_T,Población en lista de espera,POBLACION_LISTA_ESPERA,2024,,,,
Fuerteventura,ES704,06/2022,2022-M06,Total,_T,Población en lista de espera,POBLACION_LISTA_ESPERA,1984,,,,
Gran Canaria,ES705,06/2022,2022-M06,Total,_T,Población en lista de espera,POBLACION_LISTA_ESPERA,52848,,,,
Tenerife,ES709,06/2022,2022-M06,Total,_T,Población en lista de espera,POBLACION_LISTA_ESPERA,54672,,,,
La Gomera,ES706,06/2022,2022-M06,Total,_T,Población en lista de espera,POBLACION_LISTA_ESPERA,922,,,,
La Palma,ES707,06/2022,2022-M06,Total,_T,Población en lista de espera,POBLACION_LISTA_ESPERA,541,,,,
El Hierro,ES703,06/2022,2022-M06,Total,_T,Población en lista de espera,POBLACION_LISTA_ESPERA,524,,,,
Canarias,ES70,06/2022,2022-M06,Reumatología,REUMATOLOGIA,Población en lista de espera,POBLACION_LISTA_ESPERA,1486,,,,
Lanzarote,ES708,06/2022,2022-M06,Reumatología,REUMATOLOGIA,Población en lista de espera,POBLACION_LISTA_ESPERA,101,,,,
Fuerteventura,ES704,06/2022,2022-M06,Reumatología,REUMATOLOGIA,Población en lista de espera,POBLACION_LISTA_ESPERA,17,,,,
Gran Canaria,ES705,06/2022,2022-M06,Reumatología,REUMATOLOGIA,Población en lista de espera,POBLACION_LISTA_ESPERA,990,,,,
Tenerife,ES709,06/2022,2022-M06,Reumatología,REUMATOLOGIA,Población en lista de espera,POBLACION_LISTA_ESPERA,367,,,,
La Gomera,ES706,06/2022,2022-M06,Reumatología,REUMATOLOGIA,Población en lista de espera,POBLACION_LISTA_ESPERA,0,,,,
La Palma,ES707,06/2022,2022-M06,Reumatología,REUMATOLOGIA,Población en lista de espera,POBLACION_LISTA_ESPERA,11,,,,
El Hierro,ES703,06/2022,2022-M06,Reumatología,REUMATOLOGIA,Población en lista de espera,POBLACION_LISTA_ESPERA,0,,,,
Canarias,ES70,06/2022,2022-M06,Rehabilitación,REHABILITACION,Población en lista de espera,POBLACION_LISTA_ESPERA,12171,,,,
Lanzarote,ES708,06/2022,2022-M06,Rehabilitación,REHABILITACION,Población en lista de espera,POBLACION_LISTA_ESPERA,238,,,,
Fuerteventura,ES704,06/2022,2022-M06,Rehabilitación,REHABILITACION,Población en lista de espera,POBLACION_LISTA_ESPERA,153,,,,
Gran Canaria,ES705,06/2022,2022-M06,Rehabilitación,REHABILITACION,Población en lista de espera,POBLACION_LISTA_ESPERA,5136,,,,
Tenerife,ES709,06/2022,2022-M06,Rehabilitación,REHABILITACION,Población en lista de espera,POBLACION_LISTA_ESPERA,6548,,,,
La Gomera,ES706,06/2022,2022-M06,Rehabilitación,REHABILITACION,Población en lista de espera,POBLACION_LISTA_ESPERA,18,,,,
La Palma,ES707,06/2022,2022-M06,Rehabilitación,REHABILITACION,Población en lista de espera,POBLACION_LISTA_ESPERA,41,,,,
El Hierro,ES703,06/2022,2022-M06,Rehabilitación,REHABILITACION,Población en lista de espera,POBLACION_LISTA_ESPERA,37,,,,
Canarias,ES70,06/2022,2022-M06,Psiquiatría,PSIQUIATRIA,Población en lista de espera,POBLACION_LISTA_ESPERA,2778,,,,
Lanzarote,ES708,06/2022,2022-M06,Psiquiatría,PSIQUIATRIA,Población en lista de espera,POBLACION_LISTA_ESPERA,57,,,,
Fuerteventura,ES704,06/2022,2022-M06,Psiquiatría,PSIQUIATRIA,Población en lista de espera,POBLACION_LISTA_ESPERA,324,,,,
Gran Canaria,ES705,06/2022,2022-M06,Psiquiatría,PSIQUIATRIA,Población en lista de espera,POBLACION_LISTA_ESPERA,1466,,,,
Tenerife,ES709,06/2022,2022-M06,Psiquiatría,PSIQUIATRIA,Población en lista de espera,POBLACION_LISTA_ESPERA,866,,,,
La Gomera,ES706,06/2022,2022-M06,Psiquiatría,PSIQUIATRIA,Población en lista de espera,POBLACION_LISTA_ESPERA,20,,,,
La Palma,ES707,06/2022,2022-M06,Psiquiatría,PSIQUIATRIA,Población en lista de espera,POBLACION_LISTA_ESPERA,41,,,,
El Hierro,ES703,06/2022,2022-M06,Psiquiatría,PSIQUIATRIA,Población en lista de espera,POBLACION_LISTA_ESPERA,4,,,,
Canarias,ES70,06/2022,2022-M06,Pediatría,PEDIATRIA,Población en lista de espera,POBLACION_LISTA_ESPERA,503,,,,
Lanzarote,ES708,06/2022,2022-M06,Pediatría,PEDIATRIA,Población en lista de espera,POBLACION_LISTA_ESPERA,82,,,,
Fuerteventura,ES704,06/2022,2022-M06,Pediatría,PEDIATRIA,Población en lista de espera,POBLACION_LISTA_ESPERA,29,,,,
Gran Canaria,ES705,06/2022,2022-M06,Pediatría,PEDIATRIA,Población en lista de espera,POBLACION_LISTA_ESPERA,160,,,,
Tenerife,ES709,06/2022,2022-M06,Pediatría,PEDIATRIA,Población en lista de espera,POBLACION_LISTA_ESPERA,230,,,,
La Gomera,ES706,06/2022,2022-M06,Pediatría,PEDIATRIA,Población en lista de espera,POBLACION_LISTA_ESPERA,2,,,,
La Palma,ES707,06/2022,2022-M06,Pediatría,PEDIATRIA,Población en lista de espera,POBLACION_LISTA_ESPERA,0,,,,
El Hierro,ES703,06/2022,2022-M06,Pediatría,PEDIATRIA,Población en lista de espera,POBLACION_LISTA_ESPERA,0,,,,
Canarias,ES70,06/2022,2022-M06,Otorrinolaringología,OTORRINOLARINGOLOGIA,Población en lista de espera,POBLACION_LISTA_ESPERA,11305,,,,
Lanzarote,ES708,06/2022,2022-M06,Otorrinolaringología,OTORRINOLARINGOLOGIA,Población en lista de espera,POBLACION_LISTA_ESPERA,107,,,,
Fuerteventura,ES704,06/2022,2022-M06,Otorrinolaringología,OTORRINOLARINGOLOGIA,Población en lista de espera,POBLACION_LISTA_ESPERA,54,,,,
Gran Canaria,ES705,06/2022,2022-M06,Otorrinolaringología,OTORRINOLARINGOLOGIA,Población en lista de espera,POBLACION_LISTA_ESPERA,5454,,,,
Tenerife,ES709,06/2022,2022-M06,Otorrinolaringología,OTORRINOLARINGOLOGIA,Población en lista de espera,POBLACION_LISTA_ESPERA,5548,,,,
La Gomera,ES706,06/2022,2022-M06,Otorrinolaringología,OTORRINOLARINGOLOGIA,Población en lista de espera,POBLACION_LISTA_ESPERA,51,,,,
La Palma,ES707,06/2022,2022-M06,Otorrinolaringología,OTORRINOLARINGOLOGIA,Población en lista de espera,POBLACION_LISTA_ESPERA,40,,,,
El Hierro,ES703,06/2022,2022-M06,Otorrinolaringología,OTORRINOLARINGOLOGIA,Población en lista de espera,POBLACION_LISTA_ESPERA,51,,,,
Canarias,ES70,06/2022,2022-M06,Oftalmología,OFTALMOLOGIA,Población en lista de espera,POBLACION_LISTA_ESPERA,21853,,,,
Lanzarote,ES708,06/2022,2022-M06,Oftalmología,OFTALMOLOGIA,Población en lista de espera,POBLACION_LISTA_ESPERA,71,,,,
Fuerteventura,ES704,06/2022,2022-M06,Oftalmología,OFTALMOLOGIA,Población en lista de espera,POBLACION_LISTA_ESPERA,190,,,,
Gran Canaria,ES705,06/2022,2022-M06,Oftalmología,OFTALMOLOGIA,Población en lista de espera,POBLACION_LISTA_ESPERA,8735,,,,
Tenerife,ES709,06/2022,2022-M06,Oftalmología,OFTALMOLOGIA,Población en lista de espera,POBLACION_LISTA_ESPERA,12441,,,,
La Gomera,ES706,06/2022,2022-M06,Oftalmología,OFTALMOLOGIA,Población en lista de espera,POBLACION_LISTA_ESPERA,239,,,,
La Palma,ES707,06/2022,2022-M06,Oftalmología,OFTALMOLOGIA,Población en lista de espera,POBLACION_LISTA_ESPERA,145,,,,
El Hierro,ES703,06/2022,2022-M06,Oftalmología,OFTALMOLOGIA,Población en lista de espera,POBLACION_LISTA_ESPERA,32,,,,
Canarias,ES70,06/2022,2022-M06,Neurología,NEUROLOGIA,Población en lista de espera,POBLACION_LISTA_ESPERA,2600,,,,
Lanzarote,ES708,06/2022,2022-M06,Neurología,NEUROLOGIA,Población en lista de espera,POBLACION_LISTA_ESPERA,55,,,,
Fuerteventura,ES704,06/2022,2022-M06,Neurología,NEUROLOGIA,Población en lista de espera,POBLACION_LISTA_ESPERA,51,,,,
Gran Canaria,ES705,06/2022,2022-M06,Neurología,NEUROLOGIA,Población en lista de espera,POBLACION_LISTA_ESPERA,1315,,,,
Tenerife,ES709,06/2022,2022-M06,Neurología,NEUROLOGIA,Población en lista de espera,POBLACION_LISTA_ESPERA,1086,,,,
La Gomera,ES706,06/2022,2022-M06,Neurología,NEUROLOGIA,Población en lista de espera,POBLACION_LISTA_ESPERA,74,,,,
La Palma,ES707,06/2022,2022-M06,Neurología,NEUROLOGIA,Población en lista de espera,POBLACION_LISTA_ESPERA,0,,,,
El Hierro,ES703,06/2022,2022-M06,Neurología,NEUROLOGIA,Población en lista de espera,POBLACION_LISTA_ESPERA,19,,,,
Canarias,ES70,06/2022,2022-M06,Neurocirugía,NEUROCIRUGIA,Población en lista de espera,POBLACION_LISTA_ESPERA,4065,,,,
Lanzarote,ES708,06/2022,2022-M06,Neurocirugía,NEUROCIRUGIA,Población en lista de espera,POBLACION_LISTA_ESPERA,0,,,,
Fuerteventura,ES704,06/2022,2022-M06,Neurocirugía,NEUROCIRUGIA,Población en lista de espera,POBLACION_LISTA_ESPERA,5,,,,
Gran Canaria,ES705,06/2022,2022-M06,Neurocirugía,NEUROCIRUGIA,Población en lista de espera,POBLACION_LISTA_ESPERA,853,,,,
Tenerife,ES709,06/2022,2022-M06,Neurocirugía,NEUROCIRUGIA,Población en lista de espera,POBLACION_LISTA_ESPERA,3207,,,,
La Gomera,ES706,06/2022,2022-M06,Neurocirugía,NEUROCIRUGIA,Población en lista de espera,POBLACION_LISTA_ESPERA,0,,,,
La Palma,ES707,06/2022,2022-M06,Neurocirugía,NEUROCIRUGIA,Población en lista de espera,POBLACION_LISTA_ESPERA,0,,,,
El Hierro,ES703,06/2022,2022-M06,Neurocirugía,NEUROCIRUGIA,Población en lista de espera,POBLACION_LISTA_ESPERA,0,,,,
Canarias,ES70,06/2022,2022-M06,Neumología,NEUMOLOGIA,Población en lista de espera,POBLACION_LISTA_ESPERA,1873,,,,
Lanzarote,ES708,06/2022,2022-M06,Neumología,NEUMOLOGIA,Población en lista de espera,POBLACION_LISTA_ESPERA,71,,,,
Fuerteventura,ES704,06/2022,2022-M06,Neumología,NEUMOLOGIA,Población en lista de espera,POBLACION_LISTA_ESPERA,13,,,,
Gran Canaria,ES705,06/2022,2022-M06,Neumología,NEUMOLOGIA,Población en lista de espera,POBLACION_LISTA_ESPERA,935,,,,
Tenerife,ES709,06/2022,2022-M06,Neumología,NEUMOLOGIA,Población en lista de espera,POBLACION_LISTA_ESPERA,850,,,,
La Gomera,ES706,06/2022,2022-M06,Neumología,NEUMOLOGIA,Población en lista de espera,POBLACION_LISTA_ESPERA,0,,,,
La Palma,ES707,06/2022,2022-M06,Neumología,NEUMOLOGIA,Población en lista de espera,POBLACION_LISTA_ESPERA,2,,,,
El Hierro,ES703,06/2022,2022-M06,Neumología,NEUMOLOGIA,Población en lista de espera,POBLACION_LISTA_ESPERA,2,,,,
Canarias,ES70,06/2022,2022-M06,Nefrología,NEFROLOGIA,Población en lista de espera,POBLACION_LISTA_ESPERA,258,,,,
Lanzarote,ES708,06/2022,2022-M06,Nefrología,NEFROLOGIA,Población en lista de espera,POBLACION_LISTA_ESPERA,1,,,,
Fuerteventura,ES704,06/2022,2022-M06,Nefrología,NEFROLOGIA,Población en lista de espera,POBLACION_LISTA_ESPERA,3,,,,
Gran Canaria,ES705,06/2022,2022-M06,Nefrología,NEFROLOGIA,Población en lista de espera,POBLACION_LISTA_ESPERA,136,,,,
Tenerife,ES709,06/2022,2022-M06,Nefrología,NEFROLOGIA,Población en lista de espera,POBLACION_LISTA_ESPERA,103,,,,
La Gomera,ES706,06/2022,2022-M06,Nefrología,NEFROLOGIA,Población en lista de espera,POBLACION_LISTA_ESPERA,14,,,,
La Palma,ES707,06/2022,2022-M06,Nefrología,NEFROLOGIA,Población en lista de espera,POBLACION_LISTA_ESPERA,0,,,,
El Hierro,ES703,06/2022,2022-M06,Nefrología,NEFROLOGIA,Población en lista de espera,POBLACION_LISTA_ESPERA,1,,,,
Canarias,ES70,06/2022,2022-M06,Medicina interna,MEDICINA_INTERNA,Población en lista de espera,POBLACION_LISTA_ESPERA,737,,,,
Lanzarote,ES708,06/2022,2022-M06,Medicina interna,MEDICINA_INTERNA,Población en lista de espera,POBLACION_LISTA_ESPERA,23,,,,
Fuerteventura,ES704,06/2022,2022-M06,Medicina interna,MEDICINA_INTERNA,Población en lista de espera,POBLACION_LISTA_ESPERA,11,,,,
Gran Canaria,ES705,06/2022,2022-M06,Medicina interna,MEDICINA_INTERNA,Población en lista de espera,POBLACION_LISTA_ESPERA,494,,,,
Tenerife,ES709,06/2022,2022-M06,Medicina interna,MEDICINA_INTERNA,Población en lista de espera,POBLACION_LISTA_ESPERA,149,,,,
La Gomera,ES706,06/2022,2022-M06,Medicina interna,MEDICINA_INTERNA,Población en lista de espera,POBLACION_LISTA_ESPERA,20,,,,
La Palma,ES707,06/2022,2022-M06,Medicina interna,MEDICINA_INTERNA,Población en lista de espera,POBLACION_LISTA_ESPERA,0,,,,
El Hierro,ES703,06/2022,2022-M06,Medicina interna,MEDICINA_INTERNA,Población en lista de espera,POBLACION_LISTA_ESPERA,40,,,,
Canarias,ES70,06/2022,2022-M06,Hematología,HEMATOLOGIA,Población en lista de espera,POBLACION_LISTA_ESPERA,333,,,,
Lanzarote,ES708,06/2022,2022-M06,Hematología,HEMATOLOGIA,Población en lista de espera,POBLACION_LISTA_ESPERA,41,,,,
Fuerteventura,ES704,06/2022,2022-M06,Hematología,HEMATOLOGIA,Población en lista de espera,POBLACION_LISTA_ESPERA,23,,,,
Gran Canaria,ES705,06/2022,2022-M06,Hematología,HEMATOLOGIA,Población en lista de espera,POBLACION_LISTA_ESPERA,207,,,,
Tenerife,ES709,06/2022,2022-M06,Hematología,HEMATOLOGIA,Población en lista de espera,POBLACION_LISTA_ESPERA,45,,,,
La Gomera,ES706,06/2022,2022-M06,Hematología,HEMATOLOGIA,Población en lista de espera,POBLACION_LISTA_ESPERA,15,,,,
La Palma,ES707,06/2022,2022-M06,Hematología,HEMATOLOGIA,Población en lista de espera,POBLACION_LISTA_ESPERA,0,,,,
El Hierro,ES703,06/2022,2022-M06,Hematología,HEMATOLOGIA,Población en lista de espera,POBLACION_LISTA_ESPERA,2,,,,
Canarias,ES70,06/2022,2022-M06,Ginecología,GINECOLOGIA,Población en lista de espera,POBLACION_LISTA_ESPERA,3386,,,,
Lanzarote,ES708,06/2022,2022-M06,Ginecología,GINECOLOGIA,Población en lista de espera,POBLACION_LISTA_ESPERA,109,,,,
Fuerteventura,ES704,06/2022,2022-M06,Ginecología,GINECOLOGIA,Población en lista de espera,POBLACION_LISTA_ESPERA,42,,,,
Gran Canaria,ES705,06/2022,2022-M06,Ginecología,GINECOLOGIA,Población en lista de espera,POBLACION_LISTA_ESPERA,2556,,,,
Tenerife,ES709,06/2022,2022-M06,Ginecología,GINECOLOGIA,Población en lista de espera,POBLACION_LISTA_ESPERA,462,,,,
La Gomera,ES706,06/2022,2022-M06,Ginecología,GINECOLOGIA,Población en lista de espera,POBLACION_LISTA_ESPERA,54,,,,
La Palma,ES707,06/2022,2022-M06,Ginecología,GINECOLOGIA,Población en lista de espera,POBLACION_LISTA_ESPERA,25,,,,
El Hierro,ES703,06/2022,2022-M06,Ginecología,GINECOLOGIA,Población en lista de espera,POBLACION_LISTA_ESPERA,138,,,,
Canarias,ES70,06/2022,2022-M06,Endocrinología,ENDOCRINOLOGIA,Población en lista de espera,POBLACION_LISTA_ESPERA,1120,,,,
Lanzarote,ES708,06/2022,2022-M06,Endocrinología,ENDOCRINOLOGIA,Población en lista de espera,POBLACION_LISTA_ESPERA,99,,,,
Fuerteventura,ES704,06/2022,2022-M06,Endocrinología,ENDOCRINOLOGIA,Población en lista de espera,POBLACION_LISTA_ESPERA,248,,,,
Gran Canaria,ES705,06/2022,2022-M06,Endocrinología,ENDOCRINOLOGIA,Población en lista de espera,POBLACION_LISTA_ESPERA,481,,,,
Tenerife,ES709,06/2022,2022-M06,Endocrinología,ENDOCRINOLOGIA,Población en lista de espera,POBLACION_LISTA_ESPERA,205,,,,
La Gomera,ES706,06/2022,2022-M06,Endocrinología,ENDOCRINOLOGIA,Población en lista de espera,POBLACION_LISTA_ESPERA,15,,,,
La Palma,ES707,06/2022,2022-M06,Endocrinología,ENDOCRINOLOGIA,Población en lista de espera,POBLACION_LISTA_ESPERA,60,,,,
El Hierro,ES703,06/2022,2022-M06,Endocrinología,ENDOCRINOLOGIA,Población en lista de espera,POBLACION_LISTA_ESPERA,12,,,,
Canarias,ES70,06/2022,2022-M06,Digestivo,DIGESTIVO,Población en lista de espera,POBLACION_LISTA_ESPERA,2475,,,,
Lanzarote,ES708,06/2022,2022-M06,Digestivo,DIGESTIVO,Población en lista de espera,POBLACION_LISTA_ESPERA,74,,,,
Fuerteventura,ES704,06/2022,2022-M06,Digestivo,DIGESTIVO,Población en lista de espera,POBLACION_LISTA_ESPERA,26,,,,
Gran Canaria,ES705,06/2022,2022-M06,Digestivo,DIGESTIVO,Población en lista de espera,POBLACION_LISTA_ESPERA,1524,,,,
Tenerife,ES709,06/2022,2022-M06,Digestivo,DIGESTIVO,Población en lista de espera,POBLACION_LISTA_ESPERA,824,,,,
La Gomera,ES706,06/2022,2022-M06,Digestivo,DIGESTIVO,Población en lista de espera,POBLACION_LISTA_ESPERA,5,,,,
La Palma,ES707,06/2022,2022-M06,Digestivo,DIGESTIVO,Población en lista de espera,POBLACION_LISTA_ESPERA,2,,,,
El Hierro,ES703,06/2022,2022-M06,Digestivo,DIGESTIVO,Población en lista de espera,POBLACION_LISTA_ESPERA,20,,,,
Canarias,ES70,06/2022,2022-M06,Dermatología,DERMATOLOGIA,Población en lista de espera,POBLACION_LISTA_ESPERA,22064,,,,
Lanzarote,ES708,06/2022,2022-M06,Dermatología,DERMATOLOGIA,Población en lista de espera,POBLACION_LISTA_ESPERA,123,,,,
Fuerteventura,ES704,06/2022,2022-M06,Dermatología,DERMATOLOGIA,Población en lista de espera,POBLACION_LISTA_ESPERA,446,,,,
Gran Canaria,ES705,06/2022,2022-M06,Dermatología,DERMATOLOGIA,Población en lista de espera,POBLACION_LISTA_ESPERA,7857,,,,
Tenerife,ES709,06/2022,2022-M06,Dermatología,DERMATOLOGIA,Población en lista de espera,POBLACION_LISTA_ESPERA,13357,,,,
La Gomera,ES706,06/2022,2022-M06,Dermatología,DERMATOLOGIA,Población en lista de espera,POBLACION_LISTA_ESPERA,232,,,,
La Palma,ES707,06/2022,2022-M06,Dermatología,DERMATOLOGIA,Población en lista de espera,POBLACION_LISTA_ESPERA,1,,,,
El Hierro,ES703,06/2022,2022-M06,Dermatología,DERMATOLOGIA,Población en lista de espera,POBLACION_LISTA_ESPERA,48,,,,
Canarias,ES70,06/2022,2022-M06,Cirugía torácica,CIRUGIA_TORACICA,Población en lista de espera,POBLACION_LISTA_ESPERA,61,,,,
Lanzarote,ES708,06/2022,2022-M06,Cirugía torácica,CIRUGIA_TORACICA,Población en lista de espera,POBLACION_LISTA_ESPERA,0,,,,
Fuerteventura,ES704,06/2022,2022-M06,Cirugía torácica,CIRUGIA_TORACICA,Población en lista de espera,POBLACION_LISTA_ESPERA,1,,,,
Gran Canaria,ES705,06/2022,2022-M06,Cirugía torácica,CIRUGIA_TORACICA,Población en lista de espera,POBLACION_LISTA_ESPERA,41,,,,
Tenerife,ES709,06/2022,2022-M06,Cirugía torácica,CIRUGIA_TORACICA,Población en lista de espera,POBLACION_LISTA_ESPERA,19,,,,
La Gomera,ES706,06/2022,2022-M06,Cirugía torácica,CIRUGIA_TORACICA,Población en lista de espera,POBLACION_LISTA_ESPERA,0,,,,
La Palma,ES707,06/2022,2022-M06,Cirugía torácica,CIRUGIA_TORACICA,Población en lista de espera,POBLACION_LISTA_ESPERA,0,,,,
El Hierro,ES703,06/2022,2022-M06,Cirugía torácica,CIRUGIA_TORACICA,Población en lista de espera,POBLACION_LISTA_ESPERA,0,,,,
Canarias,ES70,06/2022,2022-M06,Cirugía plástica y reparadora,CIRUGIA_PLASTICA_REPARADORA,Población en lista de espera,POBLACION_LISTA_ESPERA,794,,,,
Lanzarote,ES708,06/2022,2022-M06,Cirugía plástica y reparadora,CIRUGIA_PLASTICA_REPARADORA,Población en lista de espera,POBLACION_LISTA_ESPERA,0,,,,
Fuerteventura,ES704,06/2022,2022-M06,Cirugía plástica y reparadora,CIRUGIA_PLASTICA_REPARADORA,Población en lista de espera,POBLACION_LISTA_ESPERA,0,,,,
Gran Canaria,ES705,06/2022,2022-M06,Cirugía plástica y reparadora,CIRUGIA_PLASTICA_REPARADORA,Población en lista de espera,POBLACION_LISTA_ESPERA,466,,,,
Tenerife,ES709,06/2022,2022-M06,Cirugía plástica y reparadora,CIRUGIA_PLASTICA_REPARADORA,Población en lista de espera,POBLACION_LISTA_ESPERA,328,,,,
La Gomera,ES706,06/2022,2022-M06,Cirugía plástica y reparadora,CIRUGIA_PLASTICA_REPARADORA,Población en lista de espera,POBLACION_LISTA_ESPERA,0,,,,
La Palma,ES707,06/2022,2022-M06,Cirugía plástica y reparadora,CIRUGIA_PLASTICA_REPARADORA,Población en lista de espera,POBLACION_LISTA_ESPERA,0,,,,
El Hierro,ES703,06/2022,2022-M06,Cirugía plástica y reparadora,CIRUGIA_PLASTICA_REPARADORA,Población en lista de espera,POBLACION_LISTA_ESPERA,0,,,,
Canarias,ES70,06/2022,2022-M06,Cirugía pediátrica,CIRUGIA_PEDIATRICA,Población en lista de espera,POBLACION_LISTA_ESPERA,118,,,,
Lanzarote,ES708,06/2022,2022-M06,Cirugía pediátrica,CIRUGIA_PEDIATRICA,Población en lista de espera,POBLACION_LISTA_ESPERA,0,,,,
Fuerteventura,ES704,06/2022,2022-M06,Cirugía pediátrica,CIRUGIA_PEDIATRICA,Población en lista de espera,POBLACION_LISTA_ESPERA,0,,,,
Gran Canaria,ES705,06/2022,2022-M06,Cirugía pediátrica,CIRUGIA_PEDIATRICA,Población en lista de espera,POBLACION_LISTA_ESPERA,33,,,,
Tenerife,ES709,06/2022,2022-M06,Cirugía pediátrica,CIRUGIA_PEDIATRICA,Población en lista de espera,POBLACION_LISTA_ESPERA,85,,,,
La Gomera,ES706,06/2022,2022-M06,Cirugía pediátrica,CIRUGIA_PEDIATRICA,Población en lista de espera,POBLACION_LISTA_ESPERA,0,,,,
La Palma,ES707,06/2022,2022-M06,Cirugía pediátrica,CIRUGIA_PEDIATRICA,Población en lista de espera,POBLACION_LISTA_ESPERA,0,,,,
El Hierro,ES703,06/2022,2022-M06,Cirugía pediátrica,CIRUGIA_PEDIATRICA,Población en lista de espera,POBLACION_LISTA_ESPERA,0,,,,
Canarias,ES70,06/2022,2022-M06,Cirugía maxilofacial,CIRUGIA_MAXILOFACIAL,Población en lista de espera,POBLACION_LISTA_ESPERA,2599,,,,
Lanzarote,ES708,06/2022,2022-M06,Cirugía maxilofacial,CIRUGIA_MAXILOFACIAL,Población en lista de espera,POBLACION_LISTA_ESPERA,0,,,,
Fuerteventura,ES704,06/2022,2022-M06,Cirugía maxilofacial,CIRUGIA_MAXILOFACIAL,Población en lista de espera,POBLACION_LISTA_ESPERA,0,,,,
Gran Canaria,ES705,06/2022,2022-M06,Cirugía maxilofacial,CIRUGIA_MAXILOFACIAL,Población en lista de espera,POBLACION_LISTA_ESPERA,968,,,,
Tenerife,ES709,06/2022,2022-M06,Cirugía maxilofacial,CIRUGIA_MAXILOFACIAL,Población en lista de espera,POBLACION_LISTA_ESPERA,1631,,,,
La Gomera,ES706,06/2022,2022-M06,Cirugía maxilofacial,CIRUGIA_MAXILOFACIAL,Población en lista de espera,POBLACION_LISTA_ESPERA,0,,,,
La Palma,ES707,06/2022,2022-M06,Cirugía maxilofacial,CIRUGIA_MAXILOFACIAL,Población en lista de espera,POBLACION_LISTA_ESPERA,0,,,,
El Hierro,ES703,06/2022,2022-M06,Cirugía maxilofacial,CIRUGIA_MAXILOFACIAL,Población en lista de espera,POBLACION_LISTA_ESPERA,0,,,,
Canarias,ES70,06/2022,2022-M06,Cirugía general y digestiva,CIRUGIA_GENERAL_DIGESTIVA,Población en lista de espera,POBLACION_LISTA_ESPERA,3801,,,,
Lanzarote,ES708,06/2022,2022-M06,Cirugía general y digestiva,CIRUGIA_GENERAL_DIGESTIVA,Población en lista de espera,POBLACION_LISTA_ESPERA,83,,,,
Fuerteventura,ES704,06/2022,2022-M06,Cirugía general y digestiva,CIRUGIA_GENERAL_DIGESTIVA,Población en lista de espera,POBLACION_LISTA_ESPERA,205,,,,
Gran Canaria,ES705,06/2022,2022-M06,Cirugía general y digestiva,CIRUGIA_GENERAL_DIGESTIVA,Población en lista de espera,POBLACION_LISTA_ESPERA,2816,,,,
Tenerife,ES709,06/2022,2022-M06,Cirugía general y digestiva,CIRUGIA_GENERAL_DIGESTIVA,Población en lista de espera,POBLACION_LISTA_ESPERA,570,,,,
La Gomera,ES706,06/2022,2022-M06,Cirugía general y digestiva,CIRUGIA_GENERAL_DIGESTIVA,Población en lista de espera,POBLACION_LISTA_ESPERA,60,,,,
La Palma,ES707,06/2022,2022-M06,Cirugía general y digestiva,CIRUGIA_GENERAL_DIGESTIVA,Población en lista de espera,POBLACION_LISTA_ESPERA,62,,,,
El Hierro,ES703,06/2022,2022-M06,Cirugía general y digestiva,CIRUGIA_GENERAL_DIGESTIVA,Población en lista de espera,POBLACION_LISTA_ESPERA,5,,,,
Canarias,ES70,06/2022,2022-M06,Cirugía cardíaca,CIRUGIA_CARDIACA,Población en lista de espera,POBLACION_LISTA_ESPERA,15,,,,
Lanzarote,ES708,06/2022,2022-M06,Cirugía cardíaca,CIRUGIA_CARDIACA,Población en lista de espera,POBLACION_LISTA_ESPERA,0,,,,
Fuerteventura,ES704,06/2022,2022-M06,Cirugía cardíaca,CIRUGIA_CARDIACA,Población en lista de espera,POBLACION_LISTA_ESPERA,0,,,,
Gran Canaria,ES705,06/2022,2022-M06,Cirugía cardíaca,CIRUGIA_CARDIACA,Población en lista de espera,POBLACION_LISTA_ESPERA,15,,,,
Tenerife,ES709,06/2022,2022-M06,Cirugía cardíaca,CIRUGIA_CARDIACA,Población en lista de espera,POBLACION_LISTA_ESPERA,0,,,,
La Gomera,ES706,06/2022,2022-M06,Cirugía cardíaca,CIRUGIA_CARDIACA,Población en lista de espera,POBLACION_LISTA_ESPERA,0,,,,
La Palma,ES707,06/2022,2022-M06,Cirugía cardíaca,CIRUGIA_CARDIACA,Población en lista de espera,POBLACION_LISTA_ESPERA,0,,,,
El Hierro,ES703,06/2022,2022-M06,Cirugía cardíaca,CIRUGIA_CARDIACA,Población en lista de espera,POBLACION_LISTA_ESPERA,0,,,,
Canarias,ES70,06/2022,2022-M06,Cardiología,CARDIOLOGIA,Población en lista de espera,POBLACION_LISTA_ESPERA,1785,,,,
Lanzarote,ES708,06/2022,2022-M06,Cardiología,CARDIOLOGIA,Población en lista de espera,POBLACION_LISTA_ESPERA,78,,,,
Fuerteventura,ES704,06/2022,2022-M06,Cardiología,CARDIOLOGIA,Población en lista de espera,POBLACION_LISTA_ESPERA,21,,,,
Gran Canaria,ES705,06/2022,2022-M06,Cardiología,CARDIOLOGIA,Población en lista de espera,POBLACION_LISTA_ESPERA,1126,,,,
Tenerife,ES709,06/2022,2022-M06,Cardiología,CARDIOLOGIA,Población en lista de espera,POBLACION_LISTA_ESPERA,475,,,,
La Gomera,ES706,06/2022,2022-M06,Cardiología,CARDIOLOGIA,Población en lista de espera,POBLACION_LISTA_ESPERA,7,,,,
La Palma,ES707,06/2022,2022-M06,Cardiología,CARDIOLOGIA,Población en lista de espera,POBLACION_LISTA_ESPERA,64,,,,
El Hierro,ES703,06/2022,2022-M06,Cardiología,CARDIOLOGIA,Población en lista de espera,POBLACION_LISTA_ESPERA,14,,,,
Canarias,ES70,06/2022,2022-M06,Angiología y cirugía vascular,ANGIOLOGIA_CIRUGIA_VASCULAR,Población en lista de espera,POBLACION_LISTA_ESPERA,517,,,,
Lanzarote,ES708,06/2022,2022-M06,Angiología y cirugía vascular,ANGIOLOGIA_CIRUGIA_VASCULAR,Población en lista de espera,POBLACION_LISTA_ESPERA,58,,,,
Fuerteventura,ES704,06/2022,2022-M06,Angiología y cirugía vascular,ANGIOLOGIA_CIRUGIA_VASCULAR,Población en lista de espera,POBLACION_LISTA_ESPERA,6,,,,
Gran Canaria,ES705,06/2022,2022-M06,Angiología y cirugía vascular,ANGIOLOGIA_CIRUGIA_VASCULAR,Población en lista de espera,POBLACION_LISTA_ESPERA,401,,,,
Tenerife,ES709,06/2022,2022-M06,Angiología y cirugía vascular,ANGIOLOGIA_CIRUGIA_VASCULAR,Población en lista de espera,POBLACION_LISTA_ESPERA,52,,,,
La Gomera,ES706,06/2022,2022-M06,Angiología y cirugía vascular,ANGIOLOGIA_CIRUGIA_VASCULAR,Población en lista de espera,POBLACION_LISTA_ESPERA,0,,,,
La Palma,ES707,06/2022,2022-M06,Angiología y cirugía vascular,ANGIOLOGIA_CIRUGIA_VASCULAR,Población en lista de espera,POBLACION_LISTA_ESPERA,0,,,,
El Hierro,ES703,06/2022,2022-M06,Angiología y cirugía vascular,ANGIOLOGIA_CIRUGIA_VASCULAR,Población en lista de espera,POBLACION_LISTA_ESPERA,0,,,,
Canarias,ES70,06/2022,2022-M06,Alergia,ALERGIA,Población en lista de espera,POBLACION_LISTA_ESPERA,772,,,,
Lanzarote,ES708,06/2022,2022-M06,Alergia,ALERGIA,Población en lista de espera,POBLACION_LISTA_ESPERA,71,,,,
Fuerteventura,ES704,06/2022,2022-M06,Alergia,ALERGIA,Población en lista de espera,POBLACION_LISTA_ESPERA,37,,,,
Gran Canaria,ES705,06/2022,2022-M06,Alergia,ALERGIA,Población en lista de espera,POBLACION_LISTA_ESPERA,284,,,,
Tenerife,ES709,06/2022,2022-M06,Alergia,ALERGIA,Población en lista de espera,POBLACION_LISTA_ESPERA,335,,,,
La Gomera,ES706,06/2022,2022-M06,Alergia,ALERGIA,Población en lista de espera,POBLACION_LISTA_ESPERA,17,,,,
La Palma,ES707,06/2022,2022-M06,Alergia,ALERGIA,Población en lista de espera,POBLACION_LISTA_ESPERA,2,,,,
El Hierro,ES703,06/2022,2022-M06,Alergia,ALERGIA,Población en lista de espera,POBLACION_LISTA_ESPERA,26,,,,
Canarias,ES70,12/2022,2022-M12,Urología,UROLOGIA,Población en lista de espera,POBLACION_LISTA_ESPERA,3932,,,,
Lanzarote,ES708,12/2022,2022-M12,Urología,UROLOGIA,Población en lista de espera,POBLACION_LISTA_ESPERA,59,,,,
Fuerteventura,ES704,12/2022,2022-M12,Urología,UROLOGIA,Población en lista de espera,POBLACION_LISTA_ESPERA,56,,,,
Gran Canaria,ES705,12/2022,2022-M12,Urología,UROLOGIA,Población en lista de espera,POBLACION_LISTA_ESPERA,993,,,,
Tenerife,ES709,12/2022,2022-M12,Urología,UROLOGIA,Población en lista de espera,POBLACION_LISTA_ESPERA,2790,,,,
La Gomera,ES706,12/2022,2022-M12,Urología,UROLOGIA,Población en lista de espera,POBLACION_LISTA_ESPERA,0,,,,
La Palma,ES707,12/2022,2022-M12,Urología,UROLOGIA,Población en lista de espera,POBLACION_LISTA_ESPERA,28,,,,
El Hierro,ES703,12/2022,2022-M12,Urología,UROLOGIA,Población en lista de espera,POBLACION_LISTA_ESPERA,6,,,,
Canarias,ES70,12/2022,2022-M12,Traumatología y cirugía ortopédica,TRAUMATOLOGIA_CIRUGIA_ORTOPEDICA,Población en lista de espera,POBLACION_LISTA_ESPERA,14745,,,,
Lanzarote,ES708,12/2022,2022-M12,Traumatología y cirugía ortopédica,TRAUMATOLOGIA_CIRUGIA_ORTOPEDICA,Población en lista de espera,POBLACION_LISTA_ESPERA,334,,,,
Fuerteventura,ES704,12/2022,2022-M12,Traumatología y cirugía ortopédica,TRAUMATOLOGIA_CIRUGIA_ORTOPEDICA,Población en lista de espera,POBLACION_LISTA_ESPERA,210,,,,
Gran Canaria,ES705,12/2022,2022-M12,Traumatología y cirugía ortopédica,TRAUMATOLOGIA_CIRUGIA_ORTOPEDICA,Población en lista de espera,POBLACION_LISTA_ESPERA,11192,,,,
Tenerife,ES709,12/2022,2022-M12,Traumatología y cirugía ortopédica,TRAUMATOLOGIA_CIRUGIA_ORTOPEDICA,Población en lista de espera,POBLACION_LISTA_ESPERA,2858,,,,
La Gomera,ES706,12/2022,2022-M12,Traumatología y cirugía ortopédica,TRAUMATOLOGIA_CIRUGIA_ORTOPEDICA,Población en lista de espera,POBLACION_LISTA_ESPERA,91,,,,
La Palma,ES707,12/2022,2022-M12,Traumatología y cirugía ortopédica,TRAUMATOLOGIA_CIRUGIA_ORTOPEDICA,Población en lista de espera,POBLACION_LISTA_ESPERA,30,,,,
El Hierro,ES703,12/2022,2022-M12,Traumatología y cirugía ortopédica,TRAUMATOLOGIA_CIRUGIA_ORTOPEDICA,Población en lista de espera,POBLACION_LISTA_ESPERA,30,,,,
Canarias,ES70,12/2022,2022-M12,Total,_T,Población en lista de espera,POBLACION_LISTA_ESPERA,139291,,,,
Lanzarote,ES708,12/2022,2022-M12,Total,_T,Población en lista de espera,POBLACION_LISTA_ESPERA,2297,,,,
Fuerteventura,ES704,12/2022,2022-M12,Total,_T,Población en lista de espera,POBLACION_LISTA_ESPERA,2738,,,,
Gran Canaria,ES705,12/2022,2022-M12,Total,_T,Población en lista de espera,POBLACION_LISTA_ESPERA,69141,,,,
Tenerife,ES709,12/2022,2022-M12,Total,_T,Población en lista de espera,POBLACION_LISTA_ESPERA,63022,,,,
La Gomera,ES706,12/2022,2022-M12,Total,_T,Población en lista de espera,POBLACION_LISTA_ESPERA,1030,,,,
La Palma,ES707,12/2022,2022-M12,Total,_T,Población en lista de espera,POBLACION_LISTA_ESPERA,816,,,,
El Hierro,ES703,12/2022,2022-M12,Total,_T,Población en lista de espera,POBLACION_LISTA_ESPERA,247,,,,
Canarias,ES70,12/2022,2022-M12,Reumatología,REUMATOLOGIA,Población en lista de espera,POBLACION_LISTA_ESPERA,1767,,,,
Lanzarote,ES708,12/2022,2022-M12,Reumatología,REUMATOLOGIA,Población en lista de espera,POBLACION_LISTA_ESPERA,92,,,,
Fuerteventura,ES704,12/2022,2022-M12,Reumatología,REUMATOLOGIA,Población en lista de espera,POBLACION_LISTA_ESPERA,93,,,,
Gran Canaria,ES705,12/2022,2022-M12,Reumatología,REUMATOLOGIA,Población en lista de espera,POBLACION_LISTA_ESPERA,1111,,,,
Tenerife,ES709,12/2022,2022-M12,Reumatología,REUMATOLOGIA,Población en lista de espera,POBLACION_LISTA_ESPERA,448,,,,
La Gomera,ES706,12/2022,2022-M12,Reumatología,REUMATOLOGIA,Población en lista de espera,POBLACION_LISTA_ESPERA,8,,,,
La Palma,ES707,12/2022,2022-M12,Reumatología,REUMATOLOGIA,Población en lista de espera,POBLACION_LISTA_ESPERA,15,,,,
El Hierro,ES703,12/2022,2022-M12,Reumatología,REUMATOLOGIA,Población en lista de espera,POBLACION_LISTA_ESPERA,0,,,,
Canarias,ES70,12/2022,2022-M12,Rehabilitación,REHABILITACION,Población en lista de espera,POBLACION_LISTA_ESPERA,14744,,,,
Lanzarote,ES708,12/2022,2022-M12,Rehabilitación,REHABILITACION,Población en lista de espera,POBLACION_LISTA_ESPERA,138,,,,
Fuerteventura,ES704,12/2022,2022-M12,Rehabilitación,REHABILITACION,Población en lista de espera,POBLACION_LISTA_ESPERA,140,,,,
Gran Canaria,ES705,12/2022,2022-M12,Rehabilitación,REHABILITACION,Población en lista de espera,POBLACION_LISTA_ESPERA,6900,,,,
Tenerife,ES709,12/2022,2022-M12,Rehabilitación,REHABILITACION,Población en lista de espera,POBLACION_LISTA_ESPERA,7495,,,,
La Gomera,ES706,12/2022,2022-M12,Rehabilitación,REHABILITACION,Población en lista de espera,POBLACION_LISTA_ESPERA,40,,,,
La Palma,ES707,12/2022,2022-M12,Rehabilitación,REHABILITACION,Población en lista de espera,POBLACION_LISTA_ESPERA,29,,,,
El Hierro,ES703,12/2022,2022-M12,Rehabilitación,REHABILITACION,Población en lista de espera,POBLACION_LISTA_ESPERA,2,,,,
Canarias,ES70,12/2022,2022-M12,Psiquiatría,PSIQUIATRIA,Población en lista de espera,POBLACION_LISTA_ESPERA,2804,,,,
Lanzarote,ES708,12/2022,2022-M12,Psiquiatría,PSIQUIATRIA,Población en lista de espera,POBLACION_LISTA_ESPERA,32,,,,
Fuerteventura,ES704,12/2022,2022-M12,Psiquiatría,PSIQUIATRIA,Población en lista de espera,POBLACION_LISTA_ESPERA,374,,,,
Gran Canaria,ES705,12/2022,2022-M12,Psiquiatría,PSIQUIATRIA,Población en lista de espera,POBLACION_LISTA_ESPERA,1545,,,,
Tenerife,ES709,12/2022,2022-M12,Psiquiatría,PSIQUIATRIA,Población en lista de espera,POBLACION_LISTA_ESPERA,748,,,,
La Gomera,ES706,12/2022,2022-M12,Psiquiatría,PSIQUIATRIA,Población en lista de espera,POBLACION_LISTA_ESPERA,35,,,,
La Palma,ES707,12/2022,2022-M12,Psiquiatría,PSIQUIATRIA,Población en lista de espera,POBLACION_LISTA_ESPERA,57,,,,
El Hierro,ES703,12/2022,2022-M12,Psiquiatría,PSIQUIATRIA,Población en lista de espera,POBLACION_LISTA_ESPERA,13,,,,
Canarias,ES70,12/2022,2022-M12,Pediatría,PEDIATRIA,Población en lista de espera,POBLACION_LISTA_ESPERA,607,,,,
Lanzarote,ES708,12/2022,2022-M12,Pediatría,PEDIATRIA,Población en lista de espera,POBLACION_LISTA_ESPERA,97,,,,
Fuerteventura,ES704,12/2022,2022-M12,Pediatría,PEDIATRIA,Población en lista de espera,POBLACION_LISTA_ESPERA,32,,,,
Gran Canaria,ES705,12/2022,2022-M12,Pediatría,PEDIATRIA,Población en lista de espera,POBLACION_LISTA_ESPERA,196,,,,
Tenerife,ES709,12/2022,2022-M12,Pediatría,PEDIATRIA,Población en lista de espera,POBLACION_LISTA_ESPERA,271,,,,
La Gomera,ES706,12/2022,2022-M12,Pediatría,PEDIATRIA,Población en lista de espera,POBLACION_LISTA_ESPERA,6,,,,
La Palma,ES707,12/2022,2022-M12,Pediatría,PEDIATRIA,Población en lista de espera,POBLACION_LISTA_ESPERA,5,,,,
El Hierro,ES703,12/2022,2022-M12,Pediatría,PEDIATRIA,Población en lista de espera,POBLACION_LISTA_ESPERA,0,,,,
Canarias,ES70,12/2022,2022-M12,Otorrinolaringología,OTORRINOLARINGOLOGIA,Población en lista de espera,POBLACION_LISTA_ESPERA,14593,,,,
Lanzarote,ES708,12/2022,2022-M12,Otorrinolaringología,OTORRINOLARINGOLOGIA,Población en lista de espera,POBLACION_LISTA_ESPERA,115,,,,
Fuerteventura,ES704,12/2022,2022-M12,Otorrinolaringología,OTORRINOLARINGOLOGIA,Población en lista de espera,POBLACION_LISTA_ESPERA,92,,,,
Gran Canaria,ES705,12/2022,2022-M12,Otorrinolaringología,OTORRINOLARINGOLOGIA,Población en lista de espera,POBLACION_LISTA_ESPERA,6846,,,,
Tenerife,ES709,12/2022,2022-M12,Otorrinolaringología,OTORRINOLARINGOLOGIA,Población en lista de espera,POBLACION_LISTA_ESPERA,7398,,,,
La Gomera,ES706,12/2022,2022-M12,Otorrinolaringología,OTORRINOLARINGOLOGIA,Población en lista de espera,POBLACION_LISTA_ESPERA,50,,,,
La Palma,ES707,12/2022,2022-M12,Otorrinolaringología,OTORRINOLARINGOLOGIA,Población en lista de espera,POBLACION_LISTA_ESPERA,70,,,,
El Hierro,ES703,12/2022,2022-M12,Otorrinolaringología,OTORRINOLARINGOLOGIA,Población en lista de espera,POBLACION_LISTA_ESPERA,22,,,,
Canarias,ES70,12/2022,2022-M12,Oftalmología,OFTALMOLOGIA,Población en lista de espera,POBLACION_LISTA_ESPERA,24887,,,,
Lanzarote,ES708,12/2022,2022-M12,Oftalmología,OFTALMOLOGIA,Población en lista de espera,POBLACION_LISTA_ESPERA,161,,,,
Fuerteventura,ES704,12/2022,2022-M12,Oftalmología,OFTALMOLOGIA,Población en lista de espera,POBLACION_LISTA_ESPERA,291,,,,
Gran Canaria,ES705,12/2022,2022-M12,Oftalmología,OFTALMOLOGIA,Población en lista de espera,POBLACION_LISTA_ESPERA,10678,,,,
Tenerife,ES709,12/2022,2022-M12,Oftalmología,OFTALMOLOGIA,Población en lista de espera,POBLACION_LISTA_ESPERA,13319,,,,
La Gomera,ES706,12/2022,2022-M12,Oftalmología,OFTALMOLOGIA,Población en lista de espera,POBLACION_LISTA_ESPERA,224,,,,
La Palma,ES707,12/2022,2022-M12,Oftalmología,OFTALMOLOGIA,Población en lista de espera,POBLACION_LISTA_ESPERA,193,,,,
El Hierro,ES703,12/2022,2022-M12,Oftalmología,OFTALMOLOGIA,Población en lista de espera,POBLACION_LISTA_ESPERA,21,,,,
Canarias,ES70,12/2022,2022-M12,Neurología,NEUROLOGIA,Población en lista de espera,POBLACION_LISTA_ESPERA,3768,,,,
Lanzarote,ES708,12/2022,2022-M12,Neurología,NEUROLOGIA,Población en lista de espera,POBLACION_LISTA_ESPERA,188,,,,
Fuerteventura,ES704,12/2022,2022-M12,Neurología,NEUROLOGIA,Población en lista de espera,POBLACION_LISTA_ESPERA,43,,,,
Gran Canaria,ES705,12/2022,2022-M12,Neurología,NEUROLOGIA,Población en lista de espera,POBLACION_LISTA_ESPERA,1843,,,,
Tenerife,ES709,12/2022,2022-M12,Neurología,NEUROLOGIA,Población en lista de espera,POBLACION_LISTA_ESPERA,1593,,,,
La Gomera,ES706,12/2022,2022-M12,Neurología,NEUROLOGIA,Población en lista de espera,POBLACION_LISTA_ESPERA,88,,,,
La Palma,ES707,12/2022,2022-M12,Neurología,NEUROLOGIA,Población en lista de espera,POBLACION_LISTA_ESPERA,0,,,,
El Hierro,ES703,12/2022,2022-M12,Neurología,NEUROLOGIA,Población en lista de espera,POBLACION_LISTA_ESPERA,13,,,,
Canarias,ES70,12/2022,2022-M12,Neurocirugía,NEUROCIRUGIA,Población en lista de espera,POBLACION_LISTA_ESPERA,4076,,,,
Lanzarote,ES708,12/2022,2022-M12,Neurocirugía,NEUROCIRUGIA,Población en lista de espera,POBLACION_LISTA_ESPERA,0,,,,
Fuerteventura,ES704,12/2022,2022-M12,Neurocirugía,NEUROCIRUGIA,Población en lista de espera,POBLACION_LISTA_ESPERA,11,,,,
Gran Canaria,ES705,12/2022,2022-M12,Neurocirugía,NEUROCIRUGIA,Población en lista de espera,POBLACION_LISTA_ESPERA,1426,,,,
Tenerife,ES709,12/2022,2022-M12,Neurocirugía,NEUROCIRUGIA,Población en lista de espera,POBLACION_LISTA_ESPERA,2639,,,,
La Gomera,ES706,12/2022,2022-M12,Neurocirugía,NEUROCIRUGIA,Población en lista de espera,POBLACION_LISTA_ESPERA,0,,,,
La Palma,ES707,12/2022,2022-M12,Neurocirugía,NEUROCIRUGIA,Población en lista de espera,POBLACION_LISTA_ESPERA,0,,,,
El Hierro,ES703,12/2022,2022-M12,Neurocirugía,NEUROCIRUGIA,Población en lista de espera,POBLACION_LISTA_ESPERA,0,,,,
Canarias,ES70,12/2022,2022-M12,Neumología,NEUMOLOGIA,Población en lista de espera,POBLACION_LISTA_ESPERA,2864,,,,
Lanzarote,ES708,12/2022,2022-M12,Neumología,NEUMOLOGIA,Población en lista de espera,POBLACION_LISTA_ESPERA,27,,,,
Fuerteventura,ES704,12/2022,2022-M12,Neumología,NEUMOLOGIA,Población en lista de espera,POBLACION_LISTA_ESPERA,17,,,,
Gran Canaria,ES705,12/2022,2022-M12,Neumología,NEUMOLOGIA,Población en lista de espera,POBLACION_LISTA_ESPERA,1545,,,,
Tenerife,ES709,12/2022,2022-M12,Neumología,NEUMOLOGIA,Población en lista de espera,POBLACION_LISTA_ESPERA,1240,,,,
La Gomera,ES706,12/2022,2022-M12,Neumología,NEUMOLOGIA,Población en lista de espera,POBLACION_LISTA_ESPERA,6,,,,
La Palma,ES707,12/2022,2022-M12,Neumología,NEUMOLOGIA,Población en lista de espera,POBLACION_LISTA_ESPERA,24,,,,
El Hierro,ES703,12/2022,2022-M12,Neumología,NEUMOLOGIA,Población en lista de espera,POBLACION_LISTA_ESPERA,5,,,,
Canarias,ES70,12/2022,2022-M12,Nefrología,NEFROLOGIA,Población en lista de espera,POBLACION_LISTA_ESPERA,369,,,,
Lanzarote,ES708,12/2022,2022-M12,Nefrología,NEFROLOGIA,Población en lista de espera,POBLACION_LISTA_ESPERA,50,,,,
Fuerteventura,ES704,12/2022,2022-M12,Nefrología,NEFROLOGIA,Población en lista de espera,POBLACION_LISTA_ESPERA,6,,,,
Gran Canaria,ES705,12/2022,2022-M12,Nefrología,NEFROLOGIA,Población en lista de espera,POBLACION_LISTA_ESPERA,172,,,,
Tenerife,ES709,12/2022,2022-M12,Nefrología,NEFROLOGIA,Población en lista de espera,POBLACION_LISTA_ESPERA,134,,,,
La Gomera,ES706,12/2022,2022-M12,Nefrología,NEFROLOGIA,Población en lista de espera,POBLACION_LISTA_ESPERA,4,,,,
La Palma,ES707,12/2022,2022-M12,Nefrología,NEFROLOGIA,Población en lista de espera,POBLACION_LISTA_ESPERA,0,,,,
El Hierro,ES703,12/2022,2022-M12,Nefrología,NEFROLOGIA,Población en lista de espera,POBLACION_LISTA_ESPERA,3,,,,
Canarias,ES70,12/2022,2022-M12,Medicina interna,MEDICINA_INTERNA,Población en lista de espera,POBLACION_LISTA_ESPERA,1021,,,,
Lanzarote,ES708,12/2022,2022-M12,Medicina interna,MEDICINA_INTERNA,Población en lista de espera,POBLACION_LISTA_ESPERA,42,,,,
Fuerteventura,ES704,12/2022,2022-M12,Medicina interna,MEDICINA_INTERNA,Población en lista de espera,POBLACION_LISTA_ESPERA,33,,,,
Gran Canaria,ES705,12/2022,2022-M12,Medicina interna,MEDICINA_INTERNA,Población en lista de espera,POBLACION_LISTA_ESPERA,768,,,,
Tenerife,ES709,12/2022,2022-M12,Medicina interna,MEDICINA_INTERNA,Población en lista de espera,POBLACION_LISTA_ESPERA,138,,,,
La Gomera,ES706,12/2022,2022-M12,Medicina interna,MEDICINA_INTERNA,Población en lista de espera,POBLACION_LISTA_ESPERA,29,,,,
La Palma,ES707,12/2022,2022-M12,Medicina interna,MEDICINA_INTERNA,Población en lista de espera,POBLACION_LISTA_ESPERA,0,,,,
El Hierro,ES703,12/2022,2022-M12,Medicina interna,MEDICINA_INTERNA,Población en lista de espera,POBLACION_LISTA_ESPERA,11,,,,
Canarias,ES70,12/2022,2022-M12,Hematología,HEMATOLOGIA,Población en lista de espera,POBLACION_LISTA_ESPERA,348,,,,
Lanzarote,ES708,12/2022,2022-M12,Hematología,HEMATOLOGIA,Población en lista de espera,POBLACION_LISTA_ESPERA,35,,,,
Fuerteventura,ES704,12/2022,2022-M12,Hematología,HEMATOLOGIA,Población en lista de espera,POBLACION_LISTA_ESPERA,18,,,,
Gran Canaria,ES705,12/2022,2022-M12,Hematología,HEMATOLOGIA,Población en lista de espera,POBLACION_LISTA_ESPERA,200,,,,
Tenerife,ES709,12/2022,2022-M12,Hematología,HEMATOLOGIA,Población en lista de espera,POBLACION_LISTA_ESPERA,65,,,,
La Gomera,ES706,12/2022,2022-M12,Hematología,HEMATOLOGIA,Población en lista de espera,POBLACION_LISTA_ESPERA,25,,,,
La Palma,ES707,12/2022,2022-M12,Hematología,HEMATOLOGIA,Población en lista de espera,POBLACION_LISTA_ESPERA,0,,,,
El Hierro,ES703,12/2022,2022-M12,Hematología,HEMATOLOGIA,Población en lista de espera,POBLACION_LISTA_ESPERA,5,,,,
Canarias,ES70,12/2022,2022-M12,Ginecología,GINECOLOGIA,Población en lista de espera,POBLACION_LISTA_ESPERA,3789,,,,
Lanzarote,ES708,12/2022,2022-M12,Ginecología,GINECOLOGIA,Población en lista de espera,POBLACION_LISTA_ESPERA,60,,,,
Fuerteventura,ES704,12/2022,2022-M12,Ginecología,GINECOLOGIA,Población en lista de espera,POBLACION_LISTA_ESPERA,68,,,,
Gran Canaria,ES705,12/2022,2022-M12,Ginecología,GINECOLOGIA,Población en lista de espera,POBLACION_LISTA_ESPERA,3039,,,,
Tenerife,ES709,12/2022,2022-M12,Ginecología,GINECOLOGIA,Población en lista de espera,POBLACION_LISTA_ESPERA,449,,,,
La Gomera,ES706,12/2022,2022-M12,Ginecología,GINECOLOGIA,Población en lista de espera,POBLACION_LISTA_ESPERA,38,,,,
La Palma,ES707,12/2022,2022-M12,Ginecología,GINECOLOGIA,Población en lista de espera,POBLACION_LISTA_ESPERA,77,,,,
El Hierro,ES703,12/2022,2022-M12,Ginecología,GINECOLOGIA,Población en lista de espera,POBLACION_LISTA_ESPERA,58,,,,
Canarias,ES70,12/2022,2022-M12,Endocrinología,ENDOCRINOLOGIA,Población en lista de espera,POBLACION_LISTA_ESPERA,1414,,,,
Lanzarote,ES708,12/2022,2022-M12,Endocrinología,ENDOCRINOLOGIA,Población en lista de espera,POBLACION_LISTA_ESPERA,69,,,,
Fuerteventura,ES704,12/2022,2022-M12,Endocrinología,ENDOCRINOLOGIA,Población en lista de espera,POBLACION_LISTA_ESPERA,68,,,,
Gran Canaria,ES705,12/2022,2022-M12,Endocrinología,ENDOCRINOLOGIA,Población en lista de espera,POBLACION_LISTA_ESPERA,832,,,,
Tenerife,ES709,12/2022,2022-M12,Endocrinología,ENDOCRINOLOGIA,Población en lista de espera,POBLACION_LISTA_ESPERA,322,,,,
La Gomera,ES706,12/2022,2022-M12,Endocrinología,ENDOCRINOLOGIA,Población en lista de espera,POBLACION_LISTA_ESPERA,16,,,,
La Palma,ES707,12/2022,2022-M12,Endocrinología,ENDOCRINOLOGIA,Población en lista de espera,POBLACION_LISTA_ESPERA,95,,,,
El Hierro,ES703,12/2022,2022-M12,Endocrinología,ENDOCRINOLOGIA,Población en lista de espera,POBLACION_LISTA_ESPERA,12,,,,
Canarias,ES70,12/2022,2022-M12,Digestivo,DIGESTIVO,Población en lista de espera,POBLACION_LISTA_ESPERA,3106,,,,
Lanzarote,ES708,12/2022,2022-M12,Digestivo,DIGESTIVO,Población en lista de espera,POBLACION_LISTA_ESPERA,62,,,,
Fuerteventura,ES704,12/2022,2022-M12,Digestivo,DIGESTIVO,Población en lista de espera,POBLACION_LISTA_ESPERA,115,,,,
Gran Canaria,ES705,12/2022,2022-M12,Digestivo,DIGESTIVO,Población en lista de espera,POBLACION_LISTA_ESPERA,1941,,,,
Tenerife,ES709,12/2022,2022-M12,Digestivo,DIGESTIVO,Población en lista de espera,POBLACION_LISTA_ESPERA,940,,,,
La Gomera,ES706,12/2022,2022-M12,Digestivo,DIGESTIVO,Población en lista de espera,POBLACION_LISTA_ESPERA,28,,,,
La Palma,ES707,12/2022,2022-M12,Digestivo,DIGESTIVO,Población en lista de espera,POBLACION_LISTA_ESPERA,20,,,,
El Hierro,ES703,12/2022,2022-M12,Digestivo,DIGESTIVO,Población en lista de espera,POBLACION_LISTA_ESPERA,0,,,,
Canarias,ES70,12/2022,2022-M12,Dermatología,DERMATOLOGIA,Población en lista de espera,POBLACION_LISTA_ESPERA,28262,,,,
Lanzarote,ES708,12/2022,2022-M12,Dermatología,DERMATOLOGIA,Población en lista de espera,POBLACION_LISTA_ESPERA,500,,,,
Fuerteventura,ES704,12/2022,2022-M12,Dermatología,DERMATOLOGIA,Población en lista de espera,POBLACION_LISTA_ESPERA,626,,,,
Gran Canaria,ES705,12/2022,2022-M12,Dermatología,DERMATOLOGIA,Población en lista de espera,POBLACION_LISTA_ESPERA,10316,,,,
Tenerife,ES709,12/2022,2022-M12,Dermatología,DERMATOLOGIA,Población en lista de espera,POBLACION_LISTA_ESPERA,16539,,,,
La Gomera,ES706,12/2022,2022-M12,Dermatología,DERMATOLOGIA,Población en lista de espera,POBLACION_LISTA_ESPERA,258,,,,
La Palma,ES707,12/2022,2022-M12,Dermatología,DERMATOLOGIA,Población en lista de espera,POBLACION_LISTA_ESPERA,3,,,,
El Hierro,ES703,12/2022,2022-M12,Dermatología,DERMATOLOGIA,Población en lista de espera,POBLACION_LISTA_ESPERA,20,,,,
Canarias,ES70,12/2022,2022-M12,Cirugía torácica,CIRUGIA_TORACICA,Población en lista de espera,POBLACION_LISTA_ESPERA,71,,,,
Lanzarote,ES708,12/2022,2022-M12,Cirugía torácica,CIRUGIA_TORACICA,Población en lista de espera,POBLACION_LISTA_ESPERA,0,,,,
Fuerteventura,ES704,12/2022,2022-M12,Cirugía torácica,CIRUGIA_TORACICA,Población en lista de espera,POBLACION_LISTA_ESPERA,0,,,,
Gran Canaria,ES705,12/2022,2022-M12,Cirugía torácica,CIRUGIA_TORACICA,Población en lista de espera,POBLACION_LISTA_ESPERA,50,,,,
Tenerife,ES709,12/2022,2022-M12,Cirugía torácica,CIRUGIA_TORACICA,Población en lista de espera,POBLACION_LISTA_ESPERA,21,,,,
La Gomera,ES706,12/2022,2022-M12,Cirugía torácica,CIRUGIA_TORACICA,Población en lista de espera,POBLACION_LISTA_ESPERA,0,,,,
La Palma,ES707,12/2022,2022-M12,Cirugía torácica,CIRUGIA_TORACICA,Población en lista de espera,POBLACION_LISTA_ESPERA,0,,,,
El Hierro,ES703,12/2022,2022-M12,Cirugía torácica,CIRUGIA_TORACICA,Población en lista de espera,POBLACION_LISTA_ESPERA,0,,,,
Canarias,ES70,12/2022,2022-M12,Cirugía plástica y reparadora,CIRUGIA_PLASTICA_REPARADORA,Población en lista de espera,POBLACION_LISTA_ESPERA,1094,,,,
Lanzarote,ES708,12/2022,2022-M12,Cirugía plástica y reparadora,CIRUGIA_PLASTICA_REPARADORA,Población en lista de espera,POBLACION_LISTA_ESPERA,0,,,,
Fuerteventura,ES704,12/2022,2022-M12,Cirugía plástica y reparadora,CIRUGIA_PLASTICA_REPARADORA,Población en lista de espera,POBLACION_LISTA_ESPERA,0,,,,
Gran Canaria,ES705,12/2022,2022-M12,Cirugía plástica y reparadora,CIRUGIA_PLASTICA_REPARADORA,Población en lista de espera,POBLACION_LISTA_ESPERA,774,,,,
Tenerife,ES709,12/2022,2022-M12,Cirugía plástica y reparadora,CIRUGIA_PLASTICA_REPARADORA,Población en lista de espera,POBLACION_LISTA_ESPERA,320,,,,
La Gomera,ES706,12/2022,2022-M12,Cirugía plástica y reparadora,CIRUGIA_PLASTICA_REPARADORA,Población en lista de espera,POBLACION_LISTA_ESPERA,0,,,,
La Palma,ES707,12/2022,2022-M12,Cirugía plástica y reparadora,CIRUGIA_PLASTICA_REPARADORA,Población en lista de espera,POBLACION_LISTA_ESPERA,0,,,,
El Hierro,ES703,12/2022,2022-M12,Cirugía plástica y reparadora,CIRUGIA_PLASTICA_REPARADORA,Población en lista de espera,POBLACION_LISTA_ESPERA,0,,,,
Canarias,ES70,12/2022,2022-M12,Cirugía pediátrica,CIRUGIA_PEDIATRICA,Población en lista de espera,POBLACION_LISTA_ESPERA,151,,,,
Lanzarote,ES708,12/2022,2022-M12,Cirugía pediátrica,CIRUGIA_PEDIATRICA,Población en lista de espera,POBLACION_LISTA_ESPERA,0,,,,
Fuerteventura,ES704,12/2022,2022-M12,Cirugía pediátrica,CIRUGIA_PEDIATRICA,Población en lista de espera,POBLACION_LISTA_ESPERA,0,,,,
Gran Canaria,ES705,12/2022,2022-M12,Cirugía pediátrica,CIRUGIA_PEDIATRICA,Población en lista de espera,POBLACION_LISTA_ESPERA,59,,,,
Tenerife,ES709,12/2022,2022-M12,Cirugía pediátrica,CIRUGIA_PEDIATRICA,Población en lista de espera,POBLACION_LISTA_ESPERA,92,,,,
La Gomera,ES706,12/2022,2022-M12,Cirugía pediátrica,CIRUGIA_PEDIATRICA,Población en lista de espera,POBLACION_LISTA_ESPERA,0,,,,
La Palma,ES707,12/2022,2022-M12,Cirugía pediátrica,CIRUGIA_PEDIATRICA,Población en lista de espera,POBLACION_LISTA_ESPERA,0,,,,
El Hierro,ES703,12/2022,2022-M12,Cirugía pediátrica,CIRUGIA_PEDIATRICA,Población en lista de espera,POBLACION_LISTA_ESPERA,0,,,,
Canarias,ES70,12/2022,2022-M12,Cirugía maxilofacial,CIRUGIA_MAXILOFACIAL,Población en lista de espera,POBLACION_LISTA_ESPERA,3301,,,,
Lanzarote,ES708,12/2022,2022-M12,Cirugía maxilofacial,CIRUGIA_MAXILOFACIAL,Población en lista de espera,POBLACION_LISTA_ESPERA,0,,,,
Fuerteventura,ES704,12/2022,2022-M12,Cirugía maxilofacial,CIRUGIA_MAXILOFACIAL,Población en lista de espera,POBLACION_LISTA_ESPERA,0,,,,
Gran Canaria,ES705,12/2022,2022-M12,Cirugía maxilofacial,CIRUGIA_MAXILOFACIAL,Población en lista de espera,POBLACION_LISTA_ESPERA,1611,,,,
Tenerife,ES709,12/2022,2022-M12,Cirugía maxilofacial,CIRUGIA_MAXILOFACIAL,Población en lista de espera,POBLACION_LISTA_ESPERA,1690,,,,
La Gomera,ES706,12/2022,2022-M12,Cirugía maxilofacial,CIRUGIA_MAXILOFACIAL,Población en lista de espera,POBLACION_LISTA_ESPERA,0,,,,
La Palma,ES707,12/2022,2022-M12,Cirugía maxilofacial,CIRUGIA_MAXILOFACIAL,Población en lista de espera,POBLACION_LISTA_ESPERA,0,,,,
El Hierro,ES703,12/2022,2022-M12,Cirugía maxilofacial,CIRUGIA_MAXILOFACIAL,Población en lista de espera,POBLACION_LISTA_ESPERA,0,,,,
Canarias,ES70,12/2022,2022-M12,Cirugía general y digestiva,CIRUGIA_GENERAL_DIGESTIVA,Población en lista de espera,POBLACION_LISTA_ESPERA,3795,,,,
Lanzarote,ES708,12/2022,2022-M12,Cirugía general y digestiva,CIRUGIA_GENERAL_DIGESTIVA,Población en lista de espera,POBLACION_LISTA_ESPERA,123,,,,
Fuerteventura,ES704,12/2022,2022-M12,Cirugía general y digestiva,CIRUGIA_GENERAL_DIGESTIVA,Población en lista de espera,POBLACION_LISTA_ESPERA,207,,,,
Gran Canaria,ES705,12/2022,2022-M12,Cirugía general y digestiva,CIRUGIA_GENERAL_DIGESTIVA,Población en lista de espera,POBLACION_LISTA_ESPERA,2618,,,,
Tenerife,ES709,12/2022,2022-M12,Cirugía general y digestiva,CIRUGIA_GENERAL_DIGESTIVA,Población en lista de espera,POBLACION_LISTA_ESPERA,608,,,,
La Gomera,ES706,12/2022,2022-M12,Cirugía general y digestiva,CIRUGIA_GENERAL_DIGESTIVA,Población en lista de espera,POBLACION_LISTA_ESPERA,69,,,,
La Palma,ES707,12/2022,2022-M12,Cirugía general y digestiva,CIRUGIA_GENERAL_DIGESTIVA,Población en lista de espera,POBLACION_LISTA_ESPERA,165,,,,
El Hierro,ES703,12/2022,2022-M12,Cirugía general y digestiva,CIRUGIA_GENERAL_DIGESTIVA,Población en lista de espera,POBLACION_LISTA_ESPERA,5,,,,
Canarias,ES70,12/2022,2022-M12,Cirugía cardíaca,CIRUGIA_CARDIACA,Población en lista de espera,POBLACION_LISTA_ESPERA,6,,,,
Lanzarote,ES708,12/2022,2022-M12,Cirugía cardíaca,CIRUGIA_CARDIACA,Población en lista de espera,POBLACION_LISTA_ESPERA,0,,,,
Fuerteventura,ES704,12/2022,2022-M12,Cirugía cardíaca,CIRUGIA_CARDIACA,Población en lista de espera,POBLACION_LISTA_ESPERA,0,,,,
Gran Canaria,ES705,12/2022,2022-M12,Cirugía cardíaca,CIRUGIA_CARDIACA,Población en lista de espera,POBLACION_LISTA_ESPERA,6,,,,
Tenerife,ES709,12/2022,2022-M12,Cirugía cardíaca,CIRUGIA_CARDIACA,Población en lista de espera,POBLACION_LISTA_ESPERA,0,,,,
La Gomera,ES706,12/2022,2022-M12,Cirugía cardíaca,CIRUGIA_CARDIACA,Población en lista de espera,POBLACION_LISTA_ESPERA,0,,,,
La Palma,ES707,12/2022,2022-M12,Cirugía cardíaca,CIRUGIA_CARDIACA,Población en lista de espera,POBLACION_LISTA_ESPERA,0,,,,
El Hierro,ES703,12/2022,2022-M12,Cirugía cardíaca,CIRUGIA_CARDIACA,Población en lista de espera,POBLACION_LISTA_ESPERA,0,,,,
Canarias,ES70,12/2022,2022-M12,Cardiología,CARDIOLOGIA,Población en lista de espera,POBLACION_LISTA_ESPERA,2339,,,,
Lanzarote,ES708,12/2022,2022-M12,Cardiología,CARDIOLOGIA,Población en lista de espera,POBLACION_LISTA_ESPERA,24,,,,
Fuerteventura,ES704,12/2022,2022-M12,Cardiología,CARDIOLOGIA,Población en lista de espera,POBLACION_LISTA_ESPERA,70,,,,
Gran Canaria,ES705,12/2022,2022-M12,Cardiología,CARDIOLOGIA,Población en lista de espera,POBLACION_LISTA_ESPERA,1643,,,,
Tenerife,ES709,12/2022,2022-M12,Cardiología,CARDIOLOGIA,Población en lista de espera,POBLACION_LISTA_ESPERA,577,,,,
La Gomera,ES706,12/2022,2022-M12,Cardiología,CARDIOLOGIA,Población en lista de espera,POBLACION_LISTA_ESPERA,15,,,,
La Palma,ES707,12/2022,2022-M12,Cardiología,CARDIOLOGIA,Población en lista de espera,POBLACION_LISTA_ESPERA,2,,,,
El Hierro,ES703,12/2022,2022-M12,Cardiología,CARDIOLOGIA,Población en lista de espera,POBLACION_LISTA_ESPERA,8,,,,
Canarias,ES70,12/2022,2022-M12,Angiología y cirugía vascular,ANGIOLOGIA_CIRUGIA_VASCULAR,Población en lista de espera,POBLACION_LISTA_ESPERA,652,,,,
Lanzarote,ES708,12/2022,2022-M12,Angiología y cirugía vascular,ANGIOLOGIA_CIRUGIA_VASCULAR,Población en lista de espera,POBLACION_LISTA_ESPERA,7,,,,
Fuerteventura,ES704,12/2022,2022-M12,Angiología y cirugía vascular,ANGIOLOGIA_CIRUGIA_VASCULAR,Población en lista de espera,POBLACION_LISTA_ESPERA,3,,,,
Gran Canaria,ES705,12/2022,2022-M12,Angiología y cirugía vascular,ANGIOLOGIA_CIRUGIA_VASCULAR,Población en lista de espera,POBLACION_LISTA_ESPERA,590,,,,
Tenerife,ES709,12/2022,2022-M12,Angiología y cirugía vascular,ANGIOLOGIA_CIRUGIA_VASCULAR,Población en lista de espera,POBLACION_LISTA_ESPERA,52,,,,
La Gomera,ES706,12/2022,2022-M12,Angiología y cirugía vascular,ANGIOLOGIA_CIRUGIA_VASCULAR,Población en lista de espera,POBLACION_LISTA_ESPERA,0,,,,
La Palma,ES707,12/2022,2022-M12,Angiología y cirugía vascular,ANGIOLOGIA_CIRUGIA_VASCULAR,Población en lista de espera,POBLACION_LISTA_ESPERA,0,,,,
El Hierro,ES703,12/2022,2022-M12,Angiología y cirugía vascular,ANGIOLOGIA_CIRUGIA_VASCULAR,Población en lista de espera,POBLACION_LISTA_ESPERA,0,,,,
Canarias,ES70,12/2022,2022-M12,Alergia,ALERGIA,Población en lista de espera,POBLACION_LISTA_ESPERA,786,,,,
Lanzarote,ES708,12/2022,2022-M12,Alergia,ALERGIA,Población en lista de espera,POBLACION_LISTA_ESPERA,82,,,,
Fuerteventura,ES704,12/2022,2022-M12,Alergia,ALERGIA,Población en lista de espera,POBLACION_LISTA_ESPERA,165,,,,
Gran Canaria,ES705,12/2022,2022-M12,Alergia,ALERGIA,Población en lista de espera,POBLACION_LISTA_ESPERA,247,,,,
Tenerife,ES709,12/2022,2022-M12,Alergia,ALERGIA,Población en lista de espera,POBLACION_LISTA_ESPERA,276,,,,
La Gomera,ES706,12/2022,2022-M12,Alergia,ALERGIA,Población en lista de espera,POBLACION_LISTA_ESPERA,0,,,,
La Palma,ES707,12/2022,2022-M12,Alergia,ALERGIA,Población en lista de espera,POBLACION_LISTA_ESPERA,3,,,,
El Hierro,ES703,12/2022,2022-M12,Alergia,ALERGIA,Población en lista de espera,POBLACION_LISTA_ESPERA,13,,,,
Canarias,ES70,06/2023,2023-M06,Urología,UROLOGIA,Población en lista de espera,POBLACION_LISTA_ESPERA,4204,,,,
Lanzarote,ES708,06/2023,2023-M06,Urología,UROLOGIA,Población en lista de espera,POBLACION_LISTA_ESPERA,152,,,,
Fuerteventura,ES704,06/2023,2023-M06,Urología,UROLOGIA,Población en lista de espera,POBLACION_LISTA_ESPERA,61,,,,
Gran Canaria,ES705,06/2023,2023-M06,Urología,UROLOGIA,Población en lista de espera,POBLACION_LISTA_ESPERA,966,,,,
Tenerife,ES709,06/2023,2023-M06,Urología,UROLOGIA,Población en lista de espera,POBLACION_LISTA_ESPERA,2980,,,,
La Gomera,ES706,06/2023,2023-M06,Urología,UROLOGIA,Población en lista de espera,POBLACION_LISTA_ESPERA,0,,,,
La Palma,ES707,06/2023,2023-M06,Urología,UROLOGIA,Población en lista de espera,POBLACION_LISTA_ESPERA,32,,,,
El Hierro,ES703,06/2023,2023-M06,Urología,UROLOGIA,Población en lista de espera,POBLACION_LISTA_ESPERA,13,,,,
Canarias,ES70,06/2023,2023-M06,Traumatología y cirugía ortopédica,TRAUMATOLOGIA_CIRUGIA_ORTOPEDICA,Población en lista de espera,POBLACION_LISTA_ESPERA,14443,,,,
Lanzarote,ES708,06/2023,2023-M06,Traumatología y cirugía ortopédica,TRAUMATOLOGIA_CIRUGIA_ORTOPEDICA,Población en lista de espera,POBLACION_LISTA_ESPERA,138,,,,
Fuerteventura,ES704,06/2023,2023-M06,Traumatología y cirugía ortopédica,TRAUMATOLOGIA_CIRUGIA_ORTOPEDICA,Población en lista de espera,POBLACION_LISTA_ESPERA,201,,,,
Gran Canaria,ES705,06/2023,2023-M06,Traumatología y cirugía ortopédica,TRAUMATOLOGIA_CIRUGIA_ORTOPEDICA,Población en lista de espera,POBLACION_LISTA_ESPERA,10917,,,,
Tenerife,ES709,06/2023,2023-M06,Traumatología y cirugía ortopédica,TRAUMATOLOGIA_CIRUGIA_ORTOPEDICA,Población en lista de espera,POBLACION_LISTA_ESPERA,3004,,,,
La Gomera,ES706,06/2023,2023-M06,Traumatología y cirugía ortopédica,TRAUMATOLOGIA_CIRUGIA_ORTOPEDICA,Población en lista de espera,POBLACION_LISTA_ESPERA,42,,,,
La Palma,ES707,06/2023,2023-M06,Traumatología y cirugía ortopédica,TRAUMATOLOGIA_CIRUGIA_ORTOPEDICA,Población en lista de espera,POBLACION_LISTA_ESPERA,101,,,,
El Hierro,ES703,06/2023,2023-M06,Traumatología y cirugía ortopédica,TRAUMATOLOGIA_CIRUGIA_ORTOPEDICA,Población en lista de espera,POBLACION_LISTA_ESPERA,40,,,,
Canarias,ES70,06/2023,2023-M06,Total,_T,Población en lista de espera,POBLACION_LISTA_ESPERA,144676,,,,
Lanzarote,ES708,06/2023,2023-M06,Total,_T,Población en lista de espera,POBLACION_LISTA_ESPERA,2121,,,,
Fuerteventura,ES704,06/2023,2023-M06,Total,_T,Población en lista de espera,POBLACION_LISTA_ESPERA,1497,,,,
Gran Canaria,ES705,06/2023,2023-M06,Total,_T,Población en lista de espera,POBLACION_LISTA_ESPERA,72773,,,,
Tenerife,ES709,06/2023,2023-M06,Total,_T,Población en lista de espera,POBLACION_LISTA_ESPERA,65314,,,,
La Gomera,ES706,06/2023,2023-M06,Total,_T,Población en lista de espera,POBLACION_LISTA_ESPERA,1220,,,,
La Palma,ES707,06/2023,2023-M06,Total,_T,Población en lista de espera,POBLACION_LISTA_ESPERA,1395,,,,
El Hierro,ES703,06/2023,2023-M06,Total,_T,Población en lista de espera,POBLACION_LISTA_ESPERA,356,,,,
Canarias,ES70,06/2023,2023-M06,Reumatología,REUMATOLOGIA,Población en lista de espera,POBLACION_LISTA_ESPERA,1859,,,,
Lanzarote,ES708,06/2023,2023-M06,Reumatología,REUMATOLOGIA,Población en lista de espera,POBLACION_LISTA_ESPERA,141,,,,
Fuerteventura,ES704,06/2023,2023-M06,Reumatología,REUMATOLOGIA,Población en lista de espera,POBLACION_LISTA_ESPERA,9,,,,
Gran Canaria,ES705,06/2023,2023-M06,Reumatología,REUMATOLOGIA,Población en lista de espera,POBLACION_LISTA_ESPERA,1314,,,,
Tenerife,ES709,06/2023,2023-M06,Reumatología,REUMATOLOGIA,Población en lista de espera,POBLACION_LISTA_ESPERA,370,,,,
La Gomera,ES706,06/2023,2023-M06,Reumatología,REUMATOLOGIA,Población en lista de espera,POBLACION_LISTA_ESPERA,6,,,,
La Palma,ES707,06/2023,2023-M06,Reumatología,REUMATOLOGIA,Población en lista de espera,POBLACION_LISTA_ESPERA,19,,,,
El Hierro,ES703,06/2023,2023-M06,Reumatología,REUMATOLOGIA,Población en lista de espera,POBLACION_LISTA_ESPERA,0,,,,
Canarias,ES70,06/2023,2023-M06,Rehabilitación,REHABILITACION,Población en lista de espera,POBLACION_LISTA_ESPERA,14832,,,,
Lanzarote,ES708,06/2023,2023-M06,Rehabilitación,REHABILITACION,Población en lista de espera,POBLACION_LISTA_ESPERA,200,,,,
Fuerteventura,ES704,06/2023,2023-M06,Rehabilitación,REHABILITACION,Población en lista de espera,POBLACION_LISTA_ESPERA,118,,,,
Gran Canaria,ES705,06/2023,2023-M06,Rehabilitación,REHABILITACION,Población en lista de espera,POBLACION_LISTA_ESPERA,7142,,,,
Tenerife,ES709,06/2023,2023-M06,Rehabilitación,REHABILITACION,Población en lista de espera,POBLACION_LISTA_ESPERA,7230,,,,
La Gomera,ES706,06/2023,2023-M06,Rehabilitación,REHABILITACION,Población en lista de espera,POBLACION_LISTA_ESPERA,38,,,,
La Palma,ES707,06/2023,2023-M06,Rehabilitación,REHABILITACION,Población en lista de espera,POBLACION_LISTA_ESPERA,93,,,,
El Hierro,ES703,06/2023,2023-M06,Rehabilitación,REHABILITACION,Población en lista de espera,POBLACION_LISTA_ESPERA,11,,,,
Canarias,ES70,06/2023,2023-M06,Psiquiatría,PSIQUIATRIA,Población en lista de espera,POBLACION_LISTA_ESPERA,2754,,,,
Lanzarote,ES708,06/2023,2023-M06,Psiquiatría,PSIQUIATRIA,Población en lista de espera,POBLACION_LISTA_ESPERA,31,,,,
Fuerteventura,ES704,06/2023,2023-M06,Psiquiatría,PSIQUIATRIA,Población en lista de espera,POBLACION_LISTA_ESPERA,49,,,,
Gran Canaria,ES705,06/2023,2023-M06,Psiquiatría,PSIQUIATRIA,Población en lista de espera,POBLACION_LISTA_ESPERA,1815,,,,
Tenerife,ES709,06/2023,2023-M06,Psiquiatría,PSIQUIATRIA,Población en lista de espera,POBLACION_LISTA_ESPERA,761,,,,
La Gomera,ES706,06/2023,2023-M06,Psiquiatría,PSIQUIATRIA,Población en lista de espera,POBLACION_LISTA_ESPERA,27,,,,
La Palma,ES707,06/2023,2023-M06,Psiquiatría,PSIQUIATRIA,Población en lista de espera,POBLACION_LISTA_ESPERA,70,,,,
El Hierro,ES703,06/2023,2023-M06,Psiquiatría,PSIQUIATRIA,Población en lista de espera,POBLACION_LISTA_ESPERA,1,,,,
Canarias,ES70,06/2023,2023-M06,Pediatría,PEDIATRIA,Población en lista de espera,POBLACION_LISTA_ESPERA,767,,,,
Lanzarote,ES708,06/2023,2023-M06,Pediatría,PEDIATRIA,Población en lista de espera,POBLACION_LISTA_ESPERA,157,,,,
Fuerteventura,ES704,06/2023,2023-M06,Pediatría,PEDIATRIA,Población en lista de espera,POBLACION_LISTA_ESPERA,32,,,,
Gran Canaria,ES705,06/2023,2023-M06,Pediatría,PEDIATRIA,Población en lista de espera,POBLACION_LISTA_ESPERA,215,,,,
Tenerife,ES709,06/2023,2023-M06,Pediatría,PEDIATRIA,Población en lista de espera,POBLACION_LISTA_ESPERA,335,,,,
La Gomera,ES706,06/2023,2023-M06,Pediatría,PEDIATRIA,Población en lista de espera,POBLACION_LISTA_ESPERA,7,,,,
La Palma,ES707,06/2023,2023-M06,Pediatría,PEDIATRIA,Población en lista de espera,POBLACION_LISTA_ESPERA,21,,,,
El Hierro,ES703,06/2023,2023-M06,Pediatría,PEDIATRIA,Población en lista de espera,POBLACION_LISTA_ESPERA,0,,,,
Canarias,ES70,06/2023,2023-M06,Otorrinolaringología,OTORRINOLARINGOLOGIA,Población en lista de espera,POBLACION_LISTA_ESPERA,18019,,,,
Lanzarote,ES708,06/2023,2023-M06,Otorrinolaringología,OTORRINOLARINGOLOGIA,Población en lista de espera,POBLACION_LISTA_ESPERA,114,,,,
Fuerteventura,ES704,06/2023,2023-M06,Otorrinolaringología,OTORRINOLARINGOLOGIA,Población en lista de espera,POBLACION_LISTA_ESPERA,46,,,,
Gran Canaria,ES705,06/2023,2023-M06,Otorrinolaringología,OTORRINOLARINGOLOGIA,Población en lista de espera,POBLACION_LISTA_ESPERA,8378,,,,
Tenerife,ES709,06/2023,2023-M06,Otorrinolaringología,OTORRINOLARINGOLOGIA,Población en lista de espera,POBLACION_LISTA_ESPERA,9235,,,,
La Gomera,ES706,06/2023,2023-M06,Otorrinolaringología,OTORRINOLARINGOLOGIA,Población en lista de espera,POBLACION_LISTA_ESPERA,127,,,,
La Palma,ES707,06/2023,2023-M06,Otorrinolaringología,OTORRINOLARINGOLOGIA,Población en lista de espera,POBLACION_LISTA_ESPERA,86,,,,
El Hierro,ES703,06/2023,2023-M06,Otorrinolaringología,OTORRINOLARINGOLOGIA,Población en lista de espera,POBLACION_LISTA_ESPERA,33,,,,
Canarias,ES70,06/2023,2023-M06,Oftalmología,OFTALMOLOGIA,Población en lista de espera,POBLACION_LISTA_ESPERA,26127,,,,
Lanzarote,ES708,06/2023,2023-M06,Oftalmología,OFTALMOLOGIA,Población en lista de espera,POBLACION_LISTA_ESPERA,93,,,,
Fuerteventura,ES704,06/2023,2023-M06,Oftalmología,OFTALMOLOGIA,Población en lista de espera,POBLACION_LISTA_ESPERA,42,,,,
Gran Canaria,ES705,06/2023,2023-M06,Oftalmología,OFTALMOLOGIA,Población en lista de espera,POBLACION_LISTA_ESPERA,11255,,,,
Tenerife,ES709,06/2023,2023-M06,Oftalmología,OFTALMOLOGIA,Población en lista de espera,POBLACION_LISTA_ESPERA,14170,,,,
La Gomera,ES706,06/2023,2023-M06,Oftalmología,OFTALMOLOGIA,Población en lista de espera,POBLACION_LISTA_ESPERA,298,,,,
La Palma,ES707,06/2023,2023-M06,Oftalmología,OFTALMOLOGIA,Población en lista de espera,POBLACION_LISTA_ESPERA,221,,,,
El Hierro,ES703,06/2023,2023-M06,Oftalmología,OFTALMOLOGIA,Población en lista de espera,POBLACION_LISTA_ESPERA,48,,,,
Canarias,ES70,06/2023,2023-M06,Neurología,NEUROLOGIA,Población en lista de espera,POBLACION_LISTA_ESPERA,3407,,,,
Lanzarote,ES708,06/2023,2023-M06,Neurología,NEUROLOGIA,Población en lista de espera,POBLACION_LISTA_ESPERA,98,,,,
Fuerteventura,ES704,06/2023,2023-M06,Neurología,NEUROLOGIA,Población en lista de espera,POBLACION_LISTA_ESPERA,42,,,,
Gran Canaria,ES705,06/2023,2023-M06,Neurología,NEUROLOGIA,Población en lista de espera,POBLACION_LISTA_ESPERA,1747,,,,
Tenerife,ES709,06/2023,2023-M06,Neurología,NEUROLOGIA,Población en lista de espera,POBLACION_LISTA_ESPERA,1398,,,,
La Gomera,ES706,06/2023,2023-M06,Neurología,NEUROLOGIA,Población en lista de espera,POBLACION_LISTA_ESPERA,92,,,,
La Palma,ES707,06/2023,2023-M06,Neurología,NEUROLOGIA,Población en lista de espera,POBLACION_LISTA_ESPERA,13,,,,
El Hierro,ES703,06/2023,2023-M06,Neurología,NEUROLOGIA,Población en lista de espera,POBLACION_LISTA_ESPERA,17,,,,
Canarias,ES70,06/2023,2023-M06,Neurocirugía,NEUROCIRUGIA,Población en lista de espera,POBLACION_LISTA_ESPERA,3810,,,,
Lanzarote,ES708,06/2023,2023-M06,Neurocirugía,NEUROCIRUGIA,Población en lista de espera,POBLACION_LISTA_ESPERA,0,,,,
Fuerteventura,ES704,06/2023,2023-M06,Neurocirugía,NEUROCIRUGIA,Población en lista de espera,POBLACION_LISTA_ESPERA,3,,,,
Gran Canaria,ES705,06/2023,2023-M06,Neurocirugía,NEUROCIRUGIA,Población en lista de espera,POBLACION_LISTA_ESPERA,1606,,,,
Tenerife,ES709,06/2023,2023-M06,Neurocirugía,NEUROCIRUGIA,Población en lista de espera,POBLACION_LISTA_ESPERA,2201,,,,
La Gomera,ES706,06/2023,2023-M06,Neurocirugía,NEUROCIRUGIA,Población en lista de espera,POBLACION_LISTA_ESPERA,0,,,,
La Palma,ES707,06/2023,2023-M06,Neurocirugía,NEUROCIRUGIA,Población en lista de espera,POBLACION_LISTA_ESPERA,0,,,,
El Hierro,ES703,06/2023,2023-M06,Neurocirugía,NEUROCIRUGIA,Población en lista de espera,POBLACION_LISTA_ESPERA,0,,,,
Canarias,ES70,06/2023,2023-M06,Neumología,NEUMOLOGIA,Población en lista de espera,POBLACION_LISTA_ESPERA,2551,,,,
Lanzarote,ES708,06/2023,2023-M06,Neumología,NEUMOLOGIA,Población en lista de espera,POBLACION_LISTA_ESPERA,43,,,,
Fuerteventura,ES704,06/2023,2023-M06,Neumología,NEUMOLOGIA,Población en lista de espera,POBLACION_LISTA_ESPERA,16,,,,
Gran Canaria,ES705,06/2023,2023-M06,Neumología,NEUMOLOGIA,Población en lista de espera,POBLACION_LISTA_ESPERA,1536,,,,
Tenerife,ES709,06/2023,2023-M06,Neumología,NEUMOLOGIA,Población en lista de espera,POBLACION_LISTA_ESPERA,903,,,,
La Gomera,ES706,06/2023,2023-M06,Neumología,NEUMOLOGIA,Población en lista de espera,POBLACION_LISTA_ESPERA,13,,,,
La Palma,ES707,06/2023,2023-M06,Neumología,NEUMOLOGIA,Población en lista de espera,POBLACION_LISTA_ESPERA,28,,,,
El Hierro,ES703,06/2023,2023-M06,Neumología,NEUMOLOGIA,Población en lista de espera,POBLACION_LISTA_ESPERA,12,,,,
Canarias,ES70,06/2023,2023-M06,Nefrología,NEFROLOGIA,Población en lista de espera,POBLACION_LISTA_ESPERA,449,,,,
Lanzarote,ES708,06/2023,2023-M06,Nefrología,NEFROLOGIA,Población en lista de espera,POBLACION_LISTA_ESPERA,38,,,,
Fuerteventura,ES704,06/2023,2023-M06,Nefrología,NEFROLOGIA,Población en lista de espera,POBLACION_LISTA_ESPERA,16,,,,
Gran Canaria,ES705,06/2023,2023-M06,Nefrología,NEFROLOGIA,Población en lista de espera,POBLACION_LISTA_ESPERA,245,,,,
Tenerife,ES709,06/2023,2023-M06,Nefrología,NEFROLOGIA,Población en lista de espera,POBLACION_LISTA_ESPERA,104,,,,
La Gomera,ES706,06/2023,2023-M06,Nefrología,NEFROLOGIA,Población en lista de espera,POBLACION_LISTA_ESPERA,24,,,,
La Palma,ES707,06/2023,2023-M06,Nefrología,NEFROLOGIA,Población en lista de espera,POBLACION_LISTA_ESPERA,20,,,,
El Hierro,ES703,06/2023,2023-M06,Nefrología,NEFROLOGIA,Población en lista de espera,POBLACION_LISTA_ESPERA,2,,,,
Canarias,ES70,06/2023,2023-M06,Medicina interna,MEDICINA_INTERNA,Población en lista de espera,POBLACION_LISTA_ESPERA,855,,,,
Lanzarote,ES708,06/2023,2023-M06,Medicina interna,MEDICINA_INTERNA,Población en lista de espera,POBLACION_LISTA_ESPERA,41,,,,
Fuerteventura,ES704,06/2023,2023-M06,Medicina interna,MEDICINA_INTERNA,Población en lista de espera,POBLACION_LISTA_ESPERA,3,,,,
Gran Canaria,ES705,06/2023,2023-M06,Medicina interna,MEDICINA_INTERNA,Población en lista de espera,POBLACION_LISTA_ESPERA,562,,,,
Tenerife,ES709,06/2023,2023-M06,Medicina interna,MEDICINA_INTERNA,Población en lista de espera,POBLACION_LISTA_ESPERA,182,,,,
La Gomera,ES706,06/2023,2023-M06,Medicina interna,MEDICINA_INTERNA,Población en lista de espera,POBLACION_LISTA_ESPERA,38,,,,
La Palma,ES707,06/2023,2023-M06,Medicina interna,MEDICINA_INTERNA,Población en lista de espera,POBLACION_LISTA_ESPERA,4,,,,
El Hierro,ES703,06/2023,2023-M06,Medicina interna,MEDICINA_INTERNA,Población en lista de espera,POBLACION_LISTA_ESPERA,25,,,,
Canarias,ES70,06/2023,2023-M06,Hematología,HEMATOLOGIA,Población en lista de espera,POBLACION_LISTA_ESPERA,491,,,,
Lanzarote,ES708,06/2023,2023-M06,Hematología,HEMATOLOGIA,Población en lista de espera,POBLACION_LISTA_ESPERA,90,,,,
Fuerteventura,ES704,06/2023,2023-M06,Hematología,HEMATOLOGIA,Población en lista de espera,POBLACION_LISTA_ESPERA,48,,,,
Gran Canaria,ES705,06/2023,2023-M06,Hematología,HEMATOLOGIA,Población en lista de espera,POBLACION_LISTA_ESPERA,254,,,,
Tenerife,ES709,06/2023,2023-M06,Hematología,HEMATOLOGIA,Población en lista de espera,POBLACION_LISTA_ESPERA,44,,,,
La Gomera,ES706,06/2023,2023-M06,Hematología,HEMATOLOGIA,Población en lista de espera,POBLACION_LISTA_ESPERA,17,,,,
La Palma,ES707,06/2023,2023-M06,Hematología,HEMATOLOGIA,Población en lista de espera,POBLACION_LISTA_ESPERA,35,,,,
El Hierro,ES703,06/2023,2023-M06,Hematología,HEMATOLOGIA,Población en lista de espera,POBLACION_LISTA_ESPERA,3,,,,
Canarias,ES70,06/2023,2023-M06,Ginecología,GINECOLOGIA,Población en lista de espera,POBLACION_LISTA_ESPERA,3107,,,,
Lanzarote,ES708,06/2023,2023-M06,Ginecología,GINECOLOGIA,Población en lista de espera,POBLACION_LISTA_ESPERA,43,,,,
Fuerteventura,ES704,06/2023,2023-M06,Ginecología,GINECOLOGIA,Población en lista de espera,POBLACION_LISTA_ESPERA,86,,,,
Gran Canaria,ES705,06/2023,2023-M06,Ginecología,GINECOLOGIA,Población en lista de espera,POBLACION_LISTA_ESPERA,2331,,,,
Tenerife,ES709,06/2023,2023-M06,Ginecología,GINECOLOGIA,Población en lista de espera,POBLACION_LISTA_ESPERA,446,,,,
La Gomera,ES706,06/2023,2023-M06,Ginecología,GINECOLOGIA,Población en lista de espera,POBLACION_LISTA_ESPERA,43,,,,
La Palma,ES707,06/2023,2023-M06,Ginecología,GINECOLOGIA,Población en lista de espera,POBLACION_LISTA_ESPERA,95,,,,
El Hierro,ES703,06/2023,2023-M06,Ginecología,GINECOLOGIA,Población en lista de espera,POBLACION_LISTA_ESPERA,63,,,,
Canarias,ES70,06/2023,2023-M06,Endocrinología,ENDOCRINOLOGIA,Población en lista de espera,POBLACION_LISTA_ESPERA,1438,,,,
Lanzarote,ES708,06/2023,2023-M06,Endocrinología,ENDOCRINOLOGIA,Población en lista de espera,POBLACION_LISTA_ESPERA,61,,,,
Fuerteventura,ES704,06/2023,2023-M06,Endocrinología,ENDOCRINOLOGIA,Población en lista de espera,POBLACION_LISTA_ESPERA,76,,,,
Gran Canaria,ES705,06/2023,2023-M06,Endocrinología,ENDOCRINOLOGIA,Población en lista de espera,POBLACION_LISTA_ESPERA,782,,,,
Tenerife,ES709,06/2023,2023-M06,Endocrinología,ENDOCRINOLOGIA,Población en lista de espera,POBLACION_LISTA_ESPERA,288,,,,
La Gomera,ES706,06/2023,2023-M06,Endocrinología,ENDOCRINOLOGIA,Población en lista de espera,POBLACION_LISTA_ESPERA,11,,,,
La Palma,ES707,06/2023,2023-M06,Endocrinología,ENDOCRINOLOGIA,Población en lista de espera,POBLACION_LISTA_ESPERA,215,,,,
El Hierro,ES703,06/2023,2023-M06,Endocrinología,ENDOCRINOLOGIA,Población en lista de espera,POBLACION_LISTA_ESPERA,5,,,,
Canarias,ES70,06/2023,2023-M06,Digestivo,DIGESTIVO,Población en lista de espera,POBLACION_LISTA_ESPERA,2496,,,,
Lanzarote,ES708,06/2023,2023-M06,Digestivo,DIGESTIVO,Población en lista de espera,POBLACION_LISTA_ESPERA,85,,,,
Fuerteventura,ES704,06/2023,2023-M06,Digestivo,DIGESTIVO,Población en lista de espera,POBLACION_LISTA_ESPERA,35,,,,
Gran Canaria,ES705,06/2023,2023-M06,Digestivo,DIGESTIVO,Población en lista de espera,POBLACION_LISTA_ESPERA,1628,,,,
Tenerife,ES709,06/2023,2023-M06,Digestivo,DIGESTIVO,Población en lista de espera,POBLACION_LISTA_ESPERA,712,,,,
La Gomera,ES706,06/2023,2023-M06,Digestivo,DIGESTIVO,Población en lista de espera,POBLACION_LISTA_ESPERA,19,,,,
La Palma,ES707,06/2023,2023-M06,Digestivo,DIGESTIVO,Población en lista de espera,POBLACION_LISTA_ESPERA,3,,,,
El Hierro,ES703,06/2023,2023-M06,Digestivo,DIGESTIVO,Población en lista de espera,POBLACION_LISTA_ESPERA,14,,,,
Canarias,ES70,06/2023,2023-M06,Dermatología,DERMATOLOGIA,Población en lista de espera,POBLACION_LISTA_ESPERA,29751,,,,
Lanzarote,ES708,06/2023,2023-M06,Dermatología,DERMATOLOGIA,Población en lista de espera,POBLACION_LISTA_ESPERA,351,,,,
Fuerteventura,ES704,06/2023,2023-M06,Dermatología,DERMATOLOGIA,Población en lista de espera,POBLACION_LISTA_ESPERA,320,,,,
Gran Canaria,ES705,06/2023,2023-M06,Dermatología,DERMATOLOGIA,Población en lista de espera,POBLACION_LISTA_ESPERA,11159,,,,
Tenerife,ES709,06/2023,2023-M06,Dermatología,DERMATOLOGIA,Población en lista de espera,POBLACION_LISTA_ESPERA,17518,,,,
La Gomera,ES706,06/2023,2023-M06,Dermatología,DERMATOLOGIA,Población en lista de espera,POBLACION_LISTA_ESPERA,263,,,,
La Palma,ES707,06/2023,2023-M06,Dermatología,DERMATOLOGIA,Población en lista de espera,POBLACION_LISTA_ESPERA,102,,,,
El Hierro,ES703,06/2023,2023-M06,Dermatología,DERMATOLOGIA,Población en lista de espera,POBLACION_LISTA_ESPERA,38,,,,
Canarias,ES70,06/2023,2023-M06,Cirugía torácica,CIRUGIA_TORACICA,Población en lista de espera,POBLACION_LISTA_ESPERA,73,,,,
Lanzarote,ES708,06/2023,2023-M06,Cirugía torácica,CIRUGIA_TORACICA,Población en lista de espera,POBLACION_LISTA_ESPERA,0,,,,
Fuerteventura,ES704,06/2023,2023-M06,Cirugía torácica,CIRUGIA_TORACICA,Población en lista de espera,POBLACION_LISTA_ESPERA,1,,,,
Gran Canaria,ES705,06/2023,2023-M06,Cirugía torácica,CIRUGIA_TORACICA,Población en lista de espera,POBLACION_LISTA_ESPERA,55,,,,
Tenerife,ES709,06/2023,2023-M06,Cirugía torácica,CIRUGIA_TORACICA,Población en lista de espera,POBLACION_LISTA_ESPERA,17,,,,
La Gomera,ES706,06/2023,2023-M06,Cirugía torácica,CIRUGIA_TORACICA,Población en lista de espera,POBLACION_LISTA_ESPERA,0,,,,
La Palma,ES707,06/2023,2023-M06,Cirugía torácica,CIRUGIA_TORACICA,Población en lista de espera,POBLACION_LISTA_ESPERA,0,,,,
El Hierro,ES703,06/2023,2023-M06,Cirugía torácica,CIRUGIA_TORACICA,Población en lista de espera,POBLACION_LISTA_ESPERA,0,,,,
Canarias,ES70,06/2023,2023-M06,Cirugía plástica y reparadora,CIRUGIA_PLASTICA_REPARADORA,Población en lista de espera,POBLACION_LISTA_ESPERA,1163,,,,
Lanzarote,ES708,06/2023,2023-M06,Cirugía plástica y reparadora,CIRUGIA_PLASTICA_REPARADORA,Población en lista de espera,POBLACION_LISTA_ESPERA,0,,,,
Fuerteventura,ES704,06/2023,2023-M06,Cirugía plástica y reparadora,CIRUGIA_PLASTICA_REPARADORA,Población en lista de espera,POBLACION_LISTA_ESPERA,0,,,,
Gran Canaria,ES705,06/2023,2023-M06,Cirugía plástica y reparadora,CIRUGIA_PLASTICA_REPARADORA,Población en lista de espera,POBLACION_LISTA_ESPERA,948,,,,
Tenerife,ES709,06/2023,2023-M06,Cirugía plástica y reparadora,CIRUGIA_PLASTICA_REPARADORA,Población en lista de espera,POBLACION_LISTA_ESPERA,215,,,,
La Gomera,ES706,06/2023,2023-M06,Cirugía plástica y reparadora,CIRUGIA_PLASTICA_REPARADORA,Población en lista de espera,POBLACION_LISTA_ESPERA,0,,,,
La Palma,ES707,06/2023,2023-M06,Cirugía plástica y reparadora,CIRUGIA_PLASTICA_REPARADORA,Población en lista de espera,POBLACION_LISTA_ESPERA,0,,,,
El Hierro,ES703,06/2023,2023-M06,Cirugía plástica y reparadora,CIRUGIA_PLASTICA_REPARADORA,Población en lista de espera,POBLACION_LISTA_ESPERA,0,,,,
Canarias,ES70,06/2023,2023-M06,Cirugía pediátrica,CIRUGIA_PEDIATRICA,Población en lista de espera,POBLACION_LISTA_ESPERA,175,,,,
Lanzarote,ES708,06/2023,2023-M06,Cirugía pediátrica,CIRUGIA_PEDIATRICA,Población en lista de espera,POBLACION_LISTA_ESPERA,0,,,,
Fuerteventura,ES704,06/2023,2023-M06,Cirugía pediátrica,CIRUGIA_PEDIATRICA,Población en lista de espera,POBLACION_LISTA_ESPERA,0,,,,
Gran Canaria,ES705,06/2023,2023-M06,Cirugía pediátrica,CIRUGIA_PEDIATRICA,Población en lista de espera,POBLACION_LISTA_ESPERA,86,,,,
Tenerife,ES709,06/2023,2023-M06,Cirugía pediátrica,CIRUGIA_PEDIATRICA,Población en lista de espera,POBLACION_LISTA_ESPERA,89,,,,
La Gomera,ES706,06/2023,2023-M06,Cirugía pediátrica,CIRUGIA_PEDIATRICA,Población en lista de espera,POBLACION_LISTA_ESPERA,0,,,,
La Palma,ES707,06/2023,2023-M06,Cirugía pediátrica,CIRUGIA_PEDIATRICA,Población en lista de espera,POBLACION_LISTA_ESPERA,0,,,,
El Hierro,ES703,06/2023,2023-M06,Cirugía pediátrica,CIRUGIA_PEDIATRICA,Población en lista de espera,POBLACION_LISTA_ESPERA,0,,,,
Canarias,ES70,06/2023,2023-M06,Cirugía maxilofacial,CIRUGIA_MAXILOFACIAL,Población en lista de espera,POBLACION_LISTA_ESPERA,3571,,,,
Lanzarote,ES708,06/2023,2023-M06,Cirugía maxilofacial,CIRUGIA_MAXILOFACIAL,Población en lista de espera,POBLACION_LISTA_ESPERA,0,,,,
Fuerteventura,ES704,06/2023,2023-M06,Cirugía maxilofacial,CIRUGIA_MAXILOFACIAL,Población en lista de espera,POBLACION_LISTA_ESPERA,0,,,,
Gran Canaria,ES705,06/2023,2023-M06,Cirugía maxilofacial,CIRUGIA_MAXILOFACIAL,Población en lista de espera,POBLACION_LISTA_ESPERA,1898,,,,
Tenerife,ES709,06/2023,2023-M06,Cirugía maxilofacial,CIRUGIA_MAXILOFACIAL,Población en lista de espera,POBLACION_LISTA_ESPERA,1673,,,,
La Gomera,ES706,06/2023,2023-M06,Cirugía maxilofacial,CIRUGIA_MAXILOFACIAL,Población en lista de espera,POBLACION_LISTA_ESPERA,0,,,,
La Palma,ES707,06/2023,2023-M06,Cirugía maxilofacial,CIRUGIA_MAXILOFACIAL,Población en lista de espera,POBLACION_LISTA_ESPERA,0,,,,
El Hierro,ES703,06/2023,2023-M06,Cirugía maxilofacial,CIRUGIA_MAXILOFACIAL,Población en lista de espera,POBLACION_LISTA_ESPERA,0,,,,
Canarias,ES70,06/2023,2023-M06,Cirugía general y digestiva,CIRUGIA_GENERAL_DIGESTIVA,Población en lista de espera,POBLACION_LISTA_ESPERA,3634,,,,
Lanzarote,ES708,06/2023,2023-M06,Cirugía general y digestiva,CIRUGIA_GENERAL_DIGESTIVA,Población en lista de espera,POBLACION_LISTA_ESPERA,86,,,,
Fuerteventura,ES704,06/2023,2023-M06,Cirugía general y digestiva,CIRUGIA_GENERAL_DIGESTIVA,Población en lista de espera,POBLACION_LISTA_ESPERA,219,,,,
Gran Canaria,ES705,06/2023,2023-M06,Cirugía general y digestiva,CIRUGIA_GENERAL_DIGESTIVA,Población en lista de espera,POBLACION_LISTA_ESPERA,2511,,,,
Tenerife,ES709,06/2023,2023-M06,Cirugía general y digestiva,CIRUGIA_GENERAL_DIGESTIVA,Población en lista de espera,POBLACION_LISTA_ESPERA,584,,,,
La Gomera,ES706,06/2023,2023-M06,Cirugía general y digestiva,CIRUGIA_GENERAL_DIGESTIVA,Población en lista de espera,POBLACION_LISTA_ESPERA,95,,,,
La Palma,ES707,06/2023,2023-M06,Cirugía general y digestiva,CIRUGIA_GENERAL_DIGESTIVA,Población en lista de espera,POBLACION_LISTA_ESPERA,134,,,,
El Hierro,ES703,06/2023,2023-M06,Cirugía general y digestiva,CIRUGIA_GENERAL_DIGESTIVA,Población en lista de espera,POBLACION_LISTA_ESPERA,5,,,,
Canarias,ES70,06/2023,2023-M06,Cirugía cardíaca,CIRUGIA_CARDIACA,Población en lista de espera,POBLACION_LISTA_ESPERA,8,,,,
Lanzarote,ES708,06/2023,2023-M06,Cirugía cardíaca,CIRUGIA_CARDIACA,Población en lista de espera,POBLACION_LISTA_ESPERA,0,,,,
Fuerteventura,ES704,06/2023,2023-M06,Cirugía cardíaca,CIRUGIA_CARDIACA,Población en lista de espera,POBLACION_LISTA_ESPERA,0,,,,
Gran Canaria,ES705,06/2023,2023-M06,Cirugía cardíaca,CIRUGIA_CARDIACA,Población en lista de espera,POBLACION_LISTA_ESPERA,4,,,,
Tenerife,ES709,06/2023,2023-M06,Cirugía cardíaca,CIRUGIA_CARDIACA,Población en lista de espera,POBLACION_LISTA_ESPERA,4,,,,
La Gomera,ES706,06/2023,2023-M06,Cirugía cardíaca,CIRUGIA_CARDIACA,Población en lista de espera,POBLACION_LISTA_ESPERA,0,,,,
La Palma,ES707,06/2023,2023-M06,Cirugía cardíaca,CIRUGIA_CARDIACA,Población en lista de espera,POBLACION_LISTA_ESPERA,0,,,,
El Hierro,ES703,06/2023,2023-M06,Cirugía cardíaca,CIRUGIA_CARDIACA,Población en lista de espera,POBLACION_LISTA_ESPERA,0,,,,
Canarias,ES70,06/2023,2023-M06,Cardiología,CARDIOLOGIA,Población en lista de espera,POBLACION_LISTA_ESPERA,2449,,,,
Lanzarote,ES708,06/2023,2023-M06,Cardiología,CARDIOLOGIA,Población en lista de espera,POBLACION_LISTA_ESPERA,29,,,,
Fuerteventura,ES704,06/2023,2023-M06,Cardiología,CARDIOLOGIA,Población en lista de espera,POBLACION_LISTA_ESPERA,30,,,,
Gran Canaria,ES705,06/2023,2023-M06,Cardiología,CARDIOLOGIA,Población en lista de espera,POBLACION_LISTA_ESPERA,1874,,,,
Tenerife,ES709,06/2023,2023-M06,Cardiología,CARDIOLOGIA,Población en lista de espera,POBLACION_LISTA_ESPERA,478,,,,
La Gomera,ES706,06/2023,2023-M06,Cardiología,CARDIOLOGIA,Población en lista de espera,POBLACION_LISTA_ESPERA,11,,,,
La Palma,ES707,06/2023,2023-M06,Cardiología,CARDIOLOGIA,Población en lista de espera,POBLACION_LISTA_ESPERA,11,,,,
El Hierro,ES703,06/2023,2023-M06,Cardiología,CARDIOLOGIA,Población en lista de espera,POBLACION_LISTA_ESPERA,16,,,,
Canarias,ES70,06/2023,2023-M06,Angiología y cirugía vascular,ANGIOLOGIA_CIRUGIA_VASCULAR,Población en lista de espera,POBLACION_LISTA_ESPERA,1096,,,,
Lanzarote,ES708,06/2023,2023-M06,Angiología y cirugía vascular,ANGIOLOGIA_CIRUGIA_VASCULAR,Población en lista de espera,POBLACION_LISTA_ESPERA,47,,,,
Fuerteventura,ES704,06/2023,2023-M06,Angiología y cirugía vascular,ANGIOLOGIA_CIRUGIA_VASCULAR,Población en lista de espera,POBLACION_LISTA_ESPERA,2,,,,
Gran Canaria,ES705,06/2023,2023-M06,Angiología y cirugía vascular,ANGIOLOGIA_CIRUGIA_VASCULAR,Población en lista de espera,POBLACION_LISTA_ESPERA,998,,,,
Tenerife,ES709,06/2023,2023-M06,Angiología y cirugía vascular,ANGIOLOGIA_CIRUGIA_VASCULAR,Población en lista de espera,POBLACION_LISTA_ESPERA,49,,,,
La Gomera,ES706,06/2023,2023-M06,Angiología y cirugía vascular,ANGIOLOGIA_CIRUGIA_VASCULAR,Población en lista de espera,POBLACION_LISTA_ESPERA,0,,,,
La Palma,ES707,06/2023,2023-M06,Angiología y cirugía vascular,ANGIOLOGIA_CIRUGIA_VASCULAR,Población en lista de espera,POBLACION_LISTA_ESPERA,0,,,,
El Hierro,ES703,06/2023,2023-M06,Angiología y cirugía vascular,ANGIOLOGIA_CIRUGIA_VASCULAR,Población en lista de espera,POBLACION_LISTA_ESPERA,0,,,,
Canarias,ES70,06/2023,2023-M06,Alergia,ALERGIA,Población en lista de espera,POBLACION_LISTA_ESPERA,1147,,,,
Lanzarote,ES708,06/2023,2023-M06,Alergia,ALERGIA,Población en lista de espera,POBLACION_LISTA_ESPERA,83,,,,
Fuerteventura,ES704,06/2023,2023-M06,Alergia,ALERGIA,Población en lista de espera,POBLACION_LISTA_ESPERA,42,,,,
Gran Canaria,ES705,06/2023,2023-M06,Alergia,ALERGIA,Población en lista de espera,POBLACION_LISTA_ESPERA,547,,,,
Tenerife,ES709,06/2023,2023-M06,Alergia,ALERGIA,Población en lista de espera,POBLACION_LISTA_ESPERA,324,,,,
La Gomera,ES706,06/2023,2023-M06,Alergia,ALERGIA,Población en lista de espera,POBLACION_LISTA_ESPERA,49,,,,
La Palma,ES707,06/2023,2023-M06,Alergia,ALERGIA,Población en lista de espera,POBLACION_LISTA_ESPERA,92,,,,
El Hierro,ES703,06/2023,2023-M06,Alergia,ALERGIA,Población en lista de espera,POBLACION_LISTA_ESPERA,10,,,,
Canarias,ES70,12/2023,2023-M12,Urología,UROLOGIA,Población en lista de espera,POBLACION_LISTA_ESPERA,4257,,,,
Lanzarote,ES708,12/2023,2023-M12,Urología,UROLOGIA,Población en lista de espera,POBLACION_LISTA_ESPERA,29,,,,
Fuerteventura,ES704,12/2023,2023-M12,Urología,UROLOGIA,Población en lista de espera,POBLACION_LISTA_ESPERA,49,,,,
Gran Canaria,ES705,12/2023,2023-M12,Urología,UROLOGIA,Población en lista de espera,POBLACION_LISTA_ESPERA,800,,,,
Tenerife,ES709,12/2023,2023-M12,Urología,UROLOGIA,Población en lista de espera,POBLACION_LISTA_ESPERA,3312,,,,
La Gomera,ES706,12/2023,2023-M12,Urología,UROLOGIA,Población en lista de espera,POBLACION_LISTA_ESPERA,0,,,,
La Palma,ES707,12/2023,2023-M12,Urología,UROLOGIA,Población en lista de espera,POBLACION_LISTA_ESPERA,42,,,,
El Hierro,ES703,12/2023,2023-M12,Urología,UROLOGIA,Población en lista de espera,POBLACION_LISTA_ESPERA,25,,,,
Canarias,ES70,12/2023,2023-M12,Traumatología y cirugía ortopédica,TRAUMATOLOGIA_CIRUGIA_ORTOPEDICA,Población en lista de espera,POBLACION_LISTA_ESPERA,16529,,,,
Lanzarote,ES708,12/2023,2023-M12,Traumatología y cirugía ortopédica,TRAUMATOLOGIA_CIRUGIA_ORTOPEDICA,Población en lista de espera,POBLACION_LISTA_ESPERA,273,,,,
Fuerteventura,ES704,12/2023,2023-M12,Traumatología y cirugía ortopédica,TRAUMATOLOGIA_CIRUGIA_ORTOPEDICA,Población en lista de espera,POBLACION_LISTA_ESPERA,162,,,,
Gran Canaria,ES705,12/2023,2023-M12,Traumatología y cirugía ortopédica,TRAUMATOLOGIA_CIRUGIA_ORTOPEDICA,Población en lista de espera,POBLACION_LISTA_ESPERA,13483,,,,
Tenerife,ES709,12/2023,2023-M12,Traumatología y cirugía ortopédica,TRAUMATOLOGIA_CIRUGIA_ORTOPEDICA,Población en lista de espera,POBLACION_LISTA_ESPERA,2431,,,,
La Gomera,ES706,12/2023,2023-M12,Traumatología y cirugía ortopédica,TRAUMATOLOGIA_CIRUGIA_ORTOPEDICA,Población en lista de espera,POBLACION_LISTA_ESPERA,106,,,,
La Palma,ES707,12/2023,2023-M12,Traumatología y cirugía ortopédica,TRAUMATOLOGIA_CIRUGIA_ORTOPEDICA,Población en lista de espera,POBLACION_LISTA_ESPERA,38,,,,
El Hierro,ES703,12/2023,2023-M12,Traumatología y cirugía ortopédica,TRAUMATOLOGIA_CIRUGIA_ORTOPEDICA,Población en lista de espera,POBLACION_LISTA_ESPERA,36,,,,
Canarias,ES70,12/2023,2023-M12,Total,_T,Población en lista de espera,POBLACION_LISTA_ESPERA,147952,,,,
Lanzarote,ES708,12/2023,2023-M12,Total,_T,Población en lista de espera,POBLACION_LISTA_ESPERA,1804,,,,
Fuerteventura,ES704,12/2023,2023-M12,Total,_T,Población en lista de espera,POBLACION_LISTA_ESPERA,1707,,,,
Gran Canaria,ES705,12/2023,2023-M12,Total,_T,Población en lista de espera,POBLACION_LISTA_ESPERA,75650,,,,
Tenerife,ES709,12/2023,2023-M12,Total,_T,Población en lista de espera,POBLACION_LISTA_ESPERA,66262,,,,
La Gomera,ES706,12/2023,2023-M12,Total,_T,Población en lista de espera,POBLACION_LISTA_ESPERA,1038,,,,
La Palma,ES707,12/2023,2023-M12,Total,_T,Población en lista de espera,POBLACION_LISTA_ESPERA,1179,,,,
El Hierro,ES703,12/2023,2023-M12,Total,_T,Población en lista de espera,POBLACION_LISTA_ESPERA,312,,,,
Canarias,ES70,12/2023,2023-M12,Reumatología,REUMATOLOGIA,Población en lista de espera,POBLACION_LISTA_ESPERA,2811,,,,
Lanzarote,ES708,12/2023,2023-M12,Reumatología,REUMATOLOGIA,Población en lista de espera,POBLACION_LISTA_ESPERA,142,,,,
Fuerteventura,ES704,12/2023,2023-M12,Reumatología,REUMATOLOGIA,Población en lista de espera,POBLACION_LISTA_ESPERA,77,,,,
Gran Canaria,ES705,12/2023,2023-M12,Reumatología,REUMATOLOGIA,Población en lista de espera,POBLACION_LISTA_ESPERA,1930,,,,
Tenerife,ES709,12/2023,2023-M12,Reumatología,REUMATOLOGIA,Población en lista de espera,POBLACION_LISTA_ESPERA,624,,,,
La Gomera,ES706,12/2023,2023-M12,Reumatología,REUMATOLOGIA,Población en lista de espera,POBLACION_LISTA_ESPERA,0,,,,
La Palma,ES707,12/2023,2023-M12,Reumatología,REUMATOLOGIA,Población en lista de espera,POBLACION_LISTA_ESPERA,38,,,,
El Hierro,ES703,12/2023,2023-M12,Reumatología,REUMATOLOGIA,Población en lista de espera,POBLACION_LISTA_ESPERA,0,,,,
Canarias,ES70,12/2023,2023-M12,Rehabilitación,REHABILITACION,Población en lista de espera,POBLACION_LISTA_ESPERA,13536,,,,
Lanzarote,ES708,12/2023,2023-M12,Rehabilitación,REHABILITACION,Población en lista de espera,POBLACION_LISTA_ESPERA,144,,,,
Fuerteventura,ES704,12/2023,2023-M12,Rehabilitación,REHABILITACION,Población en lista de espera,POBLACION_LISTA_ESPERA,108,,,,
Gran Canaria,ES705,12/2023,2023-M12,Rehabilitación,REHABILITACION,Población en lista de espera,POBLACION_LISTA_ESPERA,5659,,,,
Tenerife,ES709,12/2023,2023-M12,Rehabilitación,REHABILITACION,Población en lista de espera,POBLACION_LISTA_ESPERA,7543,,,,
La Gomera,ES706,12/2023,2023-M12,Rehabilitación,REHABILITACION,Población en lista de espera,POBLACION_LISTA_ESPERA,33,,,,
La Palma,ES707,12/2023,2023-M12,Rehabilitación,REHABILITACION,Población en lista de espera,POBLACION_LISTA_ESPERA,30,,,,
El Hierro,ES703,12/2023,2023-M12,Rehabilitación,REHABILITACION,Población en lista de espera,POBLACION_LISTA_ESPERA,19,,,,
Canarias,ES70,12/2023,2023-M12,Psiquiatría,PSIQUIATRIA,Población en lista de espera,POBLACION_LISTA_ESPERA,2838,,,,
Lanzarote,ES708,12/2023,2023-M12,Psiquiatría,PSIQUIATRIA,Población en lista de espera,POBLACION_LISTA_ESPERA,27,,,,
Fuerteventura,ES704,12/2023,2023-M12,Psiquiatría,PSIQUIATRIA,Población en lista de espera,POBLACION_LISTA_ESPERA,102,,,,
Gran Canaria,ES705,12/2023,2023-M12,Psiquiatría,PSIQUIATRIA,Población en lista de espera,POBLACION_LISTA_ESPERA,2160,,,,
Tenerife,ES709,12/2023,2023-M12,Psiquiatría,PSIQUIATRIA,Población en lista de espera,POBLACION_LISTA_ESPERA,474,,,,
La Gomera,ES706,12/2023,2023-M12,Psiquiatría,PSIQUIATRIA,Población en lista de espera,POBLACION_LISTA_ESPERA,19,,,,
La Palma,ES707,12/2023,2023-M12,Psiquiatría,PSIQUIATRIA,Población en lista de espera,POBLACION_LISTA_ESPERA,46,,,,
El Hierro,ES703,12/2023,2023-M12,Psiquiatría,PSIQUIATRIA,Población en lista de espera,POBLACION_LISTA_ESPERA,10,,,,
Canarias,ES70,12/2023,2023-M12,Pediatría,PEDIATRIA,Población en lista de espera,POBLACION_LISTA_ESPERA,649,,,,
Lanzarote,ES708,12/2023,2023-M12,Pediatría,PEDIATRIA,Población en lista de espera,POBLACION_LISTA_ESPERA,95,,,,
Fuerteventura,ES704,12/2023,2023-M12,Pediatría,PEDIATRIA,Población en lista de espera,POBLACION_LISTA_ESPERA,27,,,,
Gran Canaria,ES705,12/2023,2023-M12,Pediatría,PEDIATRIA,Población en lista de espera,POBLACION_LISTA_ESPERA,268,,,,
Tenerife,ES709,12/2023,2023-M12,Pediatría,PEDIATRIA,Población en lista de espera,POBLACION_LISTA_ESPERA,228,,,,
La Gomera,ES706,12/2023,2023-M12,Pediatría,PEDIATRIA,Población en lista de espera,POBLACION_LISTA_ESPERA,7,,,,
La Palma,ES707,12/2023,2023-M12,Pediatría,PEDIATRIA,Población en lista de espera,POBLACION_LISTA_ESPERA,24,,,,
El Hierro,ES703,12/2023,2023-M12,Pediatría,PEDIATRIA,Población en lista de espera,POBLACION_LISTA_ESPERA,0,,,,
Canarias,ES70,12/2023,2023-M12,Otorrinolaringología,OTORRINOLARINGOLOGIA,Población en lista de espera,POBLACION_LISTA_ESPERA,18199,,,,
Lanzarote,ES708,12/2023,2023-M12,Otorrinolaringología,OTORRINOLARINGOLOGIA,Población en lista de espera,POBLACION_LISTA_ESPERA,115,,,,
Fuerteventura,ES704,12/2023,2023-M12,Otorrinolaringología,OTORRINOLARINGOLOGIA,Población en lista de espera,POBLACION_LISTA_ESPERA,120,,,,
Gran Canaria,ES705,12/2023,2023-M12,Otorrinolaringología,OTORRINOLARINGOLOGIA,Población en lista de espera,POBLACION_LISTA_ESPERA,7891,,,,
Tenerife,ES709,12/2023,2023-M12,Otorrinolaringología,OTORRINOLARINGOLOGIA,Población en lista de espera,POBLACION_LISTA_ESPERA,9894,,,,
La Gomera,ES706,12/2023,2023-M12,Otorrinolaringología,OTORRINOLARINGOLOGIA,Población en lista de espera,POBLACION_LISTA_ESPERA,41,,,,
La Palma,ES707,12/2023,2023-M12,Otorrinolaringología,OTORRINOLARINGOLOGIA,Población en lista de espera,POBLACION_LISTA_ESPERA,92,,,,
El Hierro,ES703,12/2023,2023-M12,Otorrinolaringología,OTORRINOLARINGOLOGIA,Población en lista de espera,POBLACION_LISTA_ESPERA,46,,,,
Canarias,ES70,12/2023,2023-M12,Oftalmología,OFTALMOLOGIA,Población en lista de espera,POBLACION_LISTA_ESPERA,26851,,,,
Lanzarote,ES708,12/2023,2023-M12,Oftalmología,OFTALMOLOGIA,Población en lista de espera,POBLACION_LISTA_ESPERA,41,,,,
Fuerteventura,ES704,12/2023,2023-M12,Oftalmología,OFTALMOLOGIA,Población en lista de espera,POBLACION_LISTA_ESPERA,197,,,,
Gran Canaria,ES705,12/2023,2023-M12,Oftalmología,OFTALMOLOGIA,Población en lista de espera,POBLACION_LISTA_ESPERA,11806,,,,
Tenerife,ES709,12/2023,2023-M12,Oftalmología,OFTALMOLOGIA,Población en lista de espera,POBLACION_LISTA_ESPERA,14338,,,,
La Gomera,ES706,12/2023,2023-M12,Oftalmología,OFTALMOLOGIA,Población en lista de espera,POBLACION_LISTA_ESPERA,288,,,,
La Palma,ES707,12/2023,2023-M12,Oftalmología,OFTALMOLOGIA,Población en lista de espera,POBLACION_LISTA_ESPERA,165,,,,
El Hierro,ES703,12/2023,2023-M12,Oftalmología,OFTALMOLOGIA,Población en lista de espera,POBLACION_LISTA_ESPERA,16,,,,
Canarias,ES70,12/2023,2023-M12,Neurología,NEUROLOGIA,Población en lista de espera,POBLACION_LISTA_ESPERA,4373,,,,
Lanzarote,ES708,12/2023,2023-M12,Neurología,NEUROLOGIA,Población en lista de espera,POBLACION_LISTA_ESPERA,42,,,,
Fuerteventura,ES704,12/2023,2023-M12,Neurología,NEUROLOGIA,Población en lista de espera,POBLACION_LISTA_ESPERA,45,,,,
Gran Canaria,ES705,12/2023,2023-M12,Neurología,NEUROLOGIA,Población en lista de espera,POBLACION_LISTA_ESPERA,2848,,,,
Tenerife,ES709,12/2023,2023-M12,Neurología,NEUROLOGIA,Población en lista de espera,POBLACION_LISTA_ESPERA,1321,,,,
La Gomera,ES706,12/2023,2023-M12,Neurología,NEUROLOGIA,Población en lista de espera,POBLACION_LISTA_ESPERA,97,,,,
La Palma,ES707,12/2023,2023-M12,Neurología,NEUROLOGIA,Población en lista de espera,POBLACION_LISTA_ESPERA,0,,,,
El Hierro,ES703,12/2023,2023-M12,Neurología,NEUROLOGIA,Población en lista de espera,POBLACION_LISTA_ESPERA,20,,,,
Canarias,ES70,12/2023,2023-M12,Neurocirugía,NEUROCIRUGIA,Población en lista de espera,POBLACION_LISTA_ESPERA,3538,,,,
Lanzarote,ES708,12/2023,2023-M12,Neurocirugía,NEUROCIRUGIA,Población en lista de espera,POBLACION_LISTA_ESPERA,0,,,,
Fuerteventura,ES704,12/2023,2023-M12,Neurocirugía,NEUROCIRUGIA,Población en lista de espera,POBLACION_LISTA_ESPERA,6,,,,
Gran Canaria,ES705,12/2023,2023-M12,Neurocirugía,NEUROCIRUGIA,Población en lista de espera,POBLACION_LISTA_ESPERA,2070,,,,
Tenerife,ES709,12/2023,2023-M12,Neurocirugía,NEUROCIRUGIA,Población en lista de espera,POBLACION_LISTA_ESPERA,1462,,,,
La Gomera,ES706,12/2023,2023-M12,Neurocirugía,NEUROCIRUGIA,Población en lista de espera,POBLACION_LISTA_ESPERA,0,,,,
La Palma,ES707,12/2023,2023-M12,Neurocirugía,NEUROCIRUGIA,Población en lista de espera,POBLACION_LISTA_ESPERA,0,,,,
El Hierro,ES703,12/2023,2023-M12,Neurocirugía,NEUROCIRUGIA,Población en lista de espera,POBLACION_LISTA_ESPERA,0,,,,
Canarias,ES70,12/2023,2023-M12,Neumología,NEUMOLOGIA,Población en lista de espera,POBLACION_LISTA_ESPERA,2166,,,,
Lanzarote,ES708,12/2023,2023-M12,Neumología,NEUMOLOGIA,Población en lista de espera,POBLACION_LISTA_ESPERA,50,,,,
Fuerteventura,ES704,12/2023,2023-M12,Neumología,NEUMOLOGIA,Población en lista de espera,POBLACION_LISTA_ESPERA,63,,,,
Gran Canaria,ES705,12/2023,2023-M12,Neumología,NEUMOLOGIA,Población en lista de espera,POBLACION_LISTA_ESPERA,1423,,,,
Tenerife,ES709,12/2023,2023-M12,Neumología,NEUMOLOGIA,Población en lista de espera,POBLACION_LISTA_ESPERA,625,,,,
La Gomera,ES706,12/2023,2023-M12,Neumología,NEUMOLOGIA,Población en lista de espera,POBLACION_LISTA_ESPERA,0,,,,
La Palma,ES707,12/2023,2023-M12,Neumología,NEUMOLOGIA,Población en lista de espera,POBLACION_LISTA_ESPERA,1,,,,
El Hierro,ES703,12/2023,2023-M12,Neumología,NEUMOLOGIA,Población en lista de espera,POBLACION_LISTA_ESPERA,4,,,,
Canarias,ES70,12/2023,2023-M12,Nefrología,NEFROLOGIA,Población en lista de espera,POBLACION_LISTA_ESPERA,609,,,,
Lanzarote,ES708,12/2023,2023-M12,Nefrología,NEFROLOGIA,Población en lista de espera,POBLACION_LISTA_ESPERA,29,,,,
Fuerteventura,ES704,12/2023,2023-M12,Nefrología,NEFROLOGIA,Población en lista de espera,POBLACION_LISTA_ESPERA,21,,,,
Gran Canaria,ES705,12/2023,2023-M12,Nefrología,NEFROLOGIA,Población en lista de espera,POBLACION_LISTA_ESPERA,410,,,,
Tenerife,ES709,12/2023,2023-M12,Nefrología,NEFROLOGIA,Población en lista de espera,POBLACION_LISTA_ESPERA,122,,,,
La Gomera,ES706,12/2023,2023-M12,Nefrología,NEFROLOGIA,Población en lista de espera,POBLACION_LISTA_ESPERA,20,,,,
La Palma,ES707,12/2023,2023-M12,Nefrología,NEFROLOGIA,Población en lista de espera,POBLACION_LISTA_ESPERA,6,,,,
El Hierro,ES703,12/2023,2023-M12,Nefrología,NEFROLOGIA,Población en lista de espera,POBLACION_LISTA_ESPERA,1,,,,
Canarias,ES70,12/2023,2023-M12,Medicina interna,MEDICINA_INTERNA,Población en lista de espera,POBLACION_LISTA_ESPERA,973,,,,
Lanzarote,ES708,12/2023,2023-M12,Medicina interna,MEDICINA_INTERNA,Población en lista de espera,POBLACION_LISTA_ESPERA,22,,,,
Fuerteventura,ES704,12/2023,2023-M12,Medicina interna,MEDICINA_INTERNA,Población en lista de espera,POBLACION_LISTA_ESPERA,6,,,,
Gran Canaria,ES705,12/2023,2023-M12,Medicina interna,MEDICINA_INTERNA,Población en lista de espera,POBLACION_LISTA_ESPERA,704,,,,
Tenerife,ES709,12/2023,2023-M12,Medicina interna,MEDICINA_INTERNA,Población en lista de espera,POBLACION_LISTA_ESPERA,207,,,,
La Gomera,ES706,12/2023,2023-M12,Medicina interna,MEDICINA_INTERNA,Población en lista de espera,POBLACION_LISTA_ESPERA,14,,,,
La Palma,ES707,12/2023,2023-M12,Medicina interna,MEDICINA_INTERNA,Población en lista de espera,POBLACION_LISTA_ESPERA,10,,,,
El Hierro,ES703,12/2023,2023-M12,Medicina interna,MEDICINA_INTERNA,Población en lista de espera,POBLACION_LISTA_ESPERA,10,,,,
Canarias,ES70,12/2023,2023-M12,Hematología,HEMATOLOGIA,Población en lista de espera,POBLACION_LISTA_ESPERA,563,,,,
Lanzarote,ES708,12/2023,2023-M12,Hematología,HEMATOLOGIA,Población en lista de espera,POBLACION_LISTA_ESPERA,73,,,,
Fuerteventura,ES704,12/2023,2023-M12,Hematología,HEMATOLOGIA,Población en lista de espera,POBLACION_LISTA_ESPERA,49,,,,
Gran Canaria,ES705,12/2023,2023-M12,Hematología,HEMATOLOGIA,Población en lista de espera,POBLACION_LISTA_ESPERA,305,,,,
Tenerife,ES709,12/2023,2023-M12,Hematología,HEMATOLOGIA,Población en lista de espera,POBLACION_LISTA_ESPERA,50,,,,
La Gomera,ES706,12/2023,2023-M12,Hematología,HEMATOLOGIA,Población en lista de espera,POBLACION_LISTA_ESPERA,28,,,,
La Palma,ES707,12/2023,2023-M12,Hematología,HEMATOLOGIA,Población en lista de espera,POBLACION_LISTA_ESPERA,54,,,,
El Hierro,ES703,12/2023,2023-M12,Hematología,HEMATOLOGIA,Población en lista de espera,POBLACION_LISTA_ESPERA,4,,,,
Canarias,ES70,12/2023,2023-M12,Ginecología,GINECOLOGIA,Población en lista de espera,POBLACION_LISTA_ESPERA,3518,,,,
Lanzarote,ES708,12/2023,2023-M12,Ginecología,GINECOLOGIA,Población en lista de espera,POBLACION_LISTA_ESPERA,87,,,,
Fuerteventura,ES704,12/2023,2023-M12,Ginecología,GINECOLOGIA,Población en lista de espera,POBLACION_LISTA_ESPERA,125,,,,
Gran Canaria,ES705,12/2023,2023-M12,Ginecología,GINECOLOGIA,Población en lista de espera,POBLACION_LISTA_ESPERA,2744,,,,
Tenerife,ES709,12/2023,2023-M12,Ginecología,GINECOLOGIA,Población en lista de espera,POBLACION_LISTA_ESPERA,372,,,,
La Gomera,ES706,12/2023,2023-M12,Ginecología,GINECOLOGIA,Población en lista de espera,POBLACION_LISTA_ESPERA,64,,,,
La Palma,ES707,12/2023,2023-M12,Ginecología,GINECOLOGIA,Población en lista de espera,POBLACION_LISTA_ESPERA,73,,,,
El Hierro,ES703,12/2023,2023-M12,Ginecología,GINECOLOGIA,Población en lista de espera,POBLACION_LISTA_ESPERA,53,,,,
Canarias,ES70,12/2023,2023-M12,Endocrinología,ENDOCRINOLOGIA,Población en lista de espera,POBLACION_LISTA_ESPERA,1556,,,,
Lanzarote,ES708,12/2023,2023-M12,Endocrinología,ENDOCRINOLOGIA,Población en lista de espera,POBLACION_LISTA_ESPERA,47,,,,
Fuerteventura,ES704,12/2023,2023-M12,Endocrinología,ENDOCRINOLOGIA,Población en lista de espera,POBLACION_LISTA_ESPERA,43,,,,
Gran Canaria,ES705,12/2023,2023-M12,Endocrinología,ENDOCRINOLOGIA,Población en lista de espera,POBLACION_LISTA_ESPERA,1041,,,,
Tenerife,ES709,12/2023,2023-M12,Endocrinología,ENDOCRINOLOGIA,Población en lista de espera,POBLACION_LISTA_ESPERA,225,,,,
La Gomera,ES706,12/2023,2023-M12,Endocrinología,ENDOCRINOLOGIA,Población en lista de espera,POBLACION_LISTA_ESPERA,0,,,,
La Palma,ES707,12/2023,2023-M12,Endocrinología,ENDOCRINOLOGIA,Población en lista de espera,POBLACION_LISTA_ESPERA,179,,,,
El Hierro,ES703,12/2023,2023-M12,Endocrinología,ENDOCRINOLOGIA,Población en lista de espera,POBLACION_LISTA_ESPERA,21,,,,
Canarias,ES70,12/2023,2023-M12,Digestivo,DIGESTIVO,Población en lista de espera,POBLACION_LISTA_ESPERA,2339,,,,
Lanzarote,ES708,12/2023,2023-M12,Digestivo,DIGESTIVO,Población en lista de espera,POBLACION_LISTA_ESPERA,77,,,,
Fuerteventura,ES704,12/2023,2023-M12,Digestivo,DIGESTIVO,Población en lista de espera,POBLACION_LISTA_ESPERA,81,,,,
Gran Canaria,ES705,12/2023,2023-M12,Digestivo,DIGESTIVO,Población en lista de espera,POBLACION_LISTA_ESPERA,1399,,,,
Tenerife,ES709,12/2023,2023-M12,Digestivo,DIGESTIVO,Población en lista de espera,POBLACION_LISTA_ESPERA,767,,,,
La Gomera,ES706,12/2023,2023-M12,Digestivo,DIGESTIVO,Población en lista de espera,POBLACION_LISTA_ESPERA,14,,,,
La Palma,ES707,12/2023,2023-M12,Digestivo,DIGESTIVO,Población en lista de espera,POBLACION_LISTA_ESPERA,1,,,,
El Hierro,ES703,12/2023,2023-M12,Digestivo,DIGESTIVO,Población en lista de espera,POBLACION_LISTA_ESPERA,0,,,,
Canarias,ES70,12/2023,2023-M12,Dermatología,DERMATOLOGIA,Población en lista de espera,POBLACION_LISTA_ESPERA,29476,,,,
Lanzarote,ES708,12/2023,2023-M12,Dermatología,DERMATOLOGIA,Población en lista de espera,POBLACION_LISTA_ESPERA,213,,,,
Fuerteventura,ES704,12/2023,2023-M12,Dermatología,DERMATOLOGIA,Población en lista de espera,POBLACION_LISTA_ESPERA,158,,,,
Gran Canaria,ES705,12/2023,2023-M12,Dermatología,DERMATOLOGIA,Población en lista de espera,POBLACION_LISTA_ESPERA,10161,,,,
Tenerife,ES709,12/2023,2023-M12,Dermatología,DERMATOLOGIA,Población en lista de espera,POBLACION_LISTA_ESPERA,18553,,,,
La Gomera,ES706,12/2023,2023-M12,Dermatología,DERMATOLOGIA,Población en lista de espera,POBLACION_LISTA_ESPERA,244,,,,
La Palma,ES707,12/2023,2023-M12,Dermatología,DERMATOLOGIA,Población en lista de espera,POBLACION_LISTA_ESPERA,119,,,,
El Hierro,ES703,12/2023,2023-M12,Dermatología,DERMATOLOGIA,Población en lista de espera,POBLACION_LISTA_ESPERA,28,,,,
Canarias,ES70,12/2023,2023-M12,Cirugía torácica,CIRUGIA_TORACICA,Población en lista de espera,POBLACION_LISTA_ESPERA,91,,,,
Lanzarote,ES708,12/2023,2023-M12,Cirugía torácica,CIRUGIA_TORACICA,Población en lista de espera,POBLACION_LISTA_ESPERA,0,,,,
Fuerteventura,ES704,12/2023,2023-M12,Cirugía torácica,CIRUGIA_TORACICA,Población en lista de espera,POBLACION_LISTA_ESPERA,0,,,,
Gran Canaria,ES705,12/2023,2023-M12,Cirugía torácica,CIRUGIA_TORACICA,Población en lista de espera,POBLACION_LISTA_ESPERA,66,,,,
Tenerife,ES709,12/2023,2023-M12,Cirugía torácica,CIRUGIA_TORACICA,Población en lista de espera,POBLACION_LISTA_ESPERA,25,,,,
La Gomera,ES706,12/2023,2023-M12,Cirugía torácica,CIRUGIA_TORACICA,Población en lista de espera,POBLACION_LISTA_ESPERA,0,,,,
La Palma,ES707,12/2023,2023-M12,Cirugía torácica,CIRUGIA_TORACICA,Población en lista de espera,POBLACION_LISTA_ESPERA,0,,,,
El Hierro,ES703,12/2023,2023-M12,Cirugía torácica,CIRUGIA_TORACICA,Población en lista de espera,POBLACION_LISTA_ESPERA,0,,,,
Canarias,ES70,12/2023,2023-M12,Cirugía plástica y reparadora,CIRUGIA_PLASTICA_REPARADORA,Población en lista de espera,POBLACION_LISTA_ESPERA,1296,,,,
Lanzarote,ES708,12/2023,2023-M12,Cirugía plástica y reparadora,CIRUGIA_PLASTICA_REPARADORA,Población en lista de espera,POBLACION_LISTA_ESPERA,0,,,,
Fuerteventura,ES704,12/2023,2023-M12,Cirugía plástica y reparadora,CIRUGIA_PLASTICA_REPARADORA,Población en lista de espera,POBLACION_LISTA_ESPERA,0,,,,
Gran Canaria,ES705,12/2023,2023-M12,Cirugía plástica y reparadora,CIRUGIA_PLASTICA_REPARADORA,Población en lista de espera,POBLACION_LISTA_ESPERA,1154,,,,
Tenerife,ES709,12/2023,2023-M12,Cirugía plástica y reparadora,CIRUGIA_PLASTICA_REPARADORA,Población en lista de espera,POBLACION_LISTA_ESPERA,142,,,,
La Gomera,ES706,12/2023,2023-M12,Cirugía plástica y reparadora,CIRUGIA_PLASTICA_REPARADORA,Población en lista de espera,POBLACION_LISTA_ESPERA,0,,,,
La Palma,ES707,12/2023,2023-M12,Cirugía plástica y reparadora,CIRUGIA_PLASTICA_REPARADORA,Población en lista de espera,POBLACION_LISTA_ESPERA,0,,,,
El Hierro,ES703,12/2023,2023-M12,Cirugía plástica y reparadora,CIRUGIA_PLASTICA_REPARADORA,Población en lista de espera,POBLACION_LISTA_ESPERA,0,,,,
Canarias,ES70,12/2023,2023-M12,Cirugía pediátrica,CIRUGIA_PEDIATRICA,Población en lista de espera,POBLACION_LISTA_ESPERA,318,,,,
Lanzarote,ES708,12/2023,2023-M12,Cirugía pediátrica,CIRUGIA_PEDIATRICA,Población en lista de espera,POBLACION_LISTA_ESPERA,0,,,,
Fuerteventura,ES704,12/2023,2023-M12,Cirugía pediátrica,CIRUGIA_PEDIATRICA,Población en lista de espera,POBLACION_LISTA_ESPERA,0,,,,
Gran Canaria,ES705,12/2023,2023-M12,Cirugía pediátrica,CIRUGIA_PEDIATRICA,Población en lista de espera,POBLACION_LISTA_ESPERA,159,,,,
Tenerife,ES709,12/2023,2023-M12,Cirugía pediátrica,CIRUGIA_PEDIATRICA,Población en lista de espera,POBLACION_LISTA_ESPERA,159,,,,
La Gomera,ES706,12/2023,2023-M12,Cirugía pediátrica,CIRUGIA_PEDIATRICA,Población en lista de espera,POBLACION_LISTA_ESPERA,0,,,,
La Palma,ES707,12/2023,2023-M12,Cirugía pediátrica,CIRUGIA_PEDIATRICA,Población en lista de espera,POBLACION_LISTA_ESPERA,0,,,,
El Hierro,ES703,12/2023,2023-M12,Cirugía pediátrica,CIRUGIA_PEDIATRICA,Población en lista de espera,POBLACION_LISTA_ESPERA,0,,,,
Canarias,ES70,12/2023,2023-M12,Cirugía maxilofacial,CIRUGIA_MAXILOFACIAL,Población en lista de espera,POBLACION_LISTA_ESPERA,3522,,,,
Lanzarote,ES708,12/2023,2023-M12,Cirugía maxilofacial,CIRUGIA_MAXILOFACIAL,Población en lista de espera,POBLACION_LISTA_ESPERA,0,,,,
Fuerteventura,ES704,12/2023,2023-M12,Cirugía maxilofacial,CIRUGIA_MAXILOFACIAL,Población en lista de espera,POBLACION_LISTA_ESPERA,0,,,,
Gran Canaria,ES705,12/2023,2023-M12,Cirugía maxilofacial,CIRUGIA_MAXILOFACIAL,Población en lista de espera,POBLACION_LISTA_ESPERA,1555,,,,
Tenerife,ES709,12/2023,2023-M12,Cirugía maxilofacial,CIRUGIA_MAXILOFACIAL,Población en lista de espera,POBLACION_LISTA_ESPERA,1967,,,,
La Gomera,ES706,12/2023,2023-M12,Cirugía maxilofacial,CIRUGIA_MAXILOFACIAL,Población en lista de espera,POBLACION_LISTA_ESPERA,0,,,,
La Palma,ES707,12/2023,2023-M12,Cirugía maxilofacial,CIRUGIA_MAXILOFACIAL,Población en lista de espera,POBLACION_LISTA_ESPERA,0,,,,
El Hierro,ES703,12/2023,2023-M12,Cirugía maxilofacial,CIRUGIA_MAXILOFACIAL,Población en lista de espera,POBLACION_LISTA_ESPERA,0,,,,
Canarias,ES70,12/2023,2023-M12,Cirugía general y digestiva,CIRUGIA_GENERAL_DIGESTIVA,Población en lista de espera,POBLACION_LISTA_ESPERA,2768,,,,
Lanzarote,ES708,12/2023,2023-M12,Cirugía general y digestiva,CIRUGIA_GENERAL_DIGESTIVA,Población en lista de espera,POBLACION_LISTA_ESPERA,102,,,,
Fuerteventura,ES704,12/2023,2023-M12,Cirugía general y digestiva,CIRUGIA_GENERAL_DIGESTIVA,Población en lista de espera,POBLACION_LISTA_ESPERA,163,,,,
Gran Canaria,ES705,12/2023,2023-M12,Cirugía general y digestiva,CIRUGIA_GENERAL_DIGESTIVA,Población en lista de espera,POBLACION_LISTA_ESPERA,1870,,,,
Tenerife,ES709,12/2023,2023-M12,Cirugía general y digestiva,CIRUGIA_GENERAL_DIGESTIVA,Población en lista de espera,POBLACION_LISTA_ESPERA,493,,,,
La Gomera,ES706,12/2023,2023-M12,Cirugía general y digestiva,CIRUGIA_GENERAL_DIGESTIVA,Población en lista de espera,POBLACION_LISTA_ESPERA,41,,,,
La Palma,ES707,12/2023,2023-M12,Cirugía general y digestiva,CIRUGIA_GENERAL_DIGESTIVA,Población en lista de espera,POBLACION_LISTA_ESPERA,92,,,,
El Hierro,ES703,12/2023,2023-M12,Cirugía general y digestiva,CIRUGIA_GENERAL_DIGESTIVA,Población en lista de espera,POBLACION_LISTA_ESPERA,7,,,,
Canarias,ES70,12/2023,2023-M12,Cirugía cardíaca,CIRUGIA_CARDIACA,Población en lista de espera,POBLACION_LISTA_ESPERA,8,,,,
Lanzarote,ES708,12/2023,2023-M12,Cirugía cardíaca,CIRUGIA_CARDIACA,Población en lista de espera,POBLACION_LISTA_ESPERA,0,,,,
Fuerteventura,ES704,12/2023,2023-M12,Cirugía cardíaca,CIRUGIA_CARDIACA,Población en lista de espera,POBLACION_LISTA_ESPERA,0,,,,
Gran Canaria,ES705,12/2023,2023-M12,Cirugía cardíaca,CIRUGIA_CARDIACA,Población en lista de espera,POBLACION_LISTA_ESPERA,1,,,,
Tenerife,ES709,12/2023,2023-M12,Cirugía cardíaca,CIRUGIA_CARDIACA,Población en lista de espera,POBLACION_LISTA_ESPERA,7,,,,
La Gomera,ES706,12/2023,2023-M12,Cirugía cardíaca,CIRUGIA_CARDIACA,Población en lista de espera,POBLACION_LISTA_ESPERA,0,,,,
La Palma,ES707,12/2023,2023-M12,Cirugía cardíaca,CIRUGIA_CARDIACA,Población en lista de espera,POBLACION_LISTA_ESPERA,0,,,,
El Hierro,ES703,12/2023,2023-M12,Cirugía cardíaca,CIRUGIA_CARDIACA,Población en lista de espera,POBLACION_LISTA_ESPERA,0,,,,
Canarias,ES70,12/2023,2023-M12,Cardiología,CARDIOLOGIA,Población en lista de espera,POBLACION_LISTA_ESPERA,2791,,,,
Lanzarote,ES708,12/2023,2023-M12,Cardiología,CARDIOLOGIA,Población en lista de espera,POBLACION_LISTA_ESPERA,102,,,,
Fuerteventura,ES704,12/2023,2023-M12,Cardiología,CARDIOLOGIA,Población en lista de espera,POBLACION_LISTA_ESPERA,26,,,,
Gran Canaria,ES705,12/2023,2023-M12,Cardiología,CARDIOLOGIA,Población en lista de espera,POBLACION_LISTA_ESPERA,2010,,,,
Tenerife,ES709,12/2023,2023-M12,Cardiología,CARDIOLOGIA,Población en lista de espera,POBLACION_LISTA_ESPERA,579,,,,
La Gomera,ES706,12/2023,2023-M12,Cardiología,CARDIOLOGIA,Población en lista de espera,POBLACION_LISTA_ESPERA,10,,,,
La Palma,ES707,12/2023,2023-M12,Cardiología,CARDIOLOGIA,Población en lista de espera,POBLACION_LISTA_ESPERA,57,,,,
El Hierro,ES703,12/2023,2023-M12,Cardiología,CARDIOLOGIA,Población en lista de espera,POBLACION_LISTA_ESPERA,7,,,,
Canarias,ES70,12/2023,2023-M12,Angiología y cirugía vascular,ANGIOLOGIA_CIRUGIA_VASCULAR,Población en lista de espera,POBLACION_LISTA_ESPERA,1371,,,,
Lanzarote,ES708,12/2023,2023-M12,Angiología y cirugía vascular,ANGIOLOGIA_CIRUGIA_VASCULAR,Población en lista de espera,POBLACION_LISTA_ESPERA,4,,,,
Fuerteventura,ES704,12/2023,2023-M12,Angiología y cirugía vascular,ANGIOLOGIA_CIRUGIA_VASCULAR,Población en lista de espera,POBLACION_LISTA_ESPERA,5,,,,
Gran Canaria,ES705,12/2023,2023-M12,Angiología y cirugía vascular,ANGIOLOGIA_CIRUGIA_VASCULAR,Población en lista de espera,POBLACION_LISTA_ESPERA,1323,,,,
Tenerife,ES709,12/2023,2023-M12,Angiología y cirugía vascular,ANGIOLOGIA_CIRUGIA_VASCULAR,Población en lista de espera,POBLACION_LISTA_ESPERA,39,,,,
La Gomera,ES706,12/2023,2023-M12,Angiología y cirugía vascular,ANGIOLOGIA_CIRUGIA_VASCULAR,Población en lista de espera,POBLACION_LISTA_ESPERA,0,,,,
La Palma,ES707,12/2023,2023-M12,Angiología y cirugía vascular,ANGIOLOGIA_CIRUGIA_VASCULAR,Población en lista de espera,POBLACION_LISTA_ESPERA,0,,,,
El Hierro,ES703,12/2023,2023-M12,Angiología y cirugía vascular,ANGIOLOGIA_CIRUGIA_VASCULAR,Población en lista de espera,POBLACION_LISTA_ESPERA,0,,,,
Canarias,ES70,12/2023,2023-M12,Alergia,ALERGIA,Población en lista de espera,POBLACION_LISTA_ESPERA,1006,,,,
Lanzarote,ES708,12/2023,2023-M12,Alergia,ALERGIA,Población en lista de espera,POBLACION_LISTA_ESPERA,90,,,,
Fuerteventura,ES704,12/2023,2023-M12,Alergia,ALERGIA,Población en lista de espera,POBLACION_LISTA_ESPERA,74,,,,
Gran Canaria,ES705,12/2023,2023-M12,Alergia,ALERGIA,Población en lista de espera,POBLACION_LISTA_ESPERA,410,,,,
Tenerife,ES709,12/2023,2023-M12,Alergia,ALERGIA,Población en lista de espera,POBLACION_LISTA_ESPERA,303,,,,
La Gomera,ES706,12/2023,2023-M12,Alergia,ALERGIA,Población en lista de espera,POBLACION_LISTA_ESPERA,12,,,,
La Palma,ES707,12/2023,2023-M12,Alergia,ALERGIA,Población en lista de espera,POBLACION_LISTA_ESPERA,112,,,,
El Hierro,ES703,12/2023,2023-M12,Alergia,ALERGIA,Población en lista de espera,POBLACION_LISTA_ESPERA,5,,,,
Canarias,ES70,06/2024,2024-M06,Urología,UROLOGIA,Población en lista de espera,POBLACION_LISTA_ESPERA,4141,,,,
Lanzarote,ES708,06/2024,2024-M06,Urología,UROLOGIA,Población en lista de espera,POBLACION_LISTA_ESPERA,30,,,,
Fuerteventura,ES704,06/2024,2024-M06,Urología,UROLOGIA,Población en lista de espera,POBLACION_LISTA_ESPERA,56,,,,
Gran Canaria,ES705,06/2024,2024-M06,Urología,UROLOGIA,Población en lista de espera,POBLACION_LISTA_ESPERA,958,,,,
Tenerife,ES709,06/2024,2024-M06,Urología,UROLOGIA,Población en lista de espera,POBLACION_LISTA_ESPERA,3010,,,,
La Gomera,ES706,06/2024,2024-M06,Urología,UROLOGIA,Población en lista de espera,POBLACION_LISTA_ESPERA,0,,,,
La Palma,ES707,06/2024,2024-M06,Urología,UROLOGIA,Población en lista de espera,POBLACION_LISTA_ESPERA,78,,,,
El Hierro,ES703,06/2024,2024-M06,Urología,UROLOGIA,Población en lista de espera,POBLACION_LISTA_ESPERA,9,,,,
Canarias,ES70,06/2024,2024-M06,Traumatología y cirugía ortopédica,TRAUMATOLOGIA_CIRUGIA_ORTOPEDICA,Población en lista de espera,POBLACION_LISTA_ESPERA,13631,,,,
Lanzarote,ES708,06/2024,2024-M06,Traumatología y cirugía ortopédica,TRAUMATOLOGIA_CIRUGIA_ORTOPEDICA,Población en lista de espera,POBLACION_LISTA_ESPERA,206,,,,
Fuerteventura,ES704,06/2024,2024-M06,Traumatología y cirugía ortopédica,TRAUMATOLOGIA_CIRUGIA_ORTOPEDICA,Población en lista de espera,POBLACION_LISTA_ESPERA,242,,,,
Gran Canaria,ES705,06/2024,2024-M06,Traumatología y cirugía ortopédica,TRAUMATOLOGIA_CIRUGIA_ORTOPEDICA,Población en lista de espera,POBLACION_LISTA_ESPERA,10606,,,,
Tenerife,ES709,06/2024,2024-M06,Traumatología y cirugía ortopédica,TRAUMATOLOGIA_CIRUGIA_ORTOPEDICA,Población en lista de espera,POBLACION_LISTA_ESPERA,2350,,,,
La Gomera,ES706,06/2024,2024-M06,Traumatología y cirugía ortopédica,TRAUMATOLOGIA_CIRUGIA_ORTOPEDICA,Población en lista de espera,POBLACION_LISTA_ESPERA,42,,,,
La Palma,ES707,06/2024,2024-M06,Traumatología y cirugía ortopédica,TRAUMATOLOGIA_CIRUGIA_ORTOPEDICA,Población en lista de espera,POBLACION_LISTA_ESPERA,151,,,,
El Hierro,ES703,06/2024,2024-M06,Traumatología y cirugía ortopédica,TRAUMATOLOGIA_CIRUGIA_ORTOPEDICA,Población en lista de espera,POBLACION_LISTA_ESPERA,34,,,,
Canarias,ES70,06/2024,2024-M06,Total,_T,Población en lista de espera,POBLACION_LISTA_ESPERA,139391,,,,
Lanzarote,ES708,06/2024,2024-M06,Total,_T,Población en lista de espera,POBLACION_LISTA_ESPERA,1921,,,,
Fuerteventura,ES704,06/2024,2024-M06,Total,_T,Población en lista de espera,POBLACION_LISTA_ESPERA,1953,,,,
Gran Canaria,ES705,06/2024,2024-M06,Total,_T,Población en lista de espera,POBLACION_LISTA_ESPERA,67198,,,,
Tenerife,ES709,06/2024,2024-M06,Total,_T,Población en lista de espera,POBLACION_LISTA_ESPERA,65019,,,,
La Gomera,ES706,06/2024,2024-M06,Total,_T,Población en lista de espera,POBLACION_LISTA_ESPERA,1099,,,,
La Palma,ES707,06/2024,2024-M06,Total,_T,Población en lista de espera,POBLACION_LISTA_ESPERA,1881,,,,
El Hierro,ES703,06/2024,2024-M06,Total,_T,Población en lista de espera,POBLACION_LISTA_ESPERA,320,,,,
Canarias,ES70,06/2024,2024-M06,Reumatología,REUMATOLOGIA,Población en lista de espera,POBLACION_LISTA_ESPERA,2383,,,,
Lanzarote,ES708,06/2024,2024-M06,Reumatología,REUMATOLOGIA,Población en lista de espera,POBLACION_LISTA_ESPERA,25,,,,
Fuerteventura,ES704,06/2024,2024-M06,Reumatología,REUMATOLOGIA,Población en lista de espera,POBLACION_LISTA_ESPERA,70,,,,
Gran Canaria,ES705,06/2024,2024-M06,Reumatología,REUMATOLOGIA,Población en lista de espera,POBLACION_LISTA_ESPERA,1981,,,,
Tenerife,ES709,06/2024,2024-M06,Reumatología,REUMATOLOGIA,Población en lista de espera,POBLACION_LISTA_ESPERA,257,,,,
La Gomera,ES706,06/2024,2024-M06,Reumatología,REUMATOLOGIA,Población en lista de espera,POBLACION_LISTA_ESPERA,0,,,,
La Palma,ES707,06/2024,2024-M06,Reumatología,REUMATOLOGIA,Población en lista de espera,POBLACION_LISTA_ESPERA,50,,,,
El Hierro,ES703,06/2024,2024-M06,Reumatología,REUMATOLOGIA,Población en lista de espera,POBLACION_LISTA_ESPERA,0,,,,
Canarias,ES70,06/2024,2024-M06,Rehabilitación,REHABILITACION,Población en lista de espera,POBLACION_LISTA_ESPERA,14823,,,,
Lanzarote,ES708,06/2024,2024-M06,Rehabilitación,REHABILITACION,Población en lista de espera,POBLACION_LISTA_ESPERA,143,,,,
Fuerteventura,ES704,06/2024,2024-M06,Rehabilitación,REHABILITACION,Población en lista de espera,POBLACION_LISTA_ESPERA,196,,,,
Gran Canaria,ES705,06/2024,2024-M06,Rehabilitación,REHABILITACION,Población en lista de espera,POBLACION_LISTA_ESPERA,6952,,,,
Tenerife,ES709,06/2024,2024-M06,Rehabilitación,REHABILITACION,Población en lista de espera,POBLACION_LISTA_ESPERA,7246,,,,
La Gomera,ES706,06/2024,2024-M06,Rehabilitación,REHABILITACION,Población en lista de espera,POBLACION_LISTA_ESPERA,33,,,,
La Palma,ES707,06/2024,2024-M06,Rehabilitación,REHABILITACION,Población en lista de espera,POBLACION_LISTA_ESPERA,248,,,,
El Hierro,ES703,06/2024,2024-M06,Rehabilitación,REHABILITACION,Población en lista de espera,POBLACION_LISTA_ESPERA,5,,,,
Canarias,ES70,06/2024,2024-M06,Psiquiatría,PSIQUIATRIA,Población en lista de espera,POBLACION_LISTA_ESPERA,3276,,,,
Lanzarote,ES708,06/2024,2024-M06,Psiquiatría,PSIQUIATRIA,Población en lista de espera,POBLACION_LISTA_ESPERA,47,,,,
Fuerteventura,ES704,06/2024,2024-M06,Psiquiatría,PSIQUIATRIA,Población en lista de espera,POBLACION_LISTA_ESPERA,87,,,,
Gran Canaria,ES705,06/2024,2024-M06,Psiquiatría,PSIQUIATRIA,Población en lista de espera,POBLACION_LISTA_ESPERA,2428,,,,
Tenerife,ES709,06/2024,2024-M06,Psiquiatría,PSIQUIATRIA,Población en lista de espera,POBLACION_LISTA_ESPERA,606,,,,
La Gomera,ES706,06/2024,2024-M06,Psiquiatría,PSIQUIATRIA,Población en lista de espera,POBLACION_LISTA_ESPERA,8,,,,
La Palma,ES707,06/2024,2024-M06,Psiquiatría,PSIQUIATRIA,Población en lista de espera,POBLACION_LISTA_ESPERA,78,,,,
El Hierro,ES703,06/2024,2024-M06,Psiquiatría,PSIQUIATRIA,Población en lista de espera,POBLACION_LISTA_ESPERA,22,,,,
Canarias,ES70,06/2024,2024-M06,Pediatría,PEDIATRIA,Población en lista de espera,POBLACION_LISTA_ESPERA,1047,,,,
Lanzarote,ES708,06/2024,2024-M06,Pediatría,PEDIATRIA,Población en lista de espera,POBLACION_LISTA_ESPERA,53,,,,
Fuerteventura,ES704,06/2024,2024-M06,Pediatría,PEDIATRIA,Población en lista de espera,POBLACION_LISTA_ESPERA,61,,,,
Gran Canaria,ES705,06/2024,2024-M06,Pediatría,PEDIATRIA,Población en lista de espera,POBLACION_LISTA_ESPERA,706,,,,
Tenerife,ES709,06/2024,2024-M06,Pediatría,PEDIATRIA,Población en lista de espera,POBLACION_LISTA_ESPERA,200,,,,
La Gomera,ES706,06/2024,2024-M06,Pediatría,PEDIATRIA,Población en lista de espera,POBLACION_LISTA_ESPERA,13,,,,
La Palma,ES707,06/2024,2024-M06,Pediatría,PEDIATRIA,Población en lista de espera,POBLACION_LISTA_ESPERA,14,,,,
El Hierro,ES703,06/2024,2024-M06,Pediatría,PEDIATRIA,Población en lista de espera,POBLACION_LISTA_ESPERA,0,,,,
Canarias,ES70,06/2024,2024-M06,Otorrinolaringología,OTORRINOLARINGOLOGIA,Población en lista de espera,POBLACION_LISTA_ESPERA,18017,,,,
Lanzarote,ES708,06/2024,2024-M06,Otorrinolaringología,OTORRINOLARINGOLOGIA,Población en lista de espera,POBLACION_LISTA_ESPERA,137,,,,
Fuerteventura,ES704,06/2024,2024-M06,Otorrinolaringología,OTORRINOLARINGOLOGIA,Población en lista de espera,POBLACION_LISTA_ESPERA,68,,,,
Gran Canaria,ES705,06/2024,2024-M06,Otorrinolaringología,OTORRINOLARINGOLOGIA,Población en lista de espera,POBLACION_LISTA_ESPERA,7670,,,,
Tenerife,ES709,06/2024,2024-M06,Otorrinolaringología,OTORRINOLARINGOLOGIA,Población en lista de espera,POBLACION_LISTA_ESPERA,9938,,,,
La Gomera,ES706,06/2024,2024-M06,Otorrinolaringología,OTORRINOLARINGOLOGIA,Población en lista de espera,POBLACION_LISTA_ESPERA,91,,,,
La Palma,ES707,06/2024,2024-M06,Otorrinolaringología,OTORRINOLARINGOLOGIA,Población en lista de espera,POBLACION_LISTA_ESPERA,82,,,,
El Hierro,ES703,06/2024,2024-M06,Otorrinolaringología,OTORRINOLARINGOLOGIA,Población en lista de espera,POBLACION_LISTA_ESPERA,31,,,,
Canarias,ES70,06/2024,2024-M06,Oftalmología,OFTALMOLOGIA,Población en lista de espera,POBLACION_LISTA_ESPERA,26102,,,,
Lanzarote,ES708,06/2024,2024-M06,Oftalmología,OFTALMOLOGIA,Población en lista de espera,POBLACION_LISTA_ESPERA,81,,,,
Fuerteventura,ES704,06/2024,2024-M06,Oftalmología,OFTALMOLOGIA,Población en lista de espera,POBLACION_LISTA_ESPERA,116,,,,
Gran Canaria,ES705,06/2024,2024-M06,Oftalmología,OFTALMOLOGIA,Población en lista de espera,POBLACION_LISTA_ESPERA,10583,,,,
Tenerife,ES709,06/2024,2024-M06,Oftalmología,OFTALMOLOGIA,Población en lista de espera,POBLACION_LISTA_ESPERA,14760,,,,
La Gomera,ES706,06/2024,2024-M06,Oftalmología,OFTALMOLOGIA,Población en lista de espera,POBLACION_LISTA_ESPERA,249,,,,
La Palma,ES707,06/2024,2024-M06,Oftalmología,OFTALMOLOGIA,Población en lista de espera,POBLACION_LISTA_ESPERA,263,,,,
El Hierro,ES703,06/2024,2024-M06,Oftalmología,OFTALMOLOGIA,Población en lista de espera,POBLACION_LISTA_ESPERA,50,,,,
Canarias,ES70,06/2024,2024-M06,Neurología,NEUROLOGIA,Población en lista de espera,POBLACION_LISTA_ESPERA,4161,,,,
Lanzarote,ES708,06/2024,2024-M06,Neurología,NEUROLOGIA,Población en lista de espera,POBLACION_LISTA_ESPERA,43,,,,
Fuerteventura,ES704,06/2024,2024-M06,Neurología,NEUROLOGIA,Población en lista de espera,POBLACION_LISTA_ESPERA,70,,,,
Gran Canaria,ES705,06/2024,2024-M06,Neurología,NEUROLOGIA,Población en lista de espera,POBLACION_LISTA_ESPERA,2677,,,,
Tenerife,ES709,06/2024,2024-M06,Neurología,NEUROLOGIA,Población en lista de espera,POBLACION_LISTA_ESPERA,1224,,,,
La Gomera,ES706,06/2024,2024-M06,Neurología,NEUROLOGIA,Población en lista de espera,POBLACION_LISTA_ESPERA,127,,,,
La Palma,ES707,06/2024,2024-M06,Neurología,NEUROLOGIA,Población en lista de espera,POBLACION_LISTA_ESPERA,0,,,,
El Hierro,ES703,06/2024,2024-M06,Neurología,NEUROLOGIA,Población en lista de espera,POBLACION_LISTA_ESPERA,20,,,,
Canarias,ES70,06/2024,2024-M06,Neurocirugía,NEUROCIRUGIA,Población en lista de espera,POBLACION_LISTA_ESPERA,4578,,,,
Lanzarote,ES708,06/2024,2024-M06,Neurocirugía,NEUROCIRUGIA,Población en lista de espera,POBLACION_LISTA_ESPERA,0,,,,
Fuerteventura,ES704,06/2024,2024-M06,Neurocirugía,NEUROCIRUGIA,Población en lista de espera,POBLACION_LISTA_ESPERA,4,,,,
Gran Canaria,ES705,06/2024,2024-M06,Neurocirugía,NEUROCIRUGIA,Población en lista de espera,POBLACION_LISTA_ESPERA,2477,,,,
Tenerife,ES709,06/2024,2024-M06,Neurocirugía,NEUROCIRUGIA,Población en lista de espera,POBLACION_LISTA_ESPERA,2097,,,,
La Gomera,ES706,06/2024,2024-M06,Neurocirugía,NEUROCIRUGIA,Población en lista de espera,POBLACION_LISTA_ESPERA,0,,,,
La Palma,ES707,06/2024,2024-M06,Neurocirugía,NEUROCIRUGIA,Población en lista de espera,POBLACION_LISTA_ESPERA,0,,,,
El Hierro,ES703,06/2024,2024-M06,Neurocirugía,NEUROCIRUGIA,Población en lista de espera,POBLACION_LISTA_ESPERA,0,,,,
Canarias,ES70,06/2024,2024-M06,Neumología,NEUMOLOGIA,Población en lista de espera,POBLACION_LISTA_ESPERA,1223,,,,
Lanzarote,ES708,06/2024,2024-M06,Neumología,NEUMOLOGIA,Población en lista de espera,POBLACION_LISTA_ESPERA,49,,,,
Fuerteventura,ES704,06/2024,2024-M06,Neumología,NEUMOLOGIA,Población en lista de espera,POBLACION_LISTA_ESPERA,40,,,,
Gran Canaria,ES705,06/2024,2024-M06,Neumología,NEUMOLOGIA,Población en lista de espera,POBLACION_LISTA_ESPERA,672,,,,
Tenerife,ES709,06/2024,2024-M06,Neumología,NEUMOLOGIA,Población en lista de espera,POBLACION_LISTA_ESPERA,432,,,,
La Gomera,ES706,06/2024,2024-M06,Neumología,NEUMOLOGIA,Población en lista de espera,POBLACION_LISTA_ESPERA,0,,,,
La Palma,ES707,06/2024,2024-M06,Neumología,NEUMOLOGIA,Población en lista de espera,POBLACION_LISTA_ESPERA,23,,,,
El Hierro,ES703,06/2024,2024-M06,Neumología,NEUMOLOGIA,Población en lista de espera,POBLACION_LISTA_ESPERA,7,,,,
Canarias,ES70,06/2024,2024-M06,Nefrología,NEFROLOGIA,Población en lista de espera,POBLACION_LISTA_ESPERA,475,,,,
Lanzarote,ES708,06/2024,2024-M06,Nefrología,NEFROLOGIA,Población en lista de espera,POBLACION_LISTA_ESPERA,27,,,,
Fuerteventura,ES704,06/2024,2024-M06,Nefrología,NEFROLOGIA,Población en lista de espera,POBLACION_LISTA_ESPERA,13,,,,
Gran Canaria,ES705,06/2024,2024-M06,Nefrología,NEFROLOGIA,Población en lista de espera,POBLACION_LISTA_ESPERA,264,,,,
Tenerife,ES709,06/2024,2024-M06,Nefrología,NEFROLOGIA,Población en lista de espera,POBLACION_LISTA_ESPERA,121,,,,
La Gomera,ES706,06/2024,2024-M06,Nefrología,NEFROLOGIA,Población en lista de espera,POBLACION_LISTA_ESPERA,14,,,,
La Palma,ES707,06/2024,2024-M06,Nefrología,NEFROLOGIA,Población en lista de espera,POBLACION_LISTA_ESPERA,35,,,,
El Hierro,ES703,06/2024,2024-M06,Nefrología,NEFROLOGIA,Población en lista de espera,POBLACION_LISTA_ESPERA,1,,,,
Canarias,ES70,06/2024,2024-M06,Medicina interna,MEDICINA_INTERNA,Población en lista de espera,POBLACION_LISTA_ESPERA,830,,,,
Lanzarote,ES708,06/2024,2024-M06,Medicina interna,MEDICINA_INTERNA,Población en lista de espera,POBLACION_LISTA_ESPERA,41,,,,
Fuerteventura,ES704,06/2024,2024-M06,Medicina interna,MEDICINA_INTERNA,Población en lista de espera,POBLACION_LISTA_ESPERA,9,,,,
Gran Canaria,ES705,06/2024,2024-M06,Medicina interna,MEDICINA_INTERNA,Población en lista de espera,POBLACION_LISTA_ESPERA,571,,,,
Tenerife,ES709,06/2024,2024-M06,Medicina interna,MEDICINA_INTERNA,Población en lista de espera,POBLACION_LISTA_ESPERA,190,,,,
La Gomera,ES706,06/2024,2024-M06,Medicina interna,MEDICINA_INTERNA,Población en lista de espera,POBLACION_LISTA_ESPERA,9,,,,
La Palma,ES707,06/2024,2024-M06,Medicina interna,MEDICINA_INTERNA,Población en lista de espera,POBLACION_LISTA_ESPERA,0,,,,
El Hierro,ES703,06/2024,2024-M06,Medicina interna,MEDICINA_INTERNA,Población en lista de espera,POBLACION_LISTA_ESPERA,10,,,,
Canarias,ES70,06/2024,2024-M06,Hematología,HEMATOLOGIA,Población en lista de espera,POBLACION_LISTA_ESPERA,448,,,,
Lanzarote,ES708,06/2024,2024-M06,Hematología,HEMATOLOGIA,Población en lista de espera,POBLACION_LISTA_ESPERA,62,,,,
Fuerteventura,ES704,06/2024,2024-M06,Hematología,HEMATOLOGIA,Población en lista de espera,POBLACION_LISTA_ESPERA,19,,,,
Gran Canaria,ES705,06/2024,2024-M06,Hematología,HEMATOLOGIA,Población en lista de espera,POBLACION_LISTA_ESPERA,213,,,,
Tenerife,ES709,06/2024,2024-M06,Hematología,HEMATOLOGIA,Población en lista de espera,POBLACION_LISTA_ESPERA,85,,,,
La Gomera,ES706,06/2024,2024-M06,Hematología,HEMATOLOGIA,Población en lista de espera,POBLACION_LISTA_ESPERA,13,,,,
La Palma,ES707,06/2024,2024-M06,Hematología,HEMATOLOGIA,Población en lista de espera,POBLACION_LISTA_ESPERA,48,,,,
El Hierro,ES703,06/2024,2024-M06,Hematología,HEMATOLOGIA,Población en lista de espera,POBLACION_LISTA_ESPERA,8,,,,
Canarias,ES70,06/2024,2024-M06,Ginecología,GINECOLOGIA,Población en lista de espera,POBLACION_LISTA_ESPERA,3374,,,,
Lanzarote,ES708,06/2024,2024-M06,Ginecología,GINECOLOGIA,Población en lista de espera,POBLACION_LISTA_ESPERA,46,,,,
Fuerteventura,ES704,06/2024,2024-M06,Ginecología,GINECOLOGIA,Población en lista de espera,POBLACION_LISTA_ESPERA,188,,,,
Gran Canaria,ES705,06/2024,2024-M06,Ginecología,GINECOLOGIA,Población en lista de espera,POBLACION_LISTA_ESPERA,2489,,,,
Tenerife,ES709,06/2024,2024-M06,Ginecología,GINECOLOGIA,Población en lista de espera,POBLACION_LISTA_ESPERA,416,,,,
La Gomera,ES706,06/2024,2024-M06,Ginecología,GINECOLOGIA,Población en lista de espera,POBLACION_LISTA_ESPERA,63,,,,
La Palma,ES707,06/2024,2024-M06,Ginecología,GINECOLOGIA,Población en lista de espera,POBLACION_LISTA_ESPERA,130,,,,
El Hierro,ES703,06/2024,2024-M06,Ginecología,GINECOLOGIA,Población en lista de espera,POBLACION_LISTA_ESPERA,42,,,,
Canarias,ES70,06/2024,2024-M06,Endocrinología,ENDOCRINOLOGIA,Población en lista de espera,POBLACION_LISTA_ESPERA,1552,,,,
Lanzarote,ES708,06/2024,2024-M06,Endocrinología,ENDOCRINOLOGIA,Población en lista de espera,POBLACION_LISTA_ESPERA,71,,,,
Fuerteventura,ES704,06/2024,2024-M06,Endocrinología,ENDOCRINOLOGIA,Población en lista de espera,POBLACION_LISTA_ESPERA,35,,,,
Gran Canaria,ES705,06/2024,2024-M06,Endocrinología,ENDOCRINOLOGIA,Población en lista de espera,POBLACION_LISTA_ESPERA,1096,,,,
Tenerife,ES709,06/2024,2024-M06,Endocrinología,ENDOCRINOLOGIA,Población en lista de espera,POBLACION_LISTA_ESPERA,226,,,,
La Gomera,ES706,06/2024,2024-M06,Endocrinología,ENDOCRINOLOGIA,Población en lista de espera,POBLACION_LISTA_ESPERA,9,,,,
La Palma,ES707,06/2024,2024-M06,Endocrinología,ENDOCRINOLOGIA,Población en lista de espera,POBLACION_LISTA_ESPERA,103,,,,
El Hierro,ES703,06/2024,2024-M06,Endocrinología,ENDOCRINOLOGIA,Población en lista de espera,POBLACION_LISTA_ESPERA,12,,,,
Canarias,ES70,06/2024,2024-M06,Digestivo,DIGESTIVO,Población en lista de espera,POBLACION_LISTA_ESPERA,2429,,,,
Lanzarote,ES708,06/2024,2024-M06,Digestivo,DIGESTIVO,Población en lista de espera,POBLACION_LISTA_ESPERA,124,,,,
Fuerteventura,ES704,06/2024,2024-M06,Digestivo,DIGESTIVO,Población en lista de espera,POBLACION_LISTA_ESPERA,49,,,,
Gran Canaria,ES705,06/2024,2024-M06,Digestivo,DIGESTIVO,Población en lista de espera,POBLACION_LISTA_ESPERA,1460,,,,
Tenerife,ES709,06/2024,2024-M06,Digestivo,DIGESTIVO,Población en lista de espera,POBLACION_LISTA_ESPERA,773,,,,
La Gomera,ES706,06/2024,2024-M06,Digestivo,DIGESTIVO,Población en lista de espera,POBLACION_LISTA_ESPERA,14,,,,
La Palma,ES707,06/2024,2024-M06,Digestivo,DIGESTIVO,Población en lista de espera,POBLACION_LISTA_ESPERA,6,,,,
El Hierro,ES703,06/2024,2024-M06,Digestivo,DIGESTIVO,Población en lista de espera,POBLACION_LISTA_ESPERA,3,,,,
Canarias,ES70,06/2024,2024-M06,Dermatología,DERMATOLOGIA,Población en lista de espera,POBLACION_LISTA_ESPERA,24880,,,,
Lanzarote,ES708,06/2024,2024-M06,Dermatología,DERMATOLOGIA,Población en lista de espera,POBLACION_LISTA_ESPERA,69,,,,
Fuerteventura,ES704,06/2024,2024-M06,Dermatología,DERMATOLOGIA,Población en lista de espera,POBLACION_LISTA_ESPERA,362,,,,
Gran Canaria,ES705,06/2024,2024-M06,Dermatología,DERMATOLOGIA,Población en lista de espera,POBLACION_LISTA_ESPERA,6171,,,,
Tenerife,ES709,06/2024,2024-M06,Dermatología,DERMATOLOGIA,Población en lista de espera,POBLACION_LISTA_ESPERA,17819,,,,
La Gomera,ES706,06/2024,2024-M06,Dermatología,DERMATOLOGIA,Población en lista de espera,POBLACION_LISTA_ESPERA,288,,,,
La Palma,ES707,06/2024,2024-M06,Dermatología,DERMATOLOGIA,Población en lista de espera,POBLACION_LISTA_ESPERA,144,,,,
El Hierro,ES703,06/2024,2024-M06,Dermatología,DERMATOLOGIA,Población en lista de espera,POBLACION_LISTA_ESPERA,27,,,,
Canarias,ES70,06/2024,2024-M06,Cirugía torácica,CIRUGIA_TORACICA,Población en lista de espera,POBLACION_LISTA_ESPERA,80,,,,
Lanzarote,ES708,06/2024,2024-M06,Cirugía torácica,CIRUGIA_TORACICA,Población en lista de espera,POBLACION_LISTA_ESPERA,0,,,,
Fuerteventura,ES704,06/2024,2024-M06,Cirugía torácica,CIRUGIA_TORACICA,Población en lista de espera,POBLACION_LISTA_ESPERA,7,,,,
Gran Canaria,ES705,06/2024,2024-M06,Cirugía torácica,CIRUGIA_TORACICA,Población en lista de espera,POBLACION_LISTA_ESPERA,51,,,,
Tenerife,ES709,06/2024,2024-M06,Cirugía torácica,CIRUGIA_TORACICA,Población en lista de espera,POBLACION_LISTA_ESPERA,22,,,,
La Gomera,ES706,06/2024,2024-M06,Cirugía torácica,CIRUGIA_TORACICA,Población en lista de espera,POBLACION_LISTA_ESPERA,0,,,,
La Palma,ES707,06/2024,2024-M06,Cirugía torácica,CIRUGIA_TORACICA,Población en lista de espera,POBLACION_LISTA_ESPERA,0,,,,
El Hierro,ES703,06/2024,2024-M06,Cirugía torácica,CIRUGIA_TORACICA,Población en lista de espera,POBLACION_LISTA_ESPERA,0,,,,
Canarias,ES70,06/2024,2024-M06,Cirugía plástica y reparadora,CIRUGIA_PLASTICA_REPARADORA,Población en lista de espera,POBLACION_LISTA_ESPERA,852,,,,
Lanzarote,ES708,06/2024,2024-M06,Cirugía plástica y reparadora,CIRUGIA_PLASTICA_REPARADORA,Población en lista de espera,POBLACION_LISTA_ESPERA,0,,,,
Fuerteventura,ES704,06/2024,2024-M06,Cirugía plástica y reparadora,CIRUGIA_PLASTICA_REPARADORA,Población en lista de espera,POBLACION_LISTA_ESPERA,0,,,,
Gran Canaria,ES705,06/2024,2024-M06,Cirugía plástica y reparadora,CIRUGIA_PLASTICA_REPARADORA,Población en lista de espera,POBLACION_LISTA_ESPERA,733,,,,
Tenerife,ES709,06/2024,2024-M06,Cirugía plástica y reparadora,CIRUGIA_PLASTICA_REPARADORA,Población en lista de espera,POBLACION_LISTA_ESPERA,119,,,,
La Gomera,ES706,06/2024,2024-M06,Cirugía plástica y reparadora,CIRUGIA_PLASTICA_REPARADORA,Población en lista de espera,POBLACION_LISTA_ESPERA,0,,,,
La Palma,ES707,06/2024,2024-M06,Cirugía plástica y reparadora,CIRUGIA_PLASTICA_REPARADORA,Población en lista de espera,POBLACION_LISTA_ESPERA,0,,,,
El Hierro,ES703,06/2024,2024-M06,Cirugía plástica y reparadora,CIRUGIA_PLASTICA_REPARADORA,Población en lista de espera,POBLACION_LISTA_ESPERA,0,,,,
Canarias,ES70,06/2024,2024-M06,Cirugía pediátrica,CIRUGIA_PEDIATRICA,Población en lista de espera,POBLACION_LISTA_ESPERA,269,,,,
Lanzarote,ES708,06/2024,2024-M06,Cirugía pediátrica,CIRUGIA_PEDIATRICA,Población en lista de espera,POBLACION_LISTA_ESPERA,0,,,,
Fuerteventura,ES704,06/2024,2024-M06,Cirugía pediátrica,CIRUGIA_PEDIATRICA,Población en lista de espera,POBLACION_LISTA_ESPERA,0,,,,
Gran Canaria,ES705,06/2024,2024-M06,Cirugía pediátrica,CIRUGIA_PEDIATRICA,Población en lista de espera,POBLACION_LISTA_ESPERA,153,,,,
Tenerife,ES709,06/2024,2024-M06,Cirugía pediátrica,CIRUGIA_PEDIATRICA,Población en lista de espera,POBLACION_LISTA_ESPERA,116,,,,
La Gomera,ES706,06/2024,2024-M06,Cirugía pediátrica,CIRUGIA_PEDIATRICA,Población en lista de espera,POBLACION_LISTA_ESPERA,0,,,,
La Palma,ES707,06/2024,2024-M06,Cirugía pediátrica,CIRUGIA_PEDIATRICA,Población en lista de espera,POBLACION_LISTA_ESPERA,0,,,,
El Hierro,ES703,06/2024,2024-M06,Cirugía pediátrica,CIRUGIA_PEDIATRICA,Población en lista de espera,POBLACION_LISTA_ESPERA,0,,,,
Canarias,ES70,06/2024,2024-M06,Cirugía maxilofacial,CIRUGIA_MAXILOFACIAL,Población en lista de espera,POBLACION_LISTA_ESPERA,2838,,,,
Lanzarote,ES708,06/2024,2024-M06,Cirugía maxilofacial,CIRUGIA_MAXILOFACIAL,Población en lista de espera,POBLACION_LISTA_ESPERA,0,,,,
Fuerteventura,ES704,06/2024,2024-M06,Cirugía maxilofacial,CIRUGIA_MAXILOFACIAL,Población en lista de espera,POBLACION_LISTA_ESPERA,0,,,,
Gran Canaria,ES705,06/2024,2024-M06,Cirugía maxilofacial,CIRUGIA_MAXILOFACIAL,Población en lista de espera,POBLACION_LISTA_ESPERA,978,,,,
Tenerife,ES709,06/2024,2024-M06,Cirugía maxilofacial,CIRUGIA_MAXILOFACIAL,Población en lista de espera,POBLACION_LISTA_ESPERA,1860,,,,
La Gomera,ES706,06/2024,2024-M06,Cirugía maxilofacial,CIRUGIA_MAXILOFACIAL,Población en lista de espera,POBLACION_LISTA_ESPERA,0,,,,
La Palma,ES707,06/2024,2024-M06,Cirugía maxilofacial,CIRUGIA_MAXILOFACIAL,Población en lista de espera,POBLACION_LISTA_ESPERA,0,,,,
El Hierro,ES703,06/2024,2024-M06,Cirugía maxilofacial,CIRUGIA_MAXILOFACIAL,Población en lista de espera,POBLACION_LISTA_ESPERA,0,,,,
Canarias,ES70,06/2024,2024-M06,Cirugía general y digestiva,CIRUGIA_GENERAL_DIGESTIVA,Población en lista de espera,POBLACION_LISTA_ESPERA,2467,,,,
Lanzarote,ES708,06/2024,2024-M06,Cirugía general y digestiva,CIRUGIA_GENERAL_DIGESTIVA,Población en lista de espera,POBLACION_LISTA_ESPERA,211,,,,
Fuerteventura,ES704,06/2024,2024-M06,Cirugía general y digestiva,CIRUGIA_GENERAL_DIGESTIVA,Población en lista de espera,POBLACION_LISTA_ESPERA,134,,,,
Gran Canaria,ES705,06/2024,2024-M06,Cirugía general y digestiva,CIRUGIA_GENERAL_DIGESTIVA,Población en lista de espera,POBLACION_LISTA_ESPERA,1528,,,,
Tenerife,ES709,06/2024,2024-M06,Cirugía general y digestiva,CIRUGIA_GENERAL_DIGESTIVA,Población en lista de espera,POBLACION_LISTA_ESPERA,299,,,,
La Gomera,ES706,06/2024,2024-M06,Cirugía general y digestiva,CIRUGIA_GENERAL_DIGESTIVA,Población en lista de espera,POBLACION_LISTA_ESPERA,103,,,,
La Palma,ES707,06/2024,2024-M06,Cirugía general y digestiva,CIRUGIA_GENERAL_DIGESTIVA,Población en lista de espera,POBLACION_LISTA_ESPERA,186,,,,
El Hierro,ES703,06/2024,2024-M06,Cirugía general y digestiva,CIRUGIA_GENERAL_DIGESTIVA,Población en lista de espera,POBLACION_LISTA_ESPERA,6,,,,
Canarias,ES70,06/2024,2024-M06,Cirugía cardíaca,CIRUGIA_CARDIACA,Población en lista de espera,POBLACION_LISTA_ESPERA,12,,,,
Lanzarote,ES708,06/2024,2024-M06,Cirugía cardíaca,CIRUGIA_CARDIACA,Población en lista de espera,POBLACION_LISTA_ESPERA,0,,,,
Fuerteventura,ES704,06/2024,2024-M06,Cirugía cardíaca,CIRUGIA_CARDIACA,Población en lista de espera,POBLACION_LISTA_ESPERA,0,,,,
Gran Canaria,ES705,06/2024,2024-M06,Cirugía cardíaca,CIRUGIA_CARDIACA,Población en lista de espera,POBLACION_LISTA_ESPERA,6,,,,
Tenerife,ES709,06/2024,2024-M06,Cirugía cardíaca,CIRUGIA_CARDIACA,Población en lista de espera,POBLACION_LISTA_ESPERA,6,,,,
La Gomera,ES706,06/2024,2024-M06,Cirugía cardíaca,CIRUGIA_CARDIACA,Población en lista de espera,POBLACION_LISTA_ESPERA,0,,,,
La Palma,ES707,06/2024,2024-M06,Cirugía cardíaca,CIRUGIA_CARDIACA,Población en lista de espera,POBLACION_LISTA_ESPERA,0,,,,
El Hierro,ES703,06/2024,2024-M06,Cirugía cardíaca,CIRUGIA_CARDIACA,Población en lista de espera,POBLACION_LISTA_ESPERA,0,,,,
Canarias,ES70,06/2024,2024-M06,Cardiología,CARDIOLOGIA,Población en lista de espera,POBLACION_LISTA_ESPERA,2778,,,,
Lanzarote,ES708,06/2024,2024-M06,Cardiología,CARDIOLOGIA,Población en lista de espera,POBLACION_LISTA_ESPERA,154,,,,
Fuerteventura,ES704,06/2024,2024-M06,Cardiología,CARDIOLOGIA,Población en lista de espera,POBLACION_LISTA_ESPERA,29,,,,
Gran Canaria,ES705,06/2024,2024-M06,Cardiología,CARDIOLOGIA,Población en lista de espera,POBLACION_LISTA_ESPERA,1881,,,,
Tenerife,ES709,06/2024,2024-M06,Cardiología,CARDIOLOGIA,Población en lista de espera,POBLACION_LISTA_ESPERA,626,,,,
La Gomera,ES706,06/2024,2024-M06,Cardiología,CARDIOLOGIA,Población en lista de espera,POBLACION_LISTA_ESPERA,13,,,,
La Palma,ES707,06/2024,2024-M06,Cardiología,CARDIOLOGIA,Población en lista de espera,POBLACION_LISTA_ESPERA,62,,,,
El Hierro,ES703,06/2024,2024-M06,Cardiología,CARDIOLOGIA,Población en lista de espera,POBLACION_LISTA_ESPERA,13,,,,
Canarias,ES70,06/2024,2024-M06,Angiología y cirugía vascular,ANGIOLOGIA_CIRUGIA_VASCULAR,Población en lista de espera,POBLACION_LISTA_ESPERA,1304,,,,
Lanzarote,ES708,06/2024,2024-M06,Angiología y cirugía vascular,ANGIOLOGIA_CIRUGIA_VASCULAR,Población en lista de espera,POBLACION_LISTA_ESPERA,98,,,,
Fuerteventura,ES704,06/2024,2024-M06,Angiología y cirugía vascular,ANGIOLOGIA_CIRUGIA_VASCULAR,Población en lista de espera,POBLACION_LISTA_ESPERA,10,,,,
Gran Canaria,ES705,06/2024,2024-M06,Angiología y cirugía vascular,ANGIOLOGIA_CIRUGIA_VASCULAR,Población en lista de espera,POBLACION_LISTA_ESPERA,1163,,,,
Tenerife,ES709,06/2024,2024-M06,Angiología y cirugía vascular,ANGIOLOGIA_CIRUGIA_VASCULAR,Población en lista de espera,POBLACION_LISTA_ESPERA,33,,,,
La Gomera,ES706,06/2024,2024-M06,Angiología y cirugía vascular,ANGIOLOGIA_CIRUGIA_VASCULAR,Población en lista de espera,POBLACION_LISTA_ESPERA,0,,,,
La Palma,ES707,06/2024,2024-M06,Angiología y cirugía vascular,ANGIOLOGIA_CIRUGIA_VASCULAR,Población en lista de espera,POBLACION_LISTA_ESPERA,0,,,,
El Hierro,ES703,06/2024,2024-M06,Angiología y cirugía vascular,ANGIOLOGIA_CIRUGIA_VASCULAR,Población en lista de espera,POBLACION_LISTA_ESPERA,0,,,,
Canarias,ES70,06/2024,2024-M06,Alergia,ALERGIA,Población en lista de espera,POBLACION_LISTA_ESPERA,1421,,,,
Lanzarote,ES708,06/2024,2024-M06,Alergia,ALERGIA,Población en lista de espera,POBLACION_LISTA_ESPERA,204,,,,
Fuerteventura,ES704,06/2024,2024-M06,Alergia,ALERGIA,Población en lista de espera,POBLACION_LISTA_ESPERA,88,,,,
Gran Canaria,ES705,06/2024,2024-M06,Alergia,ALERGIA,Población en lista de espera,POBLACION_LISTA_ESPERA,731,,,,
Tenerife,ES709,06/2024,2024-M06,Alergia,ALERGIA,Población en lista de espera,POBLACION_LISTA_ESPERA,188,,,,
La Gomera,ES706,06/2024,2024-M06,Alergia,ALERGIA,Población en lista de espera,POBLACION_LISTA_ESPERA,10,,,,
La Palma,ES707,06/2024,2024-M06,Alergia,ALERGIA,Población en lista de espera,POBLACION_LISTA_ESPERA,180,,,,
El Hierro,ES703,06/2024,2024-M06,Alergia,ALERGIA,Población en lista de espera,POBLACION_LISTA_ESPERA,20,,,,
Canarias,ES70,12/2024,2024-M12,Urología,UROLOGIA,Población en lista de espera,POBLACION_LISTA_ESPERA,4848,,,,
Lanzarote,ES708,12/2024,2024-M12,Urología,UROLOGIA,Población en lista de espera,POBLACION_LISTA_ESPERA,180,,,,
Fuerteventura,ES704,12/2024,2024-M12,Urología,UROLOGIA,Población en lista de espera,POBLACION_LISTA_ESPERA,62,,,,
Gran Canaria,ES705,12/2024,2024-M12,Urología,UROLOGIA,Población en lista de espera,POBLACION_LISTA_ESPERA,1442,,,,
Tenerife,ES709,12/2024,2024-M12,Urología,UROLOGIA,Población en lista de espera,POBLACION_LISTA_ESPERA,3052,,,,
La Gomera,ES706,12/2024,2024-M12,Urología,UROLOGIA,Población en lista de espera,POBLACION_LISTA_ESPERA,0,,,,
La Palma,ES707,12/2024,2024-M12,Urología,UROLOGIA,Población en lista de espera,POBLACION_LISTA_ESPERA,92,,,,
El Hierro,ES703,12/2024,2024-M12,Urología,UROLOGIA,Población en lista de espera,POBLACION_LISTA_ESPERA,20,,,,
Canarias,ES70,12/2024,2024-M12,Traumatología y cirugía ortopédica,TRAUMATOLOGIA_CIRUGIA_ORTOPEDICA,Población en lista de espera,POBLACION_LISTA_ESPERA,15819,,,,
Lanzarote,ES708,12/2024,2024-M12,Traumatología y cirugía ortopédica,TRAUMATOLOGIA_CIRUGIA_ORTOPEDICA,Población en lista de espera,POBLACION_LISTA_ESPERA,912,,,,
Fuerteventura,ES704,12/2024,2024-M12,Traumatología y cirugía ortopédica,TRAUMATOLOGIA_CIRUGIA_ORTOPEDICA,Población en lista de espera,POBLACION_LISTA_ESPERA,237,,,,
Gran Canaria,ES705,12/2024,2024-M12,Traumatología y cirugía ortopédica,TRAUMATOLOGIA_CIRUGIA_ORTOPEDICA,Población en lista de espera,POBLACION_LISTA_ESPERA,12337,,,,
Tenerife,ES709,12/2024,2024-M12,Traumatología y cirugía ortopédica,TRAUMATOLOGIA_CIRUGIA_ORTOPEDICA,Población en lista de espera,POBLACION_LISTA_ESPERA,2038,,,,
La Gomera,ES706,12/2024,2024-M12,Traumatología y cirugía ortopédica,TRAUMATOLOGIA_CIRUGIA_ORTOPEDICA,Población en lista de espera,POBLACION_LISTA_ESPERA,129,,,,
La Palma,ES707,12/2024,2024-M12,Traumatología y cirugía ortopédica,TRAUMATOLOGIA_CIRUGIA_ORTOPEDICA,Población en lista de espera,POBLACION_LISTA_ESPERA,143,,,,
El Hierro,ES703,12/2024,2024-M12,Traumatología y cirugía ortopédica,TRAUMATOLOGIA_CIRUGIA_ORTOPEDICA,Población en lista de espera,POBLACION_LISTA_ESPERA,23,,,,
Canarias,ES70,12/2024,2024-M12,Total,_T,Población en lista de espera,POBLACION_LISTA_ESPERA,158534,,,,
Lanzarote,ES708,12/2024,2024-M12,Total,_T,Población en lista de espera,POBLACION_LISTA_ESPERA,4048,,,,
Fuerteventura,ES704,12/2024,2024-M12,Total,_T,Población en lista de espera,POBLACION_LISTA_ESPERA,2584,,,,
Gran Canaria,ES705,12/2024,2024-M12,Total,_T,Población en lista de espera,POBLACION_LISTA_ESPERA,77008,,,,
Tenerife,ES709,12/2024,2024-M12,Total,_T,Población en lista de espera,POBLACION_LISTA_ESPERA,70930,,,,
La Gomera,ES706,12/2024,2024-M12,Total,_T,Población en lista de espera,POBLACION_LISTA_ESPERA,1238,,,,
La Palma,ES707,12/2024,2024-M12,Total,_T,Población en lista de espera,POBLACION_LISTA_ESPERA,2231,,,,
El Hierro,ES703,12/2024,2024-M12,Total,_T,Población en lista de espera,POBLACION_LISTA_ESPERA,495,,,,
Canarias,ES70,12/2024,2024-M12,Reumatología,REUMATOLOGIA,Población en lista de espera,POBLACION_LISTA_ESPERA,2594,,,,
Lanzarote,ES708,12/2024,2024-M12,Reumatología,REUMATOLOGIA,Población en lista de espera,POBLACION_LISTA_ESPERA,61,,,,
Fuerteventura,ES704,12/2024,2024-M12,Reumatología,REUMATOLOGIA,Población en lista de espera,POBLACION_LISTA_ESPERA,32,,,,
Gran Canaria,ES705,12/2024,2024-M12,Reumatología,REUMATOLOGIA,Población en lista de espera,POBLACION_LISTA_ESPERA,2127,,,,
Tenerife,ES709,12/2024,2024-M12,Reumatología,REUMATOLOGIA,Población en lista de espera,POBLACION_LISTA_ESPERA,265,,,,
La Gomera,ES706,12/2024,2024-M12,Reumatología,REUMATOLOGIA,Población en lista de espera,POBLACION_LISTA_ESPERA,4,,,,
La Palma,ES707,12/2024,2024-M12,Reumatología,REUMATOLOGIA,Población en lista de espera,POBLACION_LISTA_ESPERA,105,,,,
El Hierro,ES703,12/2024,2024-M12,Reumatología,REUMATOLOGIA,Población en lista de espera,POBLACION_LISTA_ESPERA,0,,,,
Canarias,ES70,12/2024,2024-M12,Rehabilitación,REHABILITACION,Población en lista de espera,POBLACION_LISTA_ESPERA,16809,,,,
Lanzarote,ES708,12/2024,2024-M12,Rehabilitación,REHABILITACION,Población en lista de espera,POBLACION_LISTA_ESPERA,362,,,,
Fuerteventura,ES704,12/2024,2024-M12,Rehabilitación,REHABILITACION,Población en lista de espera,POBLACION_LISTA_ESPERA,164,,,,
Gran Canaria,ES705,12/2024,2024-M12,Rehabilitación,REHABILITACION,Población en lista de espera,POBLACION_LISTA_ESPERA,8671,,,,
Tenerife,ES709,12/2024,2024-M12,Rehabilitación,REHABILITACION,Población en lista de espera,POBLACION_LISTA_ESPERA,7342,,,,
La Gomera,ES706,12/2024,2024-M12,Rehabilitación,REHABILITACION,Población en lista de espera,POBLACION_LISTA_ESPERA,30,,,,
La Palma,ES707,12/2024,2024-M12,Rehabilitación,REHABILITACION,Población en lista de espera,POBLACION_LISTA_ESPERA,226,,,,
El Hierro,ES703,12/2024,2024-M12,Rehabilitación,REHABILITACION,Población en lista de espera,POBLACION_LISTA_ESPERA,14,,,,
Canarias,ES70,12/2024,2024-M12,Psiquiatría,PSIQUIATRIA,Población en lista de espera,POBLACION_LISTA_ESPERA,3397,,,,
Lanzarote,ES708,12/2024,2024-M12,Psiquiatría,PSIQUIATRIA,Población en lista de espera,POBLACION_LISTA_ESPERA,47,,,,
Fuerteventura,ES704,12/2024,2024-M12,Psiquiatría,PSIQUIATRIA,Población en lista de espera,POBLACION_LISTA_ESPERA,60,,,,
Gran Canaria,ES705,12/2024,2024-M12,Psiquiatría,PSIQUIATRIA,Población en lista de espera,POBLACION_LISTA_ESPERA,2603,,,,
Tenerife,ES709,12/2024,2024-M12,Psiquiatría,PSIQUIATRIA,Población en lista de espera,POBLACION_LISTA_ESPERA,606,,,,
La Gomera,ES706,12/2024,2024-M12,Psiquiatría,PSIQUIATRIA,Población en lista de espera,POBLACION_LISTA_ESPERA,10,,,,
La Palma,ES707,12/2024,2024-M12,Psiquiatría,PSIQUIATRIA,Población en lista de espera,POBLACION_LISTA_ESPERA,43,,,,
El Hierro,ES703,12/2024,2024-M12,Psiquiatría,PSIQUIATRIA,Población en lista de espera,POBLACION_LISTA_ESPERA,28,,,,
Canarias,ES70,12/2024,2024-M12,Pediatría,PEDIATRIA,Población en lista de espera,POBLACION_LISTA_ESPERA,1668,,,,
Lanzarote,ES708,12/2024,2024-M12,Pediatría,PEDIATRIA,Población en lista de espera,POBLACION_LISTA_ESPERA,74,,,,
Fuerteventura,ES704,12/2024,2024-M12,Pediatría,PEDIATRIA,Población en lista de espera,POBLACION_LISTA_ESPERA,39,,,,
Gran Canaria,ES705,12/2024,2024-M12,Pediatría,PEDIATRIA,Población en lista de espera,POBLACION_LISTA_ESPERA,1347,,,,
Tenerife,ES709,12/2024,2024-M12,Pediatría,PEDIATRIA,Población en lista de espera,POBLACION_LISTA_ESPERA,187,,,,
La Gomera,ES706,12/2024,2024-M12,Pediatría,PEDIATRIA,Población en lista de espera,POBLACION_LISTA_ESPERA,6,,,,
La Palma,ES707,12/2024,2024-M12,Pediatría,PEDIATRIA,Población en lista de espera,POBLACION_LISTA_ESPERA,15,,,,
El Hierro,ES703,12/2024,2024-M12,Pediatría,PEDIATRIA,Población en lista de espera,POBLACION_LISTA_ESPERA,0,,,,
Canarias,ES70,12/2024,2024-M12,Otorrinolaringología,OTORRINOLARINGOLOGIA,Población en lista de espera,POBLACION_LISTA_ESPERA,18007,,,,
Lanzarote,ES708,12/2024,2024-M12,Otorrinolaringología,OTORRINOLARINGOLOGIA,Población en lista de espera,POBLACION_LISTA_ESPERA,306,,,,
Fuerteventura,ES704,12/2024,2024-M12,Otorrinolaringología,OTORRINOLARINGOLOGIA,Población en lista de espera,POBLACION_LISTA_ESPERA,352,,,,
Gran Canaria,ES705,12/2024,2024-M12,Otorrinolaringología,OTORRINOLARINGOLOGIA,Población en lista de espera,POBLACION_LISTA_ESPERA,6970,,,,
Tenerife,ES709,12/2024,2024-M12,Otorrinolaringología,OTORRINOLARINGOLOGIA,Población en lista de espera,POBLACION_LISTA_ESPERA,10069,,,,
La Gomera,ES706,12/2024,2024-M12,Otorrinolaringología,OTORRINOLARINGOLOGIA,Población en lista de espera,POBLACION_LISTA_ESPERA,90,,,,
La Palma,ES707,12/2024,2024-M12,Otorrinolaringología,OTORRINOLARINGOLOGIA,Población en lista de espera,POBLACION_LISTA_ESPERA,128,,,,
El Hierro,ES703,12/2024,2024-M12,Otorrinolaringología,OTORRINOLARINGOLOGIA,Población en lista de espera,POBLACION_LISTA_ESPERA,92,,,,
Canarias,ES70,12/2024,2024-M12,Oftalmología,OFTALMOLOGIA,Población en lista de espera,POBLACION_LISTA_ESPERA,31662,,,,
Lanzarote,ES708,12/2024,2024-M12,Oftalmología,OFTALMOLOGIA,Población en lista de espera,POBLACION_LISTA_ESPERA,195,,,,
Fuerteventura,ES704,12/2024,2024-M12,Oftalmología,OFTALMOLOGIA,Población en lista de espera,POBLACION_LISTA_ESPERA,342,,,,
Gran Canaria,ES705,12/2024,2024-M12,Oftalmología,OFTALMOLOGIA,Población en lista de espera,POBLACION_LISTA_ESPERA,14916,,,,
Tenerife,ES709,12/2024,2024-M12,Oftalmología,OFTALMOLOGIA,Población en lista de espera,POBLACION_LISTA_ESPERA,15588,,,,
La Gomera,ES706,12/2024,2024-M12,Oftalmología,OFTALMOLOGIA,Población en lista de espera,POBLACION_LISTA_ESPERA,296,,,,
La Palma,ES707,12/2024,2024-M12,Oftalmología,OFTALMOLOGIA,Población en lista de espera,POBLACION_LISTA_ESPERA,276,,,,
El Hierro,ES703,12/2024,2024-M12,Oftalmología,OFTALMOLOGIA,Población en lista de espera,POBLACION_LISTA_ESPERA,49,,,,
Canarias,ES70,12/2024,2024-M12,Neurología,NEUROLOGIA,Población en lista de espera,POBLACION_LISTA_ESPERA,5860,,,,
Lanzarote,ES708,12/2024,2024-M12,Neurología,NEUROLOGIA,Población en lista de espera,POBLACION_LISTA_ESPERA,49,,,,
Fuerteventura,ES704,12/2024,2024-M12,Neurología,NEUROLOGIA,Población en lista de espera,POBLACION_LISTA_ESPERA,161,,,,
Gran Canaria,ES705,12/2024,2024-M12,Neurología,NEUROLOGIA,Población en lista de espera,POBLACION_LISTA_ESPERA,3112,,,,
Tenerife,ES709,12/2024,2024-M12,Neurología,NEUROLOGIA,Población en lista de espera,POBLACION_LISTA_ESPERA,2450,,,,
La Gomera,ES706,12/2024,2024-M12,Neurología,NEUROLOGIA,Población en lista de espera,POBLACION_LISTA_ESPERA,44,,,,
La Palma,ES707,12/2024,2024-M12,Neurología,NEUROLOGIA,Población en lista de espera,POBLACION_LISTA_ESPERA,18,,,,
El Hierro,ES703,12/2024,2024-M12,Neurología,NEUROLOGIA,Población en lista de espera,POBLACION_LISTA_ESPERA,26,,,,
Canarias,ES70,12/2024,2024-M12,Neurocirugía,NEUROCIRUGIA,Población en lista de espera,POBLACION_LISTA_ESPERA,3531,,,,
Lanzarote,ES708,12/2024,2024-M12,Neurocirugía,NEUROCIRUGIA,Población en lista de espera,POBLACION_LISTA_ESPERA,0,,,,
Fuerteventura,ES704,12/2024,2024-M12,Neurocirugía,NEUROCIRUGIA,Población en lista de espera,POBLACION_LISTA_ESPERA,0,,,,
Gran Canaria,ES705,12/2024,2024-M12,Neurocirugía,NEUROCIRUGIA,Población en lista de espera,POBLACION_LISTA_ESPERA,1947,,,,
Tenerife,ES709,12/2024,2024-M12,Neurocirugía,NEUROCIRUGIA,Población en lista de espera,POBLACION_LISTA_ESPERA,1584,,,,
La Gomera,ES706,12/2024,2024-M12,Neurocirugía,NEUROCIRUGIA,Población en lista de espera,POBLACION_LISTA_ESPERA,0,,,,
La Palma,ES707,12/2024,2024-M12,Neurocirugía,NEUROCIRUGIA,Población en lista de espera,POBLACION_LISTA_ESPERA,0,,,,
El Hierro,ES703,12/2024,2024-M12,Neurocirugía,NEUROCIRUGIA,Población en lista de espera,POBLACION_LISTA_ESPERA,0,,,,
Canarias,ES70,12/2024,2024-M12,Neumología,NEUMOLOGIA,Población en lista de espera,POBLACION_LISTA_ESPERA,1968,,,,
Lanzarote,ES708,12/2024,2024-M12,Neumología,NEUMOLOGIA,Población en lista de espera,POBLACION_LISTA_ESPERA,52,,,,
Fuerteventura,ES704,12/2024,2024-M12,Neumología,NEUMOLOGIA,Población en lista de espera,POBLACION_LISTA_ESPERA,66,,,,
Gran Canaria,ES705,12/2024,2024-M12,Neumología,NEUMOLOGIA,Población en lista de espera,POBLACION_LISTA_ESPERA,1433,,,,
Tenerife,ES709,12/2024,2024-M12,Neumología,NEUMOLOGIA,Población en lista de espera,POBLACION_LISTA_ESPERA,367,,,,
La Gomera,ES706,12/2024,2024-M12,Neumología,NEUMOLOGIA,Población en lista de espera,POBLACION_LISTA_ESPERA,29,,,,
La Palma,ES707,12/2024,2024-M12,Neumología,NEUMOLOGIA,Población en lista de espera,POBLACION_LISTA_ESPERA,13,,,,
El Hierro,ES703,12/2024,2024-M12,Neumología,NEUMOLOGIA,Población en lista de espera,POBLACION_LISTA_ESPERA,8,,,,
Canarias,ES70,12/2024,2024-M12,Nefrología,NEFROLOGIA,Población en lista de espera,POBLACION_LISTA_ESPERA,608,,,,
Lanzarote,ES708,12/2024,2024-M12,Nefrología,NEFROLOGIA,Población en lista de espera,POBLACION_LISTA_ESPERA,40,,,,
Fuerteventura,ES704,12/2024,2024-M12,Nefrología,NEFROLOGIA,Población en lista de espera,POBLACION_LISTA_ESPERA,11,,,,
Gran Canaria,ES705,12/2024,2024-M12,Nefrología,NEFROLOGIA,Población en lista de espera,POBLACION_LISTA_ESPERA,293,,,,
Tenerife,ES709,12/2024,2024-M12,Nefrología,NEFROLOGIA,Población en lista de espera,POBLACION_LISTA_ESPERA,184,,,,
La Gomera,ES706,12/2024,2024-M12,Nefrología,NEFROLOGIA,Población en lista de espera,POBLACION_LISTA_ESPERA,25,,,,
La Palma,ES707,12/2024,2024-M12,Nefrología,NEFROLOGIA,Población en lista de espera,POBLACION_LISTA_ESPERA,50,,,,
El Hierro,ES703,12/2024,2024-M12,Nefrología,NEFROLOGIA,Población en lista de espera,POBLACION_LISTA_ESPERA,5,,,,
Canarias,ES70,12/2024,2024-M12,Medicina interna,MEDICINA_INTERNA,Población en lista de espera,POBLACION_LISTA_ESPERA,1004,,,,
Lanzarote,ES708,12/2024,2024-M12,Medicina interna,MEDICINA_INTERNA,Población en lista de espera,POBLACION_LISTA_ESPERA,49,,,,
Fuerteventura,ES704,12/2024,2024-M12,Medicina interna,MEDICINA_INTERNA,Población en lista de espera,POBLACION_LISTA_ESPERA,2,,,,
Gran Canaria,ES705,12/2024,2024-M12,Medicina interna,MEDICINA_INTERNA,Población en lista de espera,POBLACION_LISTA_ESPERA,752,,,,
Tenerife,ES709,12/2024,2024-M12,Medicina interna,MEDICINA_INTERNA,Población en lista de espera,POBLACION_LISTA_ESPERA,138,,,,
La Gomera,ES706,12/2024,2024-M12,Medicina interna,MEDICINA_INTERNA,Población en lista de espera,POBLACION_LISTA_ESPERA,33,,,,
La Palma,ES707,12/2024,2024-M12,Medicina interna,MEDICINA_INTERNA,Población en lista de espera,POBLACION_LISTA_ESPERA,4,,,,
El Hierro,ES703,12/2024,2024-M12,Medicina interna,MEDICINA_INTERNA,Población en lista de espera,POBLACION_LISTA_ESPERA,26,,,,
Canarias,ES70,12/2024,2024-M12,Hematología,HEMATOLOGIA,Población en lista de espera,POBLACION_LISTA_ESPERA,534,,,,
Lanzarote,ES708,12/2024,2024-M12,Hematología,HEMATOLOGIA,Población en lista de espera,POBLACION_LISTA_ESPERA,59,,,,
Fuerteventura,ES704,12/2024,2024-M12,Hematología,HEMATOLOGIA,Población en lista de espera,POBLACION_LISTA_ESPERA,31,,,,
Gran Canaria,ES705,12/2024,2024-M12,Hematología,HEMATOLOGIA,Población en lista de espera,POBLACION_LISTA_ESPERA,189,,,,
Tenerife,ES709,12/2024,2024-M12,Hematología,HEMATOLOGIA,Población en lista de espera,POBLACION_LISTA_ESPERA,152,,,,
La Gomera,ES706,12/2024,2024-M12,Hematología,HEMATOLOGIA,Población en lista de espera,POBLACION_LISTA_ESPERA,22,,,,
La Palma,ES707,12/2024,2024-M12,Hematología,HEMATOLOGIA,Población en lista de espera,POBLACION_LISTA_ESPERA,73,,,,
El Hierro,ES703,12/2024,2024-M12,Hematología,HEMATOLOGIA,Población en lista de espera,POBLACION_LISTA_ESPERA,8,,,,
Canarias,ES70,12/2024,2024-M12,Ginecología,GINECOLOGIA,Población en lista de espera,POBLACION_LISTA_ESPERA,5599,,,,
Lanzarote,ES708,12/2024,2024-M12,Ginecología,GINECOLOGIA,Población en lista de espera,POBLACION_LISTA_ESPERA,314,,,,
Fuerteventura,ES704,12/2024,2024-M12,Ginecología,GINECOLOGIA,Población en lista de espera,POBLACION_LISTA_ESPERA,201,,,,
Gran Canaria,ES705,12/2024,2024-M12,Ginecología,GINECOLOGIA,Población en lista de espera,POBLACION_LISTA_ESPERA,2842,,,,
Tenerife,ES709,12/2024,2024-M12,Ginecología,GINECOLOGIA,Población en lista de espera,POBLACION_LISTA_ESPERA,1990,,,,
La Gomera,ES706,12/2024,2024-M12,Ginecología,GINECOLOGIA,Población en lista de espera,POBLACION_LISTA_ESPERA,47,,,,
La Palma,ES707,12/2024,2024-M12,Ginecología,GINECOLOGIA,Población en lista de espera,POBLACION_LISTA_ESPERA,172,,,,
El Hierro,ES703,12/2024,2024-M12,Ginecología,GINECOLOGIA,Población en lista de espera,POBLACION_LISTA_ESPERA,33,,,,
Canarias,ES70,12/2024,2024-M12,Endocrinología,ENDOCRINOLOGIA,Población en lista de espera,POBLACION_LISTA_ESPERA,1935,,,,
Lanzarote,ES708,12/2024,2024-M12,Endocrinología,ENDOCRINOLOGIA,Población en lista de espera,POBLACION_LISTA_ESPERA,204,,,,
Fuerteventura,ES704,12/2024,2024-M12,Endocrinología,ENDOCRINOLOGIA,Población en lista de espera,POBLACION_LISTA_ESPERA,62,,,,
Gran Canaria,ES705,12/2024,2024-M12,Endocrinología,ENDOCRINOLOGIA,Población en lista de espera,POBLACION_LISTA_ESPERA,1249,,,,
Tenerife,ES709,12/2024,2024-M12,Endocrinología,ENDOCRINOLOGIA,Población en lista de espera,POBLACION_LISTA_ESPERA,305,,,,
La Gomera,ES706,12/2024,2024-M12,Endocrinología,ENDOCRINOLOGIA,Población en lista de espera,POBLACION_LISTA_ESPERA,27,,,,
La Palma,ES707,12/2024,2024-M12,Endocrinología,ENDOCRINOLOGIA,Población en lista de espera,POBLACION_LISTA_ESPERA,67,,,,
El Hierro,ES703,12/2024,2024-M12,Endocrinología,ENDOCRINOLOGIA,Población en lista de espera,POBLACION_LISTA_ESPERA,21,,,,
Canarias,ES70,12/2024,2024-M12,Digestivo,DIGESTIVO,Población en lista de espera,POBLACION_LISTA_ESPERA,2497,,,,
Lanzarote,ES708,12/2024,2024-M12,Digestivo,DIGESTIVO,Población en lista de espera,POBLACION_LISTA_ESPERA,78,,,,
Fuerteventura,ES704,12/2024,2024-M12,Digestivo,DIGESTIVO,Población en lista de espera,POBLACION_LISTA_ESPERA,65,,,,
Gran Canaria,ES705,12/2024,2024-M12,Digestivo,DIGESTIVO,Población en lista de espera,POBLACION_LISTA_ESPERA,1007,,,,
Tenerife,ES709,12/2024,2024-M12,Digestivo,DIGESTIVO,Población en lista de espera,POBLACION_LISTA_ESPERA,1288,,,,
La Gomera,ES706,12/2024,2024-M12,Digestivo,DIGESTIVO,Población en lista de espera,POBLACION_LISTA_ESPERA,20,,,,
La Palma,ES707,12/2024,2024-M12,Digestivo,DIGESTIVO,Población en lista de espera,POBLACION_LISTA_ESPERA,1,,,,
El Hierro,ES703,12/2024,2024-M12,Digestivo,DIGESTIVO,Población en lista de espera,POBLACION_LISTA_ESPERA,38,,,,
Canarias,ES70,12/2024,2024-M12,Dermatología,DERMATOLOGIA,Población en lista de espera,POBLACION_LISTA_ESPERA,23380,,,,
Lanzarote,ES708,12/2024,2024-M12,Dermatología,DERMATOLOGIA,Población en lista de espera,POBLACION_LISTA_ESPERA,224,,,,
Fuerteventura,ES704,12/2024,2024-M12,Dermatología,DERMATOLOGIA,Población en lista de espera,POBLACION_LISTA_ESPERA,298,,,,
Gran Canaria,ES705,12/2024,2024-M12,Dermatología,DERMATOLOGIA,Población en lista de espera,POBLACION_LISTA_ESPERA,4615,,,,
Tenerife,ES709,12/2024,2024-M12,Dermatología,DERMATOLOGIA,Población en lista de espera,POBLACION_LISTA_ESPERA,17735,,,,
La Gomera,ES706,12/2024,2024-M12,Dermatología,DERMATOLOGIA,Población en lista de espera,POBLACION_LISTA_ESPERA,299,,,,
La Palma,ES707,12/2024,2024-M12,Dermatología,DERMATOLOGIA,Población en lista de espera,POBLACION_LISTA_ESPERA,146,,,,
El Hierro,ES703,12/2024,2024-M12,Dermatología,DERMATOLOGIA,Población en lista de espera,POBLACION_LISTA_ESPERA,63,,,,
Canarias,ES70,12/2024,2024-M12,Cirugía torácica,CIRUGIA_TORACICA,Población en lista de espera,POBLACION_LISTA_ESPERA,89,,,,
Lanzarote,ES708,12/2024,2024-M12,Cirugía torácica,CIRUGIA_TORACICA,Población en lista de espera,POBLACION_LISTA_ESPERA,0,,,,
Fuerteventura,ES704,12/2024,2024-M12,Cirugía torácica,CIRUGIA_TORACICA,Población en lista de espera,POBLACION_LISTA_ESPERA,1,,,,
Gran Canaria,ES705,12/2024,2024-M12,Cirugía torácica,CIRUGIA_TORACICA,Población en lista de espera,POBLACION_LISTA_ESPERA,55,,,,
Tenerife,ES709,12/2024,2024-M12,Cirugía torácica,CIRUGIA_TORACICA,Población en lista de espera,POBLACION_LISTA_ESPERA,33,,,,
La Gomera,ES706,12/2024,2024-M12,Cirugía torácica,CIRUGIA_TORACICA,Población en lista de espera,POBLACION_LISTA_ESPERA,0,,,,
La Palma,ES707,12/2024,2024-M12,Cirugía torácica,CIRUGIA_TORACICA,Población en lista de espera,POBLACION_LISTA_ESPERA,0,,,,
El Hierro,ES703,12/2024,2024-M12,Cirugía torácica,CIRUGIA_TORACICA,Población en lista de espera,POBLACION_LISTA_ESPERA,0,,,,
Canarias,ES70,12/2024,2024-M12,Cirugía plástica y reparadora,CIRUGIA_PLASTICA_REPARADORA,Población en lista de espera,POBLACION_LISTA_ESPERA,859,,,,
Lanzarote,ES708,12/2024,2024-M12,Cirugía plástica y reparadora,CIRUGIA_PLASTICA_REPARADORA,Población en lista de espera,POBLACION_LISTA_ESPERA,0,,,,
Fuerteventura,ES704,12/2024,2024-M12,Cirugía plástica y reparadora,CIRUGIA_PLASTICA_REPARADORA,Población en lista de espera,POBLACION_LISTA_ESPERA,0,,,,
Gran Canaria,ES705,12/2024,2024-M12,Cirugía plástica y reparadora,CIRUGIA_PLASTICA_REPARADORA,Población en lista de espera,POBLACION_LISTA_ESPERA,765,,,,
Tenerife,ES709,12/2024,2024-M12,Cirugía plástica y reparadora,CIRUGIA_PLASTICA_REPARADORA,Población en lista de espera,POBLACION_LISTA_ESPERA,94,,,,
La Gomera,ES706,12/2024,2024-M12,Cirugía plástica y reparadora,CIRUGIA_PLASTICA_REPARADORA,Población en lista de espera,POBLACION_LISTA_ESPERA,0,,,,
La Palma,ES707,12/2024,2024-M12,Cirugía plástica y reparadora,CIRUGIA_PLASTICA_REPARADORA,Población en lista de espera,POBLACION_LISTA_ESPERA,0,,,,
El Hierro,ES703,12/2024,2024-M12,Cirugía plástica y reparadora,CIRUGIA_PLASTICA_REPARADORA,Población en lista de espera,POBLACION_LISTA_ESPERA,0,,,,
Canarias,ES70,12/2024,2024-M12,Cirugía pediátrica,CIRUGIA_PEDIATRICA,Población en lista de espera,POBLACION_LISTA_ESPERA,238,,,,
Lanzarote,ES708,12/2024,2024-M12,Cirugía pediátrica,CIRUGIA_PEDIATRICA,Población en lista de espera,POBLACION_LISTA_ESPERA,0,,,,
Fuerteventura,ES704,12/2024,2024-M12,Cirugía pediátrica,CIRUGIA_PEDIATRICA,Población en lista de espera,POBLACION_LISTA_ESPERA,0,,,,
Gran Canaria,ES705,12/2024,2024-M12,Cirugía pediátrica,CIRUGIA_PEDIATRICA,Población en lista de espera,POBLACION_LISTA_ESPERA,140,,,,
Tenerife,ES709,12/2024,2024-M12,Cirugía pediátrica,CIRUGIA_PEDIATRICA,Población en lista de espera,POBLACION_LISTA_ESPERA,98,,,,
La Gomera,ES706,12/2024,2024-M12,Cirugía pediátrica,CIRUGIA_PEDIATRICA,Población en lista de espera,POBLACION_LISTA_ESPERA,0,,,,
La Palma,ES707,12/2024,2024-M12,Cirugía pediátrica,CIRUGIA_PEDIATRICA,Población en lista de espera,POBLACION_LISTA_ESPERA,0,,,,
El Hierro,ES703,12/2024,2024-M12,Cirugía pediátrica,CIRUGIA_PEDIATRICA,Población en lista de espera,POBLACION_LISTA_ESPERA,0,,,,
Canarias,ES70,12/2024,2024-M12,Cirugía maxilofacial,CIRUGIA_MAXILOFACIAL,Población en lista de espera,POBLACION_LISTA_ESPERA,3090,,,,
Lanzarote,ES708,12/2024,2024-M12,Cirugía maxilofacial,CIRUGIA_MAXILOFACIAL,Población en lista de espera,POBLACION_LISTA_ESPERA,0,,,,
Fuerteventura,ES704,12/2024,2024-M12,Cirugía maxilofacial,CIRUGIA_MAXILOFACIAL,Población en lista de espera,POBLACION_LISTA_ESPERA,0,,,,
Gran Canaria,ES705,12/2024,2024-M12,Cirugía maxilofacial,CIRUGIA_MAXILOFACIAL,Población en lista de espera,POBLACION_LISTA_ESPERA,1361,,,,
Tenerife,ES709,12/2024,2024-M12,Cirugía maxilofacial,CIRUGIA_MAXILOFACIAL,Población en lista de espera,POBLACION_LISTA_ESPERA,1729,,,,
La Gomera,ES706,12/2024,2024-M12,Cirugía maxilofacial,CIRUGIA_MAXILOFACIAL,Población en lista de espera,POBLACION_LISTA_ESPERA,0,,,,
La Palma,ES707,12/2024,2024-M12,Cirugía maxilofacial,CIRUGIA_MAXILOFACIAL,Población en lista de espera,POBLACION_LISTA_ESPERA,0,,,,
El Hierro,ES703,12/2024,2024-M12,Cirugía maxilofacial,CIRUGIA_MAXILOFACIAL,Población en lista de espera,POBLACION_LISTA_ESPERA,0,,,,
Canarias,ES70,12/2024,2024-M12,Cirugía general y digestiva,CIRUGIA_GENERAL_DIGESTIVA,Población en lista de espera,POBLACION_LISTA_ESPERA,4450,,,,
Lanzarote,ES708,12/2024,2024-M12,Cirugía general y digestiva,CIRUGIA_GENERAL_DIGESTIVA,Población en lista de espera,POBLACION_LISTA_ESPERA,333,,,,
Fuerteventura,ES704,12/2024,2024-M12,Cirugía general y digestiva,CIRUGIA_GENERAL_DIGESTIVA,Población en lista de espera,POBLACION_LISTA_ESPERA,185,,,,
Gran Canaria,ES705,12/2024,2024-M12,Cirugía general y digestiva,CIRUGIA_GENERAL_DIGESTIVA,Población en lista de espera,POBLACION_LISTA_ESPERA,1684,,,,
Tenerife,ES709,12/2024,2024-M12,Cirugía general y digestiva,CIRUGIA_GENERAL_DIGESTIVA,Población en lista de espera,POBLACION_LISTA_ESPERA,1777,,,,
La Gomera,ES706,12/2024,2024-M12,Cirugía general y digestiva,CIRUGIA_GENERAL_DIGESTIVA,Población en lista de espera,POBLACION_LISTA_ESPERA,95,,,,
La Palma,ES707,12/2024,2024-M12,Cirugía general y digestiva,CIRUGIA_GENERAL_DIGESTIVA,Población en lista de espera,POBLACION_LISTA_ESPERA,373,,,,
El Hierro,ES703,12/2024,2024-M12,Cirugía general y digestiva,CIRUGIA_GENERAL_DIGESTIVA,Población en lista de espera,POBLACION_LISTA_ESPERA,3,,,,
Canarias,ES70,12/2024,2024-M12,Cirugía cardíaca,CIRUGIA_CARDIACA,Población en lista de espera,POBLACION_LISTA_ESPERA,5,,,,
Lanzarote,ES708,12/2024,2024-M12,Cirugía cardíaca,CIRUGIA_CARDIACA,Población en lista de espera,POBLACION_LISTA_ESPERA,0,,,,
Fuerteventura,ES704,12/2024,2024-M12,Cirugía cardíaca,CIRUGIA_CARDIACA,Población en lista de espera,POBLACION_LISTA_ESPERA,0,,,,
Gran Canaria,ES705,12/2024,2024-M12,Cirugía cardíaca,CIRUGIA_CARDIACA,Población en lista de espera,POBLACION_LISTA_ESPERA,1,,,,
Tenerife,ES709,12/2024,2024-M12,Cirugía cardíaca,CIRUGIA_CARDIACA,Población en lista de espera,POBLACION_LISTA_ESPERA,4,,,,
La Gomera,ES706,12/2024,2024-M12,Cirugía cardíaca,CIRUGIA_CARDIACA,Población en lista de espera,POBLACION_LISTA_ESPERA,0,,,,
La Palma,ES707,12/2024,2024-M12,Cirugía cardíaca,CIRUGIA_CARDIACA,Población en lista de espera,POBLACION_LISTA_ESPERA,0,,,,
El Hierro,ES703,12/2024,2024-M12,Cirugía cardíaca,CIRUGIA_CARDIACA,Población en lista de espera,POBLACION_LISTA_ESPERA,0,,,,
Canarias,ES70,12/2024,2024-M12,Cardiología,CARDIOLOGIA,Población en lista de espera,POBLACION_LISTA_ESPERA,4106,,,,
Lanzarote,ES708,12/2024,2024-M12,Cardiología,CARDIOLOGIA,Población en lista de espera,POBLACION_LISTA_ESPERA,122,,,,
Fuerteventura,ES704,12/2024,2024-M12,Cardiología,CARDIOLOGIA,Población en lista de espera,POBLACION_LISTA_ESPERA,58,,,,
Gran Canaria,ES705,12/2024,2024-M12,Cardiología,CARDIOLOGIA,Población en lista de espera,POBLACION_LISTA_ESPERA,2279,,,,
Tenerife,ES709,12/2024,2024-M12,Cardiología,CARDIOLOGIA,Población en lista de espera,POBLACION_LISTA_ESPERA,1554,,,,
La Gomera,ES706,12/2024,2024-M12,Cardiología,CARDIOLOGIA,Población en lista de espera,POBLACION_LISTA_ESPERA,19,,,,
La Palma,ES707,12/2024,2024-M12,Cardiología,CARDIOLOGIA,Población en lista de espera,POBLACION_LISTA_ESPERA,60,,,,
El Hierro,ES703,12/2024,2024-M12,Cardiología,CARDIOLOGIA,Población en lista de espera,POBLACION_LISTA_ESPERA,14,,,,
Canarias,ES70,12/2024,2024-M12,Angiología y cirugía vascular,ANGIOLOGIA_CIRUGIA_VASCULAR,Población en lista de espera,POBLACION_LISTA_ESPERA,1742,,,,
Lanzarote,ES708,12/2024,2024-M12,Angiología y cirugía vascular,ANGIOLOGIA_CIRUGIA_VASCULAR,Población en lista de espera,POBLACION_LISTA_ESPERA,54,,,,
Fuerteventura,ES704,12/2024,2024-M12,Angiología y cirugía vascular,ANGIOLOGIA_CIRUGIA_VASCULAR,Población en lista de espera,POBLACION_LISTA_ESPERA,51,,,,
Gran Canaria,ES705,12/2024,2024-M12,Angiología y cirugía vascular,ANGIOLOGIA_CIRUGIA_VASCULAR,Población en lista de espera,POBLACION_LISTA_ESPERA,1605,,,,
Tenerife,ES709,12/2024,2024-M12,Angiología y cirugía vascular,ANGIOLOGIA_CIRUGIA_VASCULAR,Población en lista de espera,POBLACION_LISTA_ESPERA,32,,,,
La Gomera,ES706,12/2024,2024-M12,Angiología y cirugía vascular,ANGIOLOGIA_CIRUGIA_VASCULAR,Población en lista de espera,POBLACION_LISTA_ESPERA,0,,,,
La Palma,ES707,12/2024,2024-M12,Angiología y cirugía vascular,ANGIOLOGIA_CIRUGIA_VASCULAR,Población en lista de espera,POBLACION_LISTA_ESPERA,0,,,,
El Hierro,ES703,12/2024,2024-M12,Angiología y cirugía vascular,ANGIOLOGIA_CIRUGIA_VASCULAR,Población en lista de espera,POBLACION_LISTA_ESPERA,0,,,,
Canarias,ES70,12/2024,2024-M12,Alergia,ALERGIA,Población en lista de espera,POBLACION_LISTA_ESPERA,2235,,,,
Lanzarote,ES708,12/2024,2024-M12,Alergia,ALERGIA,Población en lista de espera,POBLACION_LISTA_ESPERA,333,,,,
Fuerteventura,ES704,12/2024,2024-M12,Alergia,ALERGIA,Población en lista de espera,POBLACION_LISTA_ESPERA,104,,,,
Gran Canaria,ES705,12/2024,2024-M12,Alergia,ALERGIA,Población en lista de espera,POBLACION_LISTA_ESPERA,1266,,,,
Tenerife,ES709,12/2024,2024-M12,Alergia,ALERGIA,Población en lista de espera,POBLACION_LISTA_ESPERA,269,,,,
La Gomera,ES706,12/2024,2024-M12,Alergia,ALERGIA,Población en lista de espera,POBLACION_LISTA_ESPERA,13,,,,
La Palma,ES707,12/2024,2024-M12,Alergia,ALERGIA,Población en lista de espera,POBLACION_LISTA_ESPERA,226,,,,
El Hierro,ES703,12/2024,2024-M12,Alergia,ALERGIA,Población en lista de espera,POBLACION_LISTA_ESPERA,24,,,,
Canarias,ES70,06/2025,2025-M06,Urología,UROLOGIA,Población en lista de espera,POBLACION_LISTA_ESPERA,4498,,,,
Lanzarote,ES708,06/2025,2025-M06,Urología,UROLOGIA,Población en lista de espera,POBLACION_LISTA_ESPERA,128,,,,
Fuerteventura,ES704,06/2025,2025-M06,Urología,UROLOGIA,Población en lista de espera,POBLACION_LISTA_ESPERA,73,,,,
Gran Canaria,ES705,06/2025,2025-M06,Urología,UROLOGIA,Población en lista de espera,POBLACION_LISTA_ESPERA,1178,,,,
Tenerife,ES709,06/2025,2025-M06,Urología,UROLOGIA,Población en lista de espera,POBLACION_LISTA_ESPERA,3003,,,,
La Gomera,ES706,06/2025,2025-M06,Urología,UROLOGIA,Población en lista de espera,POBLACION_LISTA_ESPERA,0,,,,
La Palma,ES707,06/2025,2025-M06,Urología,UROLOGIA,Población en lista de espera,POBLACION_LISTA_ESPERA,100,,,,
El Hierro,ES703,06/2025,2025-M06,Urología,UROLOGIA,Población en lista de espera,POBLACION_LISTA_ESPERA,16,,,,
Canarias,ES70,06/2025,2025-M06,Traumatología y cirugía ortopédica,TRAUMATOLOGIA_CIRUGIA_ORTOPEDICA,Población en lista de espera,POBLACION_LISTA_ESPERA,12901,,,,
Lanzarote,ES708,06/2025,2025-M06,Traumatología y cirugía ortopédica,TRAUMATOLOGIA_CIRUGIA_ORTOPEDICA,Población en lista de espera,POBLACION_LISTA_ESPERA,446,,,,
Fuerteventura,ES704,06/2025,2025-M06,Traumatología y cirugía ortopédica,TRAUMATOLOGIA_CIRUGIA_ORTOPEDICA,Población en lista de espera,POBLACION_LISTA_ESPERA,276,,,,
Gran Canaria,ES705,06/2025,2025-M06,Traumatología y cirugía ortopédica,TRAUMATOLOGIA_CIRUGIA_ORTOPEDICA,Población en lista de espera,POBLACION_LISTA_ESPERA,9968,,,,
Tenerife,ES709,06/2025,2025-M06,Traumatología y cirugía ortopédica,TRAUMATOLOGIA_CIRUGIA_ORTOPEDICA,Población en lista de espera,POBLACION_LISTA_ESPERA,2072,,,,
La Gomera,ES706,06/2025,2025-M06,Traumatología y cirugía ortopédica,TRAUMATOLOGIA_CIRUGIA_ORTOPEDICA,Población en lista de espera,POBLACION_LISTA_ESPERA,66,,,,
La Palma,ES707,06/2025,2025-M06,Traumatología y cirugía ortopédica,TRAUMATOLOGIA_CIRUGIA_ORTOPEDICA,Población en lista de espera,POBLACION_LISTA_ESPERA,45,,,,
El Hierro,ES703,06/2025,2025-M06,Traumatología y cirugía ortopédica,TRAUMATOLOGIA_CIRUGIA_ORTOPEDICA,Población en lista de espera,POBLACION_LISTA_ESPERA,28,,,,
Canarias,ES70,06/2025,2025-M06,Total,_T,Población en lista de espera,POBLACION_LISTA_ESPERA,150975,,,,
Lanzarote,ES708,06/2025,2025-M06,Total,_T,Población en lista de espera,POBLACION_LISTA_ESPERA,2791,,,,
Fuerteventura,ES704,06/2025,2025-M06,Total,_T,Población en lista de espera,POBLACION_LISTA_ESPERA,1778,,,,
Gran Canaria,ES705,06/2025,2025-M06,Total,_T,Población en lista de espera,POBLACION_LISTA_ESPERA,68153,,,,
Tenerife,ES709,06/2025,2025-M06,Total,_T,Población en lista de espera,POBLACION_LISTA_ESPERA,75017,,,,
La Gomera,ES706,06/2025,2025-M06,Total,_T,Población en lista de espera,POBLACION_LISTA_ESPERA,788,,,,
La Palma,ES707,06/2025,2025-M06,Total,_T,Población en lista de espera,POBLACION_LISTA_ESPERA,1877,,,,
El Hierro,ES703,06/2025,2025-M06,Total,_T,Población en lista de espera,POBLACION_LISTA_ESPERA,571,,,,
Canarias,ES70,06/2025,2025-M06,Reumatología,REUMATOLOGIA,Población en lista de espera,POBLACION_LISTA_ESPERA,2547,,,,
Lanzarote,ES708,06/2025,2025-M06,Reumatología,REUMATOLOGIA,Población en lista de espera,POBLACION_LISTA_ESPERA,77,,,,
Fuerteventura,ES704,06/2025,2025-M06,Reumatología,REUMATOLOGIA,Población en lista de espera,POBLACION_LISTA_ESPERA,45,,,,
Gran Canaria,ES705,06/2025,2025-M06,Reumatología,REUMATOLOGIA,Población en lista de espera,POBLACION_LISTA_ESPERA,2025,,,,
Tenerife,ES709,06/2025,2025-M06,Reumatología,REUMATOLOGIA,Población en lista de espera,POBLACION_LISTA_ESPERA,326,,,,
La Gomera,ES706,06/2025,2025-M06,Reumatología,REUMATOLOGIA,Población en lista de espera,POBLACION_LISTA_ESPERA,9,,,,
La Palma,ES707,06/2025,2025-M06,Reumatología,REUMATOLOGIA,Población en lista de espera,POBLACION_LISTA_ESPERA,65,,,,
El Hierro,ES703,06/2025,2025-M06,Reumatología,REUMATOLOGIA,Población en lista de espera,POBLACION_LISTA_ESPERA,0,,,,
Canarias,ES70,06/2025,2025-M06,Rehabilitación,REHABILITACION,Población en lista de espera,POBLACION_LISTA_ESPERA,14769,,,,
Lanzarote,ES708,06/2025,2025-M06,Rehabilitación,REHABILITACION,Población en lista de espera,POBLACION_LISTA_ESPERA,123,,,,
Fuerteventura,ES704,06/2025,2025-M06,Rehabilitación,REHABILITACION,Población en lista de espera,POBLACION_LISTA_ESPERA,179,,,,
Gran Canaria,ES705,06/2025,2025-M06,Rehabilitación,REHABILITACION,Población en lista de espera,POBLACION_LISTA_ESPERA,7221,,,,
Tenerife,ES709,06/2025,2025-M06,Rehabilitación,REHABILITACION,Población en lista de espera,POBLACION_LISTA_ESPERA,6931,,,,
La Gomera,ES706,06/2025,2025-M06,Rehabilitación,REHABILITACION,Población en lista de espera,POBLACION_LISTA_ESPERA,28,,,,
La Palma,ES707,06/2025,2025-M06,Rehabilitación,REHABILITACION,Población en lista de espera,POBLACION_LISTA_ESPERA,276,,,,
El Hierro,ES703,06/2025,2025-M06,Rehabilitación,REHABILITACION,Población en lista de espera,POBLACION_LISTA_ESPERA,11,,,,
Canarias,ES70,06/2025,2025-M06,Psiquiatría,PSIQUIATRIA,Población en lista de espera,POBLACION_LISTA_ESPERA,3270,,,,
Lanzarote,ES708,06/2025,2025-M06,Psiquiatría,PSIQUIATRIA,Población en lista de espera,POBLACION_LISTA_ESPERA,47,,,,
Fuerteventura,ES704,06/2025,2025-M06,Psiquiatría,PSIQUIATRIA,Población en lista de espera,POBLACION_LISTA_ESPERA,58,,,,
Gran Canaria,ES705,06/2025,2025-M06,Psiquiatría,PSIQUIATRIA,Población en lista de espera,POBLACION_LISTA_ESPERA,2209,,,,
Tenerife,ES709,06/2025,2025-M06,Psiquiatría,PSIQUIATRIA,Población en lista de espera,POBLACION_LISTA_ESPERA,906,,,,
La Gomera,ES706,06/2025,2025-M06,Psiquiatría,PSIQUIATRIA,Población en lista de espera,POBLACION_LISTA_ESPERA,12,,,,
La Palma,ES707,06/2025,2025-M06,Psiquiatría,PSIQUIATRIA,Población en lista de espera,POBLACION_LISTA_ESPERA,15,,,,
El Hierro,ES703,06/2025,2025-M06,Psiquiatría,PSIQUIATRIA,Población en lista de espera,POBLACION_LISTA_ESPERA,23,,,,
Canarias,ES70,06/2025,2025-M06,Pediatría,PEDIATRIA,Población en lista de espera,POBLACION_LISTA_ESPERA,2071,,,,
Lanzarote,ES708,06/2025,2025-M06,Pediatría,PEDIATRIA,Población en lista de espera,POBLACION_LISTA_ESPERA,87,,,,
Fuerteventura,ES704,06/2025,2025-M06,Pediatría,PEDIATRIA,Población en lista de espera,POBLACION_LISTA_ESPERA,28,,,,
Gran Canaria,ES705,06/2025,2025-M06,Pediatría,PEDIATRIA,Población en lista de espera,POBLACION_LISTA_ESPERA,1642,,,,
Tenerife,ES709,06/2025,2025-M06,Pediatría,PEDIATRIA,Población en lista de espera,POBLACION_LISTA_ESPERA,292,,,,
La Gomera,ES706,06/2025,2025-M06,Pediatría,PEDIATRIA,Población en lista de espera,POBLACION_LISTA_ESPERA,4,,,,
La Palma,ES707,06/2025,2025-M06,Pediatría,PEDIATRIA,Población en lista de espera,POBLACION_LISTA_ESPERA,18,,,,
El Hierro,ES703,06/2025,2025-M06,Pediatría,PEDIATRIA,Población en lista de espera,POBLACION_LISTA_ESPERA,0,,,,
Canarias,ES70,06/2025,2025-M06,Otorrinolaringología,OTORRINOLARINGOLOGIA,Población en lista de espera,POBLACION_LISTA_ESPERA,19581,,,,
Lanzarote,ES708,06/2025,2025-M06,Otorrinolaringología,OTORRINOLARINGOLOGIA,Población en lista de espera,POBLACION_LISTA_ESPERA,155,,,,
Fuerteventura,ES704,06/2025,2025-M06,Otorrinolaringología,OTORRINOLARINGOLOGIA,Población en lista de espera,POBLACION_LISTA_ESPERA,192,,,,
Gran Canaria,ES705,06/2025,2025-M06,Otorrinolaringología,OTORRINOLARINGOLOGIA,Población en lista de espera,POBLACION_LISTA_ESPERA,6430,,,,
Tenerife,ES709,06/2025,2025-M06,Otorrinolaringología,OTORRINOLARINGOLOGIA,Población en lista de espera,POBLACION_LISTA_ESPERA,12601,,,,
La Gomera,ES706,06/2025,2025-M06,Otorrinolaringología,OTORRINOLARINGOLOGIA,Población en lista de espera,POBLACION_LISTA_ESPERA,72,,,,
La Palma,ES707,06/2025,2025-M06,Otorrinolaringología,OTORRINOLARINGOLOGIA,Población en lista de espera,POBLACION_LISTA_ESPERA,83,,,,
El Hierro,ES703,06/2025,2025-M06,Otorrinolaringología,OTORRINOLARINGOLOGIA,Población en lista de espera,POBLACION_LISTA_ESPERA,48,,,,
Canarias,ES70,06/2025,2025-M06,Oftalmología,OFTALMOLOGIA,Población en lista de espera,POBLACION_LISTA_ESPERA,31913,,,,
Lanzarote,ES708,06/2025,2025-M06,Oftalmología,OFTALMOLOGIA,Población en lista de espera,POBLACION_LISTA_ESPERA,79,,,,
Fuerteventura,ES704,06/2025,2025-M06,Oftalmología,OFTALMOLOGIA,Población en lista de espera,POBLACION_LISTA_ESPERA,152,,,,
Gran Canaria,ES705,06/2025,2025-M06,Oftalmología,OFTALMOLOGIA,Población en lista de espera,POBLACION_LISTA_ESPERA,13929,,,,
Tenerife,ES709,06/2025,2025-M06,Oftalmología,OFTALMOLOGIA,Población en lista de espera,POBLACION_LISTA_ESPERA,17408,,,,
La Gomera,ES706,06/2025,2025-M06,Oftalmología,OFTALMOLOGIA,Población en lista de espera,POBLACION_LISTA_ESPERA,67,,,,
La Palma,ES707,06/2025,2025-M06,Oftalmología,OFTALMOLOGIA,Población en lista de espera,POBLACION_LISTA_ESPERA,229,,,,
El Hierro,ES703,06/2025,2025-M06,Oftalmología,OFTALMOLOGIA,Población en lista de espera,POBLACION_LISTA_ESPERA,49,,,,
Canarias,ES70,06/2025,2025-M06,Neurología,NEUROLOGIA,Población en lista de espera,POBLACION_LISTA_ESPERA,6833,,,,
Lanzarote,ES708,06/2025,2025-M06,Neurología,NEUROLOGIA,Población en lista de espera,POBLACION_LISTA_ESPERA,271,,,,
Fuerteventura,ES704,06/2025,2025-M06,Neurología,NEUROLOGIA,Población en lista de espera,POBLACION_LISTA_ESPERA,108,,,,
Gran Canaria,ES705,06/2025,2025-M06,Neurología,NEUROLOGIA,Población en lista de espera,POBLACION_LISTA_ESPERA,2994,,,,
Tenerife,ES709,06/2025,2025-M06,Neurología,NEUROLOGIA,Población en lista de espera,POBLACION_LISTA_ESPERA,3343,,,,
La Gomera,ES706,06/2025,2025-M06,Neurología,NEUROLOGIA,Población en lista de espera,POBLACION_LISTA_ESPERA,59,,,,
La Palma,ES707,06/2025,2025-M06,Neurología,NEUROLOGIA,Población en lista de espera,POBLACION_LISTA_ESPERA,41,,,,
El Hierro,ES703,06/2025,2025-M06,Neurología,NEUROLOGIA,Población en lista de espera,POBLACION_LISTA_ESPERA,17,,,,
Canarias,ES70,06/2025,2025-M06,Neurocirugía,NEUROCIRUGIA,Población en lista de espera,POBLACION_LISTA_ESPERA,3408,,,,
Lanzarote,ES708,06/2025,2025-M06,Neurocirugía,NEUROCIRUGIA,Población en lista de espera,POBLACION_LISTA_ESPERA,0,,,,
Fuerteventura,ES704,06/2025,2025-M06,Neurocirugía,NEUROCIRUGIA,Población en lista de espera,POBLACION_LISTA_ESPERA,5,,,,
Gran Canaria,ES705,06/2025,2025-M06,Neurocirugía,NEUROCIRUGIA,Población en lista de espera,POBLACION_LISTA_ESPERA,2270,,,,
Tenerife,ES709,06/2025,2025-M06,Neurocirugía,NEUROCIRUGIA,Población en lista de espera,POBLACION_LISTA_ESPERA,1133,,,,
La Gomera,ES706,06/2025,2025-M06,Neurocirugía,NEUROCIRUGIA,Población en lista de espera,POBLACION_LISTA_ESPERA,0,,,,
La Palma,ES707,06/2025,2025-M06,Neurocirugía,NEUROCIRUGIA,Población en lista de espera,POBLACION_LISTA_ESPERA,0,,,,
El Hierro,ES703,06/2025,2025-M06,Neurocirugía,NEUROCIRUGIA,Población en lista de espera,POBLACION_LISTA_ESPERA,0,,,,
Canarias,ES70,06/2025,2025-M06,Neumología,NEUMOLOGIA,Población en lista de espera,POBLACION_LISTA_ESPERA,966,,,,
Lanzarote,ES708,06/2025,2025-M06,Neumología,NEUMOLOGIA,Población en lista de espera,POBLACION_LISTA_ESPERA,69,,,,
Fuerteventura,ES704,06/2025,2025-M06,Neumología,NEUMOLOGIA,Población en lista de espera,POBLACION_LISTA_ESPERA,33,,,,
Gran Canaria,ES705,06/2025,2025-M06,Neumología,NEUMOLOGIA,Población en lista de espera,POBLACION_LISTA_ESPERA,448,,,,
Tenerife,ES709,06/2025,2025-M06,Neumología,NEUMOLOGIA,Población en lista de espera,POBLACION_LISTA_ESPERA,370,,,,
La Gomera,ES706,06/2025,2025-M06,Neumología,NEUMOLOGIA,Población en lista de espera,POBLACION_LISTA_ESPERA,17,,,,
La Palma,ES707,06/2025,2025-M06,Neumología,NEUMOLOGIA,Población en lista de espera,POBLACION_LISTA_ESPERA,13,,,,
El Hierro,ES703,06/2025,2025-M06,Neumología,NEUMOLOGIA,Población en lista de espera,POBLACION_LISTA_ESPERA,16,,,,
Canarias,ES70,06/2025,2025-M06,Nefrología,NEFROLOGIA,Población en lista de espera,POBLACION_LISTA_ESPERA,536,,,,
Lanzarote,ES708,06/2025,2025-M06,Nefrología,NEFROLOGIA,Población en lista de espera,POBLACION_LISTA_ESPERA,36,,,,
Fuerteventura,ES704,06/2025,2025-M06,Nefrología,NEFROLOGIA,Población en lista de espera,POBLACION_LISTA_ESPERA,8,,,,
Gran Canaria,ES705,06/2025,2025-M06,Nefrología,NEFROLOGIA,Población en lista de espera,POBLACION_LISTA_ESPERA,238,,,,
Tenerife,ES709,06/2025,2025-M06,Nefrología,NEFROLOGIA,Población en lista de espera,POBLACION_LISTA_ESPERA,227,,,,
La Gomera,ES706,06/2025,2025-M06,Nefrología,NEFROLOGIA,Población en lista de espera,POBLACION_LISTA_ESPERA,17,,,,
La Palma,ES707,06/2025,2025-M06,Nefrología,NEFROLOGIA,Población en lista de espera,POBLACION_LISTA_ESPERA,8,,,,
El Hierro,ES703,06/2025,2025-M06,Nefrología,NEFROLOGIA,Población en lista de espera,POBLACION_LISTA_ESPERA,2,,,,
Canarias,ES70,06/2025,2025-M06,Medicina interna,MEDICINA_INTERNA,Población en lista de espera,POBLACION_LISTA_ESPERA,840,,,,
Lanzarote,ES708,06/2025,2025-M06,Medicina interna,MEDICINA_INTERNA,Población en lista de espera,POBLACION_LISTA_ESPERA,38,,,,
Fuerteventura,ES704,06/2025,2025-M06,Medicina interna,MEDICINA_INTERNA,Población en lista de espera,POBLACION_LISTA_ESPERA,12,,,,
Gran Canaria,ES705,06/2025,2025-M06,Medicina interna,MEDICINA_INTERNA,Población en lista de espera,POBLACION_LISTA_ESPERA,583,,,,
Tenerife,ES709,06/2025,2025-M06,Medicina interna,MEDICINA_INTERNA,Población en lista de espera,POBLACION_LISTA_ESPERA,175,,,,
La Gomera,ES706,06/2025,2025-M06,Medicina interna,MEDICINA_INTERNA,Población en lista de espera,POBLACION_LISTA_ESPERA,9,,,,
La Palma,ES707,06/2025,2025-M06,Medicina interna,MEDICINA_INTERNA,Población en lista de espera,POBLACION_LISTA_ESPERA,5,,,,
El Hierro,ES703,06/2025,2025-M06,Medicina interna,MEDICINA_INTERNA,Población en lista de espera,POBLACION_LISTA_ESPERA,18,,,,
Canarias,ES70,06/2025,2025-M06,Hematología,HEMATOLOGIA,Población en lista de espera,POBLACION_LISTA_ESPERA,545,,,,
Lanzarote,ES708,06/2025,2025-M06,Hematología,HEMATOLOGIA,Población en lista de espera,POBLACION_LISTA_ESPERA,51,,,,
Fuerteventura,ES704,06/2025,2025-M06,Hematología,HEMATOLOGIA,Población en lista de espera,POBLACION_LISTA_ESPERA,16,,,,
Gran Canaria,ES705,06/2025,2025-M06,Hematología,HEMATOLOGIA,Población en lista de espera,POBLACION_LISTA_ESPERA,158,,,,
Tenerife,ES709,06/2025,2025-M06,Hematología,HEMATOLOGIA,Población en lista de espera,POBLACION_LISTA_ESPERA,189,,,,
La Gomera,ES706,06/2025,2025-M06,Hematología,HEMATOLOGIA,Población en lista de espera,POBLACION_LISTA_ESPERA,25,,,,
La Palma,ES707,06/2025,2025-M06,Hematología,HEMATOLOGIA,Población en lista de espera,POBLACION_LISTA_ESPERA,100,,,,
El Hierro,ES703,06/2025,2025-M06,Hematología,HEMATOLOGIA,Población en lista de espera,POBLACION_LISTA_ESPERA,6,,,,
Canarias,ES70,06/2025,2025-M06,Ginecología,GINECOLOGIA,Población en lista de espera,POBLACION_LISTA_ESPERA,5244,,,,
Lanzarote,ES708,06/2025,2025-M06,Ginecología,GINECOLOGIA,Población en lista de espera,POBLACION_LISTA_ESPERA,104,,,,
Fuerteventura,ES704,06/2025,2025-M06,Ginecología,GINECOLOGIA,Población en lista de espera,POBLACION_LISTA_ESPERA,128,,,,
Gran Canaria,ES705,06/2025,2025-M06,Ginecología,GINECOLOGIA,Población en lista de espera,POBLACION_LISTA_ESPERA,2090,,,,
Tenerife,ES709,06/2025,2025-M06,Ginecología,GINECOLOGIA,Población en lista de espera,POBLACION_LISTA_ESPERA,2584,,,,
La Gomera,ES706,06/2025,2025-M06,Ginecología,GINECOLOGIA,Población en lista de espera,POBLACION_LISTA_ESPERA,50,,,,
La Palma,ES707,06/2025,2025-M06,Ginecología,GINECOLOGIA,Población en lista de espera,POBLACION_LISTA_ESPERA,125,,,,
El Hierro,ES703,06/2025,2025-M06,Ginecología,GINECOLOGIA,Población en lista de espera,POBLACION_LISTA_ESPERA,163,,,,
Canarias,ES70,06/2025,2025-M06,Endocrinología,ENDOCRINOLOGIA,Población en lista de espera,POBLACION_LISTA_ESPERA,1601,,,,
Lanzarote,ES708,06/2025,2025-M06,Endocrinología,ENDOCRINOLOGIA,Población en lista de espera,POBLACION_LISTA_ESPERA,157,,,,
Fuerteventura,ES704,06/2025,2025-M06,Endocrinología,ENDOCRINOLOGIA,Población en lista de espera,POBLACION_LISTA_ESPERA,71,,,,
Gran Canaria,ES705,06/2025,2025-M06,Endocrinología,ENDOCRINOLOGIA,Población en lista de espera,POBLACION_LISTA_ESPERA,902,,,,
Tenerife,ES709,06/2025,2025-M06,Endocrinología,ENDOCRINOLOGIA,Población en lista de espera,POBLACION_LISTA_ESPERA,413,,,,
La Gomera,ES706,06/2025,2025-M06,Endocrinología,ENDOCRINOLOGIA,Población en lista de espera,POBLACION_LISTA_ESPERA,20,,,,
La Palma,ES707,06/2025,2025-M06,Endocrinología,ENDOCRINOLOGIA,Población en lista de espera,POBLACION_LISTA_ESPERA,24,,,,
El Hierro,ES703,06/2025,2025-M06,Endocrinología,ENDOCRINOLOGIA,Población en lista de espera,POBLACION_LISTA_ESPERA,14,,,,
Canarias,ES70,06/2025,2025-M06,Digestivo,DIGESTIVO,Población en lista de espera,POBLACION_LISTA_ESPERA,2019,,,,
Lanzarote,ES708,06/2025,2025-M06,Digestivo,DIGESTIVO,Población en lista de espera,POBLACION_LISTA_ESPERA,91,,,,
Fuerteventura,ES704,06/2025,2025-M06,Digestivo,DIGESTIVO,Población en lista de espera,POBLACION_LISTA_ESPERA,41,,,,
Gran Canaria,ES705,06/2025,2025-M06,Digestivo,DIGESTIVO,Población en lista de espera,POBLACION_LISTA_ESPERA,789,,,,
Tenerife,ES709,06/2025,2025-M06,Digestivo,DIGESTIVO,Población en lista de espera,POBLACION_LISTA_ESPERA,1046,,,,
La Gomera,ES706,06/2025,2025-M06,Digestivo,DIGESTIVO,Población en lista de espera,POBLACION_LISTA_ESPERA,18,,,,
La Palma,ES707,06/2025,2025-M06,Digestivo,DIGESTIVO,Población en lista de espera,POBLACION_LISTA_ESPERA,3,,,,
El Hierro,ES703,06/2025,2025-M06,Digestivo,DIGESTIVO,Población en lista de espera,POBLACION_LISTA_ESPERA,31,,,,
Canarias,ES70,06/2025,2025-M06,Dermatología,DERMATOLOGIA,Población en lista de espera,POBLACION_LISTA_ESPERA,24127,,,,
Lanzarote,ES708,06/2025,2025-M06,Dermatología,DERMATOLOGIA,Población en lista de espera,POBLACION_LISTA_ESPERA,152,,,,
Fuerteventura,ES704,06/2025,2025-M06,Dermatología,DERMATOLOGIA,Población en lista de espera,POBLACION_LISTA_ESPERA,103,,,,
Gran Canaria,ES705,06/2025,2025-M06,Dermatología,DERMATOLOGIA,Población en lista de espera,POBLACION_LISTA_ESPERA,6017,,,,
Tenerife,ES709,06/2025,2025-M06,Dermatología,DERMATOLOGIA,Población en lista de espera,POBLACION_LISTA_ESPERA,17376,,,,
La Gomera,ES706,06/2025,2025-M06,Dermatología,DERMATOLOGIA,Población en lista de espera,POBLACION_LISTA_ESPERA,234,,,,
La Palma,ES707,06/2025,2025-M06,Dermatología,DERMATOLOGIA,Población en lista de espera,POBLACION_LISTA_ESPERA,158,,,,
El Hierro,ES703,06/2025,2025-M06,Dermatología,DERMATOLOGIA,Población en lista de espera,POBLACION_LISTA_ESPERA,87,,,,
Canarias,ES70,06/2025,2025-M06,Cirugía torácica,CIRUGIA_TORACICA,Población en lista de espera,POBLACION_LISTA_ESPERA,154,,,,
Lanzarote,ES708,06/2025,2025-M06,Cirugía torácica,CIRUGIA_TORACICA,Población en lista de espera,POBLACION_LISTA_ESPERA,0,,,,
Fuerteventura,ES704,06/2025,2025-M06,Cirugía torácica,CIRUGIA_TORACICA,Población en lista de espera,POBLACION_LISTA_ESPERA,4,,,,
Gran Canaria,ES705,06/2025,2025-M06,Cirugía torácica,CIRUGIA_TORACICA,Población en lista de espera,POBLACION_LISTA_ESPERA,93,,,,
Tenerife,ES709,06/2025,2025-M06,Cirugía torácica,CIRUGIA_TORACICA,Población en lista de espera,POBLACION_LISTA_ESPERA,57,,,,
La Gomera,ES706,06/2025,2025-M06,Cirugía torácica,CIRUGIA_TORACICA,Población en lista de espera,POBLACION_LISTA_ESPERA,0,,,,
La Palma,ES707,06/2025,2025-M06,Cirugía torácica,CIRUGIA_TORACICA,Población en lista de espera,POBLACION_LISTA_ESPERA,0,,,,
El Hierro,ES703,06/2025,2025-M06,Cirugía torácica,CIRUGIA_TORACICA,Población en lista de espera,POBLACION_LISTA_ESPERA,0,,,,
Canarias,ES70,06/2025,2025-M06,Cirugía plástica y reparadora,CIRUGIA_PLASTICA_REPARADORA,Población en lista de espera,POBLACION_LISTA_ESPERA,796,,,,
Lanzarote,ES708,06/2025,2025-M06,Cirugía plástica y reparadora,CIRUGIA_PLASTICA_REPARADORA,Población en lista de espera,POBLACION_LISTA_ESPERA,0,,,,
Fuerteventura,ES704,06/2025,2025-M06,Cirugía plástica y reparadora,CIRUGIA_PLASTICA_REPARADORA,Población en lista de espera,POBLACION_LISTA_ESPERA,0,,,,
Gran Canaria,ES705,06/2025,2025-M06,Cirugía plástica y reparadora,CIRUGIA_PLASTICA_REPARADORA,Población en lista de espera,POBLACION_LISTA_ESPERA,701,,,,
Tenerife,ES709,06/2025,2025-M06,Cirugía plástica y reparadora,CIRUGIA_PLASTICA_REPARADORA,Población en lista de espera,POBLACION_LISTA_ESPERA,95,,,,
La Gomera,ES706,06/2025,2025-M06,Cirugía plástica y reparadora,CIRUGIA_PLASTICA_REPARADORA,Población en lista de espera,POBLACION_LISTA_ESPERA,0,,,,
La Palma,ES707,06/2025,2025-M06,Cirugía plástica y reparadora,CIRUGIA_PLASTICA_REPARADORA,Población en lista de espera,POBLACION_LISTA_ESPERA,0,,,,
El Hierro,ES703,06/2025,2025-M06,Cirugía plástica y reparadora,CIRUGIA_PLASTICA_REPARADORA,Población en lista de espera,POBLACION_LISTA_ESPERA,0,,,,
Canarias,ES70,06/2025,2025-M06,Cirugía pediátrica,CIRUGIA_PEDIATRICA,Población en lista de espera,POBLACION_LISTA_ESPERA,486,,,,
Lanzarote,ES708,06/2025,2025-M06,Cirugía pediátrica,CIRUGIA_PEDIATRICA,Población en lista de espera,POBLACION_LISTA_ESPERA,0,,,,
Fuerteventura,ES704,06/2025,2025-M06,Cirugía pediátrica,CIRUGIA_PEDIATRICA,Población en lista de espera,POBLACION_LISTA_ESPERA,0,,,,
Gran Canaria,ES705,06/2025,2025-M06,Cirugía pediátrica,CIRUGIA_PEDIATRICA,Población en lista de espera,POBLACION_LISTA_ESPERA,315,,,,
Tenerife,ES709,06/2025,2025-M06,Cirugía pediátrica,CIRUGIA_PEDIATRICA,Población en lista de espera,POBLACION_LISTA_ESPERA,171,,,,
La Gomera,ES706,06/2025,2025-M06,Cirugía pediátrica,CIRUGIA_PEDIATRICA,Población en lista de espera,POBLACION_LISTA_ESPERA,0,,,,
La Palma,ES707,06/2025,2025-M06,Cirugía pediátrica,CIRUGIA_PEDIATRICA,Población en lista de espera,POBLACION_LISTA_ESPERA,0,,,,
El Hierro,ES703,06/2025,2025-M06,Cirugía pediátrica,CIRUGIA_PEDIATRICA,Población en lista de espera,POBLACION_LISTA_ESPERA,0,,,,
Canarias,ES70,06/2025,2025-M06,Cirugía maxilofacial,CIRUGIA_MAXILOFACIAL,Población en lista de espera,POBLACION_LISTA_ESPERA,2562,,,,
Lanzarote,ES708,06/2025,2025-M06,Cirugía maxilofacial,CIRUGIA_MAXILOFACIAL,Población en lista de espera,POBLACION_LISTA_ESPERA,0,,,,
Fuerteventura,ES704,06/2025,2025-M06,Cirugía maxilofacial,CIRUGIA_MAXILOFACIAL,Población en lista de espera,POBLACION_LISTA_ESPERA,0,,,,
Gran Canaria,ES705,06/2025,2025-M06,Cirugía maxilofacial,CIRUGIA_MAXILOFACIAL,Población en lista de espera,POBLACION_LISTA_ESPERA,974,,,,
Tenerife,ES709,06/2025,2025-M06,Cirugía maxilofacial,CIRUGIA_MAXILOFACIAL,Población en lista de espera,POBLACION_LISTA_ESPERA,1588,,,,
La Gomera,ES706,06/2025,2025-M06,Cirugía maxilofacial,CIRUGIA_MAXILOFACIAL,Población en lista de espera,POBLACION_LISTA_ESPERA,0,,,,
La Palma,ES707,06/2025,2025-M06,Cirugía maxilofacial,CIRUGIA_MAXILOFACIAL,Población en lista de espera,POBLACION_LISTA_ESPERA,0,,,,
El Hierro,ES703,06/2025,2025-M06,Cirugía maxilofacial,CIRUGIA_MAXILOFACIAL,Población en lista de espera,POBLACION_LISTA_ESPERA,0,,,,
Canarias,ES70,06/2025,2025-M06,Cirugía general y digestiva,CIRUGIA_GENERAL_DIGESTIVA,Población en lista de espera,POBLACION_LISTA_ESPERA,2227,,,,
Lanzarote,ES708,06/2025,2025-M06,Cirugía general y digestiva,CIRUGIA_GENERAL_DIGESTIVA,Población en lista de espera,POBLACION_LISTA_ESPERA,218,,,,
Fuerteventura,ES704,06/2025,2025-M06,Cirugía general y digestiva,CIRUGIA_GENERAL_DIGESTIVA,Población en lista de espera,POBLACION_LISTA_ESPERA,77,,,,
Gran Canaria,ES705,06/2025,2025-M06,Cirugía general y digestiva,CIRUGIA_GENERAL_DIGESTIVA,Población en lista de espera,POBLACION_LISTA_ESPERA,1100,,,,
Tenerife,ES709,06/2025,2025-M06,Cirugía general y digestiva,CIRUGIA_GENERAL_DIGESTIVA,Población en lista de espera,POBLACION_LISTA_ESPERA,535,,,,
La Gomera,ES706,06/2025,2025-M06,Cirugía general y digestiva,CIRUGIA_GENERAL_DIGESTIVA,Población en lista de espera,POBLACION_LISTA_ESPERA,43,,,,
La Palma,ES707,06/2025,2025-M06,Cirugía general y digestiva,CIRUGIA_GENERAL_DIGESTIVA,Población en lista de espera,POBLACION_LISTA_ESPERA,243,,,,
El Hierro,ES703,06/2025,2025-M06,Cirugía general y digestiva,CIRUGIA_GENERAL_DIGESTIVA,Población en lista de espera,POBLACION_LISTA_ESPERA,11,,,,
Canarias,ES70,06/2025,2025-M06,Cirugía cardíaca,CIRUGIA_CARDIACA,Población en lista de espera,POBLACION_LISTA_ESPERA,16,,,,
Lanzarote,ES708,06/2025,2025-M06,Cirugía cardíaca,CIRUGIA_CARDIACA,Población en lista de espera,POBLACION_LISTA_ESPERA,0,,,,
Fuerteventura,ES704,06/2025,2025-M06,Cirugía cardíaca,CIRUGIA_CARDIACA,Población en lista de espera,POBLACION_LISTA_ESPERA,0,,,,
Gran Canaria,ES705,06/2025,2025-M06,Cirugía cardíaca,CIRUGIA_CARDIACA,Población en lista de espera,POBLACION_LISTA_ESPERA,11,,,,
Tenerife,ES709,06/2025,2025-M06,Cirugía cardíaca,CIRUGIA_CARDIACA,Población en lista de espera,POBLACION_LISTA_ESPERA,5,,,,
La Gomera,ES706,06/2025,2025-M06,Cirugía cardíaca,CIRUGIA_CARDIACA,Población en lista de espera,POBLACION_LISTA_ESPERA,0,,,,
La Palma,ES707,06/2025,2025-M06,Cirugía cardíaca,CIRUGIA_CARDIACA,Población en lista de espera,POBLACION_LISTA_ESPERA,0,,,,
El Hierro,ES703,06/2025,2025-M06,Cirugía cardíaca,CIRUGIA_CARDIACA,Población en lista de espera,POBLACION_LISTA_ESPERA,0,,,,
Canarias,ES70,06/2025,2025-M06,Cardiología,CARDIOLOGIA,Población en lista de espera,POBLACION_LISTA_ESPERA,3740,,,,
Lanzarote,ES708,06/2025,2025-M06,Cardiología,CARDIOLOGIA,Población en lista de espera,POBLACION_LISTA_ESPERA,96,,,,
Fuerteventura,ES704,06/2025,2025-M06,Cardiología,CARDIOLOGIA,Población en lista de espera,POBLACION_LISTA_ESPERA,57,,,,
Gran Canaria,ES705,06/2025,2025-M06,Cardiología,CARDIOLOGIA,Población en lista de espera,POBLACION_LISTA_ESPERA,1585,,,,
Tenerife,ES709,06/2025,2025-M06,Cardiología,CARDIOLOGIA,Población en lista de espera,POBLACION_LISTA_ESPERA,1882,,,,
La Gomera,ES706,06/2025,2025-M06,Cardiología,CARDIOLOGIA,Población en lista de espera,POBLACION_LISTA_ESPERA,10,,,,
La Palma,ES707,06/2025,2025-M06,Cardiología,CARDIOLOGIA,Población en lista de espera,POBLACION_LISTA_ESPERA,101,,,,
El Hierro,ES703,06/2025,2025-M06,Cardiología,CARDIOLOGIA,Población en lista de espera,POBLACION_LISTA_ESPERA,9,,,,
Canarias,ES70,06/2025,2025-M06,Angiología y cirugía vascular,ANGIOLOGIA_CIRUGIA_VASCULAR,Población en lista de espera,POBLACION_LISTA_ESPERA,1155,,,,
Lanzarote,ES708,06/2025,2025-M06,Angiología y cirugía vascular,ANGIOLOGIA_CIRUGIA_VASCULAR,Población en lista de espera,POBLACION_LISTA_ESPERA,28,,,,
Fuerteventura,ES704,06/2025,2025-M06,Angiología y cirugía vascular,ANGIOLOGIA_CIRUGIA_VASCULAR,Población en lista de espera,POBLACION_LISTA_ESPERA,28,,,,
Gran Canaria,ES705,06/2025,2025-M06,Angiología y cirugía vascular,ANGIOLOGIA_CIRUGIA_VASCULAR,Población en lista de espera,POBLACION_LISTA_ESPERA,1076,,,,
Tenerife,ES709,06/2025,2025-M06,Angiología y cirugía vascular,ANGIOLOGIA_CIRUGIA_VASCULAR,Población en lista de espera,POBLACION_LISTA_ESPERA,23,,,,
La Gomera,ES706,06/2025,2025-M06,Angiología y cirugía vascular,ANGIOLOGIA_CIRUGIA_VASCULAR,Población en lista de espera,POBLACION_LISTA_ESPERA,0,,,,
La Palma,ES707,06/2025,2025-M06,Angiología y cirugía vascular,ANGIOLOGIA_CIRUGIA_VASCULAR,Población en lista de espera,POBLACION_LISTA_ESPERA,0,,,,
El Hierro,ES703,06/2025,2025-M06,Angiología y cirugía vascular,ANGIOLOGIA_CIRUGIA_VASCULAR,Población en lista de espera,POBLACION_LISTA_ESPERA,0,,,,
Canarias,ES70,06/2025,2025-M06,Alergia,ALERGIA,Población en lista de espera,POBLACION_LISTA_ESPERA,2170,,,,
Lanzarote,ES708,06/2025,2025-M06,Alergia,ALERGIA,Población en lista de espera,POBLACION_LISTA_ESPERA,338,,,,
Fuerteventura,ES704,06/2025,2025-M06,Alergia,ALERGIA,Población en lista de espera,POBLACION_LISTA_ESPERA,84,,,,
Gran Canaria,ES705,06/2025,2025-M06,Alergia,ALERGIA,Población en lista de espera,POBLACION_LISTA_ESPERA,1207,,,,
Tenerife,ES709,06/2025,2025-M06,Alergia,ALERGIA,Población en lista de espera,POBLACION_LISTA_ESPERA,266,,,,
La Gomera,ES706,06/2025,2025-M06,Alergia,ALERGIA,Población en lista de espera,POBLACION_LISTA_ESPERA,28,,,,
La Palma,ES707,06/2025,2025-M06,Alergia,ALERGIA,Población en lista de espera,POBLACION_LISTA_ESPERA,225,,,,
El Hierro,ES703,06/2025,2025-M06,Alergia,ALERGIA,Población en lista de espera,POBLACION_LISTA_ESPERA,22,,,,
Canarias,ES70,12/2025,2025-M12,Urología,UROLOGIA,Población en lista de espera,POBLACION_LISTA_ESPERA,4170,,,,
Lanzarote,ES708,12/2025,2025-M12,Urología,UROLOGIA,Población en lista de espera,POBLACION_LISTA_ESPERA,36,,,,
Fuerteventura,ES704,12/2025,2025-M12,Urología,UROLOGIA,Población en lista de espera,POBLACION_LISTA_ESPERA,64,,,,
Gran Canaria,ES705,12/2025,2025-M12,Urología,UROLOGIA,Población en lista de espera,POBLACION_LISTA_ESPERA,1528,,,,
Tenerife,ES709,12/2025,2025-M12,Urología,UROLOGIA,Población en lista de espera,POBLACION_LISTA_ESPERA,2483,,,,
La Gomera,ES706,12/2025,2025-M12,Urología,UROLOGIA,Población en lista de espera,POBLACION_LISTA_ESPERA,0,,,,
La Palma,ES707,12/2025,2025-M12,Urología,UROLOGIA,Población en lista de espera,POBLACION_LISTA_ESPERA,54,,,,
El Hierro,ES703,12/2025,2025-M12,Urología,UROLOGIA,Población en lista de espera,POBLACION_LISTA_ESPERA,5,,,,
Canarias,ES70,12/2025,2025-M12,Traumatología y cirugía ortopédica,TRAUMATOLOGIA_CIRUGIA_ORTOPEDICA,Población en lista de espera,POBLACION_LISTA_ESPERA,12013,,,,
Lanzarote,ES708,12/2025,2025-M12,Traumatología y cirugía ortopédica,TRAUMATOLOGIA_CIRUGIA_ORTOPEDICA,Población en lista de espera,POBLACION_LISTA_ESPERA,393,,,,
Fuerteventura,ES704,12/2025,2025-M12,Traumatología y cirugía ortopédica,TRAUMATOLOGIA_CIRUGIA_ORTOPEDICA,Población en lista de espera,POBLACION_LISTA_ESPERA,164,,,,
Gran Canaria,ES705,12/2025,2025-M12,Traumatología y cirugía ortopédica,TRAUMATOLOGIA_CIRUGIA_ORTOPEDICA,Población en lista de espera,POBLACION_LISTA_ESPERA,8976,,,,
Tenerife,ES709,12/2025,2025-M12,Traumatología y cirugía ortopédica,TRAUMATOLOGIA_CIRUGIA_ORTOPEDICA,Población en lista de espera,POBLACION_LISTA_ESPERA,2391,,,,
La Gomera,ES706,12/2025,2025-M12,Traumatología y cirugía ortopédica,TRAUMATOLOGIA_CIRUGIA_ORTOPEDICA,Población en lista de espera,POBLACION_LISTA_ESPERA,33,,,,
La Palma,ES707,12/2025,2025-M12,Traumatología y cirugía ortopédica,TRAUMATOLOGIA_CIRUGIA_ORTOPEDICA,Población en lista de espera,POBLACION_LISTA_ESPERA,29,,,,
El Hierro,ES703,12/2025,2025-M12,Traumatología y cirugía ortopédica,TRAUMATOLOGIA_CIRUGIA_ORTOPEDICA,Población en lista de espera,POBLACION_LISTA_ESPERA,27,,,,
Canarias,ES70,12/2025,2025-M12,Total,_T,Población en lista de espera,POBLACION_LISTA_ESPERA,143744,,,,
Lanzarote,ES708,12/2025,2025-M12,Total,_T,Población en lista de espera,POBLACION_LISTA_ESPERA,2486,,,,
Fuerteventura,ES704,12/2025,2025-M12,Total,_T,Población en lista de espera,POBLACION_LISTA_ESPERA,1542,,,,
Gran Canaria,ES705,12/2025,2025-M12,Total,_T,Población en lista de espera,POBLACION_LISTA_ESPERA,63512,,,,
Tenerife,ES709,12/2025,2025-M12,Total,_T,Población en lista de espera,POBLACION_LISTA_ESPERA,73835,,,,
La Gomera,ES706,12/2025,2025-M12,Total,_T,Población en lista de espera,POBLACION_LISTA_ESPERA,900,,,,
La Palma,ES707,12/2025,2025-M12,Total,_T,Población en lista de espera,POBLACION_LISTA_ESPERA,1176,,,,
El Hierro,ES703,12/2025,2025-M12,Total,_T,Población en lista de espera,POBLACION_LISTA_ESPERA,293,,,,
Canarias,ES70,12/2025,2025-M12,Reumatología,REUMATOLOGIA,Población en lista de espera,POBLACION_LISTA_ESPERA,2031,,,,
Lanzarote,ES708,12/2025,2025-M12,Reumatología,REUMATOLOGIA,Población en lista de espera,POBLACION_LISTA_ESPERA,59,,,,
Fuerteventura,ES704,12/2025,2025-M12,Reumatología,REUMATOLOGIA,Población en lista de espera,POBLACION_LISTA_ESPERA,62,,,,
Gran Canaria,ES705,12/2025,2025-M12,Reumatología,REUMATOLOGIA,Población en lista de espera,POBLACION_LISTA_ESPERA,1539,,,,
Tenerife,ES709,12/2025,2025-M12,Reumatología,REUMATOLOGIA,Población en lista de espera,POBLACION_LISTA_ESPERA,299,,,,
La Gomera,ES706,12/2025,2025-M12,Reumatología,REUMATOLOGIA,Población en lista de espera,POBLACION_LISTA_ESPERA,10,,,,
La Palma,ES707,12/2025,2025-M12,Reumatología,REUMATOLOGIA,Población en lista de espera,POBLACION_LISTA_ESPERA,62,,,,
El Hierro,ES703,12/2025,2025-M12,Reumatología,REUMATOLOGIA,Población en lista de espera,POBLACION_LISTA_ESPERA,0,,,,
Canarias,ES70,12/2025,2025-M12,Rehabilitación,REHABILITACION,Población en lista de espera,POBLACION_LISTA_ESPERA,13077,,,,
Lanzarote,ES708,12/2025,2025-M12,Rehabilitación,REHABILITACION,Población en lista de espera,POBLACION_LISTA_ESPERA,264,,,,
Fuerteventura,ES704,12/2025,2025-M12,Rehabilitación,REHABILITACION,Población en lista de espera,POBLACION_LISTA_ESPERA,151,,,,
Gran Canaria,ES705,12/2025,2025-M12,Rehabilitación,REHABILITACION,Población en lista de espera,POBLACION_LISTA_ESPERA,5585,,,,
Tenerife,ES709,12/2025,2025-M12,Rehabilitación,REHABILITACION,Población en lista de espera,POBLACION_LISTA_ESPERA,6838,,,,
La Gomera,ES706,12/2025,2025-M12,Rehabilitación,REHABILITACION,Población en lista de espera,POBLACION_LISTA_ESPERA,36,,,,
La Palma,ES707,12/2025,2025-M12,Rehabilitación,REHABILITACION,Población en lista de espera,POBLACION_LISTA_ESPERA,185,,,,
El Hierro,ES703,12/2025,2025-M12,Rehabilitación,REHABILITACION,Población en lista de espera,POBLACION_LISTA_ESPERA,18,,,,
Canarias,ES70,12/2025,2025-M12,Psiquiatría,PSIQUIATRIA,Población en lista de espera,POBLACION_LISTA_ESPERA,3128,,,,
Lanzarote,ES708,12/2025,2025-M12,Psiquiatría,PSIQUIATRIA,Población en lista de espera,POBLACION_LISTA_ESPERA,37,,,,
Fuerteventura,ES704,12/2025,2025-M12,Psiquiatría,PSIQUIATRIA,Población en lista de espera,POBLACION_LISTA_ESPERA,73,,,,
Gran Canaria,ES705,12/2025,2025-M12,Psiquiatría,PSIQUIATRIA,Población en lista de espera,POBLACION_LISTA_ESPERA,2070,,,,
Tenerife,ES709,12/2025,2025-M12,Psiquiatría,PSIQUIATRIA,Población en lista de espera,POBLACION_LISTA_ESPERA,907,,,,
La Gomera,ES706,12/2025,2025-M12,Psiquiatría,PSIQUIATRIA,Población en lista de espera,POBLACION_LISTA_ESPERA,5,,,,
La Palma,ES707,12/2025,2025-M12,Psiquiatría,PSIQUIATRIA,Población en lista de espera,POBLACION_LISTA_ESPERA,21,,,,
El Hierro,ES703,12/2025,2025-M12,Psiquiatría,PSIQUIATRIA,Población en lista de espera,POBLACION_LISTA_ESPERA,15,,,,
Canarias,ES70,12/2025,2025-M12,Pediatría,PEDIATRIA,Población en lista de espera,POBLACION_LISTA_ESPERA,1790,,,,
Lanzarote,ES708,12/2025,2025-M12,Pediatría,PEDIATRIA,Población en lista de espera,POBLACION_LISTA_ESPERA,85,,,,
Fuerteventura,ES704,12/2025,2025-M12,Pediatría,PEDIATRIA,Población en lista de espera,POBLACION_LISTA_ESPERA,34,,,,
Gran Canaria,ES705,12/2025,2025-M12,Pediatría,PEDIATRIA,Población en lista de espera,POBLACION_LISTA_ESPERA,1374,,,,
Tenerife,ES709,12/2025,2025-M12,Pediatría,PEDIATRIA,Población en lista de espera,POBLACION_LISTA_ESPERA,269,,,,
La Gomera,ES706,12/2025,2025-M12,Pediatría,PEDIATRIA,Población en lista de espera,POBLACION_LISTA_ESPERA,13,,,,
La Palma,ES707,12/2025,2025-M12,Pediatría,PEDIATRIA,Población en lista de espera,POBLACION_LISTA_ESPERA,15,,,,
El Hierro,ES703,12/2025,2025-M12,Pediatría,PEDIATRIA,Población en lista de espera,POBLACION_LISTA_ESPERA,0,,,,
Canarias,ES70,12/2025,2025-M12,Otorrinolaringología,OTORRINOLARINGOLOGIA,Población en lista de espera,POBLACION_LISTA_ESPERA,17792,,,,
Lanzarote,ES708,12/2025,2025-M12,Otorrinolaringología,OTORRINOLARINGOLOGIA,Población en lista de espera,POBLACION_LISTA_ESPERA,150,,,,
Fuerteventura,ES704,12/2025,2025-M12,Otorrinolaringología,OTORRINOLARINGOLOGIA,Población en lista de espera,POBLACION_LISTA_ESPERA,236,,,,
Gran Canaria,ES705,12/2025,2025-M12,Otorrinolaringología,OTORRINOLARINGOLOGIA,Población en lista de espera,POBLACION_LISTA_ESPERA,4850,,,,
Tenerife,ES709,12/2025,2025-M12,Otorrinolaringología,OTORRINOLARINGOLOGIA,Población en lista de espera,POBLACION_LISTA_ESPERA,12244,,,,
La Gomera,ES706,12/2025,2025-M12,Otorrinolaringología,OTORRINOLARINGOLOGIA,Población en lista de espera,POBLACION_LISTA_ESPERA,199,,,,
La Palma,ES707,12/2025,2025-M12,Otorrinolaringología,OTORRINOLARINGOLOGIA,Población en lista de espera,POBLACION_LISTA_ESPERA,89,,,,
El Hierro,ES703,12/2025,2025-M12,Otorrinolaringología,OTORRINOLARINGOLOGIA,Población en lista de espera,POBLACION_LISTA_ESPERA,24,,,,
Canarias,ES70,12/2025,2025-M12,Oftalmología,OFTALMOLOGIA,Población en lista de espera,POBLACION_LISTA_ESPERA,29123,,,,
Lanzarote,ES708,12/2025,2025-M12,Oftalmología,OFTALMOLOGIA,Población en lista de espera,POBLACION_LISTA_ESPERA,245,,,,
Fuerteventura,ES704,12/2025,2025-M12,Oftalmología,OFTALMOLOGIA,Población en lista de espera,POBLACION_LISTA_ESPERA,86,,,,
Gran Canaria,ES705,12/2025,2025-M12,Oftalmología,OFTALMOLOGIA,Población en lista de espera,POBLACION_LISTA_ESPERA,9815,,,,
Tenerife,ES709,12/2025,2025-M12,Oftalmología,OFTALMOLOGIA,Población en lista de espera,POBLACION_LISTA_ESPERA,18734,,,,
La Gomera,ES706,12/2025,2025-M12,Oftalmología,OFTALMOLOGIA,Población en lista de espera,POBLACION_LISTA_ESPERA,77,,,,
La Palma,ES707,12/2025,2025-M12,Oftalmología,OFTALMOLOGIA,Población en lista de espera,POBLACION_LISTA_ESPERA,130,,,,
El Hierro,ES703,12/2025,2025-M12,Oftalmología,OFTALMOLOGIA,Población en lista de espera,POBLACION_LISTA_ESPERA,36,,,,
Canarias,ES70,12/2025,2025-M12,Neurología,NEUROLOGIA,Población en lista de espera,POBLACION_LISTA_ESPERA,6259,,,,
Lanzarote,ES708,12/2025,2025-M12,Neurología,NEUROLOGIA,Población en lista de espera,POBLACION_LISTA_ESPERA,81,,,,
Fuerteventura,ES704,12/2025,2025-M12,Neurología,NEUROLOGIA,Población en lista de espera,POBLACION_LISTA_ESPERA,58,,,,
Gran Canaria,ES705,12/2025,2025-M12,Neurología,NEUROLOGIA,Población en lista de espera,POBLACION_LISTA_ESPERA,2958,,,,
Tenerife,ES709,12/2025,2025-M12,Neurología,NEUROLOGIA,Población en lista de espera,POBLACION_LISTA_ESPERA,3095,,,,
La Gomera,ES706,12/2025,2025-M12,Neurología,NEUROLOGIA,Población en lista de espera,POBLACION_LISTA_ESPERA,52,,,,
La Palma,ES707,12/2025,2025-M12,Neurología,NEUROLOGIA,Población en lista de espera,POBLACION_LISTA_ESPERA,0,,,,
El Hierro,ES703,12/2025,2025-M12,Neurología,NEUROLOGIA,Población en lista de espera,POBLACION_LISTA_ESPERA,15,,,,
Canarias,ES70,12/2025,2025-M12,Neurocirugía,NEUROCIRUGIA,Población en lista de espera,POBLACION_LISTA_ESPERA,3257,,,,
Lanzarote,ES708,12/2025,2025-M12,Neurocirugía,NEUROCIRUGIA,Población en lista de espera,POBLACION_LISTA_ESPERA,0,,,,
Fuerteventura,ES704,12/2025,2025-M12,Neurocirugía,NEUROCIRUGIA,Población en lista de espera,POBLACION_LISTA_ESPERA,9,,,,
Gran Canaria,ES705,12/2025,2025-M12,Neurocirugía,NEUROCIRUGIA,Población en lista de espera,POBLACION_LISTA_ESPERA,1968,,,,
Tenerife,ES709,12/2025,2025-M12,Neurocirugía,NEUROCIRUGIA,Población en lista de espera,POBLACION_LISTA_ESPERA,1280,,,,
La Gomera,ES706,12/2025,2025-M12,Neurocirugía,NEUROCIRUGIA,Población en lista de espera,POBLACION_LISTA_ESPERA,0,,,,
La Palma,ES707,12/2025,2025-M12,Neurocirugía,NEUROCIRUGIA,Población en lista de espera,POBLACION_LISTA_ESPERA,0,,,,
El Hierro,ES703,12/2025,2025-M12,Neurocirugía,NEUROCIRUGIA,Población en lista de espera,POBLACION_LISTA_ESPERA,0,,,,
Canarias,ES70,12/2025,2025-M12,Neumología,NEUMOLOGIA,Población en lista de espera,POBLACION_LISTA_ESPERA,835,,,,
Lanzarote,ES708,12/2025,2025-M12,Neumología,NEUMOLOGIA,Población en lista de espera,POBLACION_LISTA_ESPERA,85,,,,
Fuerteventura,ES704,12/2025,2025-M12,Neumología,NEUMOLOGIA,Población en lista de espera,POBLACION_LISTA_ESPERA,46,,,,
Gran Canaria,ES705,12/2025,2025-M12,Neumología,NEUMOLOGIA,Población en lista de espera,POBLACION_LISTA_ESPERA,364,,,,
Tenerife,ES709,12/2025,2025-M12,Neumología,NEUMOLOGIA,Población en lista de espera,POBLACION_LISTA_ESPERA,322,,,,
La Gomera,ES706,12/2025,2025-M12,Neumología,NEUMOLOGIA,Población en lista de espera,POBLACION_LISTA_ESPERA,11,,,,
La Palma,ES707,12/2025,2025-M12,Neumología,NEUMOLOGIA,Población en lista de espera,POBLACION_LISTA_ESPERA,1,,,,
El Hierro,ES703,12/2025,2025-M12,Neumología,NEUMOLOGIA,Población en lista de espera,POBLACION_LISTA_ESPERA,6,,,,
Canarias,ES70,12/2025,2025-M12,Nefrología,NEFROLOGIA,Población en lista de espera,POBLACION_LISTA_ESPERA,513,,,,
Lanzarote,ES708,12/2025,2025-M12,Nefrología,NEFROLOGIA,Población en lista de espera,POBLACION_LISTA_ESPERA,50,,,,
Fuerteventura,ES704,12/2025,2025-M12,Nefrología,NEFROLOGIA,Población en lista de espera,POBLACION_LISTA_ESPERA,7,,,,
Gran Canaria,ES705,12/2025,2025-M12,Nefrología,NEFROLOGIA,Población en lista de espera,POBLACION_LISTA_ESPERA,126,,,,
Tenerife,ES709,12/2025,2025-M12,Nefrología,NEFROLOGIA,Población en lista de espera,POBLACION_LISTA_ESPERA,249,,,,
La Gomera,ES706,12/2025,2025-M12,Nefrología,NEFROLOGIA,Población en lista de espera,POBLACION_LISTA_ESPERA,39,,,,
La Palma,ES707,12/2025,2025-M12,Nefrología,NEFROLOGIA,Población en lista de espera,POBLACION_LISTA_ESPERA,41,,,,
El Hierro,ES703,12/2025,2025-M12,Nefrología,NEFROLOGIA,Población en lista de espera,POBLACION_LISTA_ESPERA,1,,,,
Canarias,ES70,12/2025,2025-M12,Medicina interna,MEDICINA_INTERNA,Población en lista de espera,POBLACION_LISTA_ESPERA,1064,,,,
Lanzarote,ES708,12/2025,2025-M12,Medicina interna,MEDICINA_INTERNA,Población en lista de espera,POBLACION_LISTA_ESPERA,40,,,,
Fuerteventura,ES704,12/2025,2025-M12,Medicina interna,MEDICINA_INTERNA,Población en lista de espera,POBLACION_LISTA_ESPERA,32,,,,
Gran Canaria,ES705,12/2025,2025-M12,Medicina interna,MEDICINA_INTERNA,Población en lista de espera,POBLACION_LISTA_ESPERA,730,,,,
Tenerife,ES709,12/2025,2025-M12,Medicina interna,MEDICINA_INTERNA,Población en lista de espera,POBLACION_LISTA_ESPERA,229,,,,
La Gomera,ES706,12/2025,2025-M12,Medicina interna,MEDICINA_INTERNA,Población en lista de espera,POBLACION_LISTA_ESPERA,17,,,,
La Palma,ES707,12/2025,2025-M12,Medicina interna,MEDICINA_INTERNA,Población en lista de espera,POBLACION_LISTA_ESPERA,5,,,,
El Hierro,ES703,12/2025,2025-M12,Medicina interna,MEDICINA_INTERNA,Población en lista de espera,POBLACION_LISTA_ESPERA,11,,,,
Canarias,ES70,12/2025,2025-M12,Hematología,HEMATOLOGIA,Población en lista de espera,POBLACION_LISTA_ESPERA,514,,,,
Lanzarote,ES708,12/2025,2025-M12,Hematología,HEMATOLOGIA,Población en lista de espera,POBLACION_LISTA_ESPERA,71,,,,
Fuerteventura,ES704,12/2025,2025-M12,Hematología,HEMATOLOGIA,Población en lista de espera,POBLACION_LISTA_ESPERA,16,,,,
Gran Canaria,ES705,12/2025,2025-M12,Hematología,HEMATOLOGIA,Población en lista de espera,POBLACION_LISTA_ESPERA,201,,,,
Tenerife,ES709,12/2025,2025-M12,Hematología,HEMATOLOGIA,Población en lista de espera,POBLACION_LISTA_ESPERA,146,,,,
La Gomera,ES706,12/2025,2025-M12,Hematología,HEMATOLOGIA,Población en lista de espera,POBLACION_LISTA_ESPERA,19,,,,
La Palma,ES707,12/2025,2025-M12,Hematología,HEMATOLOGIA,Población en lista de espera,POBLACION_LISTA_ESPERA,59,,,,
El Hierro,ES703,12/2025,2025-M12,Hematología,HEMATOLOGIA,Población en lista de espera,POBLACION_LISTA_ESPERA,2,,,,
Canarias,ES70,12/2025,2025-M12,Ginecología,GINECOLOGIA,Población en lista de espera,POBLACION_LISTA_ESPERA,4540,,,,
Lanzarote,ES708,12/2025,2025-M12,Ginecología,GINECOLOGIA,Población en lista de espera,POBLACION_LISTA_ESPERA,69,,,,
Fuerteventura,ES704,12/2025,2025-M12,Ginecología,GINECOLOGIA,Población en lista de espera,POBLACION_LISTA_ESPERA,68,,,,
Gran Canaria,ES705,12/2025,2025-M12,Ginecología,GINECOLOGIA,Población en lista de espera,POBLACION_LISTA_ESPERA,2555,,,,
Tenerife,ES709,12/2025,2025-M12,Ginecología,GINECOLOGIA,Población en lista de espera,POBLACION_LISTA_ESPERA,1646,,,,
La Gomera,ES706,12/2025,2025-M12,Ginecología,GINECOLOGIA,Población en lista de espera,POBLACION_LISTA_ESPERA,42,,,,
La Palma,ES707,12/2025,2025-M12,Ginecología,GINECOLOGIA,Población en lista de espera,POBLACION_LISTA_ESPERA,84,,,,
El Hierro,ES703,12/2025,2025-M12,Ginecología,GINECOLOGIA,Población en lista de espera,POBLACION_LISTA_ESPERA,76,,,,
Canarias,ES70,12/2025,2025-M12,Endocrinología,ENDOCRINOLOGIA,Población en lista de espera,POBLACION_LISTA_ESPERA,1791,,,,
Lanzarote,ES708,12/2025,2025-M12,Endocrinología,ENDOCRINOLOGIA,Población en lista de espera,POBLACION_LISTA_ESPERA,68,,,,
Fuerteventura,ES704,12/2025,2025-M12,Endocrinología,ENDOCRINOLOGIA,Población en lista de espera,POBLACION_LISTA_ESPERA,51,,,,
Gran Canaria,ES705,12/2025,2025-M12,Endocrinología,ENDOCRINOLOGIA,Población en lista de espera,POBLACION_LISTA_ESPERA,1094,,,,
Tenerife,ES709,12/2025,2025-M12,Endocrinología,ENDOCRINOLOGIA,Población en lista de espera,POBLACION_LISTA_ESPERA,520,,,,
La Gomera,ES706,12/2025,2025-M12,Endocrinología,ENDOCRINOLOGIA,Población en lista de espera,POBLACION_LISTA_ESPERA,19,,,,
La Palma,ES707,12/2025,2025-M12,Endocrinología,ENDOCRINOLOGIA,Población en lista de espera,POBLACION_LISTA_ESPERA,24,,,,
El Hierro,ES703,12/2025,2025-M12,Endocrinología,ENDOCRINOLOGIA,Población en lista de espera,POBLACION_LISTA_ESPERA,15,,,,
Canarias,ES70,12/2025,2025-M12,Digestivo,DIGESTIVO,Población en lista de espera,POBLACION_LISTA_ESPERA,2350,,,,
Lanzarote,ES708,12/2025,2025-M12,Digestivo,DIGESTIVO,Población en lista de espera,POBLACION_LISTA_ESPERA,54,,,,
Fuerteventura,ES704,12/2025,2025-M12,Digestivo,DIGESTIVO,Población en lista de espera,POBLACION_LISTA_ESPERA,48,,,,
Gran Canaria,ES705,12/2025,2025-M12,Digestivo,DIGESTIVO,Población en lista de espera,POBLACION_LISTA_ESPERA,1101,,,,
Tenerife,ES709,12/2025,2025-M12,Digestivo,DIGESTIVO,Población en lista de espera,POBLACION_LISTA_ESPERA,1112,,,,
La Gomera,ES706,12/2025,2025-M12,Digestivo,DIGESTIVO,Población en lista de espera,POBLACION_LISTA_ESPERA,28,,,,
La Palma,ES707,12/2025,2025-M12,Digestivo,DIGESTIVO,Población en lista de espera,POBLACION_LISTA_ESPERA,2,,,,
El Hierro,ES703,12/2025,2025-M12,Digestivo,DIGESTIVO,Población en lista de espera,POBLACION_LISTA_ESPERA,5,,,,
Canarias,ES70,12/2025,2025-M12,Dermatología,DERMATOLOGIA,Población en lista de espera,POBLACION_LISTA_ESPERA,24746,,,,
Lanzarote,ES708,12/2025,2025-M12,Dermatología,DERMATOLOGIA,Población en lista de espera,POBLACION_LISTA_ESPERA,173,,,,
Fuerteventura,ES704,12/2025,2025-M12,Dermatología,DERMATOLOGIA,Población en lista de espera,POBLACION_LISTA_ESPERA,114,,,,
Gran Canaria,ES705,12/2025,2025-M12,Dermatología,DERMATOLOGIA,Población en lista de espera,POBLACION_LISTA_ESPERA,8677,,,,
Tenerife,ES709,12/2025,2025-M12,Dermatología,DERMATOLOGIA,Población en lista de espera,POBLACION_LISTA_ESPERA,15516,,,,
La Gomera,ES706,12/2025,2025-M12,Dermatología,DERMATOLOGIA,Población en lista de espera,POBLACION_LISTA_ESPERA,196,,,,
La Palma,ES707,12/2025,2025-M12,Dermatología,DERMATOLOGIA,Población en lista de espera,POBLACION_LISTA_ESPERA,70,,,,
El Hierro,ES703,12/2025,2025-M12,Dermatología,DERMATOLOGIA,Población en lista de espera,POBLACION_LISTA_ESPERA,0,,,,
Canarias,ES70,12/2025,2025-M12,Cirugía torácica,CIRUGIA_TORACICA,Población en lista de espera,POBLACION_LISTA_ESPERA,155,,,,
Lanzarote,ES708,12/2025,2025-M12,Cirugía torácica,CIRUGIA_TORACICA,Población en lista de espera,POBLACION_LISTA_ESPERA,0,,,,
Fuerteventura,ES704,12/2025,2025-M12,Cirugía torácica,CIRUGIA_TORACICA,Población en lista de espera,POBLACION_LISTA_ESPERA,1,,,,
Gran Canaria,ES705,12/2025,2025-M12,Cirugía torácica,CIRUGIA_TORACICA,Población en lista de espera,POBLACION_LISTA_ESPERA,112,,,,
Tenerife,ES709,12/2025,2025-M12,Cirugía torácica,CIRUGIA_TORACICA,Población en lista de espera,POBLACION_LISTA_ESPERA,42,,,,
La Gomera,ES706,12/2025,2025-M12,Cirugía torácica,CIRUGIA_TORACICA,Población en lista de espera,POBLACION_LISTA_ESPERA,0,,,,
La Palma,ES707,12/2025,2025-M12,Cirugía torácica,CIRUGIA_TORACICA,Población en lista de espera,POBLACION_LISTA_ESPERA,0,,,,
El Hierro,ES703,12/2025,2025-M12,Cirugía torácica,CIRUGIA_TORACICA,Población en lista de espera,POBLACION_LISTA_ESPERA,0,,,,
Canarias,ES70,12/2025,2025-M12,Cirugía plástica y reparadora,CIRUGIA_PLASTICA_REPARADORA,Población en lista de espera,POBLACION_LISTA_ESPERA,790,,,,
Lanzarote,ES708,12/2025,2025-M12,Cirugía plástica y reparadora,CIRUGIA_PLASTICA_REPARADORA,Población en lista de espera,POBLACION_LISTA_ESPERA,0,,,,
Fuerteventura,ES704,12/2025,2025-M12,Cirugía plástica y reparadora,CIRUGIA_PLASTICA_REPARADORA,Población en lista de espera,POBLACION_LISTA_ESPERA,0,,,,
Gran Canaria,ES705,12/2025,2025-M12,Cirugía plástica y reparadora,CIRUGIA_PLASTICA_REPARADORA,Población en lista de espera,POBLACION_LISTA_ESPERA,647,,,,
Tenerife,ES709,12/2025,2025-M12,Cirugía plástica y reparadora,CIRUGIA_PLASTICA_REPARADORA,Población en lista de espera,POBLACION_LISTA_ESPERA,143,,,,
La Gomera,ES706,12/2025,2025-M12,Cirugía plástica y reparadora,CIRUGIA_PLASTICA_REPARADORA,Población en lista de espera,POBLACION_LISTA_ESPERA,0,,,,
La Palma,ES707,12/2025,2025-M12,Cirugía plástica y reparadora,CIRUGIA_PLASTICA_REPARADORA,Población en lista de espera,POBLACION_LISTA_ESPERA,0,,,,
El Hierro,ES703,12/2025,2025-M12,Cirugía plástica y reparadora,CIRUGIA_PLASTICA_REPARADORA,Población en lista de espera,POBLACION_LISTA_ESPERA,0,,,,
Canarias,ES70,12/2025,2025-M12,Cirugía pediátrica,CIRUGIA_PEDIATRICA,Población en lista de espera,POBLACION_LISTA_ESPERA,548,,,,
Lanzarote,ES708,12/2025,2025-M12,Cirugía pediátrica,CIRUGIA_PEDIATRICA,Población en lista de espera,POBLACION_LISTA_ESPERA,0,,,,
Fuerteventura,ES704,12/2025,2025-M12,Cirugía pediátrica,CIRUGIA_PEDIATRICA,Población en lista de espera,POBLACION_LISTA_ESPERA,0,,,,
Gran Canaria,ES705,12/2025,2025-M12,Cirugía pediátrica,CIRUGIA_PEDIATRICA,Población en lista de espera,POBLACION_LISTA_ESPERA,363,,,,
Tenerife,ES709,12/2025,2025-M12,Cirugía pediátrica,CIRUGIA_PEDIATRICA,Población en lista de espera,POBLACION_LISTA_ESPERA,185,,,,
La Gomera,ES706,12/2025,2025-M12,Cirugía pediátrica,CIRUGIA_PEDIATRICA,Población en lista de espera,POBLACION_LISTA_ESPERA,0,,,,
La Palma,ES707,12/2025,2025-M12,Cirugía pediátrica,CIRUGIA_PEDIATRICA,Población en lista de espera,POBLACION_LISTA_ESPERA,0,,,,
El Hierro,ES703,12/2025,2025-M12,Cirugía pediátrica,CIRUGIA_PEDIATRICA,Población en lista de espera,POBLACION_LISTA_ESPERA,0,,,,
Canarias,ES70,12/2025,2025-M12,Cirugía maxilofacial,CIRUGIA_MAXILOFACIAL,Población en lista de espera,POBLACION_LISTA_ESPERA,2898,,,,
Lanzarote,ES708,12/2025,2025-M12,Cirugía maxilofacial,CIRUGIA_MAXILOFACIAL,Población en lista de espera,POBLACION_LISTA_ESPERA,0,,,,
Fuerteventura,ES704,12/2025,2025-M12,Cirugía maxilofacial,CIRUGIA_MAXILOFACIAL,Población en lista de espera,POBLACION_LISTA_ESPERA,0,,,,
Gran Canaria,ES705,12/2025,2025-M12,Cirugía maxilofacial,CIRUGIA_MAXILOFACIAL,Población en lista de espera,POBLACION_LISTA_ESPERA,793,,,,
Tenerife,ES709,12/2025,2025-M12,Cirugía maxilofacial,CIRUGIA_MAXILOFACIAL,Población en lista de espera,POBLACION_LISTA_ESPERA,2105,,,,
La Gomera,ES706,12/2025,2025-M12,Cirugía maxilofacial,CIRUGIA_MAXILOFACIAL,Población en lista de espera,POBLACION_LISTA_ESPERA,0,,,,
La Palma,ES707,12/2025,2025-M12,Cirugía maxilofacial,CIRUGIA_MAXILOFACIAL,Población en lista de espera,POBLACION_LISTA_ESPERA,0,,,,
El Hierro,ES703,12/2025,2025-M12,Cirugía maxilofacial,CIRUGIA_MAXILOFACIAL,Población en lista de espera,POBLACION_LISTA_ESPERA,0,,,,
Canarias,ES70,12/2025,2025-M12,Cirugía general y digestiva,CIRUGIA_GENERAL_DIGESTIVA,Población en lista de espera,POBLACION_LISTA_ESPERA,2305,,,,
Lanzarote,ES708,12/2025,2025-M12,Cirugía general y digestiva,CIRUGIA_GENERAL_DIGESTIVA,Población en lista de espera,POBLACION_LISTA_ESPERA,111,,,,
Fuerteventura,ES704,12/2025,2025-M12,Cirugía general y digestiva,CIRUGIA_GENERAL_DIGESTIVA,Población en lista de espera,POBLACION_LISTA_ESPERA,90,,,,
Gran Canaria,ES705,12/2025,2025-M12,Cirugía general y digestiva,CIRUGIA_GENERAL_DIGESTIVA,Población en lista de espera,POBLACION_LISTA_ESPERA,1390,,,,
Tenerife,ES709,12/2025,2025-M12,Cirugía general y digestiva,CIRUGIA_GENERAL_DIGESTIVA,Población en lista de espera,POBLACION_LISTA_ESPERA,528,,,,
La Gomera,ES706,12/2025,2025-M12,Cirugía general y digestiva,CIRUGIA_GENERAL_DIGESTIVA,Población en lista de espera,POBLACION_LISTA_ESPERA,48,,,,
La Palma,ES707,12/2025,2025-M12,Cirugía general y digestiva,CIRUGIA_GENERAL_DIGESTIVA,Población en lista de espera,POBLACION_LISTA_ESPERA,134,,,,
El Hierro,ES703,12/2025,2025-M12,Cirugía general y digestiva,CIRUGIA_GENERAL_DIGESTIVA,Población en lista de espera,POBLACION_LISTA_ESPERA,4,,,,
Canarias,ES70,12/2025,2025-M12,Cirugía cardíaca,CIRUGIA_CARDIACA,Población en lista de espera,POBLACION_LISTA_ESPERA,15,,,,
Lanzarote,ES708,12/2025,2025-M12,Cirugía cardíaca,CIRUGIA_CARDIACA,Población en lista de espera,POBLACION_LISTA_ESPERA,0,,,,
Fuerteventura,ES704,12/2025,2025-M12,Cirugía cardíaca,CIRUGIA_CARDIACA,Población en lista de espera,POBLACION_LISTA_ESPERA,0,,,,
Gran Canaria,ES705,12/2025,2025-M12,Cirugía cardíaca,CIRUGIA_CARDIACA,Población en lista de espera,POBLACION_LISTA_ESPERA,2,,,,
Tenerife,ES709,12/2025,2025-M12,Cirugía cardíaca,CIRUGIA_CARDIACA,Población en lista de espera,POBLACION_LISTA_ESPERA,13,,,,
La Gomera,ES706,12/2025,2025-M12,Cirugía cardíaca,CIRUGIA_CARDIACA,Población en lista de espera,POBLACION_LISTA_ESPERA,0,,,,
La Palma,ES707,12/2025,2025-M12,Cirugía cardíaca,CIRUGIA_CARDIACA,Población en lista de espera,POBLACION_LISTA_ESPERA,0,,,,
El Hierro,ES703,12/2025,2025-M12,Cirugía cardíaca,CIRUGIA_CARDIACA,Población en lista de espera,POBLACION_LISTA_ESPERA,0,,,,
Canarias,ES70,12/2025,2025-M12,Cardiología,CARDIOLOGIA,Población en lista de espera,POBLACION_LISTA_ESPERA,4107,,,,
Lanzarote,ES708,12/2025,2025-M12,Cardiología,CARDIOLOGIA,Población en lista de espera,POBLACION_LISTA_ESPERA,91,,,,
Fuerteventura,ES704,12/2025,2025-M12,Cardiología,CARDIOLOGIA,Población en lista de espera,POBLACION_LISTA_ESPERA,32,,,,
Gran Canaria,ES705,12/2025,2025-M12,Cardiología,CARDIOLOGIA,Población en lista de espera,POBLACION_LISTA_ESPERA,1780,,,,
Tenerife,ES709,12/2025,2025-M12,Cardiología,CARDIOLOGIA,Población en lista de espera,POBLACION_LISTA_ESPERA,2147,,,,
La Gomera,ES706,12/2025,2025-M12,Cardiología,CARDIOLOGIA,Población en lista de espera,POBLACION_LISTA_ESPERA,19,,,,
La Palma,ES707,12/2025,2025-M12,Cardiología,CARDIOLOGIA,Población en lista de espera,POBLACION_LISTA_ESPERA,27,,,,
El Hierro,ES703,12/2025,2025-M12,Cardiología,CARDIOLOGIA,Población en lista de espera,POBLACION_LISTA_ESPERA,11,,,,
Canarias,ES70,12/2025,2025-M12,Angiología y cirugía vascular,ANGIOLOGIA_CIRUGIA_VASCULAR,Población en lista de espera,POBLACION_LISTA_ESPERA,2085,,,,
Lanzarote,ES708,12/2025,2025-M12,Angiología y cirugía vascular,ANGIOLOGIA_CIRUGIA_VASCULAR,Población en lista de espera,POBLACION_LISTA_ESPERA,131,,,,
Fuerteventura,ES704,12/2025,2025-M12,Angiología y cirugía vascular,ANGIOLOGIA_CIRUGIA_VASCULAR,Población en lista de espera,POBLACION_LISTA_ESPERA,45,,,,
Gran Canaria,ES705,12/2025,2025-M12,Angiología y cirugía vascular,ANGIOLOGIA_CIRUGIA_VASCULAR,Población en lista de espera,POBLACION_LISTA_ESPERA,1838,,,,
Tenerife,ES709,12/2025,2025-M12,Angiología y cirugía vascular,ANGIOLOGIA_CIRUGIA_VASCULAR,Población en lista de espera,POBLACION_LISTA_ESPERA,71,,,,
La Gomera,ES706,12/2025,2025-M12,Angiología y cirugía vascular,ANGIOLOGIA_CIRUGIA_VASCULAR,Población en lista de espera,POBLACION_LISTA_ESPERA,0,,,,
La Palma,ES707,12/2025,2025-M12,Angiología y cirugía vascular,ANGIOLOGIA_CIRUGIA_VASCULAR,Población en lista de espera,POBLACION_LISTA_ESPERA,0,,,,
El Hierro,ES703,12/2025,2025-M12,Angiología y cirugía vascular,ANGIOLOGIA_CIRUGIA_VASCULAR,Población en lista de espera,POBLACION_LISTA_ESPERA,0,,,,
Canarias,ES70,12/2025,2025-M12,Alergia,ALERGIA,Población en lista de espera,POBLACION_LISTA_ESPERA,1848,,,,
Lanzarote,ES708,12/2025,2025-M12,Alergia,ALERGIA,Población en lista de espera,POBLACION_LISTA_ESPERA,193,,,,
Fuerteventura,ES704,12/2025,2025-M12,Alergia,ALERGIA,Población en lista de espera,POBLACION_LISTA_ESPERA,55,,,,
Gran Canaria,ES705,12/2025,2025-M12,Alergia,ALERGIA,Población en lista de espera,POBLACION_LISTA_ESPERA,1076,,,,
Tenerife,ES709,12/2025,2025-M12,Alergia,ALERGIA,Población en lista de espera,POBLACION_LISTA_ESPERA,321,,,,
La Gomera,ES706,12/2025,2025-M12,Alergia,ALERGIA,Población en lista de espera,POBLACION_LISTA_ESPERA,37,,,,
La Palma,ES707,12/2025,2025-M12,Alergia,ALERGIA,Población en lista de espera,POBLACION_LISTA_ESPERA,144,,,,
El Hierro,ES703,12/2025,2025-M12,Alergia,ALERGIA,Población en lista de espera,POBLACION_LISTA_ESPERA,22,,,,
