TERRITORIO#es,TERRITORIO_CODE,TIME_PERIOD#es,TIME_PERIOD_CODE,TIPO_PROFESIONAL_ATENCION_PRIMARIA#es,TIPO_PROFESIONAL_ATENCION_PRIMARIA_CODE,LUGAR_CONSULTA#es,LUGAR_CONSULTA_CODE,MEDIDAS#es,MEDIDAS_CODE,OBS_VALUE,ESTADO_OBSERVACION#es,CONFIDENCIALIDAD_OBSERVACION#es,NOTAS_OBSERVACION#es
Canarias,ES70,2004,2004,Enfermería - Atención primaria (AP),ENFERMERIA_AP,Total,_T,Nº de profesionales de atención primaria (AP),NUMERO_PROFESIONALES_AP,1002,,,
Canarias,ES70,2004,2004,Enfermería - Atención primaria (AP),ENFERMERIA_AP,Total,_T,Ratio por profesional,RATIO_PROFESIONAL,1855,,,
Lanzarote,ES708,2004,2004,Enfermería - Atención primaria (AP),ENFERMERIA_AP,Total,_T,Nº de profesionales de atención primaria (AP),NUMERO_PROFESIONALES_AP,63,,,
Lanzarote,ES708,2004,2004,Enfermería - Atención primaria (AP),ENFERMERIA_AP,Total,_T,Ratio por profesional,RATIO_PROFESIONAL,1960,,,
Fuerteventura,ES704,2004,2004,Enfermería - Atención primaria (AP),ENFERMERIA_AP,Total,_T,Nº de profesionales de atención primaria (AP),NUMERO_PROFESIONALES_AP,47,,,
Fuerteventura,ES704,2004,2004,Enfermería - Atención primaria (AP),ENFERMERIA_AP,Total,_T,Ratio por profesional,RATIO_PROFESIONAL,1944,,,
Gran Canaria,ES705,2004,2004,Enfermería - Atención primaria (AP),ENFERMERIA_AP,Total,_T,Nº de profesionales de atención primaria (AP),NUMERO_PROFESIONALES_AP,415,,,
Gran Canaria,ES705,2004,2004,Enfermería - Atención primaria (AP),ENFERMERIA_AP,Total,_T,Ratio por profesional,RATIO_PROFESIONAL,1864,,,
Tenerife,ES709,2004,2004,Enfermería - Atención primaria (AP),ENFERMERIA_AP,Total,_T,Nº de profesionales de atención primaria (AP),NUMERO_PROFESIONALES_AP,397,,,
Tenerife,ES709,2004,2004,Enfermería - Atención primaria (AP),ENFERMERIA_AP,Total,_T,Ratio por profesional,RATIO_PROFESIONAL,1941,,,
La Gomera,ES706,2004,2004,Enfermería - Atención primaria (AP),ENFERMERIA_AP,Total,_T,Nº de profesionales de atención primaria (AP),NUMERO_PROFESIONALES_AP,17,,,
La Gomera,ES706,2004,2004,Enfermería - Atención primaria (AP),ENFERMERIA_AP,Total,_T,Ratio por profesional,RATIO_PROFESIONAL,961,,,
La Palma,ES707,2004,2004,Enfermería - Atención primaria (AP),ENFERMERIA_AP,Total,_T,Nº de profesionales de atención primaria (AP),NUMERO_PROFESIONALES_AP,58,,,
La Palma,ES707,2004,2004,Enfermería - Atención primaria (AP),ENFERMERIA_AP,Total,_T,Ratio por profesional,RATIO_PROFESIONAL,1291,,,
El Hierro,ES703,2004,2004,Enfermería - Atención primaria (AP),ENFERMERIA_AP,Total,_T,Nº de profesionales de atención primaria (AP),NUMERO_PROFESIONALES_AP,5,,,
El Hierro,ES703,2004,2004,Enfermería - Atención primaria (AP),ENFERMERIA_AP,Total,_T,Ratio por profesional,RATIO_PROFESIONAL,1735,,,
Canarias,ES70,2004,2004,Pediatría - Atención primaria (AP),PEDIATRIA_AP,Total,_T,Nº de profesionales de atención primaria (AP),NUMERO_PROFESIONALES_AP,255,,,
Canarias,ES70,2004,2004,Pediatría - Atención primaria (AP),PEDIATRIA_AP,Total,_T,Ratio por profesional,RATIO_PROFESIONAL,1069,,,
Lanzarote,ES708,2004,2004,Pediatría - Atención primaria (AP),PEDIATRIA_AP,Total,_T,Nº de profesionales de atención primaria (AP),NUMERO_PROFESIONALES_AP,11,,,
Lanzarote,ES708,2004,2004,Pediatría - Atención primaria (AP),PEDIATRIA_AP,Total,_T,Ratio por profesional,RATIO_PROFESIONAL,1769,,,
Fuerteventura,ES704,2004,2004,Pediatría - Atención primaria (AP),PEDIATRIA_AP,Total,_T,Nº de profesionales de atención primaria (AP),NUMERO_PROFESIONALES_AP,13,,,
Fuerteventura,ES704,2004,2004,Pediatría - Atención primaria (AP),PEDIATRIA_AP,Total,_T,Ratio por profesional,RATIO_PROFESIONAL,1189,,,
Gran Canaria,ES705,2004,2004,Pediatría - Atención primaria (AP),PEDIATRIA_AP,Total,_T,Nº de profesionales de atención primaria (AP),NUMERO_PROFESIONALES_AP,107,,,
Gran Canaria,ES705,2004,2004,Pediatría - Atención primaria (AP),PEDIATRIA_AP,Total,_T,Ratio por profesional,RATIO_PROFESIONAL,1017,,,
Tenerife,ES709,2004,2004,Pediatría - Atención primaria (AP),PEDIATRIA_AP,Total,_T,Nº de profesionales de atención primaria (AP),NUMERO_PROFESIONALES_AP,109,,,
Tenerife,ES709,2004,2004,Pediatría - Atención primaria (AP),PEDIATRIA_AP,Total,_T,Ratio por profesional,RATIO_PROFESIONAL,1057,,,
La Gomera,ES706,2004,2004,Pediatría - Atención primaria (AP),PEDIATRIA_AP,Total,_T,Nº de profesionales de atención primaria (AP),NUMERO_PROFESIONALES_AP,1,,,
La Gomera,ES706,2004,2004,Pediatría - Atención primaria (AP),PEDIATRIA_AP,Total,_T,Ratio por profesional,RATIO_PROFESIONAL,1186,,,
La Palma,ES707,2004,2004,Pediatría - Atención primaria (AP),PEDIATRIA_AP,Total,_T,Nº de profesionales de atención primaria (AP),NUMERO_PROFESIONALES_AP,13,,,
La Palma,ES707,2004,2004,Pediatría - Atención primaria (AP),PEDIATRIA_AP,Total,_T,Ratio por profesional,RATIO_PROFESIONAL,890,,,
El Hierro,ES703,2004,2004,Pediatría - Atención primaria (AP),PEDIATRIA_AP,Total,_T,Nº de profesionales de atención primaria (AP),NUMERO_PROFESIONALES_AP,1,,,
El Hierro,ES703,2004,2004,Pediatría - Atención primaria (AP),PEDIATRIA_AP,Total,_T,Ratio por profesional,RATIO_PROFESIONAL,782,,,
Canarias,ES70,2004,2004,Medicina Familia y Comunitaria - Atención primaria (AP),FAMILIA_COMUNITARIA_AP,Total,_T,Nº de profesionales de atención primaria (AP),NUMERO_PROFESIONALES_AP,928,,,
Canarias,ES70,2004,2004,Medicina Familia y Comunitaria - Atención primaria (AP),FAMILIA_COMUNITARIA_AP,Total,_T,Ratio por profesional,RATIO_PROFESIONAL,1711,,,
Lanzarote,ES708,2004,2004,Medicina Familia y Comunitaria - Atención primaria (AP),FAMILIA_COMUNITARIA_AP,Total,_T,Nº de profesionales de atención primaria (AP),NUMERO_PROFESIONALES_AP,52,,,
Lanzarote,ES708,2004,2004,Medicina Familia y Comunitaria - Atención primaria (AP),FAMILIA_COMUNITARIA_AP,Total,_T,Ratio por profesional,RATIO_PROFESIONAL,2000,,,
Fuerteventura,ES704,2004,2004,Medicina Familia y Comunitaria - Atención primaria (AP),FAMILIA_COMUNITARIA_AP,Total,_T,Nº de profesionales de atención primaria (AP),NUMERO_PROFESIONALES_AP,42,,,
Fuerteventura,ES704,2004,2004,Medicina Familia y Comunitaria - Atención primaria (AP),FAMILIA_COMUNITARIA_AP,Total,_T,Ratio por profesional,RATIO_PROFESIONAL,1807,,,
Gran Canaria,ES705,2004,2004,Medicina Familia y Comunitaria - Atención primaria (AP),FAMILIA_COMUNITARIA_AP,Total,_T,Nº de profesionales de atención primaria (AP),NUMERO_PROFESIONALES_AP,401,,,
Gran Canaria,ES705,2004,2004,Medicina Familia y Comunitaria - Atención primaria (AP),FAMILIA_COMUNITARIA_AP,Total,_T,Ratio por profesional,RATIO_PROFESIONAL,1658,,,
Tenerife,ES709,2004,2004,Medicina Familia y Comunitaria - Atención primaria (AP),FAMILIA_COMUNITARIA_AP,Total,_T,Nº de profesionales de atención primaria (AP),NUMERO_PROFESIONALES_AP,368,,,
Tenerife,ES709,2004,2004,Medicina Familia y Comunitaria - Atención primaria (AP),FAMILIA_COMUNITARIA_AP,Total,_T,Ratio por profesional,RATIO_PROFESIONAL,1781,,,
La Gomera,ES706,2004,2004,Medicina Familia y Comunitaria - Atención primaria (AP),FAMILIA_COMUNITARIA_AP,Total,_T,Nº de profesionales de atención primaria (AP),NUMERO_PROFESIONALES_AP,15,,,
La Gomera,ES706,2004,2004,Medicina Familia y Comunitaria - Atención primaria (AP),FAMILIA_COMUNITARIA_AP,Total,_T,Ratio por profesional,RATIO_PROFESIONAL,1010,,,
La Palma,ES707,2004,2004,Medicina Familia y Comunitaria - Atención primaria (AP),FAMILIA_COMUNITARIA_AP,Total,_T,Nº de profesionales de atención primaria (AP),NUMERO_PROFESIONALES_AP,45,,,
La Palma,ES707,2004,2004,Medicina Familia y Comunitaria - Atención primaria (AP),FAMILIA_COMUNITARIA_AP,Total,_T,Ratio por profesional,RATIO_PROFESIONAL,1426,,,
El Hierro,ES703,2004,2004,Medicina Familia y Comunitaria - Atención primaria (AP),FAMILIA_COMUNITARIA_AP,Total,_T,Nº de profesionales de atención primaria (AP),NUMERO_PROFESIONALES_AP,5,,,
El Hierro,ES703,2004,2004,Medicina Familia y Comunitaria - Atención primaria (AP),FAMILIA_COMUNITARIA_AP,Total,_T,Ratio por profesional,RATIO_PROFESIONAL,1578,,,
Canarias,ES70,2005,2005,Enfermería - Atención primaria (AP),ENFERMERIA_AP,Total,_T,Nº de profesionales de atención primaria (AP),NUMERO_PROFESIONALES_AP,1056,,,
Canarias,ES70,2005,2005,Enfermería - Atención primaria (AP),ENFERMERIA_AP,Total,_T,Ratio por profesional,RATIO_PROFESIONAL,1773,,,
Lanzarote,ES708,2005,2005,Enfermería - Atención primaria (AP),ENFERMERIA_AP,Total,_T,Nº de profesionales de atención primaria (AP),NUMERO_PROFESIONALES_AP,68,,,
Lanzarote,ES708,2005,2005,Enfermería - Atención primaria (AP),ENFERMERIA_AP,Total,_T,Ratio por profesional,RATIO_PROFESIONAL,1812,,,
Fuerteventura,ES704,2005,2005,Enfermería - Atención primaria (AP),ENFERMERIA_AP,Total,_T,Nº de profesionales de atención primaria (AP),NUMERO_PROFESIONALES_AP,55,,,
Fuerteventura,ES704,2005,2005,Enfermería - Atención primaria (AP),ENFERMERIA_AP,Total,_T,Ratio por profesional,RATIO_PROFESIONAL,1663,,,
Gran Canaria,ES705,2005,2005,Enfermería - Atención primaria (AP),ENFERMERIA_AP,Total,_T,Nº de profesionales de atención primaria (AP),NUMERO_PROFESIONALES_AP,428,,,
Gran Canaria,ES705,2005,2005,Enfermería - Atención primaria (AP),ENFERMERIA_AP,Total,_T,Ratio por profesional,RATIO_PROFESIONAL,1812,,,
Tenerife,ES709,2005,2005,Enfermería - Atención primaria (AP),ENFERMERIA_AP,Total,_T,Nº de profesionales de atención primaria (AP),NUMERO_PROFESIONALES_AP,422,,,
Tenerife,ES709,2005,2005,Enfermería - Atención primaria (AP),ENFERMERIA_AP,Total,_T,Ratio por profesional,RATIO_PROFESIONAL,1852,,,
La Gomera,ES706,2005,2005,Enfermería - Atención primaria (AP),ENFERMERIA_AP,Total,_T,Nº de profesionales de atención primaria (AP),NUMERO_PROFESIONALES_AP,17,,,
La Gomera,ES706,2005,2005,Enfermería - Atención primaria (AP),ENFERMERIA_AP,Total,_T,Ratio por profesional,RATIO_PROFESIONAL,974,,,
La Palma,ES707,2005,2005,Enfermería - Atención primaria (AP),ENFERMERIA_AP,Total,_T,Nº de profesionales de atención primaria (AP),NUMERO_PROFESIONALES_AP,60,,,
La Palma,ES707,2005,2005,Enfermería - Atención primaria (AP),ENFERMERIA_AP,Total,_T,Ratio por profesional,RATIO_PROFESIONAL,1249,,,
El Hierro,ES703,2005,2005,Enfermería - Atención primaria (AP),ENFERMERIA_AP,Total,_T,Nº de profesionales de atención primaria (AP),NUMERO_PROFESIONALES_AP,6,,,
El Hierro,ES703,2005,2005,Enfermería - Atención primaria (AP),ENFERMERIA_AP,Total,_T,Ratio por profesional,RATIO_PROFESIONAL,1469,,,
Canarias,ES70,2005,2005,Pediatría - Atención primaria (AP),PEDIATRIA_AP,Total,_T,Nº de profesionales de atención primaria (AP),NUMERO_PROFESIONALES_AP,263,,,
Canarias,ES70,2005,2005,Pediatría - Atención primaria (AP),PEDIATRIA_AP,Total,_T,Ratio por profesional,RATIO_PROFESIONAL,1059,,,
Lanzarote,ES708,2005,2005,Pediatría - Atención primaria (AP),PEDIATRIA_AP,Total,_T,Nº de profesionales de atención primaria (AP),NUMERO_PROFESIONALES_AP,13,,,
Lanzarote,ES708,2005,2005,Pediatría - Atención primaria (AP),PEDIATRIA_AP,Total,_T,Ratio por profesional,RATIO_PROFESIONAL,1604,,,
Fuerteventura,ES704,2005,2005,Pediatría - Atención primaria (AP),PEDIATRIA_AP,Total,_T,Nº de profesionales de atención primaria (AP),NUMERO_PROFESIONALES_AP,13,,,
Fuerteventura,ES704,2005,2005,Pediatría - Atención primaria (AP),PEDIATRIA_AP,Total,_T,Ratio por profesional,RATIO_PROFESIONAL,1230,,,
Gran Canaria,ES705,2005,2005,Pediatría - Atención primaria (AP),PEDIATRIA_AP,Total,_T,Nº de profesionales de atención primaria (AP),NUMERO_PROFESIONALES_AP,109,,,
Gran Canaria,ES705,2005,2005,Pediatría - Atención primaria (AP),PEDIATRIA_AP,Total,_T,Ratio por profesional,RATIO_PROFESIONAL,1008,,,
Tenerife,ES709,2005,2005,Pediatría - Atención primaria (AP),PEDIATRIA_AP,Total,_T,Nº de profesionales de atención primaria (AP),NUMERO_PROFESIONALES_AP,113,,,
Tenerife,ES709,2005,2005,Pediatría - Atención primaria (AP),PEDIATRIA_AP,Total,_T,Ratio por profesional,RATIO_PROFESIONAL,1055,,,
La Gomera,ES706,2005,2005,Pediatría - Atención primaria (AP),PEDIATRIA_AP,Total,_T,Nº de profesionales de atención primaria (AP),NUMERO_PROFESIONALES_AP,1,,,
La Gomera,ES706,2005,2005,Pediatría - Atención primaria (AP),PEDIATRIA_AP,Total,_T,Ratio por profesional,RATIO_PROFESIONAL,1211,,,
La Palma,ES707,2005,2005,Pediatría - Atención primaria (AP),PEDIATRIA_AP,Total,_T,Nº de profesionales de atención primaria (AP),NUMERO_PROFESIONALES_AP,13,,,
La Palma,ES707,2005,2005,Pediatría - Atención primaria (AP),PEDIATRIA_AP,Total,_T,Ratio por profesional,RATIO_PROFESIONAL,819,,,
El Hierro,ES703,2005,2005,Pediatría - Atención primaria (AP),PEDIATRIA_AP,Total,_T,Nº de profesionales de atención primaria (AP),NUMERO_PROFESIONALES_AP,1,,,
El Hierro,ES703,2005,2005,Pediatría - Atención primaria (AP),PEDIATRIA_AP,Total,_T,Ratio por profesional,RATIO_PROFESIONAL,806,,,
Canarias,ES70,2005,2005,Medicina Familia y Comunitaria - Atención primaria (AP),FAMILIA_COMUNITARIA_AP,Total,_T,Nº de profesionales de atención primaria (AP),NUMERO_PROFESIONALES_AP,949,,,
Canarias,ES70,2005,2005,Medicina Familia y Comunitaria - Atención primaria (AP),FAMILIA_COMUNITARIA_AP,Total,_T,Ratio por profesional,RATIO_PROFESIONAL,1679,,,
Lanzarote,ES708,2005,2005,Medicina Familia y Comunitaria - Atención primaria (AP),FAMILIA_COMUNITARIA_AP,Total,_T,Nº de profesionales de atención primaria (AP),NUMERO_PROFESIONALES_AP,55,,,
Lanzarote,ES708,2005,2005,Medicina Familia y Comunitaria - Atención primaria (AP),FAMILIA_COMUNITARIA_AP,Total,_T,Ratio por profesional,RATIO_PROFESIONAL,1861,,,
Fuerteventura,ES704,2005,2005,Medicina Familia y Comunitaria - Atención primaria (AP),FAMILIA_COMUNITARIA_AP,Total,_T,Nº de profesionales de atención primaria (AP),NUMERO_PROFESIONALES_AP,42,,,
Fuerteventura,ES704,2005,2005,Medicina Familia y Comunitaria - Atención primaria (AP),FAMILIA_COMUNITARIA_AP,Total,_T,Ratio por profesional,RATIO_PROFESIONAL,1797,,,
Gran Canaria,ES705,2005,2005,Medicina Familia y Comunitaria - Atención primaria (AP),FAMILIA_COMUNITARIA_AP,Total,_T,Nº de profesionales de atención primaria (AP),NUMERO_PROFESIONALES_AP,405,,,
Gran Canaria,ES705,2005,2005,Medicina Familia y Comunitaria - Atención primaria (AP),FAMILIA_COMUNITARIA_AP,Total,_T,Ratio por profesional,RATIO_PROFESIONAL,1644,,,
Tenerife,ES709,2005,2005,Medicina Familia y Comunitaria - Atención primaria (AP),FAMILIA_COMUNITARIA_AP,Total,_T,Nº de profesionales de atención primaria (AP),NUMERO_PROFESIONALES_AP,380,,,
Tenerife,ES709,2005,2005,Medicina Familia y Comunitaria - Atención primaria (AP),FAMILIA_COMUNITARIA_AP,Total,_T,Ratio por profesional,RATIO_PROFESIONAL,1743,,,
La Gomera,ES706,2005,2005,Medicina Familia y Comunitaria - Atención primaria (AP),FAMILIA_COMUNITARIA_AP,Total,_T,Nº de profesionales de atención primaria (AP),NUMERO_PROFESIONALES_AP,16,,,
La Gomera,ES706,2005,2005,Medicina Familia y Comunitaria - Atención primaria (AP),FAMILIA_COMUNITARIA_AP,Total,_T,Ratio por profesional,RATIO_PROFESIONAL,960,,,
La Palma,ES707,2005,2005,Medicina Familia y Comunitaria - Atención primaria (AP),FAMILIA_COMUNITARIA_AP,Total,_T,Nº de profesionales de atención primaria (AP),NUMERO_PROFESIONALES_AP,45,,,
La Palma,ES707,2005,2005,Medicina Familia y Comunitaria - Atención primaria (AP),FAMILIA_COMUNITARIA_AP,Total,_T,Ratio por profesional,RATIO_PROFESIONAL,1429,,,
El Hierro,ES703,2005,2005,Medicina Familia y Comunitaria - Atención primaria (AP),FAMILIA_COMUNITARIA_AP,Total,_T,Nº de profesionales de atención primaria (AP),NUMERO_PROFESIONALES_AP,6,,,
El Hierro,ES703,2005,2005,Medicina Familia y Comunitaria - Atención primaria (AP),FAMILIA_COMUNITARIA_AP,Total,_T,Ratio por profesional,RATIO_PROFESIONAL,1334,,,
Canarias,ES70,2006,2006,Enfermería - Atención primaria (AP),ENFERMERIA_AP,Total,_T,Nº de profesionales de atención primaria (AP),NUMERO_PROFESIONALES_AP,1078,,,
Canarias,ES70,2006,2006,Enfermería - Atención primaria (AP),ENFERMERIA_AP,Total,_T,Ratio por profesional,RATIO_PROFESIONAL,1763,,,
Lanzarote,ES708,2006,2006,Enfermería - Atención primaria (AP),ENFERMERIA_AP,Total,_T,Nº de profesionales de atención primaria (AP),NUMERO_PROFESIONALES_AP,80,,,
Lanzarote,ES708,2006,2006,Enfermería - Atención primaria (AP),ENFERMERIA_AP,Total,_T,Ratio por profesional,RATIO_PROFESIONAL,1605,,,
Fuerteventura,ES704,2006,2006,Enfermería - Atención primaria (AP),ENFERMERIA_AP,Total,_T,Nº de profesionales de atención primaria (AP),NUMERO_PROFESIONALES_AP,60,,,
Fuerteventura,ES704,2006,2006,Enfermería - Atención primaria (AP),ENFERMERIA_AP,Total,_T,Ratio por profesional,RATIO_PROFESIONAL,1643,,,
Gran Canaria,ES705,2006,2006,Enfermería - Atención primaria (AP),ENFERMERIA_AP,Total,_T,Nº de profesionales de atención primaria (AP),NUMERO_PROFESIONALES_AP,428,,,
Gran Canaria,ES705,2006,2006,Enfermería - Atención primaria (AP),ENFERMERIA_AP,Total,_T,Ratio por profesional,RATIO_PROFESIONAL,1816,,,
Tenerife,ES709,2006,2006,Enfermería - Atención primaria (AP),ENFERMERIA_AP,Total,_T,Nº de profesionales de atención primaria (AP),NUMERO_PROFESIONALES_AP,424,,,
Tenerife,ES709,2006,2006,Enfermería - Atención primaria (AP),ENFERMERIA_AP,Total,_T,Ratio por profesional,RATIO_PROFESIONAL,1881,,,
La Gomera,ES706,2006,2006,Enfermería - Atención primaria (AP),ENFERMERIA_AP,Total,_T,Nº de profesionales de atención primaria (AP),NUMERO_PROFESIONALES_AP,17,,,
La Gomera,ES706,2006,2006,Enfermería - Atención primaria (AP),ENFERMERIA_AP,Total,_T,Ratio por profesional,RATIO_PROFESIONAL,986,,,
La Palma,ES707,2006,2006,Enfermería - Atención primaria (AP),ENFERMERIA_AP,Total,_T,Nº de profesionales de atención primaria (AP),NUMERO_PROFESIONALES_AP,59,,,
La Palma,ES707,2006,2006,Enfermería - Atención primaria (AP),ENFERMERIA_AP,Total,_T,Ratio por profesional,RATIO_PROFESIONAL,1251,,,
El Hierro,ES703,2006,2006,Enfermería - Atención primaria (AP),ENFERMERIA_AP,Total,_T,Nº de profesionales de atención primaria (AP),NUMERO_PROFESIONALES_AP,10,,,
El Hierro,ES703,2006,2006,Enfermería - Atención primaria (AP),ENFERMERIA_AP,Total,_T,Ratio por profesional,RATIO_PROFESIONAL,853,,,
Canarias,ES70,2006,2006,Pediatría - Atención primaria (AP),PEDIATRIA_AP,Total,_T,Nº de profesionales de atención primaria (AP),NUMERO_PROFESIONALES_AP,279,,,
Canarias,ES70,2006,2006,Pediatría - Atención primaria (AP),PEDIATRIA_AP,Total,_T,Ratio por profesional,RATIO_PROFESIONAL,1013,,,
Lanzarote,ES708,2006,2006,Pediatría - Atención primaria (AP),PEDIATRIA_AP,Total,_T,Nº de profesionales de atención primaria (AP),NUMERO_PROFESIONALES_AP,16,,,
Lanzarote,ES708,2006,2006,Pediatría - Atención primaria (AP),PEDIATRIA_AP,Total,_T,Ratio por profesional,RATIO_PROFESIONAL,1329,,,
Fuerteventura,ES704,2006,2006,Pediatría - Atención primaria (AP),PEDIATRIA_AP,Total,_T,Nº de profesionales de atención primaria (AP),NUMERO_PROFESIONALES_AP,14,,,
Fuerteventura,ES704,2006,2006,Pediatría - Atención primaria (AP),PEDIATRIA_AP,Total,_T,Ratio por profesional,RATIO_PROFESIONAL,1202,,,
Gran Canaria,ES705,2006,2006,Pediatría - Atención primaria (AP),PEDIATRIA_AP,Total,_T,Nº de profesionales de atención primaria (AP),NUMERO_PROFESIONALES_AP,117,,,
Gran Canaria,ES705,2006,2006,Pediatría - Atención primaria (AP),PEDIATRIA_AP,Total,_T,Ratio por profesional,RATIO_PROFESIONAL,957,,,
Tenerife,ES709,2006,2006,Pediatría - Atención primaria (AP),PEDIATRIA_AP,Total,_T,Nº de profesionales de atención primaria (AP),NUMERO_PROFESIONALES_AP,117,,,
Tenerife,ES709,2006,2006,Pediatría - Atención primaria (AP),PEDIATRIA_AP,Total,_T,Ratio por profesional,RATIO_PROFESIONAL,1027,,,
La Gomera,ES706,2006,2006,Pediatría - Atención primaria (AP),PEDIATRIA_AP,Total,_T,Nº de profesionales de atención primaria (AP),NUMERO_PROFESIONALES_AP,1,,,
La Gomera,ES706,2006,2006,Pediatría - Atención primaria (AP),PEDIATRIA_AP,Total,_T,Ratio por profesional,RATIO_PROFESIONAL,1214,,,
La Palma,ES707,2006,2006,Pediatría - Atención primaria (AP),PEDIATRIA_AP,Total,_T,Nº de profesionales de atención primaria (AP),NUMERO_PROFESIONALES_AP,13,,,
La Palma,ES707,2006,2006,Pediatría - Atención primaria (AP),PEDIATRIA_AP,Total,_T,Ratio por profesional,RATIO_PROFESIONAL,816,,,
El Hierro,ES703,2006,2006,Pediatría - Atención primaria (AP),PEDIATRIA_AP,Total,_T,Nº de profesionales de atención primaria (AP),NUMERO_PROFESIONALES_AP,1,,,
El Hierro,ES703,2006,2006,Pediatría - Atención primaria (AP),PEDIATRIA_AP,Total,_T,Ratio por profesional,RATIO_PROFESIONAL,769,,,
Canarias,ES70,2006,2006,Medicina Familia y Comunitaria - Atención primaria (AP),FAMILIA_COMUNITARIA_AP,Total,_T,Nº de profesionales de atención primaria (AP),NUMERO_PROFESIONALES_AP,1009,,,
Canarias,ES70,2006,2006,Medicina Familia y Comunitaria - Atención primaria (AP),FAMILIA_COMUNITARIA_AP,Total,_T,Ratio por profesional,RATIO_PROFESIONAL,1604,,,
Lanzarote,ES708,2006,2006,Medicina Familia y Comunitaria - Atención primaria (AP),FAMILIA_COMUNITARIA_AP,Total,_T,Nº de profesionales de atención primaria (AP),NUMERO_PROFESIONALES_AP,64,,,
Lanzarote,ES708,2006,2006,Medicina Familia y Comunitaria - Atención primaria (AP),FAMILIA_COMUNITARIA_AP,Total,_T,Ratio por profesional,RATIO_PROFESIONAL,1674,,,
Fuerteventura,ES704,2006,2006,Medicina Familia y Comunitaria - Atención primaria (AP),FAMILIA_COMUNITARIA_AP,Total,_T,Nº de profesionales de atención primaria (AP),NUMERO_PROFESIONALES_AP,49,,,
Fuerteventura,ES704,2006,2006,Medicina Familia y Comunitaria - Atención primaria (AP),FAMILIA_COMUNITARIA_AP,Total,_T,Ratio por profesional,RATIO_PROFESIONAL,1669,,,
Gran Canaria,ES705,2006,2006,Medicina Familia y Comunitaria - Atención primaria (AP),FAMILIA_COMUNITARIA_AP,Total,_T,Nº de profesionales de atención primaria (AP),NUMERO_PROFESIONALES_AP,418,,,
Gran Canaria,ES705,2006,2006,Medicina Familia y Comunitaria - Atención primaria (AP),FAMILIA_COMUNITARIA_AP,Total,_T,Ratio por profesional,RATIO_PROFESIONAL,1592,,,
Tenerife,ES709,2006,2006,Medicina Familia y Comunitaria - Atención primaria (AP),FAMILIA_COMUNITARIA_AP,Total,_T,Nº de profesionales de atención primaria (AP),NUMERO_PROFESIONALES_AP,403,,,
Tenerife,ES709,2006,2006,Medicina Familia y Comunitaria - Atención primaria (AP),FAMILIA_COMUNITARIA_AP,Total,_T,Ratio por profesional,RATIO_PROFESIONAL,1681,,,
La Gomera,ES706,2006,2006,Medicina Familia y Comunitaria - Atención primaria (AP),FAMILIA_COMUNITARIA_AP,Total,_T,Nº de profesionales de atención primaria (AP),NUMERO_PROFESIONALES_AP,16,,,
La Gomera,ES706,2006,2006,Medicina Familia y Comunitaria - Atención primaria (AP),FAMILIA_COMUNITARIA_AP,Total,_T,Ratio por profesional,RATIO_PROFESIONAL,972,,,
La Palma,ES707,2006,2006,Medicina Familia y Comunitaria - Atención primaria (AP),FAMILIA_COMUNITARIA_AP,Total,_T,Nº de profesionales de atención primaria (AP),NUMERO_PROFESIONALES_AP,51,,,
La Palma,ES707,2006,2006,Medicina Familia y Comunitaria - Atención primaria (AP),FAMILIA_COMUNITARIA_AP,Total,_T,Ratio por profesional,RATIO_PROFESIONAL,1239,,,
El Hierro,ES703,2006,2006,Medicina Familia y Comunitaria - Atención primaria (AP),FAMILIA_COMUNITARIA_AP,Total,_T,Nº de profesionales de atención primaria (AP),NUMERO_PROFESIONALES_AP,8,,,
El Hierro,ES703,2006,2006,Medicina Familia y Comunitaria - Atención primaria (AP),FAMILIA_COMUNITARIA_AP,Total,_T,Ratio por profesional,RATIO_PROFESIONAL,970,,,
Canarias,ES70,2007,2007,Enfermería - Atención primaria (AP),ENFERMERIA_AP,Total,_T,Nº de profesionales de atención primaria (AP),NUMERO_PROFESIONALES_AP,1178,,,
Canarias,ES70,2007,2007,Enfermería - Atención primaria (AP),ENFERMERIA_AP,Total,_T,Ratio por profesional,RATIO_PROFESIONAL,1635,,,
Lanzarote,ES708,2007,2007,Enfermería - Atención primaria (AP),ENFERMERIA_AP,Total,_T,Nº de profesionales de atención primaria (AP),NUMERO_PROFESIONALES_AP,84,,,
Lanzarote,ES708,2007,2007,Enfermería - Atención primaria (AP),ENFERMERIA_AP,Total,_T,Ratio por profesional,RATIO_PROFESIONAL,1573,,,
Fuerteventura,ES704,2007,2007,Enfermería - Atención primaria (AP),ENFERMERIA_AP,Total,_T,Nº de profesionales de atención primaria (AP),NUMERO_PROFESIONALES_AP,62,,,
Fuerteventura,ES704,2007,2007,Enfermería - Atención primaria (AP),ENFERMERIA_AP,Total,_T,Ratio por profesional,RATIO_PROFESIONAL,1625,,,
Gran Canaria,ES705,2007,2007,Enfermería - Atención primaria (AP),ENFERMERIA_AP,Total,_T,Nº de profesionales de atención primaria (AP),NUMERO_PROFESIONALES_AP,475,,,
Gran Canaria,ES705,2007,2007,Enfermería - Atención primaria (AP),ENFERMERIA_AP,Total,_T,Ratio por profesional,RATIO_PROFESIONAL,1659,,,
Tenerife,ES709,2007,2007,Enfermería - Atención primaria (AP),ENFERMERIA_AP,Total,_T,Nº de profesionales de atención primaria (AP),NUMERO_PROFESIONALES_AP,476,,,
Tenerife,ES709,2007,2007,Enfermería - Atención primaria (AP),ENFERMERIA_AP,Total,_T,Ratio por profesional,RATIO_PROFESIONAL,1692,,,
La Gomera,ES706,2007,2007,Enfermería - Atención primaria (AP),ENFERMERIA_AP,Total,_T,Nº de profesionales de atención primaria (AP),NUMERO_PROFESIONALES_AP,17,,,
La Gomera,ES706,2007,2007,Enfermería - Atención primaria (AP),ENFERMERIA_AP,Total,_T,Ratio por profesional,RATIO_PROFESIONAL,1003,,,
La Palma,ES707,2007,2007,Enfermería - Atención primaria (AP),ENFERMERIA_AP,Total,_T,Nº de profesionales de atención primaria (AP),NUMERO_PROFESIONALES_AP,56,,,
La Palma,ES707,2007,2007,Enfermería - Atención primaria (AP),ENFERMERIA_AP,Total,_T,Ratio por profesional,RATIO_PROFESIONAL,1324,,,
El Hierro,ES703,2007,2007,Enfermería - Atención primaria (AP),ENFERMERIA_AP,Total,_T,Nº de profesionales de atención primaria (AP),NUMERO_PROFESIONALES_AP,8,,,
El Hierro,ES703,2007,2007,Enfermería - Atención primaria (AP),ENFERMERIA_AP,Total,_T,Ratio por profesional,RATIO_PROFESIONAL,1086,,,
Canarias,ES70,2007,2007,Pediatría - Atención primaria (AP),PEDIATRIA_AP,Total,_T,Nº de profesionales de atención primaria (AP),NUMERO_PROFESIONALES_AP,287,,,
Canarias,ES70,2007,2007,Pediatría - Atención primaria (AP),PEDIATRIA_AP,Total,_T,Ratio por profesional,RATIO_PROFESIONAL,996,,,
Lanzarote,ES708,2007,2007,Pediatría - Atención primaria (AP),PEDIATRIA_AP,Total,_T,Nº de profesionales de atención primaria (AP),NUMERO_PROFESIONALES_AP,19,,,
Lanzarote,ES708,2007,2007,Pediatría - Atención primaria (AP),PEDIATRIA_AP,Total,_T,Ratio por profesional,RATIO_PROFESIONAL,1161,,,
Fuerteventura,ES704,2007,2007,Pediatría - Atención primaria (AP),PEDIATRIA_AP,Total,_T,Nº de profesionales de atención primaria (AP),NUMERO_PROFESIONALES_AP,16,,,
Fuerteventura,ES704,2007,2007,Pediatría - Atención primaria (AP),PEDIATRIA_AP,Total,_T,Ratio por profesional,RATIO_PROFESIONAL,1092,,,
Gran Canaria,ES705,2007,2007,Pediatría - Atención primaria (AP),PEDIATRIA_AP,Total,_T,Nº de profesionales de atención primaria (AP),NUMERO_PROFESIONALES_AP,119,,,
Gran Canaria,ES705,2007,2007,Pediatría - Atención primaria (AP),PEDIATRIA_AP,Total,_T,Ratio por profesional,RATIO_PROFESIONAL,938,,,
Tenerife,ES709,2007,2007,Pediatría - Atención primaria (AP),PEDIATRIA_AP,Total,_T,Nº de profesionales de atención primaria (AP),NUMERO_PROFESIONALES_AP,118,,,
Tenerife,ES709,2007,2007,Pediatría - Atención primaria (AP),PEDIATRIA_AP,Total,_T,Ratio por profesional,RATIO_PROFESIONAL,1036,,,
La Gomera,ES706,2007,2007,Pediatría - Atención primaria (AP),PEDIATRIA_AP,Total,_T,Nº de profesionales de atención primaria (AP),NUMERO_PROFESIONALES_AP,1,,,
La Gomera,ES706,2007,2007,Pediatría - Atención primaria (AP),PEDIATRIA_AP,Total,_T,Ratio por profesional,RATIO_PROFESIONAL,1230,,,
La Palma,ES707,2007,2007,Pediatría - Atención primaria (AP),PEDIATRIA_AP,Total,_T,Nº de profesionales de atención primaria (AP),NUMERO_PROFESIONALES_AP,13,,,
La Palma,ES707,2007,2007,Pediatría - Atención primaria (AP),PEDIATRIA_AP,Total,_T,Ratio por profesional,RATIO_PROFESIONAL,807,,,
El Hierro,ES703,2007,2007,Pediatría - Atención primaria (AP),PEDIATRIA_AP,Total,_T,Nº de profesionales de atención primaria (AP),NUMERO_PROFESIONALES_AP,1,,,
El Hierro,ES703,2007,2007,Pediatría - Atención primaria (AP),PEDIATRIA_AP,Total,_T,Ratio por profesional,RATIO_PROFESIONAL,810,,,
Canarias,ES70,2007,2007,Medicina Familia y Comunitaria - Atención primaria (AP),FAMILIA_COMUNITARIA_AP,Total,_T,Nº de profesionales de atención primaria (AP),NUMERO_PROFESIONALES_AP,1046,,,
Canarias,ES70,2007,2007,Medicina Familia y Comunitaria - Atención primaria (AP),FAMILIA_COMUNITARIA_AP,Total,_T,Ratio por profesional,RATIO_PROFESIONAL,1568,,,
Lanzarote,ES708,2007,2007,Medicina Familia y Comunitaria - Atención primaria (AP),FAMILIA_COMUNITARIA_AP,Total,_T,Nº de profesionales de atención primaria (AP),NUMERO_PROFESIONALES_AP,71,,,
Lanzarote,ES708,2007,2007,Medicina Familia y Comunitaria - Atención primaria (AP),FAMILIA_COMUNITARIA_AP,Total,_T,Ratio por profesional,RATIO_PROFESIONAL,1550,,,
Fuerteventura,ES704,2007,2007,Medicina Familia y Comunitaria - Atención primaria (AP),FAMILIA_COMUNITARIA_AP,Total,_T,Nº de profesionales de atención primaria (AP),NUMERO_PROFESIONALES_AP,52,,,
Fuerteventura,ES704,2007,2007,Medicina Familia y Comunitaria - Atención primaria (AP),FAMILIA_COMUNITARIA_AP,Total,_T,Ratio por profesional,RATIO_PROFESIONAL,1602,,,
Gran Canaria,ES705,2007,2007,Medicina Familia y Comunitaria - Atención primaria (AP),FAMILIA_COMUNITARIA_AP,Total,_T,Nº de profesionales de atención primaria (AP),NUMERO_PROFESIONALES_AP,433,,,
Gran Canaria,ES705,2007,2007,Medicina Familia y Comunitaria - Atención primaria (AP),FAMILIA_COMUNITARIA_AP,Total,_T,Ratio por profesional,RATIO_PROFESIONAL,1562,,,
Tenerife,ES709,2007,2007,Medicina Familia y Comunitaria - Atención primaria (AP),FAMILIA_COMUNITARIA_AP,Total,_T,Nº de profesionales de atención primaria (AP),NUMERO_PROFESIONALES_AP,417,,,
Tenerife,ES709,2007,2007,Medicina Familia y Comunitaria - Atención primaria (AP),FAMILIA_COMUNITARIA_AP,Total,_T,Ratio por profesional,RATIO_PROFESIONAL,1638,,,
La Gomera,ES706,2007,2007,Medicina Familia y Comunitaria - Atención primaria (AP),FAMILIA_COMUNITARIA_AP,Total,_T,Nº de profesionales de atención primaria (AP),NUMERO_PROFESIONALES_AP,16,,,
La Gomera,ES706,2007,2007,Medicina Familia y Comunitaria - Atención primaria (AP),FAMILIA_COMUNITARIA_AP,Total,_T,Ratio por profesional,RATIO_PROFESIONAL,989,,,
La Palma,ES707,2007,2007,Medicina Familia y Comunitaria - Atención primaria (AP),FAMILIA_COMUNITARIA_AP,Total,_T,Nº de profesionales de atención primaria (AP),NUMERO_PROFESIONALES_AP,49,,,
La Palma,ES707,2007,2007,Medicina Familia y Comunitaria - Atención primaria (AP),FAMILIA_COMUNITARIA_AP,Total,_T,Ratio por profesional,RATIO_PROFESIONAL,1300,,,
El Hierro,ES703,2007,2007,Medicina Familia y Comunitaria - Atención primaria (AP),FAMILIA_COMUNITARIA_AP,Total,_T,Nº de profesionales de atención primaria (AP),NUMERO_PROFESIONALES_AP,8,,,
El Hierro,ES703,2007,2007,Medicina Familia y Comunitaria - Atención primaria (AP),FAMILIA_COMUNITARIA_AP,Total,_T,Ratio por profesional,RATIO_PROFESIONAL,984,,,
Canarias,ES70,2008,2008,Enfermería - Atención primaria (AP),ENFERMERIA_AP,Total,_T,Nº de profesionales de atención primaria (AP),NUMERO_PROFESIONALES_AP,1118,,,
Canarias,ES70,2008,2008,Enfermería - Atención primaria (AP),ENFERMERIA_AP,Total,_T,Ratio por profesional,RATIO_PROFESIONAL,1723,,,
Lanzarote,ES708,2008,2008,Enfermería - Atención primaria (AP),ENFERMERIA_AP,Total,_T,Nº de profesionales de atención primaria (AP),NUMERO_PROFESIONALES_AP,83,,,
Lanzarote,ES708,2008,2008,Enfermería - Atención primaria (AP),ENFERMERIA_AP,Total,_T,Ratio por profesional,RATIO_PROFESIONAL,1575,,,
Fuerteventura,ES704,2008,2008,Enfermería - Atención primaria (AP),ENFERMERIA_AP,Total,_T,Nº de profesionales de atención primaria (AP),NUMERO_PROFESIONALES_AP,64,,,
Fuerteventura,ES704,2008,2008,Enfermería - Atención primaria (AP),ENFERMERIA_AP,Total,_T,Ratio por profesional,RATIO_PROFESIONAL,1440,,,
Gran Canaria,ES705,2008,2008,Enfermería - Atención primaria (AP),ENFERMERIA_AP,Total,_T,Nº de profesionales de atención primaria (AP),NUMERO_PROFESIONALES_AP,448,,,
Gran Canaria,ES705,2008,2008,Enfermería - Atención primaria (AP),ENFERMERIA_AP,Total,_T,Ratio por profesional,RATIO_PROFESIONAL,1764,,,
Tenerife,ES709,2008,2008,Enfermería - Atención primaria (AP),ENFERMERIA_AP,Total,_T,Nº de profesionales de atención primaria (AP),NUMERO_PROFESIONALES_AP,440,,,
Tenerife,ES709,2008,2008,Enfermería - Atención primaria (AP),ENFERMERIA_AP,Total,_T,Ratio por profesional,RATIO_PROFESIONAL,1849,,,
La Gomera,ES706,2008,2008,Enfermería - Atención primaria (AP),ENFERMERIA_AP,Total,_T,Nº de profesionales de atención primaria (AP),NUMERO_PROFESIONALES_AP,16,,,
La Gomera,ES706,2008,2008,Enfermería - Atención primaria (AP),ENFERMERIA_AP,Total,_T,Ratio por profesional,RATIO_PROFESIONAL,1059,,,
La Palma,ES707,2008,2008,Enfermería - Atención primaria (AP),ENFERMERIA_AP,Total,_T,Nº de profesionales de atención primaria (AP),NUMERO_PROFESIONALES_AP,61,,,
La Palma,ES707,2008,2008,Enfermería - Atención primaria (AP),ENFERMERIA_AP,Total,_T,Ratio por profesional,RATIO_PROFESIONAL,1216,,,
El Hierro,ES703,2008,2008,Enfermería - Atención primaria (AP),ENFERMERIA_AP,Total,_T,Nº de profesionales de atención primaria (AP),NUMERO_PROFESIONALES_AP,6,,,
El Hierro,ES703,2008,2008,Enfermería - Atención primaria (AP),ENFERMERIA_AP,Total,_T,Ratio por profesional,RATIO_PROFESIONAL,1476,,,
Canarias,ES70,2008,2008,Pediatría - Atención primaria (AP),PEDIATRIA_AP,Total,_T,Nº de profesionales de atención primaria (AP),NUMERO_PROFESIONALES_AP,295,,,
Canarias,ES70,2008,2008,Pediatría - Atención primaria (AP),PEDIATRIA_AP,Total,_T,Ratio por profesional,RATIO_PROFESIONAL,974,,,
Lanzarote,ES708,2008,2008,Pediatría - Atención primaria (AP),PEDIATRIA_AP,Total,_T,Nº de profesionales de atención primaria (AP),NUMERO_PROFESIONALES_AP,19,,,
Lanzarote,ES708,2008,2008,Pediatría - Atención primaria (AP),PEDIATRIA_AP,Total,_T,Ratio por profesional,RATIO_PROFESIONAL,1175,,,
Fuerteventura,ES704,2008,2008,Pediatría - Atención primaria (AP),PEDIATRIA_AP,Total,_T,Nº de profesionales de atención primaria (AP),NUMERO_PROFESIONALES_AP,16,,,
Fuerteventura,ES704,2008,2008,Pediatría - Atención primaria (AP),PEDIATRIA_AP,Total,_T,Ratio por profesional,RATIO_PROFESIONAL,1053,,,
Gran Canaria,ES705,2008,2008,Pediatría - Atención primaria (AP),PEDIATRIA_AP,Total,_T,Nº de profesionales de atención primaria (AP),NUMERO_PROFESIONALES_AP,119,,,
Gran Canaria,ES705,2008,2008,Pediatría - Atención primaria (AP),PEDIATRIA_AP,Total,_T,Ratio por profesional,RATIO_PROFESIONAL,941,,,
Tenerife,ES709,2008,2008,Pediatría - Atención primaria (AP),PEDIATRIA_AP,Total,_T,Nº de profesionales de atención primaria (AP),NUMERO_PROFESIONALES_AP,126,,,
Tenerife,ES709,2008,2008,Pediatría - Atención primaria (AP),PEDIATRIA_AP,Total,_T,Ratio por profesional,RATIO_PROFESIONAL,981,,,
La Gomera,ES706,2008,2008,Pediatría - Atención primaria (AP),PEDIATRIA_AP,Total,_T,Nº de profesionales de atención primaria (AP),NUMERO_PROFESIONALES_AP,1,,,
La Gomera,ES706,2008,2008,Pediatría - Atención primaria (AP),PEDIATRIA_AP,Total,_T,Ratio por profesional,RATIO_PROFESIONAL,1249,,,
La Palma,ES707,2008,2008,Pediatría - Atención primaria (AP),PEDIATRIA_AP,Total,_T,Nº de profesionales de atención primaria (AP),NUMERO_PROFESIONALES_AP,13,,,
La Palma,ES707,2008,2008,Pediatría - Atención primaria (AP),PEDIATRIA_AP,Total,_T,Ratio por profesional,RATIO_PROFESIONAL,799,,,
El Hierro,ES703,2008,2008,Pediatría - Atención primaria (AP),PEDIATRIA_AP,Total,_T,Nº de profesionales de atención primaria (AP),NUMERO_PROFESIONALES_AP,1,,,
El Hierro,ES703,2008,2008,Pediatría - Atención primaria (AP),PEDIATRIA_AP,Total,_T,Ratio por profesional,RATIO_PROFESIONAL,854,,,
Canarias,ES70,2008,2008,Medicina Familia y Comunitaria - Atención primaria (AP),FAMILIA_COMUNITARIA_AP,Total,_T,Nº de profesionales de atención primaria (AP),NUMERO_PROFESIONALES_AP,1079,,,
Canarias,ES70,2008,2008,Medicina Familia y Comunitaria - Atención primaria (AP),FAMILIA_COMUNITARIA_AP,Total,_T,Ratio por profesional,RATIO_PROFESIONAL,1519,,,
Lanzarote,ES708,2008,2008,Medicina Familia y Comunitaria - Atención primaria (AP),FAMILIA_COMUNITARIA_AP,Total,_T,Nº de profesionales de atención primaria (AP),NUMERO_PROFESIONALES_AP,72,,,
Lanzarote,ES708,2008,2008,Medicina Familia y Comunitaria - Atención primaria (AP),FAMILIA_COMUNITARIA_AP,Total,_T,Ratio por profesional,RATIO_PROFESIONAL,1505,,,
Fuerteventura,ES704,2008,2008,Medicina Familia y Comunitaria - Atención primaria (AP),FAMILIA_COMUNITARIA_AP,Total,_T,Nº de profesionales de atención primaria (AP),NUMERO_PROFESIONALES_AP,55,,,
Fuerteventura,ES704,2008,2008,Medicina Familia y Comunitaria - Atención primaria (AP),FAMILIA_COMUNITARIA_AP,Total,_T,Ratio por profesional,RATIO_PROFESIONAL,1370,,,
Gran Canaria,ES705,2008,2008,Medicina Familia y Comunitaria - Atención primaria (AP),FAMILIA_COMUNITARIA_AP,Total,_T,Nº de profesionales de atención primaria (AP),NUMERO_PROFESIONALES_AP,437,,,
Gran Canaria,ES705,2008,2008,Medicina Familia y Comunitaria - Atención primaria (AP),FAMILIA_COMUNITARIA_AP,Total,_T,Ratio por profesional,RATIO_PROFESIONAL,1552,,,
Tenerife,ES709,2008,2008,Medicina Familia y Comunitaria - Atención primaria (AP),FAMILIA_COMUNITARIA_AP,Total,_T,Nº de profesionales de atención primaria (AP),NUMERO_PROFESIONALES_AP,442,,,
Tenerife,ES709,2008,2008,Medicina Familia y Comunitaria - Atención primaria (AP),FAMILIA_COMUNITARIA_AP,Total,_T,Ratio por profesional,RATIO_PROFESIONAL,1561,,,
La Gomera,ES706,2008,2008,Medicina Familia y Comunitaria - Atención primaria (AP),FAMILIA_COMUNITARIA_AP,Total,_T,Nº de profesionales de atención primaria (AP),NUMERO_PROFESIONALES_AP,16,,,
La Gomera,ES706,2008,2008,Medicina Familia y Comunitaria - Atención primaria (AP),FAMILIA_COMUNITARIA_AP,Total,_T,Ratio por profesional,RATIO_PROFESIONAL,981,,,
La Palma,ES707,2008,2008,Medicina Familia y Comunitaria - Atención primaria (AP),FAMILIA_COMUNITARIA_AP,Total,_T,Nº de profesionales de atención primaria (AP),NUMERO_PROFESIONALES_AP,49,,,
La Palma,ES707,2008,2008,Medicina Familia y Comunitaria - Atención primaria (AP),FAMILIA_COMUNITARIA_AP,Total,_T,Ratio por profesional,RATIO_PROFESIONAL,1302,,,
El Hierro,ES703,2008,2008,Medicina Familia y Comunitaria - Atención primaria (AP),FAMILIA_COMUNITARIA_AP,Total,_T,Nº de profesionales de atención primaria (AP),NUMERO_PROFESIONALES_AP,8,,,
El Hierro,ES703,2008,2008,Medicina Familia y Comunitaria - Atención primaria (AP),FAMILIA_COMUNITARIA_AP,Total,_T,Ratio por profesional,RATIO_PROFESIONAL,1000,,,
Canarias,ES70,2009,2009,Enfermería - Atención primaria (AP),ENFERMERIA_AP,Total,_T,Nº de profesionales de atención primaria (AP),NUMERO_PROFESIONALES_AP,1177,,,
Canarias,ES70,2009,2009,Enfermería - Atención primaria (AP),ENFERMERIA_AP,Total,_T,Ratio por profesional,RATIO_PROFESIONAL,1657,,,
Lanzarote,ES708,2009,2009,Enfermería - Atención primaria (AP),ENFERMERIA_AP,Total,_T,Nº de profesionales de atención primaria (AP),NUMERO_PROFESIONALES_AP,89,,,
Lanzarote,ES708,2009,2009,Enfermería - Atención primaria (AP),ENFERMERIA_AP,Total,_T,Ratio por profesional,RATIO_PROFESIONAL,1500,,,
Fuerteventura,ES704,2009,2009,Enfermería - Atención primaria (AP),ENFERMERIA_AP,Total,_T,Nº de profesionales de atención primaria (AP),NUMERO_PROFESIONALES_AP,66,,,
Fuerteventura,ES704,2009,2009,Enfermería - Atención primaria (AP),ENFERMERIA_AP,Total,_T,Ratio por profesional,RATIO_PROFESIONAL,1417,,,
Gran Canaria,ES705,2009,2009,Enfermería - Atención primaria (AP),ENFERMERIA_AP,Total,_T,Nº de profesionales de atención primaria (AP),NUMERO_PROFESIONALES_AP,481,,,
Gran Canaria,ES705,2009,2009,Enfermería - Atención primaria (AP),ENFERMERIA_AP,Total,_T,Ratio por profesional,RATIO_PROFESIONAL,1663,,,
Tenerife,ES709,2009,2009,Enfermería - Atención primaria (AP),ENFERMERIA_AP,Total,_T,Nº de profesionales de atención primaria (AP),NUMERO_PROFESIONALES_AP,457,,,
Tenerife,ES709,2009,2009,Enfermería - Atención primaria (AP),ENFERMERIA_AP,Total,_T,Ratio por profesional,RATIO_PROFESIONAL,1800,,,
La Gomera,ES706,2009,2009,Enfermería - Atención primaria (AP),ENFERMERIA_AP,Total,_T,Nº de profesionales de atención primaria (AP),NUMERO_PROFESIONALES_AP,17,,,
La Gomera,ES706,2009,2009,Enfermería - Atención primaria (AP),ENFERMERIA_AP,Total,_T,Ratio por profesional,RATIO_PROFESIONAL,1003,,,
La Palma,ES707,2009,2009,Enfermería - Atención primaria (AP),ENFERMERIA_AP,Total,_T,Nº de profesionales de atención primaria (AP),NUMERO_PROFESIONALES_AP,61,,,
La Palma,ES707,2009,2009,Enfermería - Atención primaria (AP),ENFERMERIA_AP,Total,_T,Ratio por profesional,RATIO_PROFESIONAL,1231,,,
El Hierro,ES703,2009,2009,Enfermería - Atención primaria (AP),ENFERMERIA_AP,Total,_T,Nº de profesionales de atención primaria (AP),NUMERO_PROFESIONALES_AP,6,,,
El Hierro,ES703,2009,2009,Enfermería - Atención primaria (AP),ENFERMERIA_AP,Total,_T,Ratio por profesional,RATIO_PROFESIONAL,1518,,,
Canarias,ES70,2009,2009,Pediatría - Atención primaria (AP),PEDIATRIA_AP,Total,_T,Nº de profesionales de atención primaria (AP),NUMERO_PROFESIONALES_AP,302,,,
Canarias,ES70,2009,2009,Pediatría - Atención primaria (AP),PEDIATRIA_AP,Total,_T,Ratio por profesional,RATIO_PROFESIONAL,956,,,
Lanzarote,ES708,2009,2009,Pediatría - Atención primaria (AP),PEDIATRIA_AP,Total,_T,Nº de profesionales de atención primaria (AP),NUMERO_PROFESIONALES_AP,19,,,
Lanzarote,ES708,2009,2009,Pediatría - Atención primaria (AP),PEDIATRIA_AP,Total,_T,Ratio por profesional,RATIO_PROFESIONAL,1196,,,
Fuerteventura,ES704,2009,2009,Pediatría - Atención primaria (AP),PEDIATRIA_AP,Total,_T,Nº de profesionales de atención primaria (AP),NUMERO_PROFESIONALES_AP,16,,,
Fuerteventura,ES704,2009,2009,Pediatría - Atención primaria (AP),PEDIATRIA_AP,Total,_T,Ratio por profesional,RATIO_PROFESIONAL,1061,,,
Gran Canaria,ES705,2009,2009,Pediatría - Atención primaria (AP),PEDIATRIA_AP,Total,_T,Nº de profesionales de atención primaria (AP),NUMERO_PROFESIONALES_AP,121,,,
Gran Canaria,ES705,2009,2009,Pediatría - Atención primaria (AP),PEDIATRIA_AP,Total,_T,Ratio por profesional,RATIO_PROFESIONAL,924,,,
Tenerife,ES709,2009,2009,Pediatría - Atención primaria (AP),PEDIATRIA_AP,Total,_T,Nº de profesionales de atención primaria (AP),NUMERO_PROFESIONALES_AP,131,,,
Tenerife,ES709,2009,2009,Pediatría - Atención primaria (AP),PEDIATRIA_AP,Total,_T,Ratio por profesional,RATIO_PROFESIONAL,951,,,
La Gomera,ES706,2009,2009,Pediatría - Atención primaria (AP),PEDIATRIA_AP,Total,_T,Nº de profesionales de atención primaria (AP),NUMERO_PROFESIONALES_AP,1,,,
La Gomera,ES706,2009,2009,Pediatría - Atención primaria (AP),PEDIATRIA_AP,Total,_T,Ratio por profesional,RATIO_PROFESIONAL,1183,,,
La Palma,ES707,2009,2009,Pediatría - Atención primaria (AP),PEDIATRIA_AP,Total,_T,Nº de profesionales de atención primaria (AP),NUMERO_PROFESIONALES_AP,13,,,
La Palma,ES707,2009,2009,Pediatría - Atención primaria (AP),PEDIATRIA_AP,Total,_T,Ratio por profesional,RATIO_PROFESIONAL,802,,,
El Hierro,ES703,2009,2009,Pediatría - Atención primaria (AP),PEDIATRIA_AP,Total,_T,Nº de profesionales de atención primaria (AP),NUMERO_PROFESIONALES_AP,1,,,
El Hierro,ES703,2009,2009,Pediatría - Atención primaria (AP),PEDIATRIA_AP,Total,_T,Ratio por profesional,RATIO_PROFESIONAL,906,,,
Canarias,ES70,2009,2009,Medicina Familia y Comunitaria - Atención primaria (AP),FAMILIA_COMUNITARIA_AP,Total,_T,Nº de profesionales de atención primaria (AP),NUMERO_PROFESIONALES_AP,1101,,,
Canarias,ES70,2009,2009,Medicina Familia y Comunitaria - Atención primaria (AP),FAMILIA_COMUNITARIA_AP,Total,_T,Ratio por profesional,RATIO_PROFESIONAL,1509,,,
Lanzarote,ES708,2009,2009,Medicina Familia y Comunitaria - Atención primaria (AP),FAMILIA_COMUNITARIA_AP,Total,_T,Nº de profesionales de atención primaria (AP),NUMERO_PROFESIONALES_AP,71,,,
Lanzarote,ES708,2009,2009,Medicina Familia y Comunitaria - Atención primaria (AP),FAMILIA_COMUNITARIA_AP,Total,_T,Ratio por profesional,RATIO_PROFESIONAL,1560,,,
Fuerteventura,ES704,2009,2009,Medicina Familia y Comunitaria - Atención primaria (AP),FAMILIA_COMUNITARIA_AP,Total,_T,Nº de profesionales de atención primaria (AP),NUMERO_PROFESIONALES_AP,55,,,
Fuerteventura,ES704,2009,2009,Medicina Familia y Comunitaria - Atención primaria (AP),FAMILIA_COMUNITARIA_AP,Total,_T,Ratio por profesional,RATIO_PROFESIONAL,1392,,,
Gran Canaria,ES705,2009,2009,Medicina Familia y Comunitaria - Atención primaria (AP),FAMILIA_COMUNITARIA_AP,Total,_T,Nº de profesionales de atención primaria (AP),NUMERO_PROFESIONALES_AP,452,,,
Gran Canaria,ES705,2009,2009,Medicina Familia y Comunitaria - Atención primaria (AP),FAMILIA_COMUNITARIA_AP,Total,_T,Ratio por profesional,RATIO_PROFESIONAL,1522,,,
Tenerife,ES709,2009,2009,Medicina Familia y Comunitaria - Atención primaria (AP),FAMILIA_COMUNITARIA_AP,Total,_T,Nº de profesionales de atención primaria (AP),NUMERO_PROFESIONALES_AP,450,,,
Tenerife,ES709,2009,2009,Medicina Familia y Comunitaria - Atención primaria (AP),FAMILIA_COMUNITARIA_AP,Total,_T,Ratio por profesional,RATIO_PROFESIONAL,1151,,,
La Gomera,ES706,2009,2009,Medicina Familia y Comunitaria - Atención primaria (AP),FAMILIA_COMUNITARIA_AP,Total,_T,Nº de profesionales de atención primaria (AP),NUMERO_PROFESIONALES_AP,16,,,
La Gomera,ES706,2009,2009,Medicina Familia y Comunitaria - Atención primaria (AP),FAMILIA_COMUNITARIA_AP,Total,_T,Ratio por profesional,RATIO_PROFESIONAL,992,,,
La Palma,ES707,2009,2009,Medicina Familia y Comunitaria - Atención primaria (AP),FAMILIA_COMUNITARIA_AP,Total,_T,Nº de profesionales de atención primaria (AP),NUMERO_PROFESIONALES_AP,49,,,
La Palma,ES707,2009,2009,Medicina Familia y Comunitaria - Atención primaria (AP),FAMILIA_COMUNITARIA_AP,Total,_T,Ratio por profesional,RATIO_PROFESIONAL,1320,,,
El Hierro,ES703,2009,2009,Medicina Familia y Comunitaria - Atención primaria (AP),FAMILIA_COMUNITARIA_AP,Total,_T,Nº de profesionales de atención primaria (AP),NUMERO_PROFESIONALES_AP,8,,,
El Hierro,ES703,2009,2009,Medicina Familia y Comunitaria - Atención primaria (AP),FAMILIA_COMUNITARIA_AP,Total,_T,Ratio por profesional,RATIO_PROFESIONAL,1025,,,
Canarias,ES70,2010,2010,Enfermería - Atención primaria (AP),ENFERMERIA_AP,Total,_T,Nº de profesionales de atención primaria (AP),NUMERO_PROFESIONALES_AP,1170,,,
Canarias,ES70,2010,2010,Enfermería - Atención primaria (AP),ENFERMERIA_AP,Total,_T,Ratio por profesional,RATIO_PROFESIONAL,1678,,,
Lanzarote,ES708,2010,2010,Enfermería - Atención primaria (AP),ENFERMERIA_AP,Total,_T,Nº de profesionales de atención primaria (AP),NUMERO_PROFESIONALES_AP,89,,,
Lanzarote,ES708,2010,2010,Enfermería - Atención primaria (AP),ENFERMERIA_AP,Total,_T,Ratio por profesional,RATIO_PROFESIONAL,1509,,,
Fuerteventura,ES704,2010,2010,Enfermería - Atención primaria (AP),ENFERMERIA_AP,Total,_T,Nº de profesionales de atención primaria (AP),NUMERO_PROFESIONALES_AP,66,,,
Fuerteventura,ES704,2010,2010,Enfermería - Atención primaria (AP),ENFERMERIA_AP,Total,_T,Ratio por profesional,RATIO_PROFESIONAL,1417,,,
Gran Canaria,ES705,2010,2010,Enfermería - Atención primaria (AP),ENFERMERIA_AP,Total,_T,Nº de profesionales de atención primaria (AP),NUMERO_PROFESIONALES_AP,478,,,
Gran Canaria,ES705,2010,2010,Enfermería - Atención primaria (AP),ENFERMERIA_AP,Total,_T,Ratio por profesional,RATIO_PROFESIONAL,1685,,,
Tenerife,ES709,2010,2010,Enfermería - Atención primaria (AP),ENFERMERIA_AP,Total,_T,Nº de profesionales de atención primaria (AP),NUMERO_PROFESIONALES_AP,453,,,
Tenerife,ES709,2010,2010,Enfermería - Atención primaria (AP),ENFERMERIA_AP,Total,_T,Ratio por profesional,RATIO_PROFESIONAL,1829,,,
La Gomera,ES706,2010,2010,Enfermería - Atención primaria (AP),ENFERMERIA_AP,Total,_T,Nº de profesionales de atención primaria (AP),NUMERO_PROFESIONALES_AP,17,,,
La Gomera,ES706,2010,2010,Enfermería - Atención primaria (AP),ENFERMERIA_AP,Total,_T,Ratio por profesional,RATIO_PROFESIONAL,976,,,
La Palma,ES707,2010,2010,Enfermería - Atención primaria (AP),ENFERMERIA_AP,Total,_T,Nº de profesionales de atención primaria (AP),NUMERO_PROFESIONALES_AP,61,,,
La Palma,ES707,2010,2010,Enfermería - Atención primaria (AP),ENFERMERIA_AP,Total,_T,Ratio por profesional,RATIO_PROFESIONAL,1233,,,
El Hierro,ES703,2010,2010,Enfermería - Atención primaria (AP),ENFERMERIA_AP,Total,_T,Nº de profesionales de atención primaria (AP),NUMERO_PROFESIONALES_AP,6,,,
El Hierro,ES703,2010,2010,Enfermería - Atención primaria (AP),ENFERMERIA_AP,Total,_T,Ratio por profesional,RATIO_PROFESIONAL,1533,,,
Canarias,ES70,2010,2010,Pediatría - Atención primaria (AP),PEDIATRIA_AP,Total,_T,Nº de profesionales de atención primaria (AP),NUMERO_PROFESIONALES_AP,306,,,
Canarias,ES70,2010,2010,Pediatría - Atención primaria (AP),PEDIATRIA_AP,Total,_T,Ratio por profesional,RATIO_PROFESIONAL,943,,,
Lanzarote,ES708,2010,2010,Pediatría - Atención primaria (AP),PEDIATRIA_AP,Total,_T,Nº de profesionales de atención primaria (AP),NUMERO_PROFESIONALES_AP,19,,,
Lanzarote,ES708,2010,2010,Pediatría - Atención primaria (AP),PEDIATRIA_AP,Total,_T,Ratio por profesional,RATIO_PROFESIONAL,1205,,,
Fuerteventura,ES704,2010,2010,Pediatría - Atención primaria (AP),PEDIATRIA_AP,Total,_T,Nº de profesionales de atención primaria (AP),NUMERO_PROFESIONALES_AP,16,,,
Fuerteventura,ES704,2010,2010,Pediatría - Atención primaria (AP),PEDIATRIA_AP,Total,_T,Ratio por profesional,RATIO_PROFESIONAL,1063,,,
Gran Canaria,ES705,2010,2010,Pediatría - Atención primaria (AP),PEDIATRIA_AP,Total,_T,Nº de profesionales de atención primaria (AP),NUMERO_PROFESIONALES_AP,121,,,
Gran Canaria,ES705,2010,2010,Pediatría - Atención primaria (AP),PEDIATRIA_AP,Total,_T,Ratio por profesional,RATIO_PROFESIONAL,923,,,
Tenerife,ES709,2010,2010,Pediatría - Atención primaria (AP),PEDIATRIA_AP,Total,_T,Nº de profesionales de atención primaria (AP),NUMERO_PROFESIONALES_AP,135,,,
Tenerife,ES709,2010,2010,Pediatría - Atención primaria (AP),PEDIATRIA_AP,Total,_T,Ratio por profesional,RATIO_PROFESIONAL,921,,,
La Gomera,ES706,2010,2010,Pediatría - Atención primaria (AP),PEDIATRIA_AP,Total,_T,Nº de profesionales de atención primaria (AP),NUMERO_PROFESIONALES_AP,1,,,
La Gomera,ES706,2010,2010,Pediatría - Atención primaria (AP),PEDIATRIA_AP,Total,_T,Ratio por profesional,RATIO_PROFESIONAL,1188,,,
La Palma,ES707,2010,2010,Pediatría - Atención primaria (AP),PEDIATRIA_AP,Total,_T,Nº de profesionales de atención primaria (AP),NUMERO_PROFESIONALES_AP,13,,,
La Palma,ES707,2010,2010,Pediatría - Atención primaria (AP),PEDIATRIA_AP,Total,_T,Ratio por profesional,RATIO_PROFESIONAL,804,,,
El Hierro,ES703,2010,2010,Pediatría - Atención primaria (AP),PEDIATRIA_AP,Total,_T,Nº de profesionales de atención primaria (AP),NUMERO_PROFESIONALES_AP,1,,,
El Hierro,ES703,2010,2010,Pediatría - Atención primaria (AP),PEDIATRIA_AP,Total,_T,Ratio por profesional,RATIO_PROFESIONAL,893,,,
Canarias,ES70,2010,2010,Medicina Familia y Comunitaria - Atención primaria (AP),FAMILIA_COMUNITARIA_AP,Total,_T,Nº de profesionales de atención primaria (AP),NUMERO_PROFESIONALES_AP,1141,,,
Canarias,ES70,2010,2010,Medicina Familia y Comunitaria - Atención primaria (AP),FAMILIA_COMUNITARIA_AP,Total,_T,Ratio por profesional,RATIO_PROFESIONAL,1467,,,
Lanzarote,ES708,2010,2010,Medicina Familia y Comunitaria - Atención primaria (AP),FAMILIA_COMUNITARIA_AP,Total,_T,Nº de profesionales de atención primaria (AP),NUMERO_PROFESIONALES_AP,72,,,
Lanzarote,ES708,2010,2010,Medicina Familia y Comunitaria - Atención primaria (AP),FAMILIA_COMUNITARIA_AP,Total,_T,Ratio por profesional,RATIO_PROFESIONAL,1547,,,
Fuerteventura,ES704,2010,2010,Medicina Familia y Comunitaria - Atención primaria (AP),FAMILIA_COMUNITARIA_AP,Total,_T,Nº de profesionales de atención primaria (AP),NUMERO_PROFESIONALES_AP,55,,,
Fuerteventura,ES704,2010,2010,Medicina Familia y Comunitaria - Atención primaria (AP),FAMILIA_COMUNITARIA_AP,Total,_T,Ratio por profesional,RATIO_PROFESIONAL,1391,,,
Gran Canaria,ES705,2010,2010,Medicina Familia y Comunitaria - Atención primaria (AP),FAMILIA_COMUNITARIA_AP,Total,_T,Nº de profesionales de atención primaria (AP),NUMERO_PROFESIONALES_AP,471,,,
Gran Canaria,ES705,2010,2010,Medicina Familia y Comunitaria - Atención primaria (AP),FAMILIA_COMUNITARIA_AP,Total,_T,Ratio por profesional,RATIO_PROFESIONAL,1473,,,
Tenerife,ES709,2010,2010,Medicina Familia y Comunitaria - Atención primaria (AP),FAMILIA_COMUNITARIA_AP,Total,_T,Nº de profesionales de atención primaria (AP),NUMERO_PROFESIONALES_AP,469,,,
Tenerife,ES709,2010,2010,Medicina Familia y Comunitaria - Atención primaria (AP),FAMILIA_COMUNITARIA_AP,Total,_T,Ratio por profesional,RATIO_PROFESIONAL,1502,,,
La Gomera,ES706,2010,2010,Medicina Familia y Comunitaria - Atención primaria (AP),FAMILIA_COMUNITARIA_AP,Total,_T,Nº de profesionales de atención primaria (AP),NUMERO_PROFESIONALES_AP,17,,,
La Gomera,ES706,2010,2010,Medicina Familia y Comunitaria - Atención primaria (AP),FAMILIA_COMUNITARIA_AP,Total,_T,Ratio por profesional,RATIO_PROFESIONAL,906,,,
La Palma,ES707,2010,2010,Medicina Familia y Comunitaria - Atención primaria (AP),FAMILIA_COMUNITARIA_AP,Total,_T,Nº de profesionales de atención primaria (AP),NUMERO_PROFESIONALES_AP,49,,,
La Palma,ES707,2010,2010,Medicina Familia y Comunitaria - Atención primaria (AP),FAMILIA_COMUNITARIA_AP,Total,_T,Ratio por profesional,RATIO_PROFESIONAL,1321,,,
El Hierro,ES703,2010,2010,Medicina Familia y Comunitaria - Atención primaria (AP),FAMILIA_COMUNITARIA_AP,Total,_T,Nº de profesionales de atención primaria (AP),NUMERO_PROFESIONALES_AP,8,,,
El Hierro,ES703,2010,2010,Medicina Familia y Comunitaria - Atención primaria (AP),FAMILIA_COMUNITARIA_AP,Total,_T,Ratio por profesional,RATIO_PROFESIONAL,1038,,,
Canarias,ES70,2011,2011,Enfermería - Atención primaria (AP),ENFERMERIA_AP,Total,_T,Nº de profesionales de atención primaria (AP),NUMERO_PROFESIONALES_AP,1193,,,
Canarias,ES70,2011,2011,Enfermería - Atención primaria (AP),ENFERMERIA_AP,Total,_T,Ratio por profesional,RATIO_PROFESIONAL,1652,,,
Lanzarote,ES708,2011,2011,Enfermería - Atención primaria (AP),ENFERMERIA_AP,Total,_T,Nº de profesionales de atención primaria (AP),NUMERO_PROFESIONALES_AP,91,,,
Lanzarote,ES708,2011,2011,Enfermería - Atención primaria (AP),ENFERMERIA_AP,Total,_T,Ratio por profesional,RATIO_PROFESIONAL,1483,,,
Fuerteventura,ES704,2011,2011,Enfermería - Atención primaria (AP),ENFERMERIA_AP,Total,_T,Nº de profesionales de atención primaria (AP),NUMERO_PROFESIONALES_AP,68,,,
Fuerteventura,ES704,2011,2011,Enfermería - Atención primaria (AP),ENFERMERIA_AP,Total,_T,Ratio por profesional,RATIO_PROFESIONAL,1392,,,
Gran Canaria,ES705,2011,2011,Enfermería - Atención primaria (AP),ENFERMERIA_AP,Total,_T,Nº de profesionales de atención primaria (AP),NUMERO_PROFESIONALES_AP,484,,,
Gran Canaria,ES705,2011,2011,Enfermería - Atención primaria (AP),ENFERMERIA_AP,Total,_T,Ratio por profesional,RATIO_PROFESIONAL,1671,,,
Tenerife,ES709,2011,2011,Enfermería - Atención primaria (AP),ENFERMERIA_AP,Total,_T,Nº de profesionales de atención primaria (AP),NUMERO_PROFESIONALES_AP,465,,,
Tenerife,ES709,2011,2011,Enfermería - Atención primaria (AP),ENFERMERIA_AP,Total,_T,Ratio por profesional,RATIO_PROFESIONAL,1787,,,
La Gomera,ES706,2011,2011,Enfermería - Atención primaria (AP),ENFERMERIA_AP,Total,_T,Nº de profesionales de atención primaria (AP),NUMERO_PROFESIONALES_AP,17,,,
La Gomera,ES706,2011,2011,Enfermería - Atención primaria (AP),ENFERMERIA_AP,Total,_T,Ratio por profesional,RATIO_PROFESIONAL,974,,,
La Palma,ES707,2011,2011,Enfermería - Atención primaria (AP),ENFERMERIA_AP,Total,_T,Nº de profesionales de atención primaria (AP),NUMERO_PROFESIONALES_AP,62,,,
La Palma,ES707,2011,2011,Enfermería - Atención primaria (AP),ENFERMERIA_AP,Total,_T,Ratio por profesional,RATIO_PROFESIONAL,1215,,,
El Hierro,ES703,2011,2011,Enfermería - Atención primaria (AP),ENFERMERIA_AP,Total,_T,Nº de profesionales de atención primaria (AP),NUMERO_PROFESIONALES_AP,6,,,
El Hierro,ES703,2011,2011,Enfermería - Atención primaria (AP),ENFERMERIA_AP,Total,_T,Ratio por profesional,RATIO_PROFESIONAL,1532,,,
Canarias,ES70,2011,2011,Pediatría - Atención primaria (AP),PEDIATRIA_AP,Total,_T,Nº de profesionales de atención primaria (AP),NUMERO_PROFESIONALES_AP,309,,,
Canarias,ES70,2011,2011,Pediatría - Atención primaria (AP),PEDIATRIA_AP,Total,_T,Ratio por profesional,RATIO_PROFESIONAL,931,,,
Lanzarote,ES708,2011,2011,Pediatría - Atención primaria (AP),PEDIATRIA_AP,Total,_T,Nº de profesionales de atención primaria (AP),NUMERO_PROFESIONALES_AP,20,,,
Lanzarote,ES708,2011,2011,Pediatría - Atención primaria (AP),PEDIATRIA_AP,Total,_T,Ratio por profesional,RATIO_PROFESIONAL,1157,,,
Fuerteventura,ES704,2011,2011,Pediatría - Atención primaria (AP),PEDIATRIA_AP,Total,_T,Nº de profesionales de atención primaria (AP),NUMERO_PROFESIONALES_AP,16,,,
Fuerteventura,ES704,2011,2011,Pediatría - Atención primaria (AP),PEDIATRIA_AP,Total,_T,Ratio por profesional,RATIO_PROFESIONAL,1074,,,
Gran Canaria,ES705,2011,2011,Pediatría - Atención primaria (AP),PEDIATRIA_AP,Total,_T,Nº de profesionales de atención primaria (AP),NUMERO_PROFESIONALES_AP,120,,,
Gran Canaria,ES705,2011,2011,Pediatría - Atención primaria (AP),PEDIATRIA_AP,Total,_T,Ratio por profesional,RATIO_PROFESIONAL,924,,,
Tenerife,ES709,2011,2011,Pediatría - Atención primaria (AP),PEDIATRIA_AP,Total,_T,Nº de profesionales de atención primaria (AP),NUMERO_PROFESIONALES_AP,138,,,
Tenerife,ES709,2011,2011,Pediatría - Atención primaria (AP),PEDIATRIA_AP,Total,_T,Ratio por profesional,RATIO_PROFESIONAL,898,,,
La Gomera,ES706,2011,2011,Pediatría - Atención primaria (AP),PEDIATRIA_AP,Total,_T,Nº de profesionales de atención primaria (AP),NUMERO_PROFESIONALES_AP,1,,,
La Gomera,ES706,2011,2011,Pediatría - Atención primaria (AP),PEDIATRIA_AP,Total,_T,Ratio por profesional,RATIO_PROFESIONAL,1196,,,
La Palma,ES707,2011,2011,Pediatría - Atención primaria (AP),PEDIATRIA_AP,Total,_T,Nº de profesionales de atención primaria (AP),NUMERO_PROFESIONALES_AP,13,,,
La Palma,ES707,2011,2011,Pediatría - Atención primaria (AP),PEDIATRIA_AP,Total,_T,Ratio por profesional,RATIO_PROFESIONAL,799,,,
El Hierro,ES703,2011,2011,Pediatría - Atención primaria (AP),PEDIATRIA_AP,Total,_T,Nº de profesionales de atención primaria (AP),NUMERO_PROFESIONALES_AP,1,,,
El Hierro,ES703,2011,2011,Pediatría - Atención primaria (AP),PEDIATRIA_AP,Total,_T,Ratio por profesional,RATIO_PROFESIONAL,917,,,
Canarias,ES70,2011,2011,Medicina Familia y Comunitaria - Atención primaria (AP),FAMILIA_COMUNITARIA_AP,Total,_T,Nº de profesionales de atención primaria (AP),NUMERO_PROFESIONALES_AP,1159,,,
Canarias,ES70,2011,2011,Medicina Familia y Comunitaria - Atención primaria (AP),FAMILIA_COMUNITARIA_AP,Total,_T,Ratio por profesional,RATIO_PROFESIONAL,1452,,,
Lanzarote,ES708,2011,2011,Medicina Familia y Comunitaria - Atención primaria (AP),FAMILIA_COMUNITARIA_AP,Total,_T,Nº de profesionales de atención primaria (AP),NUMERO_PROFESIONALES_AP,78,,,
Lanzarote,ES708,2011,2011,Medicina Familia y Comunitaria - Atención primaria (AP),FAMILIA_COMUNITARIA_AP,Total,_T,Ratio por profesional,RATIO_PROFESIONAL,1433,,,
Fuerteventura,ES704,2011,2011,Medicina Familia y Comunitaria - Atención primaria (AP),FAMILIA_COMUNITARIA_AP,Total,_T,Nº de profesionales de atención primaria (AP),NUMERO_PROFESIONALES_AP,55,,,
Fuerteventura,ES704,2011,2011,Medicina Familia y Comunitaria - Atención primaria (AP),FAMILIA_COMUNITARIA_AP,Total,_T,Ratio por profesional,RATIO_PROFESIONAL,1408,,,
Gran Canaria,ES705,2011,2011,Medicina Familia y Comunitaria - Atención primaria (AP),FAMILIA_COMUNITARIA_AP,Total,_T,Nº de profesionales de atención primaria (AP),NUMERO_PROFESIONALES_AP,476,,,
Gran Canaria,ES705,2011,2011,Medicina Familia y Comunitaria - Atención primaria (AP),FAMILIA_COMUNITARIA_AP,Total,_T,Ratio por profesional,RATIO_PROFESIONAL,1466,,,
Tenerife,ES709,2011,2011,Medicina Familia y Comunitaria - Atención primaria (AP),FAMILIA_COMUNITARIA_AP,Total,_T,Nº de profesionales de atención primaria (AP),NUMERO_PROFESIONALES_AP,476,,,
Tenerife,ES709,2011,2011,Medicina Familia y Comunitaria - Atención primaria (AP),FAMILIA_COMUNITARIA_AP,Total,_T,Ratio por profesional,RATIO_PROFESIONAL,1486,,,
La Gomera,ES706,2011,2011,Medicina Familia y Comunitaria - Atención primaria (AP),FAMILIA_COMUNITARIA_AP,Total,_T,Nº de profesionales de atención primaria (AP),NUMERO_PROFESIONALES_AP,17,,,
La Gomera,ES706,2011,2011,Medicina Familia y Comunitaria - Atención primaria (AP),FAMILIA_COMUNITARIA_AP,Total,_T,Ratio por profesional,RATIO_PROFESIONAL,904,,,
La Palma,ES707,2011,2011,Medicina Familia y Comunitaria - Atención primaria (AP),FAMILIA_COMUNITARIA_AP,Total,_T,Nº de profesionales de atención primaria (AP),NUMERO_PROFESIONALES_AP,49,,,
La Palma,ES707,2011,2011,Medicina Familia y Comunitaria - Atención primaria (AP),FAMILIA_COMUNITARIA_AP,Total,_T,Ratio por profesional,RATIO_PROFESIONAL,1326,,,
El Hierro,ES703,2011,2011,Medicina Familia y Comunitaria - Atención primaria (AP),FAMILIA_COMUNITARIA_AP,Total,_T,Nº de profesionales de atención primaria (AP),NUMERO_PROFESIONALES_AP,8,,,
El Hierro,ES703,2011,2011,Medicina Familia y Comunitaria - Atención primaria (AP),FAMILIA_COMUNITARIA_AP,Total,_T,Ratio por profesional,RATIO_PROFESIONAL,1034,,,
Canarias,ES70,2012,2012,Enfermería - Atención primaria (AP),ENFERMERIA_AP,Total,_T,Nº de profesionales de atención primaria (AP),NUMERO_PROFESIONALES_AP,1195,,,
Canarias,ES70,2012,2012,Enfermería - Atención primaria (AP),ENFERMERIA_AP,Total,_T,Ratio por profesional,RATIO_PROFESIONAL,1603,,,
Lanzarote,ES708,2012,2012,Enfermería - Atención primaria (AP),ENFERMERIA_AP,Total,_T,Nº de profesionales de atención primaria (AP),NUMERO_PROFESIONALES_AP,91,,,
Lanzarote,ES708,2012,2012,Enfermería - Atención primaria (AP),ENFERMERIA_AP,Total,_T,Ratio por profesional,RATIO_PROFESIONAL,1409,,,
Fuerteventura,ES704,2012,2012,Enfermería - Atención primaria (AP),ENFERMERIA_AP,Total,_T,Nº de profesionales de atención primaria (AP),NUMERO_PROFESIONALES_AP,68,,,
Fuerteventura,ES704,2012,2012,Enfermería - Atención primaria (AP),ENFERMERIA_AP,Total,_T,Ratio por profesional,RATIO_PROFESIONAL,1325,,,
Gran Canaria,ES705,2012,2012,Enfermería - Atención primaria (AP),ENFERMERIA_AP,Total,_T,Nº de profesionales de atención primaria (AP),NUMERO_PROFESIONALES_AP,486,,,
Gran Canaria,ES705,2012,2012,Enfermería - Atención primaria (AP),ENFERMERIA_AP,Total,_T,Ratio por profesional,RATIO_PROFESIONAL,1625,,,
Tenerife,ES709,2012,2012,Enfermería - Atención primaria (AP),ENFERMERIA_AP,Total,_T,Nº de profesionales de atención primaria (AP),NUMERO_PROFESIONALES_AP,465,,,
Tenerife,ES709,2012,2012,Enfermería - Atención primaria (AP),ENFERMERIA_AP,Total,_T,Ratio por profesional,RATIO_PROFESIONAL,1739,,,
La Gomera,ES706,2012,2012,Enfermería - Atención primaria (AP),ENFERMERIA_AP,Total,_T,Nº de profesionales de atención primaria (AP),NUMERO_PROFESIONALES_AP,17,,,
La Gomera,ES706,2012,2012,Enfermería - Atención primaria (AP),ENFERMERIA_AP,Total,_T,Ratio por profesional,RATIO_PROFESIONAL,959,,,
La Palma,ES707,2012,2012,Enfermería - Atención primaria (AP),ENFERMERIA_AP,Total,_T,Nº de profesionales de atención primaria (AP),NUMERO_PROFESIONALES_AP,62,,,
La Palma,ES707,2012,2012,Enfermería - Atención primaria (AP),ENFERMERIA_AP,Total,_T,Ratio por profesional,RATIO_PROFESIONAL,1194,,,
El Hierro,ES703,2012,2012,Enfermería - Atención primaria (AP),ENFERMERIA_AP,Total,_T,Nº de profesionales de atención primaria (AP),NUMERO_PROFESIONALES_AP,6,,,
El Hierro,ES703,2012,2012,Enfermería - Atención primaria (AP),ENFERMERIA_AP,Total,_T,Ratio por profesional,RATIO_PROFESIONAL,1495,,,
Canarias,ES70,2012,2012,Pediatría - Atención primaria (AP),PEDIATRIA_AP,Total,_T,Nº de profesionales de atención primaria (AP),NUMERO_PROFESIONALES_AP,311,,,
Canarias,ES70,2012,2012,Pediatría - Atención primaria (AP),PEDIATRIA_AP,Total,_T,Ratio por profesional,RATIO_PROFESIONAL,913,,,
Lanzarote,ES708,2012,2012,Pediatría - Atención primaria (AP),PEDIATRIA_AP,Total,_T,Nº de profesionales de atención primaria (AP),NUMERO_PROFESIONALES_AP,21,,,
Lanzarote,ES708,2012,2012,Pediatría - Atención primaria (AP),PEDIATRIA_AP,Total,_T,Ratio por profesional,RATIO_PROFESIONAL,1092,,,
Fuerteventura,ES704,2012,2012,Pediatría - Atención primaria (AP),PEDIATRIA_AP,Total,_T,Nº de profesionales de atención primaria (AP),NUMERO_PROFESIONALES_AP,16,,,
Fuerteventura,ES704,2012,2012,Pediatría - Atención primaria (AP),PEDIATRIA_AP,Total,_T,Ratio por profesional,RATIO_PROFESIONAL,1074,,,
Gran Canaria,ES705,2012,2012,Pediatría - Atención primaria (AP),PEDIATRIA_AP,Total,_T,Nº de profesionales de atención primaria (AP),NUMERO_PROFESIONALES_AP,120,,,
Gran Canaria,ES705,2012,2012,Pediatría - Atención primaria (AP),PEDIATRIA_AP,Total,_T,Ratio por profesional,RATIO_PROFESIONAL,910,,,
Tenerife,ES709,2012,2012,Pediatría - Atención primaria (AP),PEDIATRIA_AP,Total,_T,Nº de profesionales de atención primaria (AP),NUMERO_PROFESIONALES_AP,139,,,
Tenerife,ES709,2012,2012,Pediatría - Atención primaria (AP),PEDIATRIA_AP,Total,_T,Ratio por profesional,RATIO_PROFESIONAL,881,,,
La Gomera,ES706,2012,2012,Pediatría - Atención primaria (AP),PEDIATRIA_AP,Total,_T,Nº de profesionales de atención primaria (AP),NUMERO_PROFESIONALES_AP,1,,,
La Gomera,ES706,2012,2012,Pediatría - Atención primaria (AP),PEDIATRIA_AP,Total,_T,Ratio por profesional,RATIO_PROFESIONAL,1156,,,
La Palma,ES707,2012,2012,Pediatría - Atención primaria (AP),PEDIATRIA_AP,Total,_T,Nº de profesionales de atención primaria (AP),NUMERO_PROFESIONALES_AP,13,,,
La Palma,ES707,2012,2012,Pediatría - Atención primaria (AP),PEDIATRIA_AP,Total,_T,Ratio por profesional,RATIO_PROFESIONAL,783,,,
El Hierro,ES703,2012,2012,Pediatría - Atención primaria (AP),PEDIATRIA_AP,Total,_T,Nº de profesionales de atención primaria (AP),NUMERO_PROFESIONALES_AP,1,,,
El Hierro,ES703,2012,2012,Pediatría - Atención primaria (AP),PEDIATRIA_AP,Total,_T,Ratio por profesional,RATIO_PROFESIONAL,899,,,
Canarias,ES70,2012,2012,Medicina Familia y Comunitaria - Atención primaria (AP),FAMILIA_COMUNITARIA_AP,Total,_T,Nº de profesionales de atención primaria (AP),NUMERO_PROFESIONALES_AP,1168,,,
Canarias,ES70,2012,2012,Medicina Familia y Comunitaria - Atención primaria (AP),FAMILIA_COMUNITARIA_AP,Total,_T,Ratio por profesional,RATIO_PROFESIONAL,1397,,,
Lanzarote,ES708,2012,2012,Medicina Familia y Comunitaria - Atención primaria (AP),FAMILIA_COMUNITARIA_AP,Total,_T,Nº de profesionales de atención primaria (AP),NUMERO_PROFESIONALES_AP,78,,,
Lanzarote,ES708,2012,2012,Medicina Familia y Comunitaria - Atención primaria (AP),FAMILIA_COMUNITARIA_AP,Total,_T,Ratio por profesional,RATIO_PROFESIONAL,1350,,,
Fuerteventura,ES704,2012,2012,Medicina Familia y Comunitaria - Atención primaria (AP),FAMILIA_COMUNITARIA_AP,Total,_T,Nº de profesionales de atención primaria (AP),NUMERO_PROFESIONALES_AP,55,,,
Fuerteventura,ES704,2012,2012,Medicina Familia y Comunitaria - Atención primaria (AP),FAMILIA_COMUNITARIA_AP,Total,_T,Ratio por profesional,RATIO_PROFESIONAL,1326,,,
Gran Canaria,ES705,2012,2012,Medicina Familia y Comunitaria - Atención primaria (AP),FAMILIA_COMUNITARIA_AP,Total,_T,Nº de profesionales de atención primaria (AP),NUMERO_PROFESIONALES_AP,481,,,
Gran Canaria,ES705,2012,2012,Medicina Familia y Comunitaria - Atención primaria (AP),FAMILIA_COMUNITARIA_AP,Total,_T,Ratio por profesional,RATIO_PROFESIONAL,1414,,,
Tenerife,ES709,2012,2012,Medicina Familia y Comunitaria - Atención primaria (AP),FAMILIA_COMUNITARIA_AP,Total,_T,Nº de profesionales de atención primaria (AP),NUMERO_PROFESIONALES_AP,480,,,
Tenerife,ES709,2012,2012,Medicina Familia y Comunitaria - Atención primaria (AP),FAMILIA_COMUNITARIA_AP,Total,_T,Ratio por profesional,RATIO_PROFESIONAL,1429,,,
La Gomera,ES706,2012,2012,Medicina Familia y Comunitaria - Atención primaria (AP),FAMILIA_COMUNITARIA_AP,Total,_T,Nº de profesionales de atención primaria (AP),NUMERO_PROFESIONALES_AP,17,,,
La Gomera,ES706,2012,2012,Medicina Familia y Comunitaria - Atención primaria (AP),FAMILIA_COMUNITARIA_AP,Total,_T,Ratio por profesional,RATIO_PROFESIONAL,891,,,
La Palma,ES707,2012,2012,Medicina Familia y Comunitaria - Atención primaria (AP),FAMILIA_COMUNITARIA_AP,Total,_T,Nº de profesionales de atención primaria (AP),NUMERO_PROFESIONALES_AP,49,,,
La Palma,ES707,2012,2012,Medicina Familia y Comunitaria - Atención primaria (AP),FAMILIA_COMUNITARIA_AP,Total,_T,Ratio por profesional,RATIO_PROFESIONAL,1303,,,
El Hierro,ES703,2012,2012,Medicina Familia y Comunitaria - Atención primaria (AP),FAMILIA_COMUNITARIA_AP,Total,_T,Nº de profesionales de atención primaria (AP),NUMERO_PROFESIONALES_AP,8,,,
El Hierro,ES703,2012,2012,Medicina Familia y Comunitaria - Atención primaria (AP),FAMILIA_COMUNITARIA_AP,Total,_T,Ratio por profesional,RATIO_PROFESIONAL,1009,,,
Canarias,ES70,2013,2013,Enfermería - Atención primaria (AP),ENFERMERIA_AP,Total,_T,Nº de profesionales de atención primaria (AP),NUMERO_PROFESIONALES_AP,1196,,,
Canarias,ES70,2013,2013,Enfermería - Atención primaria (AP),ENFERMERIA_AP,Total,_T,Ratio por profesional,RATIO_PROFESIONAL,1614,,,
Lanzarote,ES708,2013,2013,Enfermería - Atención primaria (AP),ENFERMERIA_AP,Total,_T,Nº de profesionales de atención primaria (AP),NUMERO_PROFESIONALES_AP,91,,,
Lanzarote,ES708,2013,2013,Enfermería - Atención primaria (AP),ENFERMERIA_AP,Total,_T,Ratio por profesional,RATIO_PROFESIONAL,1431,,,
Fuerteventura,ES704,2013,2013,Enfermería - Atención primaria (AP),ENFERMERIA_AP,Total,_T,Nº de profesionales de atención primaria (AP),NUMERO_PROFESIONALES_AP,68,,,
Fuerteventura,ES704,2013,2013,Enfermería - Atención primaria (AP),ENFERMERIA_AP,Total,_T,Ratio por profesional,RATIO_PROFESIONAL,1356,,,
Gran Canaria,ES705,2013,2013,Enfermería - Atención primaria (AP),ENFERMERIA_AP,Total,_T,Nº de profesionales de atención primaria (AP),NUMERO_PROFESIONALES_AP,487,,,
Gran Canaria,ES705,2013,2013,Enfermería - Atención primaria (AP),ENFERMERIA_AP,Total,_T,Ratio por profesional,RATIO_PROFESIONAL,1628,,,
Tenerife,ES709,2013,2013,Enfermería - Atención primaria (AP),ENFERMERIA_AP,Total,_T,Nº de profesionales de atención primaria (AP),NUMERO_PROFESIONALES_AP,465,,,
Tenerife,ES709,2013,2013,Enfermería - Atención primaria (AP),ENFERMERIA_AP,Total,_T,Ratio por profesional,RATIO_PROFESIONAL,1756,,,
La Gomera,ES706,2013,2013,Enfermería - Atención primaria (AP),ENFERMERIA_AP,Total,_T,Nº de profesionales de atención primaria (AP),NUMERO_PROFESIONALES_AP,17,,,
La Gomera,ES706,2013,2013,Enfermería - Atención primaria (AP),ENFERMERIA_AP,Total,_T,Ratio por profesional,RATIO_PROFESIONAL,955,,,
La Palma,ES707,2013,2013,Enfermería - Atención primaria (AP),ENFERMERIA_AP,Total,_T,Nº de profesionales de atención primaria (AP),NUMERO_PROFESIONALES_AP,62,,,
La Palma,ES707,2013,2013,Enfermería - Atención primaria (AP),ENFERMERIA_AP,Total,_T,Ratio por profesional,RATIO_PROFESIONAL,1189,,,
El Hierro,ES703,2013,2013,Enfermería - Atención primaria (AP),ENFERMERIA_AP,Total,_T,Nº de profesionales de atención primaria (AP),NUMERO_PROFESIONALES_AP,6,,,
El Hierro,ES703,2013,2013,Enfermería - Atención primaria (AP),ENFERMERIA_AP,Total,_T,Ratio por profesional,RATIO_PROFESIONAL,1504,,,
Canarias,ES70,2013,2013,Pediatría - Atención primaria (AP),PEDIATRIA_AP,Total,_T,Nº de profesionales de atención primaria (AP),NUMERO_PROFESIONALES_AP,312,,,
Canarias,ES70,2013,2013,Pediatría - Atención primaria (AP),PEDIATRIA_AP,Total,_T,Ratio por profesional,RATIO_PROFESIONAL,899,,,
Lanzarote,ES708,2013,2013,Pediatría - Atención primaria (AP),PEDIATRIA_AP,Total,_T,Nº de profesionales de atención primaria (AP),NUMERO_PROFESIONALES_AP,21,,,
Lanzarote,ES708,2013,2013,Pediatría - Atención primaria (AP),PEDIATRIA_AP,Total,_T,Ratio por profesional,RATIO_PROFESIONAL,1100,,,
Fuerteventura,ES704,2013,2013,Pediatría - Atención primaria (AP),PEDIATRIA_AP,Total,_T,Nº de profesionales de atención primaria (AP),NUMERO_PROFESIONALES_AP,16,,,
Fuerteventura,ES704,2013,2013,Pediatría - Atención primaria (AP),PEDIATRIA_AP,Total,_T,Ratio por profesional,RATIO_PROFESIONAL,1074,,,
Gran Canaria,ES705,2013,2013,Pediatría - Atención primaria (AP),PEDIATRIA_AP,Total,_T,Nº de profesionales de atención primaria (AP),NUMERO_PROFESIONALES_AP,121,,,
Gran Canaria,ES705,2013,2013,Pediatría - Atención primaria (AP),PEDIATRIA_AP,Total,_T,Ratio por profesional,RATIO_PROFESIONAL,884,,,
Tenerife,ES709,2013,2013,Pediatría - Atención primaria (AP),PEDIATRIA_AP,Total,_T,Nº de profesionales de atención primaria (AP),NUMERO_PROFESIONALES_AP,139,,,
Tenerife,ES709,2013,2013,Pediatría - Atención primaria (AP),PEDIATRIA_AP,Total,_T,Ratio por profesional,RATIO_PROFESIONAL,873,,,
La Gomera,ES706,2013,2013,Pediatría - Atención primaria (AP),PEDIATRIA_AP,Total,_T,Nº de profesionales de atención primaria (AP),NUMERO_PROFESIONALES_AP,1,,,
La Gomera,ES706,2013,2013,Pediatría - Atención primaria (AP),PEDIATRIA_AP,Total,_T,Ratio por profesional,RATIO_PROFESIONAL,1137,,,
La Palma,ES707,2013,2013,Pediatría - Atención primaria (AP),PEDIATRIA_AP,Total,_T,Nº de profesionales de atención primaria (AP),NUMERO_PROFESIONALES_AP,13,,,
La Palma,ES707,2013,2013,Pediatría - Atención primaria (AP),PEDIATRIA_AP,Total,_T,Ratio por profesional,RATIO_PROFESIONAL,758,,,
El Hierro,ES703,2013,2013,Pediatría - Atención primaria (AP),PEDIATRIA_AP,Total,_T,Nº de profesionales de atención primaria (AP),NUMERO_PROFESIONALES_AP,1,,,
El Hierro,ES703,2013,2013,Pediatría - Atención primaria (AP),PEDIATRIA_AP,Total,_T,Ratio por profesional,RATIO_PROFESIONAL,806,,,
Canarias,ES70,2013,2013,Medicina Familia y Comunitaria - Atención primaria (AP),FAMILIA_COMUNITARIA_AP,Total,_T,Nº de profesionales de atención primaria (AP),NUMERO_PROFESIONALES_AP,1173,,,
Canarias,ES70,2013,2013,Medicina Familia y Comunitaria - Atención primaria (AP),FAMILIA_COMUNITARIA_AP,Total,_T,Ratio por profesional,RATIO_PROFESIONAL,1407,,,
Lanzarote,ES708,2013,2013,Medicina Familia y Comunitaria - Atención primaria (AP),FAMILIA_COMUNITARIA_AP,Total,_T,Nº de profesionales de atención primaria (AP),NUMERO_PROFESIONALES_AP,79,,,
Lanzarote,ES708,2013,2013,Medicina Familia y Comunitaria - Atención primaria (AP),FAMILIA_COMUNITARIA_AP,Total,_T,Ratio por profesional,RATIO_PROFESIONAL,1356,,,
Fuerteventura,ES704,2013,2013,Medicina Familia y Comunitaria - Atención primaria (AP),FAMILIA_COMUNITARIA_AP,Total,_T,Nº de profesionales de atención primaria (AP),NUMERO_PROFESIONALES_AP,55,,,
Fuerteventura,ES704,2013,2013,Medicina Familia y Comunitaria - Atención primaria (AP),FAMILIA_COMUNITARIA_AP,Total,_T,Ratio por profesional,RATIO_PROFESIONAL,1364,,,
Gran Canaria,ES705,2013,2013,Medicina Familia y Comunitaria - Atención primaria (AP),FAMILIA_COMUNITARIA_AP,Total,_T,Nº de profesionales de atención primaria (AP),NUMERO_PROFESIONALES_AP,483,,,
Gran Canaria,ES705,2013,2013,Medicina Familia y Comunitaria - Atención primaria (AP),FAMILIA_COMUNITARIA_AP,Total,_T,Ratio por profesional,RATIO_PROFESIONAL,1420,,,
Tenerife,ES709,2013,2013,Medicina Familia y Comunitaria - Atención primaria (AP),FAMILIA_COMUNITARIA_AP,Total,_T,Nº de profesionales de atención primaria (AP),NUMERO_PROFESIONALES_AP,482,,,
Tenerife,ES709,2013,2013,Medicina Familia y Comunitaria - Atención primaria (AP),FAMILIA_COMUNITARIA_AP,Total,_T,Ratio por profesional,RATIO_PROFESIONAL,1442,,,
La Gomera,ES706,2013,2013,Medicina Familia y Comunitaria - Atención primaria (AP),FAMILIA_COMUNITARIA_AP,Total,_T,Nº de profesionales de atención primaria (AP),NUMERO_PROFESIONALES_AP,17,,,
La Gomera,ES706,2013,2013,Medicina Familia y Comunitaria - Atención primaria (AP),FAMILIA_COMUNITARIA_AP,Total,_T,Ratio por profesional,RATIO_PROFESIONAL,888,,,
La Palma,ES707,2013,2013,Medicina Familia y Comunitaria - Atención primaria (AP),FAMILIA_COMUNITARIA_AP,Total,_T,Nº de profesionales de atención primaria (AP),NUMERO_PROFESIONALES_AP,49,,,
La Palma,ES707,2013,2013,Medicina Familia y Comunitaria - Atención primaria (AP),FAMILIA_COMUNITARIA_AP,Total,_T,Ratio por profesional,RATIO_PROFESIONAL,1303,,,
El Hierro,ES703,2013,2013,Medicina Familia y Comunitaria - Atención primaria (AP),FAMILIA_COMUNITARIA_AP,Total,_T,Nº de profesionales de atención primaria (AP),NUMERO_PROFESIONALES_AP,8,,,
El Hierro,ES703,2013,2013,Medicina Familia y Comunitaria - Atención primaria (AP),FAMILIA_COMUNITARIA_AP,Total,_T,Ratio por profesional,RATIO_PROFESIONAL,1027,,,
Canarias,ES70,2014,2014,Enfermería - Atención primaria (AP),ENFERMERIA_AP,Total,_T,Nº de profesionales de atención primaria (AP),NUMERO_PROFESIONALES_AP,1196,,,
Canarias,ES70,2014,2014,Enfermería - Atención primaria (AP),ENFERMERIA_AP,Total,_T,Ratio por profesional,RATIO_PROFESIONAL,1625,,,
Lanzarote,ES708,2014,2014,Enfermería - Atención primaria (AP),ENFERMERIA_AP,Total,_T,Nº de profesionales de atención primaria (AP),NUMERO_PROFESIONALES_AP,91,,,
Lanzarote,ES708,2014,2014,Enfermería - Atención primaria (AP),ENFERMERIA_AP,Total,_T,Ratio por profesional,RATIO_PROFESIONAL,1449,,,
Fuerteventura,ES704,2014,2014,Enfermería - Atención primaria (AP),ENFERMERIA_AP,Total,_T,Nº de profesionales de atención primaria (AP),NUMERO_PROFESIONALES_AP,68,,,
Fuerteventura,ES704,2014,2014,Enfermería - Atención primaria (AP),ENFERMERIA_AP,Total,_T,Ratio por profesional,RATIO_PROFESIONAL,1386,,,
Gran Canaria,ES705,2014,2014,Enfermería - Atención primaria (AP),ENFERMERIA_AP,Total,_T,Nº de profesionales de atención primaria (AP),NUMERO_PROFESIONALES_AP,487,,,
Gran Canaria,ES705,2014,2014,Enfermería - Atención primaria (AP),ENFERMERIA_AP,Total,_T,Ratio por profesional,RATIO_PROFESIONAL,1631,,,
Tenerife,ES709,2014,2014,Enfermería - Atención primaria (AP),ENFERMERIA_AP,Total,_T,Nº de profesionales de atención primaria (AP),NUMERO_PROFESIONALES_AP,465,,,
Tenerife,ES709,2014,2014,Enfermería - Atención primaria (AP),ENFERMERIA_AP,Total,_T,Ratio por profesional,RATIO_PROFESIONAL,1773,,,
La Gomera,ES706,2014,2014,Enfermería - Atención primaria (AP),ENFERMERIA_AP,Total,_T,Nº de profesionales de atención primaria (AP),NUMERO_PROFESIONALES_AP,17,,,
La Gomera,ES706,2014,2014,Enfermería - Atención primaria (AP),ENFERMERIA_AP,Total,_T,Ratio por profesional,RATIO_PROFESIONAL,954,,,
La Palma,ES707,2014,2014,Enfermería - Atención primaria (AP),ENFERMERIA_AP,Total,_T,Nº de profesionales de atención primaria (AP),NUMERO_PROFESIONALES_AP,62,,,
La Palma,ES707,2014,2014,Enfermería - Atención primaria (AP),ENFERMERIA_AP,Total,_T,Ratio por profesional,RATIO_PROFESIONAL,1186,,,
El Hierro,ES703,2014,2014,Enfermería - Atención primaria (AP),ENFERMERIA_AP,Total,_T,Nº de profesionales de atención primaria (AP),NUMERO_PROFESIONALES_AP,6,,,
El Hierro,ES703,2014,2014,Enfermería - Atención primaria (AP),ENFERMERIA_AP,Total,_T,Ratio por profesional,RATIO_PROFESIONAL,1493,,,
Canarias,ES70,2014,2014,Pediatría - Atención primaria (AP),PEDIATRIA_AP,Total,_T,Nº de profesionales de atención primaria (AP),NUMERO_PROFESIONALES_AP,312,,,
Canarias,ES70,2014,2014,Pediatría - Atención primaria (AP),PEDIATRIA_AP,Total,_T,Ratio por profesional,RATIO_PROFESIONAL,887,,,
Lanzarote,ES708,2014,2014,Pediatría - Atención primaria (AP),PEDIATRIA_AP,Total,_T,Nº de profesionales de atención primaria (AP),NUMERO_PROFESIONALES_AP,21,,,
Lanzarote,ES708,2014,2014,Pediatría - Atención primaria (AP),PEDIATRIA_AP,Total,_T,Ratio por profesional,RATIO_PROFESIONAL,1067,,,
Fuerteventura,ES704,2014,2014,Pediatría - Atención primaria (AP),PEDIATRIA_AP,Total,_T,Nº de profesionales de atención primaria (AP),NUMERO_PROFESIONALES_AP,16,,,
Fuerteventura,ES704,2014,2014,Pediatría - Atención primaria (AP),PEDIATRIA_AP,Total,_T,Ratio por profesional,RATIO_PROFESIONAL,1090,,,
Gran Canaria,ES705,2014,2014,Pediatría - Atención primaria (AP),PEDIATRIA_AP,Total,_T,Nº de profesionales de atención primaria (AP),NUMERO_PROFESIONALES_AP,121,,,
Gran Canaria,ES705,2014,2014,Pediatría - Atención primaria (AP),PEDIATRIA_AP,Total,_T,Ratio por profesional,RATIO_PROFESIONAL,862,,,
Tenerife,ES709,2014,2014,Pediatría - Atención primaria (AP),PEDIATRIA_AP,Total,_T,Nº de profesionales de atención primaria (AP),NUMERO_PROFESIONALES_AP,139,,,
Tenerife,ES709,2014,2014,Pediatría - Atención primaria (AP),PEDIATRIA_AP,Total,_T,Ratio por profesional,RATIO_PROFESIONAL,870,,,
La Gomera,ES706,2014,2014,Pediatría - Atención primaria (AP),PEDIATRIA_AP,Total,_T,Nº de profesionales de atención primaria (AP),NUMERO_PROFESIONALES_AP,1,,,
La Gomera,ES706,2014,2014,Pediatría - Atención primaria (AP),PEDIATRIA_AP,Total,_T,Ratio por profesional,RATIO_PROFESIONAL,1030,,,
La Palma,ES707,2014,2014,Pediatría - Atención primaria (AP),PEDIATRIA_AP,Total,_T,Nº de profesionales de atención primaria (AP),NUMERO_PROFESIONALES_AP,13,,,
La Palma,ES707,2014,2014,Pediatría - Atención primaria (AP),PEDIATRIA_AP,Total,_T,Ratio por profesional,RATIO_PROFESIONAL,751,,,
El Hierro,ES703,2014,2014,Pediatría - Atención primaria (AP),PEDIATRIA_AP,Total,_T,Nº de profesionales de atención primaria (AP),NUMERO_PROFESIONALES_AP,1,,,
El Hierro,ES703,2014,2014,Pediatría - Atención primaria (AP),PEDIATRIA_AP,Total,_T,Ratio por profesional,RATIO_PROFESIONAL,865,,,
Canarias,ES70,2014,2014,Medicina Familia y Comunitaria - Atención primaria (AP),FAMILIA_COMUNITARIA_AP,Total,_T,Nº de profesionales de atención primaria (AP),NUMERO_PROFESIONALES_AP,1174,,,
Canarias,ES70,2014,2014,Medicina Familia y Comunitaria - Atención primaria (AP),FAMILIA_COMUNITARIA_AP,Total,_T,Ratio por profesional,RATIO_PROFESIONAL,1420,,,
Lanzarote,ES708,2014,2014,Medicina Familia y Comunitaria - Atención primaria (AP),FAMILIA_COMUNITARIA_AP,Total,_T,Nº de profesionales de atención primaria (AP),NUMERO_PROFESIONALES_AP,79,,,
Lanzarote,ES708,2014,2014,Medicina Familia y Comunitaria - Atención primaria (AP),FAMILIA_COMUNITARIA_AP,Total,_T,Ratio por profesional,RATIO_PROFESIONAL,1385,,,
Fuerteventura,ES704,2014,2014,Medicina Familia y Comunitaria - Atención primaria (AP),FAMILIA_COMUNITARIA_AP,Total,_T,Nº de profesionales de atención primaria (AP),NUMERO_PROFESIONALES_AP,56,,,
Fuerteventura,ES704,2014,2014,Medicina Familia y Comunitaria - Atención primaria (AP),FAMILIA_COMUNITARIA_AP,Total,_T,Ratio por profesional,RATIO_PROFESIONAL,1372,,,
Gran Canaria,ES705,2014,2014,Medicina Familia y Comunitaria - Atención primaria (AP),FAMILIA_COMUNITARIA_AP,Total,_T,Nº de profesionales de atención primaria (AP),NUMERO_PROFESIONALES_AP,483,,,
Gran Canaria,ES705,2014,2014,Medicina Familia y Comunitaria - Atención primaria (AP),FAMILIA_COMUNITARIA_AP,Total,_T,Ratio por profesional,RATIO_PROFESIONAL,1428,,,
Tenerife,ES709,2014,2014,Medicina Familia y Comunitaria - Atención primaria (AP),FAMILIA_COMUNITARIA_AP,Total,_T,Nº de profesionales de atención primaria (AP),NUMERO_PROFESIONALES_AP,482,,,
Tenerife,ES709,2014,2014,Medicina Familia y Comunitaria - Atención primaria (AP),FAMILIA_COMUNITARIA_AP,Total,_T,Ratio por profesional,RATIO_PROFESIONAL,1460,,,
La Gomera,ES706,2014,2014,Medicina Familia y Comunitaria - Atención primaria (AP),FAMILIA_COMUNITARIA_AP,Total,_T,Nº de profesionales de atención primaria (AP),NUMERO_PROFESIONALES_AP,17,,,
La Gomera,ES706,2014,2014,Medicina Familia y Comunitaria - Atención primaria (AP),FAMILIA_COMUNITARIA_AP,Total,_T,Ratio por profesional,RATIO_PROFESIONAL,894,,,
La Palma,ES707,2014,2014,Medicina Familia y Comunitaria - Atención primaria (AP),FAMILIA_COMUNITARIA_AP,Total,_T,Nº de profesionales de atención primaria (AP),NUMERO_PROFESIONALES_AP,49,,,
La Palma,ES707,2014,2014,Medicina Familia y Comunitaria - Atención primaria (AP),FAMILIA_COMUNITARIA_AP,Total,_T,Ratio por profesional,RATIO_PROFESIONAL,1301,,,
El Hierro,ES703,2014,2014,Medicina Familia y Comunitaria - Atención primaria (AP),FAMILIA_COMUNITARIA_AP,Total,_T,Nº de profesionales de atención primaria (AP),NUMERO_PROFESIONALES_AP,8,,,
El Hierro,ES703,2014,2014,Medicina Familia y Comunitaria - Atención primaria (AP),FAMILIA_COMUNITARIA_AP,Total,_T,Ratio por profesional,RATIO_PROFESIONAL,1012,,,
Canarias,ES70,2015,2015,Enfermería - Atención primaria (AP),ENFERMERIA_AP,Total,_T,Nº de profesionales de atención primaria (AP),NUMERO_PROFESIONALES_AP,1196,,,
Canarias,ES70,2015,2015,Enfermería - Atención primaria (AP),ENFERMERIA_AP,Total,_T,Ratio por profesional,RATIO_PROFESIONAL,1637,,,
Lanzarote,ES708,2015,2015,Enfermería - Atención primaria (AP),ENFERMERIA_AP,Total,_T,Nº de profesionales de atención primaria (AP),NUMERO_PROFESIONALES_AP,91,,,
Lanzarote,ES708,2015,2015,Enfermería - Atención primaria (AP),ENFERMERIA_AP,Total,_T,Ratio por profesional,RATIO_PROFESIONAL,1475,,,
Fuerteventura,ES704,2015,2015,Enfermería - Atención primaria (AP),ENFERMERIA_AP,Total,_T,Nº de profesionales de atención primaria (AP),NUMERO_PROFESIONALES_AP,68,,,
Fuerteventura,ES704,2015,2015,Enfermería - Atención primaria (AP),ENFERMERIA_AP,Total,_T,Ratio por profesional,RATIO_PROFESIONAL,1421,,,
Gran Canaria,ES705,2015,2015,Enfermería - Atención primaria (AP),ENFERMERIA_AP,Total,_T,Nº de profesionales de atención primaria (AP),NUMERO_PROFESIONALES_AP,487,,,
Gran Canaria,ES705,2015,2015,Enfermería - Atención primaria (AP),ENFERMERIA_AP,Total,_T,Ratio por profesional,RATIO_PROFESIONAL,1632,,,
Tenerife,ES709,2015,2015,Enfermería - Atención primaria (AP),ENFERMERIA_AP,Total,_T,Nº de profesionales de atención primaria (AP),NUMERO_PROFESIONALES_AP,465,,,
Tenerife,ES709,2015,2015,Enfermería - Atención primaria (AP),ENFERMERIA_AP,Total,_T,Ratio por profesional,RATIO_PROFESIONAL,1792,,,
La Gomera,ES706,2015,2015,Enfermería - Atención primaria (AP),ENFERMERIA_AP,Total,_T,Nº de profesionales de atención primaria (AP),NUMERO_PROFESIONALES_AP,17,,,
La Gomera,ES706,2015,2015,Enfermería - Atención primaria (AP),ENFERMERIA_AP,Total,_T,Ratio por profesional,RATIO_PROFESIONAL,959,,,
La Palma,ES707,2015,2015,Enfermería - Atención primaria (AP),ENFERMERIA_AP,Total,_T,Nº de profesionales de atención primaria (AP),NUMERO_PROFESIONALES_AP,62,,,
La Palma,ES707,2015,2015,Enfermería - Atención primaria (AP),ENFERMERIA_AP,Total,_T,Ratio por profesional,RATIO_PROFESIONAL,1185,,,
El Hierro,ES703,2015,2015,Enfermería - Atención primaria (AP),ENFERMERIA_AP,Total,_T,Nº de profesionales de atención primaria (AP),NUMERO_PROFESIONALES_AP,6,,,
El Hierro,ES703,2015,2015,Enfermería - Atención primaria (AP),ENFERMERIA_AP,Total,_T,Ratio por profesional,RATIO_PROFESIONAL,1485,,,
Canarias,ES70,2015,2015,Pediatría - Atención primaria (AP),PEDIATRIA_AP,Total,_T,Nº de profesionales de atención primaria (AP),NUMERO_PROFESIONALES_AP,314,,,
Canarias,ES70,2015,2015,Pediatría - Atención primaria (AP),PEDIATRIA_AP,Total,_T,Ratio por profesional,RATIO_PROFESIONAL,871,,,
Lanzarote,ES708,2015,2015,Pediatría - Atención primaria (AP),PEDIATRIA_AP,Total,_T,Nº de profesionales de atención primaria (AP),NUMERO_PROFESIONALES_AP,22,,,
Lanzarote,ES708,2015,2015,Pediatría - Atención primaria (AP),PEDIATRIA_AP,Total,_T,Ratio por profesional,RATIO_PROFESIONAL,1028,,,
Fuerteventura,ES704,2015,2015,Pediatría - Atención primaria (AP),PEDIATRIA_AP,Total,_T,Nº de profesionales de atención primaria (AP),NUMERO_PROFESIONALES_AP,17,,,
Fuerteventura,ES704,2015,2015,Pediatría - Atención primaria (AP),PEDIATRIA_AP,Total,_T,Ratio por profesional,RATIO_PROFESIONAL,1036,,,
Gran Canaria,ES705,2015,2015,Pediatría - Atención primaria (AP),PEDIATRIA_AP,Total,_T,Nº de profesionales de atención primaria (AP),NUMERO_PROFESIONALES_AP,121,,,
Gran Canaria,ES705,2015,2015,Pediatría - Atención primaria (AP),PEDIATRIA_AP,Total,_T,Ratio por profesional,RATIO_PROFESIONAL,844,,,
Tenerife,ES709,2015,2015,Pediatría - Atención primaria (AP),PEDIATRIA_AP,Total,_T,Nº de profesionales de atención primaria (AP),NUMERO_PROFESIONALES_AP,139,,,
Tenerife,ES709,2015,2015,Pediatría - Atención primaria (AP),PEDIATRIA_AP,Total,_T,Ratio por profesional,RATIO_PROFESIONAL,862,,,
La Gomera,ES706,2015,2015,Pediatría - Atención primaria (AP),PEDIATRIA_AP,Total,_T,Nº de profesionales de atención primaria (AP),NUMERO_PROFESIONALES_AP,1,,,
La Gomera,ES706,2015,2015,Pediatría - Atención primaria (AP),PEDIATRIA_AP,Total,_T,Ratio por profesional,RATIO_PROFESIONAL,1066,,,
La Palma,ES707,2015,2015,Pediatría - Atención primaria (AP),PEDIATRIA_AP,Total,_T,Nº de profesionales de atención primaria (AP),NUMERO_PROFESIONALES_AP,13,,,
La Palma,ES707,2015,2015,Pediatría - Atención primaria (AP),PEDIATRIA_AP,Total,_T,Ratio por profesional,RATIO_PROFESIONAL,726,,,
El Hierro,ES703,2015,2015,Pediatría - Atención primaria (AP),PEDIATRIA_AP,Total,_T,Nº de profesionales de atención primaria (AP),NUMERO_PROFESIONALES_AP,1,,,
El Hierro,ES703,2015,2015,Pediatría - Atención primaria (AP),PEDIATRIA_AP,Total,_T,Ratio por profesional,RATIO_PROFESIONAL,854,,,
Canarias,ES70,2015,2015,Medicina Familia y Comunitaria - Atención primaria (AP),FAMILIA_COMUNITARIA_AP,Total,_T,Nº de profesionales de atención primaria (AP),NUMERO_PROFESIONALES_AP,1174,,,
Canarias,ES70,2015,2015,Medicina Familia y Comunitaria - Atención primaria (AP),FAMILIA_COMUNITARIA_AP,Total,_T,Ratio por profesional,RATIO_PROFESIONAL,1435,,,
Lanzarote,ES708,2015,2015,Medicina Familia y Comunitaria - Atención primaria (AP),FAMILIA_COMUNITARIA_AP,Total,_T,Nº de profesionales de atención primaria (AP),NUMERO_PROFESIONALES_AP,79,,,
Lanzarote,ES708,2015,2015,Medicina Familia y Comunitaria - Atención primaria (AP),FAMILIA_COMUNITARIA_AP,Total,_T,Ratio por profesional,RATIO_PROFESIONAL,1413,,,
Fuerteventura,ES704,2015,2015,Medicina Familia y Comunitaria - Atención primaria (AP),FAMILIA_COMUNITARIA_AP,Total,_T,Nº de profesionales de atención primaria (AP),NUMERO_PROFESIONALES_AP,56,,,
Fuerteventura,ES704,2015,2015,Medicina Familia y Comunitaria - Atención primaria (AP),FAMILIA_COMUNITARIA_AP,Total,_T,Ratio por profesional,RATIO_PROFESIONAL,1410,,,
Gran Canaria,ES705,2015,2015,Medicina Familia y Comunitaria - Atención primaria (AP),FAMILIA_COMUNITARIA_AP,Total,_T,Nº de profesionales de atención primaria (AP),NUMERO_PROFESIONALES_AP,483,,,
Gran Canaria,ES705,2015,2015,Medicina Familia y Comunitaria - Atención primaria (AP),FAMILIA_COMUNITARIA_AP,Total,_T,Ratio por profesional,RATIO_PROFESIONAL,1434,,,
Tenerife,ES709,2015,2015,Medicina Familia y Comunitaria - Atención primaria (AP),FAMILIA_COMUNITARIA_AP,Total,_T,Nº de profesionales de atención primaria (AP),NUMERO_PROFESIONALES_AP,482,,,
Tenerife,ES709,2015,2015,Medicina Familia y Comunitaria - Atención primaria (AP),FAMILIA_COMUNITARIA_AP,Total,_T,Ratio por profesional,RATIO_PROFESIONAL,1480,,,
La Gomera,ES706,2015,2015,Medicina Familia y Comunitaria - Atención primaria (AP),FAMILIA_COMUNITARIA_AP,Total,_T,Nº de profesionales de atención primaria (AP),NUMERO_PROFESIONALES_AP,17,,,
La Gomera,ES706,2015,2015,Medicina Familia y Comunitaria - Atención primaria (AP),FAMILIA_COMUNITARIA_AP,Total,_T,Ratio por profesional,RATIO_PROFESIONAL,897,,,
La Palma,ES707,2015,2015,Medicina Familia y Comunitaria - Atención primaria (AP),FAMILIA_COMUNITARIA_AP,Total,_T,Nº de profesionales de atención primaria (AP),NUMERO_PROFESIONALES_AP,49,,,
La Palma,ES707,2015,2015,Medicina Familia y Comunitaria - Atención primaria (AP),FAMILIA_COMUNITARIA_AP,Total,_T,Ratio por profesional,RATIO_PROFESIONAL,1307,,,
El Hierro,ES703,2015,2015,Medicina Familia y Comunitaria - Atención primaria (AP),FAMILIA_COMUNITARIA_AP,Total,_T,Nº de profesionales de atención primaria (AP),NUMERO_PROFESIONALES_AP,8,,,
El Hierro,ES703,2015,2015,Medicina Familia y Comunitaria - Atención primaria (AP),FAMILIA_COMUNITARIA_AP,Total,_T,Ratio por profesional,RATIO_PROFESIONAL,1007,,,
Canarias,ES70,2016,2016,Enfermería - Atención primaria (AP),ENFERMERIA_AP,Total,_T,Nº de profesionales de atención primaria (AP),NUMERO_PROFESIONALES_AP,1211,,,
Canarias,ES70,2016,2016,Enfermería - Atención primaria (AP),ENFERMERIA_AP,Total,_T,Ratio por profesional,RATIO_PROFESIONAL,1632,,,
Lanzarote,ES708,2016,2016,Enfermería - Atención primaria (AP),ENFERMERIA_AP,Total,_T,Nº de profesionales de atención primaria (AP),NUMERO_PROFESIONALES_AP,92,,,
Lanzarote,ES708,2016,2016,Enfermería - Atención primaria (AP),ENFERMERIA_AP,Total,_T,Ratio por profesional,RATIO_PROFESIONAL,1491,,,
Fuerteventura,ES704,2016,2016,Enfermería - Atención primaria (AP),ENFERMERIA_AP,Total,_T,Nº de profesionales de atención primaria (AP),NUMERO_PROFESIONALES_AP,68,,,
Fuerteventura,ES704,2016,2016,Enfermería - Atención primaria (AP),ENFERMERIA_AP,Total,_T,Ratio por profesional,RATIO_PROFESIONAL,1464,,,
Gran Canaria,ES705,2016,2016,Enfermería - Atención primaria (AP),ENFERMERIA_AP,Total,_T,Nº de profesionales de atención primaria (AP),NUMERO_PROFESIONALES_AP,493,,,
Gran Canaria,ES705,2016,2016,Enfermería - Atención primaria (AP),ENFERMERIA_AP,Total,_T,Ratio por profesional,RATIO_PROFESIONAL,1616,,,
Tenerife,ES709,2016,2016,Enfermería - Atención primaria (AP),ENFERMERIA_AP,Total,_T,Nº de profesionales de atención primaria (AP),NUMERO_PROFESIONALES_AP,470,,,
Tenerife,ES709,2016,2016,Enfermería - Atención primaria (AP),ENFERMERIA_AP,Total,_T,Ratio por profesional,RATIO_PROFESIONAL,1797,,,
La Gomera,ES706,2016,2016,Enfermería - Atención primaria (AP),ENFERMERIA_AP,Total,_T,Nº de profesionales de atención primaria (AP),NUMERO_PROFESIONALES_AP,17,,,
La Gomera,ES706,2016,2016,Enfermería - Atención primaria (AP),ENFERMERIA_AP,Total,_T,Ratio por profesional,RATIO_PROFESIONAL,961,,,
La Palma,ES707,2016,2016,Enfermería - Atención primaria (AP),ENFERMERIA_AP,Total,_T,Nº de profesionales de atención primaria (AP),NUMERO_PROFESIONALES_AP,63,,,
La Palma,ES707,2016,2016,Enfermería - Atención primaria (AP),ENFERMERIA_AP,Total,_T,Ratio por profesional,RATIO_PROFESIONAL,1168,,,
El Hierro,ES703,2016,2016,Enfermería - Atención primaria (AP),ENFERMERIA_AP,Total,_T,Nº de profesionales de atención primaria (AP),NUMERO_PROFESIONALES_AP,8,,,
El Hierro,ES703,2016,2016,Enfermería - Atención primaria (AP),ENFERMERIA_AP,Total,_T,Ratio por profesional,RATIO_PROFESIONAL,1119,,,
Canarias,ES70,2016,2016,Pediatría - Atención primaria (AP),PEDIATRIA_AP,Total,_T,Nº de profesionales de atención primaria (AP),NUMERO_PROFESIONALES_AP,315,,,
Canarias,ES70,2016,2016,Pediatría - Atención primaria (AP),PEDIATRIA_AP,Total,_T,Ratio por profesional,RATIO_PROFESIONAL,860,,,
Lanzarote,ES708,2016,2016,Pediatría - Atención primaria (AP),PEDIATRIA_AP,Total,_T,Nº de profesionales de atención primaria (AP),NUMERO_PROFESIONALES_AP,23,,,
Lanzarote,ES708,2016,2016,Pediatría - Atención primaria (AP),PEDIATRIA_AP,Total,_T,Ratio por profesional,RATIO_PROFESIONAL,989,,,
Fuerteventura,ES704,2016,2016,Pediatría - Atención primaria (AP),PEDIATRIA_AP,Total,_T,Nº de profesionales de atención primaria (AP),NUMERO_PROFESIONALES_AP,17,,,
Fuerteventura,ES704,2016,2016,Pediatría - Atención primaria (AP),PEDIATRIA_AP,Total,_T,Ratio por profesional,RATIO_PROFESIONAL,1036,,,
Gran Canaria,ES705,2016,2016,Pediatría - Atención primaria (AP),PEDIATRIA_AP,Total,_T,Nº de profesionales de atención primaria (AP),NUMERO_PROFESIONALES_AP,121,,,
Gran Canaria,ES705,2016,2016,Pediatría - Atención primaria (AP),PEDIATRIA_AP,Total,_T,Ratio por profesional,RATIO_PROFESIONAL,821,,,
Tenerife,ES709,2016,2016,Pediatría - Atención primaria (AP),PEDIATRIA_AP,Total,_T,Nº de profesionales de atención primaria (AP),NUMERO_PROFESIONALES_AP,139,,,
Tenerife,ES709,2016,2016,Pediatría - Atención primaria (AP),PEDIATRIA_AP,Total,_T,Ratio por profesional,RATIO_PROFESIONAL,861,,,
La Gomera,ES706,2016,2016,Pediatría - Atención primaria (AP),PEDIATRIA_AP,Total,_T,Nº de profesionales de atención primaria (AP),NUMERO_PROFESIONALES_AP,1,,,
La Gomera,ES706,2016,2016,Pediatría - Atención primaria (AP),PEDIATRIA_AP,Total,_T,Ratio por profesional,RATIO_PROFESIONAL,1085,,,
La Palma,ES707,2016,2016,Pediatría - Atención primaria (AP),PEDIATRIA_AP,Total,_T,Nº de profesionales de atención primaria (AP),NUMERO_PROFESIONALES_AP,13,,,
La Palma,ES707,2016,2016,Pediatría - Atención primaria (AP),PEDIATRIA_AP,Total,_T,Ratio por profesional,RATIO_PROFESIONAL,726,,,
El Hierro,ES703,2016,2016,Pediatría - Atención primaria (AP),PEDIATRIA_AP,Total,_T,Nº de profesionales de atención primaria (AP),NUMERO_PROFESIONALES_AP,1,,,
El Hierro,ES703,2016,2016,Pediatría - Atención primaria (AP),PEDIATRIA_AP,Total,_T,Ratio por profesional,RATIO_PROFESIONAL,867,,,
Canarias,ES70,2016,2016,Medicina Familia y Comunitaria - Atención primaria (AP),FAMILIA_COMUNITARIA_AP,Total,_T,Nº de profesionales de atención primaria (AP),NUMERO_PROFESIONALES_AP,1176,,,
Canarias,ES70,2016,2016,Medicina Familia y Comunitaria - Atención primaria (AP),FAMILIA_COMUNITARIA_AP,Total,_T,Ratio por profesional,RATIO_PROFESIONAL,1450,,,
Lanzarote,ES708,2016,2016,Medicina Familia y Comunitaria - Atención primaria (AP),FAMILIA_COMUNITARIA_AP,Total,_T,Nº de profesionales de atención primaria (AP),NUMERO_PROFESIONALES_AP,79,,,
Lanzarote,ES708,2016,2016,Medicina Familia y Comunitaria - Atención primaria (AP),FAMILIA_COMUNITARIA_AP,Total,_T,Ratio por profesional,RATIO_PROFESIONAL,1448,,,
Fuerteventura,ES704,2016,2016,Medicina Familia y Comunitaria - Atención primaria (AP),FAMILIA_COMUNITARIA_AP,Total,_T,Nº de profesionales de atención primaria (AP),NUMERO_PROFESIONALES_AP,57,,,
Fuerteventura,ES704,2016,2016,Medicina Familia y Comunitaria - Atención primaria (AP),FAMILIA_COMUNITARIA_AP,Total,_T,Ratio por profesional,RATIO_PROFESIONAL,1438,,,
Gran Canaria,ES705,2016,2016,Medicina Familia y Comunitaria - Atención primaria (AP),FAMILIA_COMUNITARIA_AP,Total,_T,Nº de profesionales de atención primaria (AP),NUMERO_PROFESIONALES_AP,484,,,
Gran Canaria,ES705,2016,2016,Medicina Familia y Comunitaria - Atención primaria (AP),FAMILIA_COMUNITARIA_AP,Total,_T,Ratio por profesional,RATIO_PROFESIONAL,1440,,,
Tenerife,ES709,2016,2016,Medicina Familia y Comunitaria - Atención primaria (AP),FAMILIA_COMUNITARIA_AP,Total,_T,Nº de profesionales de atención primaria (AP),NUMERO_PROFESIONALES_AP,482,,,
Tenerife,ES709,2016,2016,Medicina Familia y Comunitaria - Atención primaria (AP),FAMILIA_COMUNITARIA_AP,Total,_T,Ratio por profesional,RATIO_PROFESIONAL,1504,,,
La Gomera,ES706,2016,2016,Medicina Familia y Comunitaria - Atención primaria (AP),FAMILIA_COMUNITARIA_AP,Total,_T,Nº de profesionales de atención primaria (AP),NUMERO_PROFESIONALES_AP,17,,,
La Gomera,ES706,2016,2016,Medicina Familia y Comunitaria - Atención primaria (AP),FAMILIA_COMUNITARIA_AP,Total,_T,Ratio por profesional,RATIO_PROFESIONAL,897,,,
La Palma,ES707,2016,2016,Medicina Familia y Comunitaria - Atención primaria (AP),FAMILIA_COMUNITARIA_AP,Total,_T,Nº de profesionales de atención primaria (AP),NUMERO_PROFESIONALES_AP,49,,,
La Palma,ES707,2016,2016,Medicina Familia y Comunitaria - Atención primaria (AP),FAMILIA_COMUNITARIA_AP,Total,_T,Ratio por profesional,RATIO_PROFESIONAL,1310,,,
El Hierro,ES703,2016,2016,Medicina Familia y Comunitaria - Atención primaria (AP),FAMILIA_COMUNITARIA_AP,Total,_T,Nº de profesionales de atención primaria (AP),NUMERO_PROFESIONALES_AP,8,,,
El Hierro,ES703,2016,2016,Medicina Familia y Comunitaria - Atención primaria (AP),FAMILIA_COMUNITARIA_AP,Total,_T,Ratio por profesional,RATIO_PROFESIONAL,1010,,,
Canarias,ES70,2017,2017,Enfermería - Atención primaria (AP),ENFERMERIA_AP,Total,_T,Nº de profesionales de atención primaria (AP),NUMERO_PROFESIONALES_AP,1214,,,
Canarias,ES70,2017,2017,Enfermería - Atención primaria (AP),ENFERMERIA_AP,Total,_T,Ratio por profesional,RATIO_PROFESIONAL,1647,,,
Lanzarote,ES708,2017,2017,Enfermería - Atención primaria (AP),ENFERMERIA_AP,Total,_T,Nº de profesionales de atención primaria (AP),NUMERO_PROFESIONALES_AP,92,,,
Lanzarote,ES708,2017,2017,Enfermería - Atención primaria (AP),ENFERMERIA_AP,Total,_T,Ratio por profesional,RATIO_PROFESIONAL,1516,,,
Fuerteventura,ES704,2017,2017,Enfermería - Atención primaria (AP),ENFERMERIA_AP,Total,_T,Nº de profesionales de atención primaria (AP),NUMERO_PROFESIONALES_AP,68,,,
Fuerteventura,ES704,2017,2017,Enfermería - Atención primaria (AP),ENFERMERIA_AP,Total,_T,Ratio por profesional,RATIO_PROFESIONAL,1515,,,
Gran Canaria,ES705,2017,2017,Enfermería - Atención primaria (AP),ENFERMERIA_AP,Total,_T,Nº de profesionales de atención primaria (AP),NUMERO_PROFESIONALES_AP,495,,,
Gran Canaria,ES705,2017,2017,Enfermería - Atención primaria (AP),ENFERMERIA_AP,Total,_T,Ratio por profesional,RATIO_PROFESIONAL,1618,,,
Tenerife,ES709,2017,2017,Enfermería - Atención primaria (AP),ENFERMERIA_AP,Total,_T,Nº de profesionales de atención primaria (AP),NUMERO_PROFESIONALES_AP,471,,,
Tenerife,ES709,2017,2017,Enfermería - Atención primaria (AP),ENFERMERIA_AP,Total,_T,Ratio por profesional,RATIO_PROFESIONAL,1820,,,
La Gomera,ES706,2017,2017,Enfermería - Atención primaria (AP),ENFERMERIA_AP,Total,_T,Nº de profesionales de atención primaria (AP),NUMERO_PROFESIONALES_AP,17,,,
La Gomera,ES706,2017,2017,Enfermería - Atención primaria (AP),ENFERMERIA_AP,Total,_T,Ratio por profesional,RATIO_PROFESIONAL,968,,,
La Palma,ES707,2017,2017,Enfermería - Atención primaria (AP),ENFERMERIA_AP,Total,_T,Nº de profesionales de atención primaria (AP),NUMERO_PROFESIONALES_AP,63,,,
La Palma,ES707,2017,2017,Enfermería - Atención primaria (AP),ENFERMERIA_AP,Total,_T,Ratio por profesional,RATIO_PROFESIONAL,1177,,,
El Hierro,ES703,2017,2017,Enfermería - Atención primaria (AP),ENFERMERIA_AP,Total,_T,Nº de profesionales de atención primaria (AP),NUMERO_PROFESIONALES_AP,8,,,
El Hierro,ES703,2017,2017,Enfermería - Atención primaria (AP),ENFERMERIA_AP,Total,_T,Ratio por profesional,RATIO_PROFESIONAL,1125,,,
Canarias,ES70,2017,2017,Pediatría - Atención primaria (AP),PEDIATRIA_AP,Total,_T,Nº de profesionales de atención primaria (AP),NUMERO_PROFESIONALES_AP,317,,,
Canarias,ES70,2017,2017,Pediatría - Atención primaria (AP),PEDIATRIA_AP,Total,_T,Ratio por profesional,RATIO_PROFESIONAL,848,,,
Lanzarote,ES708,2017,2017,Pediatría - Atención primaria (AP),PEDIATRIA_AP,Total,_T,Nº de profesionales de atención primaria (AP),NUMERO_PROFESIONALES_AP,23,,,
Lanzarote,ES708,2017,2017,Pediatría - Atención primaria (AP),PEDIATRIA_AP,Total,_T,Ratio por profesional,RATIO_PROFESIONAL,976,,,
Fuerteventura,ES704,2017,2017,Pediatría - Atención primaria (AP),PEDIATRIA_AP,Total,_T,Nº de profesionales de atención primaria (AP),NUMERO_PROFESIONALES_AP,18,,,
Fuerteventura,ES704,2017,2017,Pediatría - Atención primaria (AP),PEDIATRIA_AP,Total,_T,Ratio por profesional,RATIO_PROFESIONAL,986,,,
Gran Canaria,ES705,2017,2017,Pediatría - Atención primaria (AP),PEDIATRIA_AP,Total,_T,Nº de profesionales de atención primaria (AP),NUMERO_PROFESIONALES_AP,122,,,
Gran Canaria,ES705,2017,2017,Pediatría - Atención primaria (AP),PEDIATRIA_AP,Total,_T,Ratio por profesional,RATIO_PROFESIONAL,799,,,
Tenerife,ES709,2017,2017,Pediatría - Atención primaria (AP),PEDIATRIA_AP,Total,_T,Nº de profesionales de atención primaria (AP),NUMERO_PROFESIONALES_AP,139,,,
Tenerife,ES709,2017,2017,Pediatría - Atención primaria (AP),PEDIATRIA_AP,Total,_T,Ratio por profesional,RATIO_PROFESIONAL,861,,,
La Gomera,ES706,2017,2017,Pediatría - Atención primaria (AP),PEDIATRIA_AP,Total,_T,Nº de profesionales de atención primaria (AP),NUMERO_PROFESIONALES_AP,1,,,
La Gomera,ES706,2017,2017,Pediatría - Atención primaria (AP),PEDIATRIA_AP,Total,_T,Ratio por profesional,RATIO_PROFESIONAL,1107,,,
La Palma,ES707,2017,2017,Pediatría - Atención primaria (AP),PEDIATRIA_AP,Total,_T,Nº de profesionales de atención primaria (AP),NUMERO_PROFESIONALES_AP,13,,,
La Palma,ES707,2017,2017,Pediatría - Atención primaria (AP),PEDIATRIA_AP,Total,_T,Ratio por profesional,RATIO_PROFESIONAL,720,,,
El Hierro,ES703,2017,2017,Pediatría - Atención primaria (AP),PEDIATRIA_AP,Total,_T,Nº de profesionales de atención primaria (AP),NUMERO_PROFESIONALES_AP,1,,,
El Hierro,ES703,2017,2017,Pediatría - Atención primaria (AP),PEDIATRIA_AP,Total,_T,Ratio por profesional,RATIO_PROFESIONAL,877,,,
Canarias,ES70,2017,2017,Medicina Familia y Comunitaria - Atención primaria (AP),FAMILIA_COMUNITARIA_AP,Total,_T,Nº de profesionales de atención primaria (AP),NUMERO_PROFESIONALES_AP,1183,,,
Canarias,ES70,2017,2017,Medicina Familia y Comunitaria - Atención primaria (AP),FAMILIA_COMUNITARIA_AP,Total,_T,Ratio por profesional,RATIO_PROFESIONAL,1463,,,
Lanzarote,ES708,2017,2017,Medicina Familia y Comunitaria - Atención primaria (AP),FAMILIA_COMUNITARIA_AP,Total,_T,Nº de profesionales de atención primaria (AP),NUMERO_PROFESIONALES_AP,80,,,
Lanzarote,ES708,2017,2017,Medicina Familia y Comunitaria - Atención primaria (AP),FAMILIA_COMUNITARIA_AP,Total,_T,Ratio por profesional,RATIO_PROFESIONAL,1462,,,
Fuerteventura,ES704,2017,2017,Medicina Familia y Comunitaria - Atención primaria (AP),FAMILIA_COMUNITARIA_AP,Total,_T,Nº de profesionales de atención primaria (AP),NUMERO_PROFESIONALES_AP,60,,,
Fuerteventura,ES704,2017,2017,Medicina Familia y Comunitaria - Atención primaria (AP),FAMILIA_COMUNITARIA_AP,Total,_T,Ratio por profesional,RATIO_PROFESIONAL,1422,,,
Gran Canaria,ES705,2017,2017,Medicina Familia y Comunitaria - Atención primaria (AP),FAMILIA_COMUNITARIA_AP,Total,_T,Nº de profesionales de atención primaria (AP),NUMERO_PROFESIONALES_AP,484,,,
Gran Canaria,ES705,2017,2017,Medicina Familia y Comunitaria - Atención primaria (AP),FAMILIA_COMUNITARIA_AP,Total,_T,Ratio por profesional,RATIO_PROFESIONAL,1453,,,
Tenerife,ES709,2017,2017,Medicina Familia y Comunitaria - Atención primaria (AP),FAMILIA_COMUNITARIA_AP,Total,_T,Nº de profesionales de atención primaria (AP),NUMERO_PROFESIONALES_AP,482,,,
Tenerife,ES709,2017,2017,Medicina Familia y Comunitaria - Atención primaria (AP),FAMILIA_COMUNITARIA_AP,Total,_T,Ratio por profesional,RATIO_PROFESIONAL,1530,,,
La Gomera,ES706,2017,2017,Medicina Familia y Comunitaria - Atención primaria (AP),FAMILIA_COMUNITARIA_AP,Total,_T,Nº de profesionales de atención primaria (AP),NUMERO_PROFESIONALES_AP,17,,,
La Gomera,ES706,2017,2017,Medicina Familia y Comunitaria - Atención primaria (AP),FAMILIA_COMUNITARIA_AP,Total,_T,Ratio por profesional,RATIO_PROFESIONAL,903,,,
La Palma,ES707,2017,2017,Medicina Familia y Comunitaria - Atención primaria (AP),FAMILIA_COMUNITARIA_AP,Total,_T,Nº de profesionales de atención primaria (AP),NUMERO_PROFESIONALES_AP,52,,,
La Palma,ES707,2017,2017,Medicina Familia y Comunitaria - Atención primaria (AP),FAMILIA_COMUNITARIA_AP,Total,_T,Ratio por profesional,RATIO_PROFESIONAL,1246,,,
El Hierro,ES703,2017,2017,Medicina Familia y Comunitaria - Atención primaria (AP),FAMILIA_COMUNITARIA_AP,Total,_T,Nº de profesionales de atención primaria (AP),NUMERO_PROFESIONALES_AP,8,,,
El Hierro,ES703,2017,2017,Medicina Familia y Comunitaria - Atención primaria (AP),FAMILIA_COMUNITARIA_AP,Total,_T,Ratio por profesional,RATIO_PROFESIONAL,1015,,,
Canarias,ES70,2018,2018,Enfermería - Atención primaria (AP),ENFERMERIA_AP,Total,_T,Nº de profesionales de atención primaria (AP),NUMERO_PROFESIONALES_AP,1214,,,
Canarias,ES70,2018,2018,Enfermería - Atención primaria (AP),ENFERMERIA_AP,Total,_T,Ratio por profesional,RATIO_PROFESIONAL,1669,,,
Lanzarote,ES708,2018,2018,Enfermería - Atención primaria (AP),ENFERMERIA_AP,Total,_T,Nº de profesionales de atención primaria (AP),NUMERO_PROFESIONALES_AP,92,,,
Lanzarote,ES708,2018,2018,Enfermería - Atención primaria (AP),ENFERMERIA_AP,Total,_T,Ratio por profesional,RATIO_PROFESIONAL,1541,,,
Fuerteventura,ES704,2018,2018,Enfermería - Atención primaria (AP),ENFERMERIA_AP,Total,_T,Nº de profesionales de atención primaria (AP),NUMERO_PROFESIONALES_AP,68,,,
Fuerteventura,ES704,2018,2018,Enfermería - Atención primaria (AP),ENFERMERIA_AP,Total,_T,Ratio por profesional,RATIO_PROFESIONAL,1568,,,
Gran Canaria,ES705,2018,2018,Enfermería - Atención primaria (AP),ENFERMERIA_AP,Total,_T,Nº de profesionales de atención primaria (AP),NUMERO_PROFESIONALES_AP,495,,,
Gran Canaria,ES705,2018,2018,Enfermería - Atención primaria (AP),ENFERMERIA_AP,Total,_T,Ratio por profesional,RATIO_PROFESIONAL,1628,,,
Tenerife,ES709,2018,2018,Enfermería - Atención primaria (AP),ENFERMERIA_AP,Total,_T,Nº de profesionales de atención primaria (AP),NUMERO_PROFESIONALES_AP,471,,,
Tenerife,ES709,2018,2018,Enfermería - Atención primaria (AP),ENFERMERIA_AP,Total,_T,Ratio por profesional,RATIO_PROFESIONAL,1849,,,
La Gomera,ES706,2018,2018,Enfermería - Atención primaria (AP),ENFERMERIA_AP,Total,_T,Nº de profesionales de atención primaria (AP),NUMERO_PROFESIONALES_AP,17,,,
La Gomera,ES706,2018,2018,Enfermería - Atención primaria (AP),ENFERMERIA_AP,Total,_T,Ratio por profesional,RATIO_PROFESIONAL,981,,,
La Palma,ES707,2018,2018,Enfermería - Atención primaria (AP),ENFERMERIA_AP,Total,_T,Nº de profesionales de atención primaria (AP),NUMERO_PROFESIONALES_AP,63,,,
La Palma,ES707,2018,2018,Enfermería - Atención primaria (AP),ENFERMERIA_AP,Total,_T,Ratio por profesional,RATIO_PROFESIONAL,1190,,,
El Hierro,ES703,2018,2018,Enfermería - Atención primaria (AP),ENFERMERIA_AP,Total,_T,Nº de profesionales de atención primaria (AP),NUMERO_PROFESIONALES_AP,8,,,
El Hierro,ES703,2018,2018,Enfermería - Atención primaria (AP),ENFERMERIA_AP,Total,_T,Ratio por profesional,RATIO_PROFESIONAL,1123,,,
Canarias,ES70,2018,2018,Pediatría - Atención primaria (AP),PEDIATRIA_AP,Total,_T,Nº de profesionales de atención primaria (AP),NUMERO_PROFESIONALES_AP,320,,,
Canarias,ES70,2018,2018,Pediatría - Atención primaria (AP),PEDIATRIA_AP,Total,_T,Ratio por profesional,RATIO_PROFESIONAL,833,,,
Lanzarote,ES708,2018,2018,Pediatría - Atención primaria (AP),PEDIATRIA_AP,Total,_T,Nº de profesionales de atención primaria (AP),NUMERO_PROFESIONALES_AP,23,,,
Lanzarote,ES708,2018,2018,Pediatría - Atención primaria (AP),PEDIATRIA_AP,Total,_T,Ratio por profesional,RATIO_PROFESIONAL,972,,,
Fuerteventura,ES704,2018,2018,Pediatría - Atención primaria (AP),PEDIATRIA_AP,Total,_T,Nº de profesionales de atención primaria (AP),NUMERO_PROFESIONALES_AP,19,,,
Fuerteventura,ES704,2018,2018,Pediatría - Atención primaria (AP),PEDIATRIA_AP,Total,_T,Ratio por profesional,RATIO_PROFESIONAL,941,,,
Gran Canaria,ES705,2018,2018,Pediatría - Atención primaria (AP),PEDIATRIA_AP,Total,_T,Nº de profesionales de atención primaria (AP),NUMERO_PROFESIONALES_AP,122,,,
Gran Canaria,ES705,2018,2018,Pediatría - Atención primaria (AP),PEDIATRIA_AP,Total,_T,Ratio por profesional,RATIO_PROFESIONAL,785,,,
Tenerife,ES709,2018,2018,Pediatría - Atención primaria (AP),PEDIATRIA_AP,Total,_T,Nº de profesionales de atención primaria (AP),NUMERO_PROFESIONALES_AP,141,,,
Tenerife,ES709,2018,2018,Pediatría - Atención primaria (AP),PEDIATRIA_AP,Total,_T,Ratio por profesional,RATIO_PROFESIONAL,847,,,
La Gomera,ES706,2018,2018,Pediatría - Atención primaria (AP),PEDIATRIA_AP,Total,_T,Nº de profesionales de atención primaria (AP),NUMERO_PROFESIONALES_AP,1,,,
La Gomera,ES706,2018,2018,Pediatría - Atención primaria (AP),PEDIATRIA_AP,Total,_T,Ratio por profesional,RATIO_PROFESIONAL,1062,,,
La Palma,ES707,2018,2018,Pediatría - Atención primaria (AP),PEDIATRIA_AP,Total,_T,Nº de profesionales de atención primaria (AP),NUMERO_PROFESIONALES_AP,13,,,
La Palma,ES707,2018,2018,Pediatría - Atención primaria (AP),PEDIATRIA_AP,Total,_T,Ratio por profesional,RATIO_PROFESIONAL,706,,,
El Hierro,ES703,2018,2018,Pediatría - Atención primaria (AP),PEDIATRIA_AP,Total,_T,Nº de profesionales de atención primaria (AP),NUMERO_PROFESIONALES_AP,1,,,
El Hierro,ES703,2018,2018,Pediatría - Atención primaria (AP),PEDIATRIA_AP,Total,_T,Ratio por profesional,RATIO_PROFESIONAL,925,,,
Canarias,ES70,2018,2018,Medicina Familia y Comunitaria - Atención primaria (AP),FAMILIA_COMUNITARIA_AP,Total,_T,Nº de profesionales de atención primaria (AP),NUMERO_PROFESIONALES_AP,1194,,,
Canarias,ES70,2018,2018,Medicina Familia y Comunitaria - Atención primaria (AP),FAMILIA_COMUNITARIA_AP,Total,_T,Ratio por profesional,RATIO_PROFESIONAL,1473,,,
Lanzarote,ES708,2018,2018,Medicina Familia y Comunitaria - Atención primaria (AP),FAMILIA_COMUNITARIA_AP,Total,_T,Nº de profesionales de atención primaria (AP),NUMERO_PROFESIONALES_AP,81,,,
Lanzarote,ES708,2018,2018,Medicina Familia y Comunitaria - Atención primaria (AP),FAMILIA_COMUNITARIA_AP,Total,_T,Ratio por profesional,RATIO_PROFESIONAL,1474,,,
Fuerteventura,ES704,2018,2018,Medicina Familia y Comunitaria - Atención primaria (AP),FAMILIA_COMUNITARIA_AP,Total,_T,Nº de profesionales de atención primaria (AP),NUMERO_PROFESIONALES_AP,60,,,
Fuerteventura,ES704,2018,2018,Medicina Familia y Comunitaria - Atención primaria (AP),FAMILIA_COMUNITARIA_AP,Total,_T,Ratio por profesional,RATIO_PROFESIONAL,1480,,,
Gran Canaria,ES705,2018,2018,Medicina Familia y Comunitaria - Atención primaria (AP),FAMILIA_COMUNITARIA_AP,Total,_T,Nº de profesionales de atención primaria (AP),NUMERO_PROFESIONALES_AP,486,,,
Gran Canaria,ES705,2018,2018,Medicina Familia y Comunitaria - Atención primaria (AP),FAMILIA_COMUNITARIA_AP,Total,_T,Ratio por profesional,RATIO_PROFESIONAL,1461,,,
Tenerife,ES709,2018,2018,Medicina Familia y Comunitaria - Atención primaria (AP),FAMILIA_COMUNITARIA_AP,Total,_T,Nº de profesionales de atención primaria (AP),NUMERO_PROFESIONALES_AP,489,,,
Tenerife,ES709,2018,2018,Medicina Familia y Comunitaria - Atención primaria (AP),FAMILIA_COMUNITARIA_AP,Total,_T,Ratio por profesional,RATIO_PROFESIONAL,1537,,,
La Gomera,ES706,2018,2018,Medicina Familia y Comunitaria - Atención primaria (AP),FAMILIA_COMUNITARIA_AP,Total,_T,Nº de profesionales de atención primaria (AP),NUMERO_PROFESIONALES_AP,18,,,
La Gomera,ES706,2018,2018,Medicina Familia y Comunitaria - Atención primaria (AP),FAMILIA_COMUNITARIA_AP,Total,_T,Ratio por profesional,RATIO_PROFESIONAL,868,,,
La Palma,ES707,2018,2018,Medicina Familia y Comunitaria - Atención primaria (AP),FAMILIA_COMUNITARIA_AP,Total,_T,Nº de profesionales de atención primaria (AP),NUMERO_PROFESIONALES_AP,52,,,
La Palma,ES707,2018,2018,Medicina Familia y Comunitaria - Atención primaria (AP),FAMILIA_COMUNITARIA_AP,Total,_T,Ratio por profesional,RATIO_PROFESIONAL,1265,,,
El Hierro,ES703,2018,2018,Medicina Familia y Comunitaria - Atención primaria (AP),FAMILIA_COMUNITARIA_AP,Total,_T,Nº de profesionales de atención primaria (AP),NUMERO_PROFESIONALES_AP,8,,,
El Hierro,ES703,2018,2018,Medicina Familia y Comunitaria - Atención primaria (AP),FAMILIA_COMUNITARIA_AP,Total,_T,Ratio por profesional,RATIO_PROFESIONAL,1007,,,
Canarias,ES70,2019,2019,Enfermería - Atención primaria (AP),ENFERMERIA_AP,Total,_T,Nº de profesionales de atención primaria (AP),NUMERO_PROFESIONALES_AP,1214,,,
Canarias,ES70,2019,2019,Enfermería - Atención primaria (AP),ENFERMERIA_AP,Total,_T,Ratio por profesional,RATIO_PROFESIONAL,1684,,,
Lanzarote,ES708,2019,2019,Enfermería - Atención primaria (AP),ENFERMERIA_AP,Total,_T,Nº de profesionales de atención primaria (AP),NUMERO_PROFESIONALES_AP,92,,,
Lanzarote,ES708,2019,2019,Enfermería - Atención primaria (AP),ENFERMERIA_AP,Total,_T,Ratio por profesional,RATIO_PROFESIONAL,1572,,,
Fuerteventura,ES704,2019,2019,Enfermería - Atención primaria (AP),ENFERMERIA_AP,Total,_T,Nº de profesionales de atención primaria (AP),NUMERO_PROFESIONALES_AP,68,,,
Fuerteventura,ES704,2019,2019,Enfermería - Atención primaria (AP),ENFERMERIA_AP,Total,_T,Ratio por profesional,RATIO_PROFESIONAL,1605,,,
Gran Canaria,ES705,2019,2019,Enfermería - Atención primaria (AP),ENFERMERIA_AP,Total,_T,Nº de profesionales de atención primaria (AP),NUMERO_PROFESIONALES_AP,495,,,
Gran Canaria,ES705,2019,2019,Enfermería - Atención primaria (AP),ENFERMERIA_AP,Total,_T,Ratio por profesional,RATIO_PROFESIONAL,1629,,,
Tenerife,ES709,2019,2019,Enfermería - Atención primaria (AP),ENFERMERIA_AP,Total,_T,Nº de profesionales de atención primaria (AP),NUMERO_PROFESIONALES_AP,471,,,
Tenerife,ES709,2019,2019,Enfermería - Atención primaria (AP),ENFERMERIA_AP,Total,_T,Ratio por profesional,RATIO_PROFESIONAL,1873,,,
La Gomera,ES706,2019,2019,Enfermería - Atención primaria (AP),ENFERMERIA_AP,Total,_T,Nº de profesionales de atención primaria (AP),NUMERO_PROFESIONALES_AP,17,,,
La Gomera,ES706,2019,2019,Enfermería - Atención primaria (AP),ENFERMERIA_AP,Total,_T,Ratio por profesional,RATIO_PROFESIONAL,994,,,
La Palma,ES707,2019,2019,Enfermería - Atención primaria (AP),ENFERMERIA_AP,Total,_T,Nº de profesionales de atención primaria (AP),NUMERO_PROFESIONALES_AP,63,,,
La Palma,ES707,2019,2019,Enfermería - Atención primaria (AP),ENFERMERIA_AP,Total,_T,Ratio por profesional,RATIO_PROFESIONAL,1201,,,
El Hierro,ES703,2019,2019,Enfermería - Atención primaria (AP),ENFERMERIA_AP,Total,_T,Nº de profesionales de atención primaria (AP),NUMERO_PROFESIONALES_AP,8,,,
El Hierro,ES703,2019,2019,Enfermería - Atención primaria (AP),ENFERMERIA_AP,Total,_T,Ratio por profesional,RATIO_PROFESIONAL,1139,,,
Canarias,ES70,2019,2019,Pediatría - Atención primaria (AP),PEDIATRIA_AP,Total,_T,Nº de profesionales de atención primaria (AP),NUMERO_PROFESIONALES_AP,320,,,
Canarias,ES70,2019,2019,Pediatría - Atención primaria (AP),PEDIATRIA_AP,Total,_T,Ratio por profesional,RATIO_PROFESIONAL,825,,,
Lanzarote,ES708,2019,2019,Pediatría - Atención primaria (AP),PEDIATRIA_AP,Total,_T,Nº de profesionales de atención primaria (AP),NUMERO_PROFESIONALES_AP,23,,,
Lanzarote,ES708,2019,2019,Pediatría - Atención primaria (AP),PEDIATRIA_AP,Total,_T,Ratio por profesional,RATIO_PROFESIONAL,969,,,
Fuerteventura,ES704,2019,2019,Pediatría - Atención primaria (AP),PEDIATRIA_AP,Total,_T,Nº de profesionales de atención primaria (AP),NUMERO_PROFESIONALES_AP,19,,,
Fuerteventura,ES704,2019,2019,Pediatría - Atención primaria (AP),PEDIATRIA_AP,Total,_T,Ratio por profesional,RATIO_PROFESIONAL,956,,,
Gran Canaria,ES705,2019,2019,Pediatría - Atención primaria (AP),PEDIATRIA_AP,Total,_T,Nº de profesionales de atención primaria (AP),NUMERO_PROFESIONALES_AP,122,,,
Gran Canaria,ES705,2019,2019,Pediatría - Atención primaria (AP),PEDIATRIA_AP,Total,_T,Ratio por profesional,RATIO_PROFESIONAL,769,,,
Tenerife,ES709,2019,2019,Pediatría - Atención primaria (AP),PEDIATRIA_AP,Total,_T,Nº de profesionales de atención primaria (AP),NUMERO_PROFESIONALES_AP,141,,,
Tenerife,ES709,2019,2019,Pediatría - Atención primaria (AP),PEDIATRIA_AP,Total,_T,Ratio por profesional,RATIO_PROFESIONAL,841,,,
La Gomera,ES706,2019,2019,Pediatría - Atención primaria (AP),PEDIATRIA_AP,Total,_T,Nº de profesionales de atención primaria (AP),NUMERO_PROFESIONALES_AP,1,,,
La Gomera,ES706,2019,2019,Pediatría - Atención primaria (AP),PEDIATRIA_AP,Total,_T,Ratio por profesional,RATIO_PROFESIONAL,1069,,,
La Palma,ES707,2019,2019,Pediatría - Atención primaria (AP),PEDIATRIA_AP,Total,_T,Nº de profesionales de atención primaria (AP),NUMERO_PROFESIONALES_AP,13,,,
La Palma,ES707,2019,2019,Pediatría - Atención primaria (AP),PEDIATRIA_AP,Total,_T,Ratio por profesional,RATIO_PROFESIONAL,703,,,
El Hierro,ES703,2019,2019,Pediatría - Atención primaria (AP),PEDIATRIA_AP,Total,_T,Nº de profesionales de atención primaria (AP),NUMERO_PROFESIONALES_AP,1,,,
El Hierro,ES703,2019,2019,Pediatría - Atención primaria (AP),PEDIATRIA_AP,Total,_T,Ratio por profesional,RATIO_PROFESIONAL,958,,,
Canarias,ES70,2019,2019,Medicina Familia y Comunitaria - Atención primaria (AP),FAMILIA_COMUNITARIA_AP,Total,_T,Nº de profesionales de atención primaria (AP),NUMERO_PROFESIONALES_AP,1194,,,
Canarias,ES70,2019,2019,Medicina Familia y Comunitaria - Atención primaria (AP),FAMILIA_COMUNITARIA_AP,Total,_T,Ratio por profesional,RATIO_PROFESIONAL,1491,,,
Lanzarote,ES708,2019,2019,Medicina Familia y Comunitaria - Atención primaria (AP),FAMILIA_COMUNITARIA_AP,Total,_T,Nº de profesionales de atención primaria (AP),NUMERO_PROFESIONALES_AP,81,,,
Lanzarote,ES708,2019,2019,Medicina Familia y Comunitaria - Atención primaria (AP),FAMILIA_COMUNITARIA_AP,Total,_T,Ratio por profesional,RATIO_PROFESIONAL,1510,,,
Fuerteventura,ES704,2019,2019,Medicina Familia y Comunitaria - Atención primaria (AP),FAMILIA_COMUNITARIA_AP,Total,_T,Nº de profesionales de atención primaria (AP),NUMERO_PROFESIONALES_AP,60,,,
Fuerteventura,ES704,2019,2019,Medicina Familia y Comunitaria - Atención primaria (AP),FAMILIA_COMUNITARIA_AP,Total,_T,Ratio por profesional,RATIO_PROFESIONAL,1516,,,
Gran Canaria,ES705,2019,2019,Medicina Familia y Comunitaria - Atención primaria (AP),FAMILIA_COMUNITARIA_AP,Total,_T,Nº de profesionales de atención primaria (AP),NUMERO_PROFESIONALES_AP,486,,,
Gran Canaria,ES705,2019,2019,Medicina Familia y Comunitaria - Atención primaria (AP),FAMILIA_COMUNITARIA_AP,Total,_T,Ratio por profesional,RATIO_PROFESIONAL,1466,,,
Tenerife,ES709,2019,2019,Medicina Familia y Comunitaria - Atención primaria (AP),FAMILIA_COMUNITARIA_AP,Total,_T,Nº de profesionales de atención primaria (AP),NUMERO_PROFESIONALES_AP,489,,,
Tenerife,ES709,2019,2019,Medicina Familia y Comunitaria - Atención primaria (AP),FAMILIA_COMUNITARIA_AP,Total,_T,Ratio por profesional,RATIO_PROFESIONAL,1561,,,
La Gomera,ES706,2019,2019,Medicina Familia y Comunitaria - Atención primaria (AP),FAMILIA_COMUNITARIA_AP,Total,_T,Nº de profesionales de atención primaria (AP),NUMERO_PROFESIONALES_AP,18,,,
La Gomera,ES706,2019,2019,Medicina Familia y Comunitaria - Atención primaria (AP),FAMILIA_COMUNITARIA_AP,Total,_T,Ratio por profesional,RATIO_PROFESIONAL,879,,,
La Palma,ES707,2019,2019,Medicina Familia y Comunitaria - Atención primaria (AP),FAMILIA_COMUNITARIA_AP,Total,_T,Nº de profesionales de atención primaria (AP),NUMERO_PROFESIONALES_AP,52,,,
La Palma,ES707,2019,2019,Medicina Familia y Comunitaria - Atención primaria (AP),FAMILIA_COMUNITARIA_AP,Total,_T,Ratio por profesional,RATIO_PROFESIONAL,1279,,,
El Hierro,ES703,2019,2019,Medicina Familia y Comunitaria - Atención primaria (AP),FAMILIA_COMUNITARIA_AP,Total,_T,Nº de profesionales de atención primaria (AP),NUMERO_PROFESIONALES_AP,8,,,
El Hierro,ES703,2019,2019,Medicina Familia y Comunitaria - Atención primaria (AP),FAMILIA_COMUNITARIA_AP,Total,_T,Ratio por profesional,RATIO_PROFESIONAL,1020,,,
Canarias,ES70,2020,2020,Enfermería - Atención primaria (AP),ENFERMERIA_AP,Total,_T,Nº de profesionales de atención primaria (AP),NUMERO_PROFESIONALES_AP,1291,,,
Canarias,ES70,2020,2020,Enfermería - Atención primaria (AP),ENFERMERIA_AP,Total,_T,Ratio por profesional,RATIO_PROFESIONAL,1593,,,
Lanzarote,ES708,2020,2020,Enfermería - Atención primaria (AP),ENFERMERIA_AP,Total,_T,Nº de profesionales de atención primaria (AP),NUMERO_PROFESIONALES_AP,115,,,
Lanzarote,ES708,2020,2020,Enfermería - Atención primaria (AP),ENFERMERIA_AP,Total,_T,Ratio por profesional,RATIO_PROFESIONAL,1272,,,
Fuerteventura,ES704,2020,2020,Enfermería - Atención primaria (AP),ENFERMERIA_AP,Total,_T,Nº de profesionales de atención primaria (AP),NUMERO_PROFESIONALES_AP,72,,,
Fuerteventura,ES704,2020,2020,Enfermería - Atención primaria (AP),ENFERMERIA_AP,Total,_T,Ratio por profesional,RATIO_PROFESIONAL,1501,,,
Gran Canaria,ES705,2020,2020,Enfermería - Atención primaria (AP),ENFERMERIA_AP,Total,_T,Nº de profesionales de atención primaria (AP),NUMERO_PROFESIONALES_AP,470,,,
Gran Canaria,ES705,2020,2020,Enfermería - Atención primaria (AP),ENFERMERIA_AP,Total,_T,Ratio por profesional,RATIO_PROFESIONAL,1720,,,
Tenerife,ES709,2020,2020,Enfermería - Atención primaria (AP),ENFERMERIA_AP,Total,_T,Nº de profesionales de atención primaria (AP),NUMERO_PROFESIONALES_AP,542,,,
Tenerife,ES709,2020,2020,Enfermería - Atención primaria (AP),ENFERMERIA_AP,Total,_T,Ratio por profesional,RATIO_PROFESIONAL,1644,,,
La Gomera,ES706,2020,2020,Enfermería - Atención primaria (AP),ENFERMERIA_AP,Total,_T,Nº de profesionales de atención primaria (AP),NUMERO_PROFESIONALES_AP,20,,,
La Gomera,ES706,2020,2020,Enfermería - Atención primaria (AP),ENFERMERIA_AP,Total,_T,Ratio por profesional,RATIO_PROFESIONAL,862,,,
La Palma,ES707,2020,2020,Enfermería - Atención primaria (AP),ENFERMERIA_AP,Total,_T,Nº de profesionales de atención primaria (AP),NUMERO_PROFESIONALES_AP,65,,,
La Palma,ES707,2020,2020,Enfermería - Atención primaria (AP),ENFERMERIA_AP,Total,_T,Ratio por profesional,RATIO_PROFESIONAL,1174,,,
El Hierro,ES703,2020,2020,Enfermería - Atención primaria (AP),ENFERMERIA_AP,Total,_T,Nº de profesionales de atención primaria (AP),NUMERO_PROFESIONALES_AP,7,,,
El Hierro,ES703,2020,2020,Enfermería - Atención primaria (AP),ENFERMERIA_AP,Total,_T,Ratio por profesional,RATIO_PROFESIONAL,1336,,,
Canarias,ES70,2020,2020,Pediatría - Atención primaria (AP),PEDIATRIA_AP,Total,_T,Nº de profesionales de atención primaria (AP),NUMERO_PROFESIONALES_AP,313,,,
Canarias,ES70,2020,2020,Pediatría - Atención primaria (AP),PEDIATRIA_AP,Total,_T,Ratio por profesional,RATIO_PROFESIONAL,843,,,
Lanzarote,ES708,2020,2020,Pediatría - Atención primaria (AP),PEDIATRIA_AP,Total,_T,Nº de profesionales de atención primaria (AP),NUMERO_PROFESIONALES_AP,24,,,
Lanzarote,ES708,2020,2020,Pediatría - Atención primaria (AP),PEDIATRIA_AP,Total,_T,Ratio por profesional,RATIO_PROFESIONAL,928,,,
Fuerteventura,ES704,2020,2020,Pediatría - Atención primaria (AP),PEDIATRIA_AP,Total,_T,Nº de profesionales de atención primaria (AP),NUMERO_PROFESIONALES_AP,19,,,
Fuerteventura,ES704,2020,2020,Pediatría - Atención primaria (AP),PEDIATRIA_AP,Total,_T,Ratio por profesional,RATIO_PROFESIONAL,927,,,
Gran Canaria,ES705,2020,2020,Pediatría - Atención primaria (AP),PEDIATRIA_AP,Total,_T,Nº de profesionales de atención primaria (AP),NUMERO_PROFESIONALES_AP,109,,,
Gran Canaria,ES705,2020,2020,Pediatría - Atención primaria (AP),PEDIATRIA_AP,Total,_T,Ratio por profesional,RATIO_PROFESIONAL,896,,,
Tenerife,ES709,2020,2020,Pediatría - Atención primaria (AP),PEDIATRIA_AP,Total,_T,Nº de profesionales de atención primaria (AP),NUMERO_PROFESIONALES_AP,146,,,
Tenerife,ES709,2020,2020,Pediatría - Atención primaria (AP),PEDIATRIA_AP,Total,_T,Ratio por profesional,RATIO_PROFESIONAL,789,,,
La Gomera,ES706,2020,2020,Pediatría - Atención primaria (AP),PEDIATRIA_AP,Total,_T,Nº de profesionales de atención primaria (AP),NUMERO_PROFESIONALES_AP,1,,,
La Gomera,ES706,2020,2020,Pediatría - Atención primaria (AP),PEDIATRIA_AP,Total,_T,Ratio por profesional,RATIO_PROFESIONAL,1086,,,
La Palma,ES707,2020,2020,Pediatría - Atención primaria (AP),PEDIATRIA_AP,Total,_T,Nº de profesionales de atención primaria (AP),NUMERO_PROFESIONALES_AP,13,,,
La Palma,ES707,2020,2020,Pediatría - Atención primaria (AP),PEDIATRIA_AP,Total,_T,Ratio por profesional,RATIO_PROFESIONAL,691,,,
El Hierro,ES703,2020,2020,Pediatría - Atención primaria (AP),PEDIATRIA_AP,Total,_T,Nº de profesionales de atención primaria (AP),NUMERO_PROFESIONALES_AP,1,,,
El Hierro,ES703,2020,2020,Pediatría - Atención primaria (AP),PEDIATRIA_AP,Total,_T,Ratio por profesional,RATIO_PROFESIONAL,958,,,
Canarias,ES70,2020,2020,Medicina Familia y Comunitaria - Atención primaria (AP),FAMILIA_COMUNITARIA_AP,Total,_T,Nº de profesionales de atención primaria (AP),NUMERO_PROFESIONALES_AP,1234,,,
Canarias,ES70,2020,2020,Medicina Familia y Comunitaria - Atención primaria (AP),FAMILIA_COMUNITARIA_AP,Total,_T,Ratio por profesional,RATIO_PROFESIONAL,1453,,,
Lanzarote,ES708,2020,2020,Medicina Familia y Comunitaria - Atención primaria (AP),FAMILIA_COMUNITARIA_AP,Total,_T,Nº de profesionales de atención primaria (AP),NUMERO_PROFESIONALES_AP,86,,,
Lanzarote,ES708,2020,2020,Medicina Familia y Comunitaria - Atención primaria (AP),FAMILIA_COMUNITARIA_AP,Total,_T,Ratio por profesional,RATIO_PROFESIONAL,1442,,,
Fuerteventura,ES704,2020,2020,Medicina Familia y Comunitaria - Atención primaria (AP),FAMILIA_COMUNITARIA_AP,Total,_T,Nº de profesionales de atención primaria (AP),NUMERO_PROFESIONALES_AP,61,,,
Fuerteventura,ES704,2020,2020,Medicina Familia y Comunitaria - Atención primaria (AP),FAMILIA_COMUNITARIA_AP,Total,_T,Ratio por profesional,RATIO_PROFESIONAL,1483,,,
Gran Canaria,ES705,2020,2020,Medicina Familia y Comunitaria - Atención primaria (AP),FAMILIA_COMUNITARIA_AP,Total,_T,Nº de profesionales de atención primaria (AP),NUMERO_PROFESIONALES_AP,498,,,
Gran Canaria,ES705,2020,2020,Medicina Familia y Comunitaria - Atención primaria (AP),FAMILIA_COMUNITARIA_AP,Total,_T,Ratio por profesional,RATIO_PROFESIONAL,1427,,,
Tenerife,ES709,2020,2020,Medicina Familia y Comunitaria - Atención primaria (AP),FAMILIA_COMUNITARIA_AP,Total,_T,Nº de profesionales de atención primaria (AP),NUMERO_PROFESIONALES_AP,511,,,
Tenerife,ES709,2020,2020,Medicina Familia y Comunitaria - Atención primaria (AP),FAMILIA_COMUNITARIA_AP,Total,_T,Ratio por profesional,RATIO_PROFESIONAL,1519,,,
La Gomera,ES706,2020,2020,Medicina Familia y Comunitaria - Atención primaria (AP),FAMILIA_COMUNITARIA_AP,Total,_T,Nº de profesionales de atención primaria (AP),NUMERO_PROFESIONALES_AP,18,,,
La Gomera,ES706,2020,2020,Medicina Familia y Comunitaria - Atención primaria (AP),FAMILIA_COMUNITARIA_AP,Total,_T,Ratio por profesional,RATIO_PROFESIONAL,897,,,
La Palma,ES707,2020,2020,Medicina Familia y Comunitaria - Atención primaria (AP),FAMILIA_COMUNITARIA_AP,Total,_T,Nº de profesionales de atención primaria (AP),NUMERO_PROFESIONALES_AP,52,,,
La Palma,ES707,2020,2020,Medicina Familia y Comunitaria - Atención primaria (AP),FAMILIA_COMUNITARIA_AP,Total,_T,Ratio por profesional,RATIO_PROFESIONAL,1295,,,
El Hierro,ES703,2020,2020,Medicina Familia y Comunitaria - Atención primaria (AP),FAMILIA_COMUNITARIA_AP,Total,_T,Nº de profesionales de atención primaria (AP),NUMERO_PROFESIONALES_AP,8,,,
El Hierro,ES703,2020,2020,Medicina Familia y Comunitaria - Atención primaria (AP),FAMILIA_COMUNITARIA_AP,Total,_T,Ratio por profesional,RATIO_PROFESIONAL,1049,,,
Canarias,ES70,2021,2021,Enfermería - Atención primaria (AP),ENFERMERIA_AP,Total,_T,Nº de profesionales de atención primaria (AP),NUMERO_PROFESIONALES_AP,1446,,,
Canarias,ES70,2021,2021,Enfermería - Atención primaria (AP),ENFERMERIA_AP,Total,_T,Ratio por profesional,RATIO_PROFESIONAL,1436,,,
Lanzarote,ES708,2021,2021,Enfermería - Atención primaria (AP),ENFERMERIA_AP,Total,_T,Nº de profesionales de atención primaria (AP),NUMERO_PROFESIONALES_AP,115,,,
Lanzarote,ES708,2021,2021,Enfermería - Atención primaria (AP),ENFERMERIA_AP,Total,_T,Ratio por profesional,RATIO_PROFESIONAL,1283,,,
Fuerteventura,ES704,2021,2021,Enfermería - Atención primaria (AP),ENFERMERIA_AP,Total,_T,Nº de profesionales de atención primaria (AP),NUMERO_PROFESIONALES_AP,93,,,
Fuerteventura,ES704,2021,2021,Enfermería - Atención primaria (AP),ENFERMERIA_AP,Total,_T,Ratio por profesional,RATIO_PROFESIONAL,1188,,,
Gran Canaria,ES705,2021,2021,Enfermería - Atención primaria (AP),ENFERMERIA_AP,Total,_T,Nº de profesionales de atención primaria (AP),NUMERO_PROFESIONALES_AP,535,,,
Gran Canaria,ES705,2021,2021,Enfermería - Atención primaria (AP),ENFERMERIA_AP,Total,_T,Ratio por profesional,RATIO_PROFESIONAL,1518,,,
Tenerife,ES709,2021,2021,Enfermería - Atención primaria (AP),ENFERMERIA_AP,Total,_T,Nº de profesionales de atención primaria (AP),NUMERO_PROFESIONALES_AP,605,,,
Tenerife,ES709,2021,2021,Enfermería - Atención primaria (AP),ENFERMERIA_AP,Total,_T,Ratio por profesional,RATIO_PROFESIONAL,1492,,,
La Gomera,ES706,2021,2021,Enfermería - Atención primaria (AP),ENFERMERIA_AP,Total,_T,Nº de profesionales de atención primaria (AP),NUMERO_PROFESIONALES_AP,21,,,
La Gomera,ES706,2021,2021,Enfermería - Atención primaria (AP),ENFERMERIA_AP,Total,_T,Ratio por profesional,RATIO_PROFESIONAL,830,,,
La Palma,ES707,2021,2021,Enfermería - Atención primaria (AP),ENFERMERIA_AP,Total,_T,Nº de profesionales de atención primaria (AP),NUMERO_PROFESIONALES_AP,64,,,
La Palma,ES707,2021,2021,Enfermería - Atención primaria (AP),ENFERMERIA_AP,Total,_T,Ratio por profesional,RATIO_PROFESIONAL,1191,,,
El Hierro,ES703,2021,2021,Enfermería - Atención primaria (AP),ENFERMERIA_AP,Total,_T,Nº de profesionales de atención primaria (AP),NUMERO_PROFESIONALES_AP,13,,,
El Hierro,ES703,2021,2021,Enfermería - Atención primaria (AP),ENFERMERIA_AP,Total,_T,Ratio por profesional,RATIO_PROFESIONAL,746,,,
Canarias,ES70,2021,2021,Pediatría - Atención primaria (AP),PEDIATRIA_AP,Total,_T,Nº de profesionales de atención primaria (AP),NUMERO_PROFESIONALES_AP,315,,,
Canarias,ES70,2021,2021,Pediatría - Atención primaria (AP),PEDIATRIA_AP,Total,_T,Ratio por profesional,RATIO_PROFESIONAL,807,,,
Lanzarote,ES708,2021,2021,Pediatría - Atención primaria (AP),PEDIATRIA_AP,Total,_T,Nº de profesionales de atención primaria (AP),NUMERO_PROFESIONALES_AP,25,,,
Lanzarote,ES708,2021,2021,Pediatría - Atención primaria (AP),PEDIATRIA_AP,Total,_T,Ratio por profesional,RATIO_PROFESIONAL,785,,,
Fuerteventura,ES704,2021,2021,Pediatría - Atención primaria (AP),PEDIATRIA_AP,Total,_T,Nº de profesionales de atención primaria (AP),NUMERO_PROFESIONALES_AP,19,,,
Fuerteventura,ES704,2021,2021,Pediatría - Atención primaria (AP),PEDIATRIA_AP,Total,_T,Ratio por profesional,RATIO_PROFESIONAL,887,,,
Gran Canaria,ES705,2021,2021,Pediatría - Atención primaria (AP),PEDIATRIA_AP,Total,_T,Nº de profesionales de atención primaria (AP),NUMERO_PROFESIONALES_AP,109,,,
Gran Canaria,ES705,2021,2021,Pediatría - Atención primaria (AP),PEDIATRIA_AP,Total,_T,Ratio por profesional,RATIO_PROFESIONAL,871,,,
Tenerife,ES709,2021,2021,Pediatría - Atención primaria (AP),PEDIATRIA_AP,Total,_T,Nº de profesionales de atención primaria (AP),NUMERO_PROFESIONALES_AP,147,,,
Tenerife,ES709,2021,2021,Pediatría - Atención primaria (AP),PEDIATRIA_AP,Total,_T,Ratio por profesional,RATIO_PROFESIONAL,762,,,
La Gomera,ES706,2021,2021,Pediatría - Atención primaria (AP),PEDIATRIA_AP,Total,_T,Nº de profesionales de atención primaria (AP),NUMERO_PROFESIONALES_AP,1,,,
La Gomera,ES706,2021,2021,Pediatría - Atención primaria (AP),PEDIATRIA_AP,Total,_T,Ratio por profesional,RATIO_PROFESIONAL,1090,,,
La Palma,ES707,2021,2021,Pediatría - Atención primaria (AP),PEDIATRIA_AP,Total,_T,Nº de profesionales de atención primaria (AP),NUMERO_PROFESIONALES_AP,13,,,
La Palma,ES707,2021,2021,Pediatría - Atención primaria (AP),PEDIATRIA_AP,Total,_T,Ratio por profesional,RATIO_PROFESIONAL,672,,,
El Hierro,ES703,2021,2021,Pediatría - Atención primaria (AP),PEDIATRIA_AP,Total,_T,Nº de profesionales de atención primaria (AP),NUMERO_PROFESIONALES_AP,1,,,
El Hierro,ES703,2021,2021,Pediatría - Atención primaria (AP),PEDIATRIA_AP,Total,_T,Ratio por profesional,RATIO_PROFESIONAL,948,,,
Canarias,ES70,2021,2021,Medicina Familia y Comunitaria - Atención primaria (AP),FAMILIA_COMUNITARIA_AP,Total,_T,Nº de profesionales de atención primaria (AP),NUMERO_PROFESIONALES_AP,1242,,,
Canarias,ES70,2021,2021,Medicina Familia y Comunitaria - Atención primaria (AP),FAMILIA_COMUNITARIA_AP,Total,_T,Ratio por profesional,RATIO_PROFESIONAL,1467,,,
Lanzarote,ES708,2021,2021,Medicina Familia y Comunitaria - Atención primaria (AP),FAMILIA_COMUNITARIA_AP,Total,_T,Nº de profesionales de atención primaria (AP),NUMERO_PROFESIONALES_AP,87,,,
Lanzarote,ES708,2021,2021,Medicina Familia y Comunitaria - Atención primaria (AP),FAMILIA_COMUNITARIA_AP,Total,_T,Ratio por profesional,RATIO_PROFESIONAL,1470,,,
Fuerteventura,ES704,2021,2021,Medicina Familia y Comunitaria - Atención primaria (AP),FAMILIA_COMUNITARIA_AP,Total,_T,Nº de profesionales de atención primaria (AP),NUMERO_PROFESIONALES_AP,62,,,
Fuerteventura,ES704,2021,2021,Medicina Familia y Comunitaria - Atención primaria (AP),FAMILIA_COMUNITARIA_AP,Total,_T,Ratio por profesional,RATIO_PROFESIONAL,1510,,,
Gran Canaria,ES705,2021,2021,Medicina Familia y Comunitaria - Atención primaria (AP),FAMILIA_COMUNITARIA_AP,Total,_T,Nº de profesionales de atención primaria (AP),NUMERO_PROFESIONALES_AP,500,,,
Gran Canaria,ES705,2021,2021,Medicina Familia y Comunitaria - Atención primaria (AP),FAMILIA_COMUNITARIA_AP,Total,_T,Ratio por profesional,RATIO_PROFESIONAL,1434,,,
Tenerife,ES709,2021,2021,Medicina Familia y Comunitaria - Atención primaria (AP),FAMILIA_COMUNITARIA_AP,Total,_T,Nº de profesionales de atención primaria (AP),NUMERO_PROFESIONALES_AP,514,,,
Tenerife,ES709,2021,2021,Medicina Familia y Comunitaria - Atención primaria (AP),FAMILIA_COMUNITARIA_AP,Total,_T,Ratio por profesional,RATIO_PROFESIONAL,1538,,,
La Gomera,ES706,2021,2021,Medicina Familia y Comunitaria - Atención primaria (AP),FAMILIA_COMUNITARIA_AP,Total,_T,Nº de profesionales de atención primaria (AP),NUMERO_PROFESIONALES_AP,19,,,
La Gomera,ES706,2021,2021,Medicina Familia y Comunitaria - Atención primaria (AP),FAMILIA_COMUNITARIA_AP,Total,_T,Ratio por profesional,RATIO_PROFESIONAL,860,,,
La Palma,ES707,2021,2021,Medicina Familia y Comunitaria - Atención primaria (AP),FAMILIA_COMUNITARIA_AP,Total,_T,Nº de profesionales de atención primaria (AP),NUMERO_PROFESIONALES_AP,52,,,
La Palma,ES707,2021,2021,Medicina Familia y Comunitaria - Atención primaria (AP),FAMILIA_COMUNITARIA_AP,Total,_T,Ratio por profesional,RATIO_PROFESIONAL,1298,,,
El Hierro,ES703,2021,2021,Medicina Familia y Comunitaria - Atención primaria (AP),FAMILIA_COMUNITARIA_AP,Total,_T,Nº de profesionales de atención primaria (AP),NUMERO_PROFESIONALES_AP,8,,,
El Hierro,ES703,2021,2021,Medicina Familia y Comunitaria - Atención primaria (AP),FAMILIA_COMUNITARIA_AP,Total,_T,Ratio por profesional,RATIO_PROFESIONAL,1094,,,
Canarias,ES70,2022,2022,Enfermería - Atención primaria (AP),ENFERMERIA_AP,Total,_T,Nº de profesionales de atención primaria (AP),NUMERO_PROFESIONALES_AP,1432,,,
Canarias,ES70,2022,2022,Enfermería - Atención primaria (AP),ENFERMERIA_AP,Total,_T,Ratio por profesional,RATIO_PROFESIONAL,1464,,,
Lanzarote,ES708,2022,2022,Enfermería - Atención primaria (AP),ENFERMERIA_AP,Total,_T,Nº de profesionales de atención primaria (AP),NUMERO_PROFESIONALES_AP,119,,,
Lanzarote,ES708,2022,2022,Enfermería - Atención primaria (AP),ENFERMERIA_AP,Total,_T,Ratio por profesional,RATIO_PROFESIONAL,1258,,,
Fuerteventura,ES704,2022,2022,Enfermería - Atención primaria (AP),ENFERMERIA_AP,Total,_T,Nº de profesionales de atención primaria (AP),NUMERO_PROFESIONALES_AP,88,,,
Fuerteventura,ES704,2022,2022,Enfermería - Atención primaria (AP),ENFERMERIA_AP,Total,_T,Ratio por profesional,RATIO_PROFESIONAL,1279,,,
Gran Canaria,ES705,2022,2022,Enfermería - Atención primaria (AP),ENFERMERIA_AP,Total,_T,Nº de profesionales de atención primaria (AP),NUMERO_PROFESIONALES_AP,524,,,
Gran Canaria,ES705,2022,2022,Enfermería - Atención primaria (AP),ENFERMERIA_AP,Total,_T,Ratio por profesional,RATIO_PROFESIONAL,1556,,,
Tenerife,ES709,2022,2022,Enfermería - Atención primaria (AP),ENFERMERIA_AP,Total,_T,Nº de profesionales de atención primaria (AP),NUMERO_PROFESIONALES_AP,607,,,
Tenerife,ES709,2022,2022,Enfermería - Atención primaria (AP),ENFERMERIA_AP,Total,_T,Ratio por profesional,RATIO_PROFESIONAL,1506,,,
La Gomera,ES706,2022,2022,Enfermería - Atención primaria (AP),ENFERMERIA_AP,Total,_T,Nº de profesionales de atención primaria (AP),NUMERO_PROFESIONALES_AP,19,,,
La Gomera,ES706,2022,2022,Enfermería - Atención primaria (AP),ENFERMERIA_AP,Total,_T,Ratio por profesional,RATIO_PROFESIONAL,922,,,
La Palma,ES707,2022,2022,Enfermería - Atención primaria (AP),ENFERMERIA_AP,Total,_T,Nº de profesionales de atención primaria (AP),NUMERO_PROFESIONALES_AP,62,,,
La Palma,ES707,2022,2022,Enfermería - Atención primaria (AP),ENFERMERIA_AP,Total,_T,Ratio por profesional,RATIO_PROFESIONAL,1236,,,
El Hierro,ES703,2022,2022,Enfermería - Atención primaria (AP),ENFERMERIA_AP,Total,_T,Nº de profesionales de atención primaria (AP),NUMERO_PROFESIONALES_AP,13,,,
El Hierro,ES703,2022,2022,Enfermería - Atención primaria (AP),ENFERMERIA_AP,Total,_T,Ratio por profesional,RATIO_PROFESIONAL,762,,,
Canarias,ES70,2022,2022,Pediatría - Atención primaria (AP),PEDIATRIA_AP,Total,_T,Nº de profesionales de atención primaria (AP),NUMERO_PROFESIONALES_AP,315,,,
Canarias,ES70,2022,2022,Pediatría - Atención primaria (AP),PEDIATRIA_AP,Total,_T,Ratio por profesional,RATIO_PROFESIONAL,787,,,
Lanzarote,ES708,2022,2022,Pediatría - Atención primaria (AP),PEDIATRIA_AP,Total,_T,Nº de profesionales de atención primaria (AP),NUMERO_PROFESIONALES_AP,25,,,
Lanzarote,ES708,2022,2022,Pediatría - Atención primaria (AP),PEDIATRIA_AP,Total,_T,Ratio por profesional,RATIO_PROFESIONAL,785,,,
Fuerteventura,ES704,2022,2022,Pediatría - Atención primaria (AP),PEDIATRIA_AP,Total,_T,Nº de profesionales de atención primaria (AP),NUMERO_PROFESIONALES_AP,19,,,
Fuerteventura,ES704,2022,2022,Pediatría - Atención primaria (AP),PEDIATRIA_AP,Total,_T,Ratio por profesional,RATIO_PROFESIONAL,864,,,
Gran Canaria,ES705,2022,2022,Pediatría - Atención primaria (AP),PEDIATRIA_AP,Total,_T,Nº de profesionales de atención primaria (AP),NUMERO_PROFESIONALES_AP,109,,,
Gran Canaria,ES705,2022,2022,Pediatría - Atención primaria (AP),PEDIATRIA_AP,Total,_T,Ratio por profesional,RATIO_PROFESIONAL,851,,,
Tenerife,ES709,2022,2022,Pediatría - Atención primaria (AP),PEDIATRIA_AP,Total,_T,Nº de profesionales de atención primaria (AP),NUMERO_PROFESIONALES_AP,147,,,
Tenerife,ES709,2022,2022,Pediatría - Atención primaria (AP),PEDIATRIA_AP,Total,_T,Ratio por profesional,RATIO_PROFESIONAL,751,,,
La Gomera,ES706,2022,2022,Pediatría - Atención primaria (AP),PEDIATRIA_AP,Total,_T,Nº de profesionales de atención primaria (AP),NUMERO_PROFESIONALES_AP,1,,,
La Gomera,ES706,2022,2022,Pediatría - Atención primaria (AP),PEDIATRIA_AP,Total,_T,Ratio por profesional,RATIO_PROFESIONAL,1098,,,
La Palma,ES707,2022,2022,Pediatría - Atención primaria (AP),PEDIATRIA_AP,Total,_T,Nº de profesionales de atención primaria (AP),NUMERO_PROFESIONALES_AP,13,,,
La Palma,ES707,2022,2022,Pediatría - Atención primaria (AP),PEDIATRIA_AP,Total,_T,Ratio por profesional,RATIO_PROFESIONAL,659,,,
El Hierro,ES703,2022,2022,Pediatría - Atención primaria (AP),PEDIATRIA_AP,Total,_T,Nº de profesionales de atención primaria (AP),NUMERO_PROFESIONALES_AP,1,,,
El Hierro,ES703,2022,2022,Pediatría - Atención primaria (AP),PEDIATRIA_AP,Total,_T,Ratio por profesional,RATIO_PROFESIONAL,990,,,
Canarias,ES70,2022,2022,Medicina Familia y Comunitaria - Atención primaria (AP),FAMILIA_COMUNITARIA_AP,Total,_T,Nº de profesionales de atención primaria (AP),NUMERO_PROFESIONALES_AP,1264,,,
Canarias,ES70,2022,2022,Medicina Familia y Comunitaria - Atención primaria (AP),FAMILIA_COMUNITARIA_AP,Total,_T,Ratio por profesional,RATIO_PROFESIONAL,1461,,,
Lanzarote,ES708,2022,2022,Medicina Familia y Comunitaria - Atención primaria (AP),FAMILIA_COMUNITARIA_AP,Total,_T,Nº de profesionales de atención primaria (AP),NUMERO_PROFESIONALES_AP,92,,,
Lanzarote,ES708,2022,2022,Medicina Familia y Comunitaria - Atención primaria (AP),FAMILIA_COMUNITARIA_AP,Total,_T,Ratio por profesional,RATIO_PROFESIONAL,1413,,,
Fuerteventura,ES704,2022,2022,Medicina Familia y Comunitaria - Atención primaria (AP),FAMILIA_COMUNITARIA_AP,Total,_T,Nº de profesionales de atención primaria (AP),NUMERO_PROFESIONALES_AP,65,,,
Fuerteventura,ES704,2022,2022,Medicina Familia y Comunitaria - Atención primaria (AP),FAMILIA_COMUNITARIA_AP,Total,_T,Ratio por profesional,RATIO_PROFESIONAL,1479,,,
Gran Canaria,ES705,2022,2022,Medicina Familia y Comunitaria - Atención primaria (AP),FAMILIA_COMUNITARIA_AP,Total,_T,Nº de profesionales de atención primaria (AP),NUMERO_PROFESIONALES_AP,514,,,
Gran Canaria,ES705,2022,2022,Medicina Familia y Comunitaria - Atención primaria (AP),FAMILIA_COMUNITARIA_AP,Total,_T,Ratio por profesional,RATIO_PROFESIONAL,1406,,,
Tenerife,ES709,2022,2022,Medicina Familia y Comunitaria - Atención primaria (AP),FAMILIA_COMUNITARIA_AP,Total,_T,Nº de profesionales de atención primaria (AP),NUMERO_PROFESIONALES_AP,514,,,
Tenerife,ES709,2022,2022,Medicina Familia y Comunitaria - Atención primaria (AP),FAMILIA_COMUNITARIA_AP,Total,_T,Ratio por profesional,RATIO_PROFESIONAL,1564,,,
La Gomera,ES706,2022,2022,Medicina Familia y Comunitaria - Atención primaria (AP),FAMILIA_COMUNITARIA_AP,Total,_T,Nº de profesionales de atención primaria (AP),NUMERO_PROFESIONALES_AP,19,,,
La Gomera,ES706,2022,2022,Medicina Familia y Comunitaria - Atención primaria (AP),FAMILIA_COMUNITARIA_AP,Total,_T,Ratio por profesional,RATIO_PROFESIONAL,864,,,
La Palma,ES707,2022,2022,Medicina Familia y Comunitaria - Atención primaria (AP),FAMILIA_COMUNITARIA_AP,Total,_T,Nº de profesionales de atención primaria (AP),NUMERO_PROFESIONALES_AP,52,,,
La Palma,ES707,2022,2022,Medicina Familia y Comunitaria - Atención primaria (AP),FAMILIA_COMUNITARIA_AP,Total,_T,Ratio por profesional,RATIO_PROFESIONAL,1309,,,
El Hierro,ES703,2022,2022,Medicina Familia y Comunitaria - Atención primaria (AP),FAMILIA_COMUNITARIA_AP,Total,_T,Nº de profesionales de atención primaria (AP),NUMERO_PROFESIONALES_AP,8,,,
El Hierro,ES703,2022,2022,Medicina Familia y Comunitaria - Atención primaria (AP),FAMILIA_COMUNITARIA_AP,Total,_T,Ratio por profesional,RATIO_PROFESIONAL,1115,,,
Canarias,ES70,2023,2023,Enfermería - Atención primaria (AP),ENFERMERIA_AP,Total,_T,Nº de profesionales de atención primaria (AP),NUMERO_PROFESIONALES_AP,1911,,,
Canarias,ES70,2023,2023,Enfermería - Atención primaria (AP),ENFERMERIA_AP,Total,_T,Ratio por profesional,RATIO_PROFESIONAL,1112,,,
Lanzarote,ES708,2023,2023,Enfermería - Atención primaria (AP),ENFERMERIA_AP,Total,_T,Nº de profesionales de atención primaria (AP),NUMERO_PROFESIONALES_AP,167,,,
Lanzarote,ES708,2023,2023,Enfermería - Atención primaria (AP),ENFERMERIA_AP,Total,_T,Ratio por profesional,RATIO_PROFESIONAL,916,,,
Fuerteventura,ES704,2023,2023,Enfermería - Atención primaria (AP),ENFERMERIA_AP,Total,_T,Nº de profesionales de atención primaria (AP),NUMERO_PROFESIONALES_AP,93,,,
Fuerteventura,ES704,2023,2023,Enfermería - Atención primaria (AP),ENFERMERIA_AP,Total,_T,Ratio por profesional,RATIO_PROFESIONAL,1244,,,
Gran Canaria,ES705,2023,2023,Enfermería - Atención primaria (AP),ENFERMERIA_AP,Total,_T,Nº de profesionales de atención primaria (AP),NUMERO_PROFESIONALES_AP,668,,,
Gran Canaria,ES705,2023,2023,Enfermería - Atención primaria (AP),ENFERMERIA_AP,Total,_T,Ratio por profesional,RATIO_PROFESIONAL,1231,,,
Tenerife,ES709,2023,2023,Enfermería - Atención primaria (AP),ENFERMERIA_AP,Total,_T,Nº de profesionales de atención primaria (AP),NUMERO_PROFESIONALES_AP,847,,,
Tenerife,ES709,2023,2023,Enfermería - Atención primaria (AP),ENFERMERIA_AP,Total,_T,Ratio por profesional,RATIO_PROFESIONAL,1097,,,
La Gomera,ES706,2023,2023,Enfermería - Atención primaria (AP),ENFERMERIA_AP,Total,_T,Nº de profesionales de atención primaria (AP),NUMERO_PROFESIONALES_AP,22,,,
La Gomera,ES706,2023,2023,Enfermería - Atención primaria (AP),ENFERMERIA_AP,Total,_T,Ratio por profesional,RATIO_PROFESIONAL,808,,,
La Palma,ES707,2023,2023,Enfermería - Atención primaria (AP),ENFERMERIA_AP,Total,_T,Nº de profesionales de atención primaria (AP),NUMERO_PROFESIONALES_AP,93,,,
La Palma,ES707,2023,2023,Enfermería - Atención primaria (AP),ENFERMERIA_AP,Total,_T,Ratio por profesional,RATIO_PROFESIONAL,834,,,
El Hierro,ES703,2023,2023,Enfermería - Atención primaria (AP),ENFERMERIA_AP,Total,_T,Nº de profesionales de atención primaria (AP),NUMERO_PROFESIONALES_AP,21,,,
El Hierro,ES703,2023,2023,Enfermería - Atención primaria (AP),ENFERMERIA_AP,Total,_T,Ratio por profesional,RATIO_PROFESIONAL,496,,,
Canarias,ES70,2023,2023,Pediatría - Atención primaria (AP),PEDIATRIA_AP,Total,_T,Nº de profesionales de atención primaria (AP),NUMERO_PROFESIONALES_AP,315,,,
Canarias,ES70,2023,2023,Pediatría - Atención primaria (AP),PEDIATRIA_AP,Total,_T,Ratio por profesional,RATIO_PROFESIONAL,785,,,
Lanzarote,ES708,2023,2023,Pediatría - Atención primaria (AP),PEDIATRIA_AP,Total,_T,Nº de profesionales de atención primaria (AP),NUMERO_PROFESIONALES_AP,24,,,
Lanzarote,ES708,2023,2023,Pediatría - Atención primaria (AP),PEDIATRIA_AP,Total,_T,Ratio por profesional,RATIO_PROFESIONAL,873,,,
Fuerteventura,ES704,2023,2023,Pediatría - Atención primaria (AP),PEDIATRIA_AP,Total,_T,Nº de profesionales de atención primaria (AP),NUMERO_PROFESIONALES_AP,19,,,
Fuerteventura,ES704,2023,2023,Pediatría - Atención primaria (AP),PEDIATRIA_AP,Total,_T,Ratio por profesional,RATIO_PROFESIONAL,881,,,
Gran Canaria,ES705,2023,2023,Pediatría - Atención primaria (AP),PEDIATRIA_AP,Total,_T,Nº de profesionales de atención primaria (AP),NUMERO_PROFESIONALES_AP,110,,,
Gran Canaria,ES705,2023,2023,Pediatría - Atención primaria (AP),PEDIATRIA_AP,Total,_T,Ratio por profesional,RATIO_PROFESIONAL,826,,,
Tenerife,ES709,2023,2023,Pediatría - Atención primaria (AP),PEDIATRIA_AP,Total,_T,Nº de profesionales de atención primaria (AP),NUMERO_PROFESIONALES_AP,147,,,
Tenerife,ES709,2023,2023,Pediatría - Atención primaria (AP),PEDIATRIA_AP,Total,_T,Ratio por profesional,RATIO_PROFESIONAL,736,,,
La Gomera,ES706,2023,2023,Pediatría - Atención primaria (AP),PEDIATRIA_AP,Total,_T,Nº de profesionales de atención primaria (AP),NUMERO_PROFESIONALES_AP,1,,,
La Gomera,ES706,2023,2023,Pediatría - Atención primaria (AP),PEDIATRIA_AP,Total,_T,Ratio por profesional,RATIO_PROFESIONAL,1088,,,
La Palma,ES707,2023,2023,Pediatría - Atención primaria (AP),PEDIATRIA_AP,Total,_T,Nº de profesionales de atención primaria (AP),NUMERO_PROFESIONALES_AP,13,,,
La Palma,ES707,2023,2023,Pediatría - Atención primaria (AP),PEDIATRIA_AP,Total,_T,Ratio por profesional,RATIO_PROFESIONAL,648,,,
El Hierro,ES703,2023,2023,Pediatría - Atención primaria (AP),PEDIATRIA_AP,Total,_T,Nº de profesionales de atención primaria (AP),NUMERO_PROFESIONALES_AP,1,,,
El Hierro,ES703,2023,2023,Pediatría - Atención primaria (AP),PEDIATRIA_AP,Total,_T,Ratio por profesional,RATIO_PROFESIONAL,1074,,,
Canarias,ES70,2023,2023,Medicina Familia y Comunitaria - Atención primaria (AP),FAMILIA_COMUNITARIA_AP,Total,_T,Nº de profesionales de atención primaria (AP),NUMERO_PROFESIONALES_AP,1306,,,
Canarias,ES70,2023,2023,Medicina Familia y Comunitaria - Atención primaria (AP),FAMILIA_COMUNITARIA_AP,Total,_T,Ratio por profesional,RATIO_PROFESIONAL,1438,,,
Lanzarote,ES708,2023,2023,Medicina Familia y Comunitaria - Atención primaria (AP),FAMILIA_COMUNITARIA_AP,Total,_T,Nº de profesionales de atención primaria (AP),NUMERO_PROFESIONALES_AP,96,,,
Lanzarote,ES708,2023,2023,Medicina Familia y Comunitaria - Atención primaria (AP),FAMILIA_COMUNITARIA_AP,Total,_T,Ratio por profesional,RATIO_PROFESIONAL,1374,,,
Fuerteventura,ES704,2023,2023,Medicina Familia y Comunitaria - Atención primaria (AP),FAMILIA_COMUNITARIA_AP,Total,_T,Nº de profesionales de atención primaria (AP),NUMERO_PROFESIONALES_AP,66,,,
Fuerteventura,ES704,2023,2023,Medicina Familia y Comunitaria - Atención primaria (AP),FAMILIA_COMUNITARIA_AP,Total,_T,Ratio por profesional,RATIO_PROFESIONAL,1499,,,
Gran Canaria,ES705,2023,2023,Medicina Familia y Comunitaria - Atención primaria (AP),FAMILIA_COMUNITARIA_AP,Total,_T,Nº de profesionales de atención primaria (AP),NUMERO_PROFESIONALES_AP,524,,,
Gran Canaria,ES705,2023,2023,Medicina Familia y Comunitaria - Atención primaria (AP),FAMILIA_COMUNITARIA_AP,Total,_T,Ratio por profesional,RATIO_PROFESIONAL,1396,,,
Tenerife,ES709,2023,2023,Medicina Familia y Comunitaria - Atención primaria (AP),FAMILIA_COMUNITARIA_AP,Total,_T,Nº de profesionales de atención primaria (AP),NUMERO_PROFESIONALES_AP,539,,,
Tenerife,ES709,2023,2023,Medicina Familia y Comunitaria - Atención primaria (AP),FAMILIA_COMUNITARIA_AP,Total,_T,Ratio por profesional,RATIO_PROFESIONAL,1523,,,
La Gomera,ES706,2023,2023,Medicina Familia y Comunitaria - Atención primaria (AP),FAMILIA_COMUNITARIA_AP,Total,_T,Nº de profesionales de atención primaria (AP),NUMERO_PROFESIONALES_AP,19,,,
La Gomera,ES706,2023,2023,Medicina Familia y Comunitaria - Atención primaria (AP),FAMILIA_COMUNITARIA_AP,Total,_T,Ratio por profesional,RATIO_PROFESIONAL,878,,,
La Palma,ES707,2023,2023,Medicina Familia y Comunitaria - Atención primaria (AP),FAMILIA_COMUNITARIA_AP,Total,_T,Nº de profesionales de atención primaria (AP),NUMERO_PROFESIONALES_AP,54,,,
La Palma,ES707,2023,2023,Medicina Familia y Comunitaria - Atención primaria (AP),FAMILIA_COMUNITARIA_AP,Total,_T,Ratio por profesional,RATIO_PROFESIONAL,1280,,,
El Hierro,ES703,2023,2023,Medicina Familia y Comunitaria - Atención primaria (AP),FAMILIA_COMUNITARIA_AP,Total,_T,Nº de profesionales de atención primaria (AP),NUMERO_PROFESIONALES_AP,8,,,
El Hierro,ES703,2023,2023,Medicina Familia y Comunitaria - Atención primaria (AP),FAMILIA_COMUNITARIA_AP,Total,_T,Ratio por profesional,RATIO_PROFESIONAL,1168,,,
Canarias,ES70,2024,2024,Enfermería - Atención primaria (AP),ENFERMERIA_AP,Total,_T,Nº de profesionales de atención primaria (AP),NUMERO_PROFESIONALES_AP,2412,,,
Canarias,ES70,2024,2024,Enfermería - Atención primaria (AP),ENFERMERIA_AP,Total,_T,Ratio por profesional,RATIO_PROFESIONAL,896,,,
Lanzarote,ES708,2024,2024,Enfermería - Atención primaria (AP),ENFERMERIA_AP,Total,_T,Nº de profesionales de atención primaria (AP),NUMERO_PROFESIONALES_AP,197,,,
Lanzarote,ES708,2024,2024,Enfermería - Atención primaria (AP),ENFERMERIA_AP,Total,_T,Ratio por profesional,RATIO_PROFESIONAL,796,,,
Fuerteventura,ES704,2024,2024,Enfermería - Atención primaria (AP),ENFERMERIA_AP,Total,_T,Nº de profesionales de atención primaria (AP),NUMERO_PROFESIONALES_AP,143,,,
Fuerteventura,ES704,2024,2024,Enfermería - Atención primaria (AP),ENFERMERIA_AP,Total,_T,Ratio por profesional,RATIO_PROFESIONAL,832,,,
Gran Canaria,ES705,2024,2024,Enfermería - Atención primaria (AP),ENFERMERIA_AP,Total,_T,Nº de profesionales de atención primaria (AP),NUMERO_PROFESIONALES_AP,903,,,
Gran Canaria,ES705,2024,2024,Enfermería - Atención primaria (AP),ENFERMERIA_AP,Total,_T,Ratio por profesional,RATIO_PROFESIONAL,920,,,
Tenerife,ES709,2024,2024,Enfermería - Atención primaria (AP),ENFERMERIA_AP,Total,_T,Nº de profesionales de atención primaria (AP),NUMERO_PROFESIONALES_AP,1030,,,
Tenerife,ES709,2024,2024,Enfermería - Atención primaria (AP),ENFERMERIA_AP,Total,_T,Ratio por profesional,RATIO_PROFESIONAL,918,,,
La Gomera,ES706,2024,2024,Enfermería - Atención primaria (AP),ENFERMERIA_AP,Total,_T,Nº de profesionales de atención primaria (AP),NUMERO_PROFESIONALES_AP,14,,,
La Gomera,ES706,2024,2024,Enfermería - Atención primaria (AP),ENFERMERIA_AP,Total,_T,Ratio por profesional,RATIO_PROFESIONAL,1294,,,
La Palma,ES707,2024,2024,Enfermería - Atención primaria (AP),ENFERMERIA_AP,Total,_T,Nº de profesionales de atención primaria (AP),NUMERO_PROFESIONALES_AP,103,,,
La Palma,ES707,2024,2024,Enfermería - Atención primaria (AP),ENFERMERIA_AP,Total,_T,Ratio por profesional,RATIO_PROFESIONAL,766,,,
El Hierro,ES703,2024,2024,Enfermería - Atención primaria (AP),ENFERMERIA_AP,Total,_T,Nº de profesionales de atención primaria (AP),NUMERO_PROFESIONALES_AP,22,,,
El Hierro,ES703,2024,2024,Enfermería - Atención primaria (AP),ENFERMERIA_AP,Total,_T,Ratio por profesional,RATIO_PROFESIONAL,492,,,
Canarias,ES70,2024,2024,Pediatría - Atención primaria (AP),PEDIATRIA_AP,Total,_T,Nº de profesionales de atención primaria (AP),NUMERO_PROFESIONALES_AP,318,,,
Canarias,ES70,2024,2024,Pediatría - Atención primaria (AP),PEDIATRIA_AP,Total,_T,Ratio por profesional,RATIO_PROFESIONAL,766,,,
Lanzarote,ES708,2024,2024,Pediatría - Atención primaria (AP),PEDIATRIA_AP,Total,_T,Nº de profesionales de atención primaria (AP),NUMERO_PROFESIONALES_AP,26,,,
Lanzarote,ES708,2024,2024,Pediatría - Atención primaria (AP),PEDIATRIA_AP,Total,_T,Ratio por profesional,RATIO_PROFESIONAL,825,,,
Fuerteventura,ES704,2024,2024,Pediatría - Atención primaria (AP),PEDIATRIA_AP,Total,_T,Nº de profesionales de atención primaria (AP),NUMERO_PROFESIONALES_AP,19,,,
Fuerteventura,ES704,2024,2024,Pediatría - Atención primaria (AP),PEDIATRIA_AP,Total,_T,Ratio por profesional,RATIO_PROFESIONAL,863,,,
Gran Canaria,ES705,2024,2024,Pediatría - Atención primaria (AP),PEDIATRIA_AP,Total,_T,Nº de profesionales de atención primaria (AP),NUMERO_PROFESIONALES_AP,110,,,
Gran Canaria,ES705,2024,2024,Pediatría - Atención primaria (AP),PEDIATRIA_AP,Total,_T,Ratio por profesional,RATIO_PROFESIONAL,811,,,
Tenerife,ES709,2024,2024,Pediatría - Atención primaria (AP),PEDIATRIA_AP,Total,_T,Nº de profesionales de atención primaria (AP),NUMERO_PROFESIONALES_AP,148,,,
Tenerife,ES709,2024,2024,Pediatría - Atención primaria (AP),PEDIATRIA_AP,Total,_T,Ratio por profesional,RATIO_PROFESIONAL,717,,,
La Gomera,ES706,2024,2024,Pediatría - Atención primaria (AP),PEDIATRIA_AP,Total,_T,Nº de profesionales de atención primaria (AP),NUMERO_PROFESIONALES_AP,1,,,
La Gomera,ES706,2024,2024,Pediatría - Atención primaria (AP),PEDIATRIA_AP,Total,_T,Ratio por profesional,RATIO_PROFESIONAL,1096,,,
La Palma,ES707,2024,2024,Pediatría - Atención primaria (AP),PEDIATRIA_AP,Total,_T,Nº de profesionales de atención primaria (AP),NUMERO_PROFESIONALES_AP,13,,,
La Palma,ES707,2024,2024,Pediatría - Atención primaria (AP),PEDIATRIA_AP,Total,_T,Ratio por profesional,RATIO_PROFESIONAL,636,,,
El Hierro,ES703,2024,2024,Pediatría - Atención primaria (AP),PEDIATRIA_AP,Total,_T,Nº de profesionales de atención primaria (AP),NUMERO_PROFESIONALES_AP,1,,,
El Hierro,ES703,2024,2024,Pediatría - Atención primaria (AP),PEDIATRIA_AP,Total,_T,Ratio por profesional,RATIO_PROFESIONAL,1155,,,
Canarias,ES70,2024,2024,Medicina Familia y Comunitaria - Atención primaria (AP),FAMILIA_COMUNITARIA_AP,Total,_T,Nº de profesionales de atención primaria (AP),NUMERO_PROFESIONALES_AP,1312,,,
Canarias,ES70,2024,2024,Medicina Familia y Comunitaria - Atención primaria (AP),FAMILIA_COMUNITARIA_AP,Total,_T,Ratio por profesional,RATIO_PROFESIONAL,1461,,,
Lanzarote,ES708,2024,2024,Medicina Familia y Comunitaria - Atención primaria (AP),FAMILIA_COMUNITARIA_AP,Total,_T,Nº de profesionales de atención primaria (AP),NUMERO_PROFESIONALES_AP,97,,,
Lanzarote,ES708,2024,2024,Medicina Familia y Comunitaria - Atención primaria (AP),FAMILIA_COMUNITARIA_AP,Total,_T,Ratio por profesional,RATIO_PROFESIONAL,1396,,,
Fuerteventura,ES704,2024,2024,Medicina Familia y Comunitaria - Atención primaria (AP),FAMILIA_COMUNITARIA_AP,Total,_T,Nº de profesionales de atención primaria (AP),NUMERO_PROFESIONALES_AP,66,,,
Fuerteventura,ES704,2024,2024,Medicina Familia y Comunitaria - Atención primaria (AP),FAMILIA_COMUNITARIA_AP,Total,_T,Ratio por profesional,RATIO_PROFESIONAL,1554,,,
Gran Canaria,ES705,2024,2024,Medicina Familia y Comunitaria - Atención primaria (AP),FAMILIA_COMUNITARIA_AP,Total,_T,Nº de profesionales de atención primaria (AP),NUMERO_PROFESIONALES_AP,524,,,
Gran Canaria,ES705,2024,2024,Medicina Familia y Comunitaria - Atención primaria (AP),FAMILIA_COMUNITARIA_AP,Total,_T,Ratio por profesional,RATIO_PROFESIONAL,1416,,,
Tenerife,ES709,2024,2024,Medicina Familia y Comunitaria - Atención primaria (AP),FAMILIA_COMUNITARIA_AP,Total,_T,Nº de profesionales de atención primaria (AP),NUMERO_PROFESIONALES_AP,544,,,
Tenerife,ES709,2024,2024,Medicina Familia y Comunitaria - Atención primaria (AP),FAMILIA_COMUNITARIA_AP,Total,_T,Ratio por profesional,RATIO_PROFESIONAL,1544,,,
La Gomera,ES706,2024,2024,Medicina Familia y Comunitaria - Atención primaria (AP),FAMILIA_COMUNITARIA_AP,Total,_T,Nº de profesionales de atención primaria (AP),NUMERO_PROFESIONALES_AP,19,,,
La Gomera,ES706,2024,2024,Medicina Familia y Comunitaria - Atención primaria (AP),FAMILIA_COMUNITARIA_AP,Total,_T,Ratio por profesional,RATIO_PROFESIONAL,895,,,
La Palma,ES707,2024,2024,Medicina Familia y Comunitaria - Atención primaria (AP),FAMILIA_COMUNITARIA_AP,Total,_T,Nº de profesionales de atención primaria (AP),NUMERO_PROFESIONALES_AP,54,,,
La Palma,ES707,2024,2024,Medicina Familia y Comunitaria - Atención primaria (AP),FAMILIA_COMUNITARIA_AP,Total,_T,Ratio por profesional,RATIO_PROFESIONAL,1308,,,
El Hierro,ES703,2024,2024,Medicina Familia y Comunitaria - Atención primaria (AP),FAMILIA_COMUNITARIA_AP,Total,_T,Nº de profesionales de atención primaria (AP),NUMERO_PROFESIONALES_AP,8,,,
El Hierro,ES703,2024,2024,Medicina Familia y Comunitaria - Atención primaria (AP),FAMILIA_COMUNITARIA_AP,Total,_T,Ratio por profesional,RATIO_PROFESIONAL,1208,,,
