source_id,dataset_version,reference_period,geography_level,geography_id,age_group_original,sex,unit,value,numerator,denominator,value_status,comparability_status,method_id,source_url,publication_date,case_definition,indicator_id,diagnosis_group_id,diagnosis_group_name,source_diagnosis_code,age_group_code
ISTAC:E30414A_000009,latest_audited_2026-09-28,2020,autonomous_community,canarias,Menor de 1 año,total,days,4.08,,,OBSERVED,ADMIT_WITH_LIMITATIONS,emh_resident_pediatric_v1,https://datos.canarias.es/api/estadisticas/statistical-resources/v1.0/datasets/ISTAC/E30414A_000009/~latest.csv,2026-09-24,Residentes canarios dados de alta en cualquier hospital nacional; diagnóstico principal y edad originales.,estancia_media,injury,Lesiones y traumatismos,1900,Y_LT1
ISTAC:E30414A_000009,latest_audited_2026-09-28,2020,autonomous_community,canarias,De 5 a 14 años,total,days,4.08,,,OBSERVED,ADMIT_WITH_LIMITATIONS,emh_resident_pediatric_v1,https://datos.canarias.es/api/estadisticas/statistical-resources/v1.0/datasets/ISTAC/E30414A_000009/~latest.csv,2026-09-24,Residentes canarios dados de alta en cualquier hospital nacional; diagnóstico principal y edad originales.,estancia_media,injury,Lesiones y traumatismos,1900,Y5T14
ISTAC:E30414A_000009,latest_audited_2026-09-28,2020,autonomous_community,canarias,De 1 a 4 años,total,days,3.46,,,OBSERVED,ADMIT_WITH_LIMITATIONS,emh_resident_pediatric_v1,https://datos.canarias.es/api/estadisticas/statistical-resources/v1.0/datasets/ISTAC/E30414A_000009/~latest.csv,2026-09-24,Residentes canarios dados de alta en cualquier hospital nacional; diagnóstico principal y edad originales.,estancia_media,injury,Lesiones y traumatismos,1900,Y1T4
ISTAC:E30414A_000009,latest_audited_2026-09-28,2021,autonomous_community,canarias,Menor de 1 año,total,days,4.96,,,OBSERVED,ADMIT_WITH_LIMITATIONS,emh_resident_pediatric_v1,https://datos.canarias.es/api/estadisticas/statistical-resources/v1.0/datasets/ISTAC/E30414A_000009/~latest.csv,2026-09-24,Residentes canarios dados de alta en cualquier hospital nacional; diagnóstico principal y edad originales.,estancia_media,injury,Lesiones y traumatismos,1900,Y_LT1
ISTAC:E30414A_000009,latest_audited_2026-09-28,2021,autonomous_community,canarias,De 5 a 14 años,total,days,4.18,,,OBSERVED,ADMIT_WITH_LIMITATIONS,emh_resident_pediatric_v1,https://datos.canarias.es/api/estadisticas/statistical-resources/v1.0/datasets/ISTAC/E30414A_000009/~latest.csv,2026-09-24,Residentes canarios dados de alta en cualquier hospital nacional; diagnóstico principal y edad originales.,estancia_media,injury,Lesiones y traumatismos,1900,Y5T14
ISTAC:E30414A_000009,latest_audited_2026-09-28,2021,autonomous_community,canarias,De 1 a 4 años,total,days,4.96,,,OBSERVED,ADMIT_WITH_LIMITATIONS,emh_resident_pediatric_v1,https://datos.canarias.es/api/estadisticas/statistical-resources/v1.0/datasets/ISTAC/E30414A_000009/~latest.csv,2026-09-24,Residentes canarios dados de alta en cualquier hospital nacional; diagnóstico principal y edad originales.,estancia_media,injury,Lesiones y traumatismos,1900,Y1T4
ISTAC:E30414A_000009,latest_audited_2026-09-28,2022,autonomous_community,canarias,Menor de 1 año,total,days,3.75,,,OBSERVED,ADMIT_WITH_LIMITATIONS,emh_resident_pediatric_v1,https://datos.canarias.es/api/estadisticas/statistical-resources/v1.0/datasets/ISTAC/E30414A_000009/~latest.csv,2026-09-24,Residentes canarios dados de alta en cualquier hospital nacional; diagnóstico principal y edad originales.,estancia_media,injury,Lesiones y traumatismos,1900,Y_LT1
ISTAC:E30414A_000009,latest_audited_2026-09-28,2022,autonomous_community,canarias,De 5 a 14 años,total,days,3.94,,,OBSERVED,ADMIT_WITH_LIMITATIONS,emh_resident_pediatric_v1,https://datos.canarias.es/api/estadisticas/statistical-resources/v1.0/datasets/ISTAC/E30414A_000009/~latest.csv,2026-09-24,Residentes canarios dados de alta en cualquier hospital nacional; diagnóstico principal y edad originales.,estancia_media,injury,Lesiones y traumatismos,1900,Y5T14
ISTAC:E30414A_000009,latest_audited_2026-09-28,2022,autonomous_community,canarias,De 1 a 4 años,total,days,4.46,,,OBSERVED,ADMIT_WITH_LIMITATIONS,emh_resident_pediatric_v1,https://datos.canarias.es/api/estadisticas/statistical-resources/v1.0/datasets/ISTAC/E30414A_000009/~latest.csv,2026-09-24,Residentes canarios dados de alta en cualquier hospital nacional; diagnóstico principal y edad originales.,estancia_media,injury,Lesiones y traumatismos,1900,Y1T4
ISTAC:E30414A_000009,latest_audited_2026-09-28,2023,autonomous_community,canarias,Menor de 1 año,total,days,6.15,,,OBSERVED,ADMIT_WITH_LIMITATIONS,emh_resident_pediatric_v1,https://datos.canarias.es/api/estadisticas/statistical-resources/v1.0/datasets/ISTAC/E30414A_000009/~latest.csv,2026-09-24,Residentes canarios dados de alta en cualquier hospital nacional; diagnóstico principal y edad originales.,estancia_media,injury,Lesiones y traumatismos,1900,Y_LT1
ISTAC:E30414A_000009,latest_audited_2026-09-28,2023,autonomous_community,canarias,De 5 a 14 años,total,days,3.51,,,OBSERVED,ADMIT_WITH_LIMITATIONS,emh_resident_pediatric_v1,https://datos.canarias.es/api/estadisticas/statistical-resources/v1.0/datasets/ISTAC/E30414A_000009/~latest.csv,2026-09-24,Residentes canarios dados de alta en cualquier hospital nacional; diagnóstico principal y edad originales.,estancia_media,injury,Lesiones y traumatismos,1900,Y5T14
ISTAC:E30414A_000009,latest_audited_2026-09-28,2023,autonomous_community,canarias,De 1 a 4 años,total,days,3.92,,,OBSERVED,ADMIT_WITH_LIMITATIONS,emh_resident_pediatric_v1,https://datos.canarias.es/api/estadisticas/statistical-resources/v1.0/datasets/ISTAC/E30414A_000009/~latest.csv,2026-09-24,Residentes canarios dados de alta en cualquier hospital nacional; diagnóstico principal y edad originales.,estancia_media,injury,Lesiones y traumatismos,1900,Y1T4
ISTAC:E30414A_000009,latest_audited_2026-09-28,2024,autonomous_community,canarias,Menor de 1 año,total,days,4.07,,,OBSERVED,ADMIT_WITH_LIMITATIONS,emh_resident_pediatric_v1,https://datos.canarias.es/api/estadisticas/statistical-resources/v1.0/datasets/ISTAC/E30414A_000009/~latest.csv,2026-09-24,Residentes canarios dados de alta en cualquier hospital nacional; diagnóstico principal y edad originales.,estancia_media,injury,Lesiones y traumatismos,1900,Y_LT1
ISTAC:E30414A_000009,latest_audited_2026-09-28,2024,autonomous_community,canarias,De 5 a 14 años,total,days,3.52,,,OBSERVED,ADMIT_WITH_LIMITATIONS,emh_resident_pediatric_v1,https://datos.canarias.es/api/estadisticas/statistical-resources/v1.0/datasets/ISTAC/E30414A_000009/~latest.csv,2026-09-24,Residentes canarios dados de alta en cualquier hospital nacional; diagnóstico principal y edad originales.,estancia_media,injury,Lesiones y traumatismos,1900,Y5T14
ISTAC:E30414A_000009,latest_audited_2026-09-28,2024,autonomous_community,canarias,De 1 a 4 años,total,days,3.56,,,OBSERVED,ADMIT_WITH_LIMITATIONS,emh_resident_pediatric_v1,https://datos.canarias.es/api/estadisticas/statistical-resources/v1.0/datasets/ISTAC/E30414A_000009/~latest.csv,2026-09-24,Residentes canarios dados de alta en cualquier hospital nacional; diagnóstico principal y edad originales.,estancia_media,injury,Lesiones y traumatismos,1900,Y1T4
ISTAC:E30414A_000009,latest_audited_2026-09-28,2020,autonomous_community,canarias,Menor de 1 año,total,days,0,,,OBSERVED,ADMIT_WITH_LIMITATIONS,emh_resident_pediatric_v1,https://datos.canarias.es/api/estadisticas/statistical-resources/v1.0/datasets/ISTAC/E30414A_000009/~latest.csv,2026-09-24,Residentes canarios dados de alta en cualquier hospital nacional; diagnóstico principal y edad originales.,estancia_media,appendix,Enfermedades del apéndice,1106,Y_LT1
ISTAC:E30414A_000009,latest_audited_2026-09-28,2020,autonomous_community,canarias,De 5 a 14 años,total,days,4.39,,,OBSERVED,ADMIT_WITH_LIMITATIONS,emh_resident_pediatric_v1,https://datos.canarias.es/api/estadisticas/statistical-resources/v1.0/datasets/ISTAC/E30414A_000009/~latest.csv,2026-09-24,Residentes canarios dados de alta en cualquier hospital nacional; diagnóstico principal y edad originales.,estancia_media,appendix,Enfermedades del apéndice,1106,Y5T14
ISTAC:E30414A_000009,latest_audited_2026-09-28,2020,autonomous_community,canarias,De 1 a 4 años,total,days,6.25,,,OBSERVED,ADMIT_WITH_LIMITATIONS,emh_resident_pediatric_v1,https://datos.canarias.es/api/estadisticas/statistical-resources/v1.0/datasets/ISTAC/E30414A_000009/~latest.csv,2026-09-24,Residentes canarios dados de alta en cualquier hospital nacional; diagnóstico principal y edad originales.,estancia_media,appendix,Enfermedades del apéndice,1106,Y1T4
ISTAC:E30414A_000009,latest_audited_2026-09-28,2021,autonomous_community,canarias,Menor de 1 año,total,days,0,,,OBSERVED,ADMIT_WITH_LIMITATIONS,emh_resident_pediatric_v1,https://datos.canarias.es/api/estadisticas/statistical-resources/v1.0/datasets/ISTAC/E30414A_000009/~latest.csv,2026-09-24,Residentes canarios dados de alta en cualquier hospital nacional; diagnóstico principal y edad originales.,estancia_media,appendix,Enfermedades del apéndice,1106,Y_LT1
ISTAC:E30414A_000009,latest_audited_2026-09-28,2021,autonomous_community,canarias,De 5 a 14 años,total,days,4.29,,,OBSERVED,ADMIT_WITH_LIMITATIONS,emh_resident_pediatric_v1,https://datos.canarias.es/api/estadisticas/statistical-resources/v1.0/datasets/ISTAC/E30414A_000009/~latest.csv,2026-09-24,Residentes canarios dados de alta en cualquier hospital nacional; diagnóstico principal y edad originales.,estancia_media,appendix,Enfermedades del apéndice,1106,Y5T14
ISTAC:E30414A_000009,latest_audited_2026-09-28,2021,autonomous_community,canarias,De 1 a 4 años,total,days,5.53,,,OBSERVED,ADMIT_WITH_LIMITATIONS,emh_resident_pediatric_v1,https://datos.canarias.es/api/estadisticas/statistical-resources/v1.0/datasets/ISTAC/E30414A_000009/~latest.csv,2026-09-24,Residentes canarios dados de alta en cualquier hospital nacional; diagnóstico principal y edad originales.,estancia_media,appendix,Enfermedades del apéndice,1106,Y1T4
ISTAC:E30414A_000009,latest_audited_2026-09-28,2022,autonomous_community,canarias,Menor de 1 año,total,days,0,,,OBSERVED,ADMIT_WITH_LIMITATIONS,emh_resident_pediatric_v1,https://datos.canarias.es/api/estadisticas/statistical-resources/v1.0/datasets/ISTAC/E30414A_000009/~latest.csv,2026-09-24,Residentes canarios dados de alta en cualquier hospital nacional; diagnóstico principal y edad originales.,estancia_media,appendix,Enfermedades del apéndice,1106,Y_LT1
ISTAC:E30414A_000009,latest_audited_2026-09-28,2022,autonomous_community,canarias,De 5 a 14 años,total,days,4.05,,,OBSERVED,ADMIT_WITH_LIMITATIONS,emh_resident_pediatric_v1,https://datos.canarias.es/api/estadisticas/statistical-resources/v1.0/datasets/ISTAC/E30414A_000009/~latest.csv,2026-09-24,Residentes canarios dados de alta en cualquier hospital nacional; diagnóstico principal y edad originales.,estancia_media,appendix,Enfermedades del apéndice,1106,Y5T14
ISTAC:E30414A_000009,latest_audited_2026-09-28,2022,autonomous_community,canarias,De 1 a 4 años,total,days,4.25,,,OBSERVED,ADMIT_WITH_LIMITATIONS,emh_resident_pediatric_v1,https://datos.canarias.es/api/estadisticas/statistical-resources/v1.0/datasets/ISTAC/E30414A_000009/~latest.csv,2026-09-24,Residentes canarios dados de alta en cualquier hospital nacional; diagnóstico principal y edad originales.,estancia_media,appendix,Enfermedades del apéndice,1106,Y1T4
ISTAC:E30414A_000009,latest_audited_2026-09-28,2023,autonomous_community,canarias,Menor de 1 año,total,days,0,,,OBSERVED,ADMIT_WITH_LIMITATIONS,emh_resident_pediatric_v1,https://datos.canarias.es/api/estadisticas/statistical-resources/v1.0/datasets/ISTAC/E30414A_000009/~latest.csv,2026-09-24,Residentes canarios dados de alta en cualquier hospital nacional; diagnóstico principal y edad originales.,estancia_media,appendix,Enfermedades del apéndice,1106,Y_LT1
ISTAC:E30414A_000009,latest_audited_2026-09-28,2023,autonomous_community,canarias,De 5 a 14 años,total,days,3.62,,,OBSERVED,ADMIT_WITH_LIMITATIONS,emh_resident_pediatric_v1,https://datos.canarias.es/api/estadisticas/statistical-resources/v1.0/datasets/ISTAC/E30414A_000009/~latest.csv,2026-09-24,Residentes canarios dados de alta en cualquier hospital nacional; diagnóstico principal y edad originales.,estancia_media,appendix,Enfermedades del apéndice,1106,Y5T14
ISTAC:E30414A_000009,latest_audited_2026-09-28,2023,autonomous_community,canarias,De 1 a 4 años,total,days,4.7,,,OBSERVED,ADMIT_WITH_LIMITATIONS,emh_resident_pediatric_v1,https://datos.canarias.es/api/estadisticas/statistical-resources/v1.0/datasets/ISTAC/E30414A_000009/~latest.csv,2026-09-24,Residentes canarios dados de alta en cualquier hospital nacional; diagnóstico principal y edad originales.,estancia_media,appendix,Enfermedades del apéndice,1106,Y1T4
ISTAC:E30414A_000009,latest_audited_2026-09-28,2024,autonomous_community,canarias,Menor de 1 año,total,days,0,,,OBSERVED,ADMIT_WITH_LIMITATIONS,emh_resident_pediatric_v1,https://datos.canarias.es/api/estadisticas/statistical-resources/v1.0/datasets/ISTAC/E30414A_000009/~latest.csv,2026-09-24,Residentes canarios dados de alta en cualquier hospital nacional; diagnóstico principal y edad originales.,estancia_media,appendix,Enfermedades del apéndice,1106,Y_LT1
ISTAC:E30414A_000009,latest_audited_2026-09-28,2024,autonomous_community,canarias,De 5 a 14 años,total,days,3.61,,,OBSERVED,ADMIT_WITH_LIMITATIONS,emh_resident_pediatric_v1,https://datos.canarias.es/api/estadisticas/statistical-resources/v1.0/datasets/ISTAC/E30414A_000009/~latest.csv,2026-09-24,Residentes canarios dados de alta en cualquier hospital nacional; diagnóstico principal y edad originales.,estancia_media,appendix,Enfermedades del apéndice,1106,Y5T14
ISTAC:E30414A_000009,latest_audited_2026-09-28,2024,autonomous_community,canarias,De 1 a 4 años,total,days,4.53,,,OBSERVED,ADMIT_WITH_LIMITATIONS,emh_resident_pediatric_v1,https://datos.canarias.es/api/estadisticas/statistical-resources/v1.0/datasets/ISTAC/E30414A_000009/~latest.csv,2026-09-24,Residentes canarios dados de alta en cualquier hospital nacional; diagnóstico principal y edad originales.,estancia_media,appendix,Enfermedades del apéndice,1106,Y1T4
ISTAC:E30414A_000009,latest_audited_2026-09-28,2020,autonomous_community,canarias,Menor de 1 año,total,days,2.5,,,OBSERVED,ADMIT_WITH_LIMITATIONS,emh_resident_pediatric_v1,https://datos.canarias.es/api/estadisticas/statistical-resources/v1.0/datasets/ISTAC/E30414A_000009/~latest.csv,2026-09-24,Residentes canarios dados de alta en cualquier hospital nacional; diagnóstico principal y edad originales.,estancia_media,asthma,Asma,1007,Y_LT1
ISTAC:E30414A_000009,latest_audited_2026-09-28,2020,autonomous_community,canarias,De 5 a 14 años,total,days,3.64,,,OBSERVED,ADMIT_WITH_LIMITATIONS,emh_resident_pediatric_v1,https://datos.canarias.es/api/estadisticas/statistical-resources/v1.0/datasets/ISTAC/E30414A_000009/~latest.csv,2026-09-24,Residentes canarios dados de alta en cualquier hospital nacional; diagnóstico principal y edad originales.,estancia_media,asthma,Asma,1007,Y5T14
ISTAC:E30414A_000009,latest_audited_2026-09-28,2020,autonomous_community,canarias,De 1 a 4 años,total,days,3.59,,,OBSERVED,ADMIT_WITH_LIMITATIONS,emh_resident_pediatric_v1,https://datos.canarias.es/api/estadisticas/statistical-resources/v1.0/datasets/ISTAC/E30414A_000009/~latest.csv,2026-09-24,Residentes canarios dados de alta en cualquier hospital nacional; diagnóstico principal y edad originales.,estancia_media,asthma,Asma,1007,Y1T4
ISTAC:E30414A_000009,latest_audited_2026-09-28,2021,autonomous_community,canarias,Menor de 1 año,total,days,5.8,,,OBSERVED,ADMIT_WITH_LIMITATIONS,emh_resident_pediatric_v1,https://datos.canarias.es/api/estadisticas/statistical-resources/v1.0/datasets/ISTAC/E30414A_000009/~latest.csv,2026-09-24,Residentes canarios dados de alta en cualquier hospital nacional; diagnóstico principal y edad originales.,estancia_media,asthma,Asma,1007,Y_LT1
ISTAC:E30414A_000009,latest_audited_2026-09-28,2021,autonomous_community,canarias,De 5 a 14 años,total,days,4.1,,,OBSERVED,ADMIT_WITH_LIMITATIONS,emh_resident_pediatric_v1,https://datos.canarias.es/api/estadisticas/statistical-resources/v1.0/datasets/ISTAC/E30414A_000009/~latest.csv,2026-09-24,Residentes canarios dados de alta en cualquier hospital nacional; diagnóstico principal y edad originales.,estancia_media,asthma,Asma,1007,Y5T14
ISTAC:E30414A_000009,latest_audited_2026-09-28,2021,autonomous_community,canarias,De 1 a 4 años,total,days,3.57,,,OBSERVED,ADMIT_WITH_LIMITATIONS,emh_resident_pediatric_v1,https://datos.canarias.es/api/estadisticas/statistical-resources/v1.0/datasets/ISTAC/E30414A_000009/~latest.csv,2026-09-24,Residentes canarios dados de alta en cualquier hospital nacional; diagnóstico principal y edad originales.,estancia_media,asthma,Asma,1007,Y1T4
ISTAC:E30414A_000009,latest_audited_2026-09-28,2022,autonomous_community,canarias,Menor de 1 año,total,days,4.5,,,OBSERVED,ADMIT_WITH_LIMITATIONS,emh_resident_pediatric_v1,https://datos.canarias.es/api/estadisticas/statistical-resources/v1.0/datasets/ISTAC/E30414A_000009/~latest.csv,2026-09-24,Residentes canarios dados de alta en cualquier hospital nacional; diagnóstico principal y edad originales.,estancia_media,asthma,Asma,1007,Y_LT1
ISTAC:E30414A_000009,latest_audited_2026-09-28,2022,autonomous_community,canarias,De 5 a 14 años,total,days,3.68,,,OBSERVED,ADMIT_WITH_LIMITATIONS,emh_resident_pediatric_v1,https://datos.canarias.es/api/estadisticas/statistical-resources/v1.0/datasets/ISTAC/E30414A_000009/~latest.csv,2026-09-24,Residentes canarios dados de alta en cualquier hospital nacional; diagnóstico principal y edad originales.,estancia_media,asthma,Asma,1007,Y5T14
ISTAC:E30414A_000009,latest_audited_2026-09-28,2022,autonomous_community,canarias,De 1 a 4 años,total,days,3.53,,,OBSERVED,ADMIT_WITH_LIMITATIONS,emh_resident_pediatric_v1,https://datos.canarias.es/api/estadisticas/statistical-resources/v1.0/datasets/ISTAC/E30414A_000009/~latest.csv,2026-09-24,Residentes canarios dados de alta en cualquier hospital nacional; diagnóstico principal y edad originales.,estancia_media,asthma,Asma,1007,Y1T4
ISTAC:E30414A_000009,latest_audited_2026-09-28,2023,autonomous_community,canarias,Menor de 1 año,total,days,3.96,,,OBSERVED,ADMIT_WITH_LIMITATIONS,emh_resident_pediatric_v1,https://datos.canarias.es/api/estadisticas/statistical-resources/v1.0/datasets/ISTAC/E30414A_000009/~latest.csv,2026-09-24,Residentes canarios dados de alta en cualquier hospital nacional; diagnóstico principal y edad originales.,estancia_media,asthma,Asma,1007,Y_LT1
ISTAC:E30414A_000009,latest_audited_2026-09-28,2023,autonomous_community,canarias,De 5 a 14 años,total,days,4.32,,,OBSERVED,ADMIT_WITH_LIMITATIONS,emh_resident_pediatric_v1,https://datos.canarias.es/api/estadisticas/statistical-resources/v1.0/datasets/ISTAC/E30414A_000009/~latest.csv,2026-09-24,Residentes canarios dados de alta en cualquier hospital nacional; diagnóstico principal y edad originales.,estancia_media,asthma,Asma,1007,Y5T14
ISTAC:E30414A_000009,latest_audited_2026-09-28,2023,autonomous_community,canarias,De 1 a 4 años,total,days,3.51,,,OBSERVED,ADMIT_WITH_LIMITATIONS,emh_resident_pediatric_v1,https://datos.canarias.es/api/estadisticas/statistical-resources/v1.0/datasets/ISTAC/E30414A_000009/~latest.csv,2026-09-24,Residentes canarios dados de alta en cualquier hospital nacional; diagnóstico principal y edad originales.,estancia_media,asthma,Asma,1007,Y1T4
ISTAC:E30414A_000009,latest_audited_2026-09-28,2024,autonomous_community,canarias,Menor de 1 año,total,days,5,,,OBSERVED,ADMIT_WITH_LIMITATIONS,emh_resident_pediatric_v1,https://datos.canarias.es/api/estadisticas/statistical-resources/v1.0/datasets/ISTAC/E30414A_000009/~latest.csv,2026-09-24,Residentes canarios dados de alta en cualquier hospital nacional; diagnóstico principal y edad originales.,estancia_media,asthma,Asma,1007,Y_LT1
ISTAC:E30414A_000009,latest_audited_2026-09-28,2024,autonomous_community,canarias,De 5 a 14 años,total,days,4.04,,,OBSERVED,ADMIT_WITH_LIMITATIONS,emh_resident_pediatric_v1,https://datos.canarias.es/api/estadisticas/statistical-resources/v1.0/datasets/ISTAC/E30414A_000009/~latest.csv,2026-09-24,Residentes canarios dados de alta en cualquier hospital nacional; diagnóstico principal y edad originales.,estancia_media,asthma,Asma,1007,Y5T14
ISTAC:E30414A_000009,latest_audited_2026-09-28,2024,autonomous_community,canarias,De 1 a 4 años,total,days,3.97,,,OBSERVED,ADMIT_WITH_LIMITATIONS,emh_resident_pediatric_v1,https://datos.canarias.es/api/estadisticas/statistical-resources/v1.0/datasets/ISTAC/E30414A_000009/~latest.csv,2026-09-24,Residentes canarios dados de alta en cualquier hospital nacional; diagnóstico principal y edad originales.,estancia_media,asthma,Asma,1007,Y1T4
ISTAC:E30414A_000009,latest_audited_2026-09-28,2020,autonomous_community,canarias,Menor de 1 año,total,days,4.82,,,OBSERVED,ADMIT_WITH_LIMITATIONS,emh_resident_pediatric_v1,https://datos.canarias.es/api/estadisticas/statistical-resources/v1.0/datasets/ISTAC/E30414A_000009/~latest.csv,2026-09-24,Residentes canarios dados de alta en cualquier hospital nacional; diagnóstico principal y edad originales.,estancia_media,lower_respiratory,Infecciones respiratorias bajas,1003,Y_LT1
ISTAC:E30414A_000009,latest_audited_2026-09-28,2020,autonomous_community,canarias,De 5 a 14 años,total,days,3.76,,,OBSERVED,ADMIT_WITH_LIMITATIONS,emh_resident_pediatric_v1,https://datos.canarias.es/api/estadisticas/statistical-resources/v1.0/datasets/ISTAC/E30414A_000009/~latest.csv,2026-09-24,Residentes canarios dados de alta en cualquier hospital nacional; diagnóstico principal y edad originales.,estancia_media,lower_respiratory,Infecciones respiratorias bajas,1003,Y5T14
ISTAC:E30414A_000009,latest_audited_2026-09-28,2020,autonomous_community,canarias,De 1 a 4 años,total,days,3.84,,,OBSERVED,ADMIT_WITH_LIMITATIONS,emh_resident_pediatric_v1,https://datos.canarias.es/api/estadisticas/statistical-resources/v1.0/datasets/ISTAC/E30414A_000009/~latest.csv,2026-09-24,Residentes canarios dados de alta en cualquier hospital nacional; diagnóstico principal y edad originales.,estancia_media,lower_respiratory,Infecciones respiratorias bajas,1003,Y1T4
ISTAC:E30414A_000009,latest_audited_2026-09-28,2021,autonomous_community,canarias,Menor de 1 año,total,days,5.07,,,OBSERVED,ADMIT_WITH_LIMITATIONS,emh_resident_pediatric_v1,https://datos.canarias.es/api/estadisticas/statistical-resources/v1.0/datasets/ISTAC/E30414A_000009/~latest.csv,2026-09-24,Residentes canarios dados de alta en cualquier hospital nacional; diagnóstico principal y edad originales.,estancia_media,lower_respiratory,Infecciones respiratorias bajas,1003,Y_LT1
ISTAC:E30414A_000009,latest_audited_2026-09-28,2021,autonomous_community,canarias,De 5 a 14 años,total,days,7.23,,,OBSERVED,ADMIT_WITH_LIMITATIONS,emh_resident_pediatric_v1,https://datos.canarias.es/api/estadisticas/statistical-resources/v1.0/datasets/ISTAC/E30414A_000009/~latest.csv,2026-09-24,Residentes canarios dados de alta en cualquier hospital nacional; diagnóstico principal y edad originales.,estancia_media,lower_respiratory,Infecciones respiratorias bajas,1003,Y5T14
ISTAC:E30414A_000009,latest_audited_2026-09-28,2021,autonomous_community,canarias,De 1 a 4 años,total,days,4.34,,,OBSERVED,ADMIT_WITH_LIMITATIONS,emh_resident_pediatric_v1,https://datos.canarias.es/api/estadisticas/statistical-resources/v1.0/datasets/ISTAC/E30414A_000009/~latest.csv,2026-09-24,Residentes canarios dados de alta en cualquier hospital nacional; diagnóstico principal y edad originales.,estancia_media,lower_respiratory,Infecciones respiratorias bajas,1003,Y1T4
ISTAC:E30414A_000009,latest_audited_2026-09-28,2022,autonomous_community,canarias,Menor de 1 año,total,days,5.24,,,OBSERVED,ADMIT_WITH_LIMITATIONS,emh_resident_pediatric_v1,https://datos.canarias.es/api/estadisticas/statistical-resources/v1.0/datasets/ISTAC/E30414A_000009/~latest.csv,2026-09-24,Residentes canarios dados de alta en cualquier hospital nacional; diagnóstico principal y edad originales.,estancia_media,lower_respiratory,Infecciones respiratorias bajas,1003,Y_LT1
ISTAC:E30414A_000009,latest_audited_2026-09-28,2022,autonomous_community,canarias,De 5 a 14 años,total,days,3.67,,,OBSERVED,ADMIT_WITH_LIMITATIONS,emh_resident_pediatric_v1,https://datos.canarias.es/api/estadisticas/statistical-resources/v1.0/datasets/ISTAC/E30414A_000009/~latest.csv,2026-09-24,Residentes canarios dados de alta en cualquier hospital nacional; diagnóstico principal y edad originales.,estancia_media,lower_respiratory,Infecciones respiratorias bajas,1003,Y5T14
ISTAC:E30414A_000009,latest_audited_2026-09-28,2022,autonomous_community,canarias,De 1 a 4 años,total,days,4,,,OBSERVED,ADMIT_WITH_LIMITATIONS,emh_resident_pediatric_v1,https://datos.canarias.es/api/estadisticas/statistical-resources/v1.0/datasets/ISTAC/E30414A_000009/~latest.csv,2026-09-24,Residentes canarios dados de alta en cualquier hospital nacional; diagnóstico principal y edad originales.,estancia_media,lower_respiratory,Infecciones respiratorias bajas,1003,Y1T4
ISTAC:E30414A_000009,latest_audited_2026-09-28,2023,autonomous_community,canarias,Menor de 1 año,total,days,5.49,,,OBSERVED,ADMIT_WITH_LIMITATIONS,emh_resident_pediatric_v1,https://datos.canarias.es/api/estadisticas/statistical-resources/v1.0/datasets/ISTAC/E30414A_000009/~latest.csv,2026-09-24,Residentes canarios dados de alta en cualquier hospital nacional; diagnóstico principal y edad originales.,estancia_media,lower_respiratory,Infecciones respiratorias bajas,1003,Y_LT1
ISTAC:E30414A_000009,latest_audited_2026-09-28,2023,autonomous_community,canarias,De 5 a 14 años,total,days,4.13,,,OBSERVED,ADMIT_WITH_LIMITATIONS,emh_resident_pediatric_v1,https://datos.canarias.es/api/estadisticas/statistical-resources/v1.0/datasets/ISTAC/E30414A_000009/~latest.csv,2026-09-24,Residentes canarios dados de alta en cualquier hospital nacional; diagnóstico principal y edad originales.,estancia_media,lower_respiratory,Infecciones respiratorias bajas,1003,Y5T14
ISTAC:E30414A_000009,latest_audited_2026-09-28,2023,autonomous_community,canarias,De 1 a 4 años,total,days,4.41,,,OBSERVED,ADMIT_WITH_LIMITATIONS,emh_resident_pediatric_v1,https://datos.canarias.es/api/estadisticas/statistical-resources/v1.0/datasets/ISTAC/E30414A_000009/~latest.csv,2026-09-24,Residentes canarios dados de alta en cualquier hospital nacional; diagnóstico principal y edad originales.,estancia_media,lower_respiratory,Infecciones respiratorias bajas,1003,Y1T4
ISTAC:E30414A_000009,latest_audited_2026-09-28,2024,autonomous_community,canarias,Menor de 1 año,total,days,4.8,,,OBSERVED,ADMIT_WITH_LIMITATIONS,emh_resident_pediatric_v1,https://datos.canarias.es/api/estadisticas/statistical-resources/v1.0/datasets/ISTAC/E30414A_000009/~latest.csv,2026-09-24,Residentes canarios dados de alta en cualquier hospital nacional; diagnóstico principal y edad originales.,estancia_media,lower_respiratory,Infecciones respiratorias bajas,1003,Y_LT1
ISTAC:E30414A_000009,latest_audited_2026-09-28,2024,autonomous_community,canarias,De 5 a 14 años,total,days,3.83,,,OBSERVED,ADMIT_WITH_LIMITATIONS,emh_resident_pediatric_v1,https://datos.canarias.es/api/estadisticas/statistical-resources/v1.0/datasets/ISTAC/E30414A_000009/~latest.csv,2026-09-24,Residentes canarios dados de alta en cualquier hospital nacional; diagnóstico principal y edad originales.,estancia_media,lower_respiratory,Infecciones respiratorias bajas,1003,Y5T14
ISTAC:E30414A_000009,latest_audited_2026-09-28,2024,autonomous_community,canarias,De 1 a 4 años,total,days,4.32,,,OBSERVED,ADMIT_WITH_LIMITATIONS,emh_resident_pediatric_v1,https://datos.canarias.es/api/estadisticas/statistical-resources/v1.0/datasets/ISTAC/E30414A_000009/~latest.csv,2026-09-24,Residentes canarios dados de alta en cualquier hospital nacional; diagnóstico principal y edad originales.,estancia_media,lower_respiratory,Infecciones respiratorias bajas,1003,Y1T4
ISTAC:E30414A_000009,latest_audited_2026-09-28,2020,autonomous_community,canarias,Menor de 1 año,total,days,8.35,,,OBSERVED,ADMIT_WITH_LIMITATIONS,emh_resident_pediatric_v1,https://datos.canarias.es/api/estadisticas/statistical-resources/v1.0/datasets/ISTAC/E30414A_000009/~latest.csv,2026-09-24,Residentes canarios dados de alta en cualquier hospital nacional; diagnóstico principal y edad originales.,estancia_media,pneumonia,Neumonía,1002,Y_LT1
ISTAC:E30414A_000009,latest_audited_2026-09-28,2020,autonomous_community,canarias,De 5 a 14 años,total,days,6.81,,,OBSERVED,ADMIT_WITH_LIMITATIONS,emh_resident_pediatric_v1,https://datos.canarias.es/api/estadisticas/statistical-resources/v1.0/datasets/ISTAC/E30414A_000009/~latest.csv,2026-09-24,Residentes canarios dados de alta en cualquier hospital nacional; diagnóstico principal y edad originales.,estancia_media,pneumonia,Neumonía,1002,Y5T14
ISTAC:E30414A_000009,latest_audited_2026-09-28,2020,autonomous_community,canarias,De 1 a 4 años,total,days,4.71,,,OBSERVED,ADMIT_WITH_LIMITATIONS,emh_resident_pediatric_v1,https://datos.canarias.es/api/estadisticas/statistical-resources/v1.0/datasets/ISTAC/E30414A_000009/~latest.csv,2026-09-24,Residentes canarios dados de alta en cualquier hospital nacional; diagnóstico principal y edad originales.,estancia_media,pneumonia,Neumonía,1002,Y1T4
ISTAC:E30414A_000009,latest_audited_2026-09-28,2021,autonomous_community,canarias,Menor de 1 año,total,days,6.63,,,OBSERVED,ADMIT_WITH_LIMITATIONS,emh_resident_pediatric_v1,https://datos.canarias.es/api/estadisticas/statistical-resources/v1.0/datasets/ISTAC/E30414A_000009/~latest.csv,2026-09-24,Residentes canarios dados de alta en cualquier hospital nacional; diagnóstico principal y edad originales.,estancia_media,pneumonia,Neumonía,1002,Y_LT1
ISTAC:E30414A_000009,latest_audited_2026-09-28,2021,autonomous_community,canarias,De 5 a 14 años,total,days,8.62,,,OBSERVED,ADMIT_WITH_LIMITATIONS,emh_resident_pediatric_v1,https://datos.canarias.es/api/estadisticas/statistical-resources/v1.0/datasets/ISTAC/E30414A_000009/~latest.csv,2026-09-24,Residentes canarios dados de alta en cualquier hospital nacional; diagnóstico principal y edad originales.,estancia_media,pneumonia,Neumonía,1002,Y5T14
ISTAC:E30414A_000009,latest_audited_2026-09-28,2021,autonomous_community,canarias,De 1 a 4 años,total,days,5.12,,,OBSERVED,ADMIT_WITH_LIMITATIONS,emh_resident_pediatric_v1,https://datos.canarias.es/api/estadisticas/statistical-resources/v1.0/datasets/ISTAC/E30414A_000009/~latest.csv,2026-09-24,Residentes canarios dados de alta en cualquier hospital nacional; diagnóstico principal y edad originales.,estancia_media,pneumonia,Neumonía,1002,Y1T4
ISTAC:E30414A_000009,latest_audited_2026-09-28,2022,autonomous_community,canarias,Menor de 1 año,total,days,5.89,,,OBSERVED,ADMIT_WITH_LIMITATIONS,emh_resident_pediatric_v1,https://datos.canarias.es/api/estadisticas/statistical-resources/v1.0/datasets/ISTAC/E30414A_000009/~latest.csv,2026-09-24,Residentes canarios dados de alta en cualquier hospital nacional; diagnóstico principal y edad originales.,estancia_media,pneumonia,Neumonía,1002,Y_LT1
ISTAC:E30414A_000009,latest_audited_2026-09-28,2022,autonomous_community,canarias,De 5 a 14 años,total,days,4.61,,,OBSERVED,ADMIT_WITH_LIMITATIONS,emh_resident_pediatric_v1,https://datos.canarias.es/api/estadisticas/statistical-resources/v1.0/datasets/ISTAC/E30414A_000009/~latest.csv,2026-09-24,Residentes canarios dados de alta en cualquier hospital nacional; diagnóstico principal y edad originales.,estancia_media,pneumonia,Neumonía,1002,Y5T14
ISTAC:E30414A_000009,latest_audited_2026-09-28,2022,autonomous_community,canarias,De 1 a 4 años,total,days,4.88,,,OBSERVED,ADMIT_WITH_LIMITATIONS,emh_resident_pediatric_v1,https://datos.canarias.es/api/estadisticas/statistical-resources/v1.0/datasets/ISTAC/E30414A_000009/~latest.csv,2026-09-24,Residentes canarios dados de alta en cualquier hospital nacional; diagnóstico principal y edad originales.,estancia_media,pneumonia,Neumonía,1002,Y1T4
ISTAC:E30414A_000009,latest_audited_2026-09-28,2023,autonomous_community,canarias,Menor de 1 año,total,days,6,,,OBSERVED,ADMIT_WITH_LIMITATIONS,emh_resident_pediatric_v1,https://datos.canarias.es/api/estadisticas/statistical-resources/v1.0/datasets/ISTAC/E30414A_000009/~latest.csv,2026-09-24,Residentes canarios dados de alta en cualquier hospital nacional; diagnóstico principal y edad originales.,estancia_media,pneumonia,Neumonía,1002,Y_LT1
ISTAC:E30414A_000009,latest_audited_2026-09-28,2023,autonomous_community,canarias,De 5 a 14 años,total,days,6.35,,,OBSERVED,ADMIT_WITH_LIMITATIONS,emh_resident_pediatric_v1,https://datos.canarias.es/api/estadisticas/statistical-resources/v1.0/datasets/ISTAC/E30414A_000009/~latest.csv,2026-09-24,Residentes canarios dados de alta en cualquier hospital nacional; diagnóstico principal y edad originales.,estancia_media,pneumonia,Neumonía,1002,Y5T14
ISTAC:E30414A_000009,latest_audited_2026-09-28,2023,autonomous_community,canarias,De 1 a 4 años,total,days,5.86,,,OBSERVED,ADMIT_WITH_LIMITATIONS,emh_resident_pediatric_v1,https://datos.canarias.es/api/estadisticas/statistical-resources/v1.0/datasets/ISTAC/E30414A_000009/~latest.csv,2026-09-24,Residentes canarios dados de alta en cualquier hospital nacional; diagnóstico principal y edad originales.,estancia_media,pneumonia,Neumonía,1002,Y1T4
ISTAC:E30414A_000009,latest_audited_2026-09-28,2024,autonomous_community,canarias,Menor de 1 año,total,days,8.45,,,OBSERVED,ADMIT_WITH_LIMITATIONS,emh_resident_pediatric_v1,https://datos.canarias.es/api/estadisticas/statistical-resources/v1.0/datasets/ISTAC/E30414A_000009/~latest.csv,2026-09-24,Residentes canarios dados de alta en cualquier hospital nacional; diagnóstico principal y edad originales.,estancia_media,pneumonia,Neumonía,1002,Y_LT1
ISTAC:E30414A_000009,latest_audited_2026-09-28,2024,autonomous_community,canarias,De 5 a 14 años,total,days,4.55,,,OBSERVED,ADMIT_WITH_LIMITATIONS,emh_resident_pediatric_v1,https://datos.canarias.es/api/estadisticas/statistical-resources/v1.0/datasets/ISTAC/E30414A_000009/~latest.csv,2026-09-24,Residentes canarios dados de alta en cualquier hospital nacional; diagnóstico principal y edad originales.,estancia_media,pneumonia,Neumonía,1002,Y5T14
ISTAC:E30414A_000009,latest_audited_2026-09-28,2024,autonomous_community,canarias,De 1 a 4 años,total,days,4.4,,,OBSERVED,ADMIT_WITH_LIMITATIONS,emh_resident_pediatric_v1,https://datos.canarias.es/api/estadisticas/statistical-resources/v1.0/datasets/ISTAC/E30414A_000009/~latest.csv,2026-09-24,Residentes canarios dados de alta en cualquier hospital nacional; diagnóstico principal y edad originales.,estancia_media,pneumonia,Neumonía,1002,Y1T4
ISTAC:E30414A_000009,latest_audited_2026-09-28,2020,autonomous_community,canarias,Menor de 1 año,total,days,8.64,,,OBSERVED,ADMIT_WITH_LIMITATIONS,emh_resident_pediatric_v1,https://datos.canarias.es/api/estadisticas/statistical-resources/v1.0/datasets/ISTAC/E30414A_000009/~latest.csv,2026-09-24,Residentes canarios dados de alta en cualquier hospital nacional; diagnóstico principal y edad originales.,estancia_media,epilepsy,Epilepsia,0603,Y_LT1
ISTAC:E30414A_000009,latest_audited_2026-09-28,2020,autonomous_community,canarias,De 5 a 14 años,total,days,4.53,,,OBSERVED,ADMIT_WITH_LIMITATIONS,emh_resident_pediatric_v1,https://datos.canarias.es/api/estadisticas/statistical-resources/v1.0/datasets/ISTAC/E30414A_000009/~latest.csv,2026-09-24,Residentes canarios dados de alta en cualquier hospital nacional; diagnóstico principal y edad originales.,estancia_media,epilepsy,Epilepsia,0603,Y5T14
ISTAC:E30414A_000009,latest_audited_2026-09-28,2020,autonomous_community,canarias,De 1 a 4 años,total,days,8.16,,,OBSERVED,ADMIT_WITH_LIMITATIONS,emh_resident_pediatric_v1,https://datos.canarias.es/api/estadisticas/statistical-resources/v1.0/datasets/ISTAC/E30414A_000009/~latest.csv,2026-09-24,Residentes canarios dados de alta en cualquier hospital nacional; diagnóstico principal y edad originales.,estancia_media,epilepsy,Epilepsia,0603,Y1T4
ISTAC:E30414A_000009,latest_audited_2026-09-28,2021,autonomous_community,canarias,Menor de 1 año,total,days,7.71,,,OBSERVED,ADMIT_WITH_LIMITATIONS,emh_resident_pediatric_v1,https://datos.canarias.es/api/estadisticas/statistical-resources/v1.0/datasets/ISTAC/E30414A_000009/~latest.csv,2026-09-24,Residentes canarios dados de alta en cualquier hospital nacional; diagnóstico principal y edad originales.,estancia_media,epilepsy,Epilepsia,0603,Y_LT1
ISTAC:E30414A_000009,latest_audited_2026-09-28,2021,autonomous_community,canarias,De 5 a 14 años,total,days,4.77,,,OBSERVED,ADMIT_WITH_LIMITATIONS,emh_resident_pediatric_v1,https://datos.canarias.es/api/estadisticas/statistical-resources/v1.0/datasets/ISTAC/E30414A_000009/~latest.csv,2026-09-24,Residentes canarios dados de alta en cualquier hospital nacional; diagnóstico principal y edad originales.,estancia_media,epilepsy,Epilepsia,0603,Y5T14
ISTAC:E30414A_000009,latest_audited_2026-09-28,2021,autonomous_community,canarias,De 1 a 4 años,total,days,4.02,,,OBSERVED,ADMIT_WITH_LIMITATIONS,emh_resident_pediatric_v1,https://datos.canarias.es/api/estadisticas/statistical-resources/v1.0/datasets/ISTAC/E30414A_000009/~latest.csv,2026-09-24,Residentes canarios dados de alta en cualquier hospital nacional; diagnóstico principal y edad originales.,estancia_media,epilepsy,Epilepsia,0603,Y1T4
ISTAC:E30414A_000009,latest_audited_2026-09-28,2022,autonomous_community,canarias,Menor de 1 año,total,days,5.71,,,OBSERVED,ADMIT_WITH_LIMITATIONS,emh_resident_pediatric_v1,https://datos.canarias.es/api/estadisticas/statistical-resources/v1.0/datasets/ISTAC/E30414A_000009/~latest.csv,2026-09-24,Residentes canarios dados de alta en cualquier hospital nacional; diagnóstico principal y edad originales.,estancia_media,epilepsy,Epilepsia,0603,Y_LT1
ISTAC:E30414A_000009,latest_audited_2026-09-28,2022,autonomous_community,canarias,De 5 a 14 años,total,days,3.13,,,OBSERVED,ADMIT_WITH_LIMITATIONS,emh_resident_pediatric_v1,https://datos.canarias.es/api/estadisticas/statistical-resources/v1.0/datasets/ISTAC/E30414A_000009/~latest.csv,2026-09-24,Residentes canarios dados de alta en cualquier hospital nacional; diagnóstico principal y edad originales.,estancia_media,epilepsy,Epilepsia,0603,Y5T14
ISTAC:E30414A_000009,latest_audited_2026-09-28,2022,autonomous_community,canarias,De 1 a 4 años,total,days,3.59,,,OBSERVED,ADMIT_WITH_LIMITATIONS,emh_resident_pediatric_v1,https://datos.canarias.es/api/estadisticas/statistical-resources/v1.0/datasets/ISTAC/E30414A_000009/~latest.csv,2026-09-24,Residentes canarios dados de alta en cualquier hospital nacional; diagnóstico principal y edad originales.,estancia_media,epilepsy,Epilepsia,0603,Y1T4
ISTAC:E30414A_000009,latest_audited_2026-09-28,2023,autonomous_community,canarias,Menor de 1 año,total,days,11.49,,,OBSERVED,ADMIT_WITH_LIMITATIONS,emh_resident_pediatric_v1,https://datos.canarias.es/api/estadisticas/statistical-resources/v1.0/datasets/ISTAC/E30414A_000009/~latest.csv,2026-09-24,Residentes canarios dados de alta en cualquier hospital nacional; diagnóstico principal y edad originales.,estancia_media,epilepsy,Epilepsia,0603,Y_LT1
ISTAC:E30414A_000009,latest_audited_2026-09-28,2023,autonomous_community,canarias,De 5 a 14 años,total,days,3.06,,,OBSERVED,ADMIT_WITH_LIMITATIONS,emh_resident_pediatric_v1,https://datos.canarias.es/api/estadisticas/statistical-resources/v1.0/datasets/ISTAC/E30414A_000009/~latest.csv,2026-09-24,Residentes canarios dados de alta en cualquier hospital nacional; diagnóstico principal y edad originales.,estancia_media,epilepsy,Epilepsia,0603,Y5T14
ISTAC:E30414A_000009,latest_audited_2026-09-28,2023,autonomous_community,canarias,De 1 a 4 años,total,days,3.76,,,OBSERVED,ADMIT_WITH_LIMITATIONS,emh_resident_pediatric_v1,https://datos.canarias.es/api/estadisticas/statistical-resources/v1.0/datasets/ISTAC/E30414A_000009/~latest.csv,2026-09-24,Residentes canarios dados de alta en cualquier hospital nacional; diagnóstico principal y edad originales.,estancia_media,epilepsy,Epilepsia,0603,Y1T4
ISTAC:E30414A_000009,latest_audited_2026-09-28,2024,autonomous_community,canarias,Menor de 1 año,total,days,13,,,OBSERVED,ADMIT_WITH_LIMITATIONS,emh_resident_pediatric_v1,https://datos.canarias.es/api/estadisticas/statistical-resources/v1.0/datasets/ISTAC/E30414A_000009/~latest.csv,2026-09-24,Residentes canarios dados de alta en cualquier hospital nacional; diagnóstico principal y edad originales.,estancia_media,epilepsy,Epilepsia,0603,Y_LT1
ISTAC:E30414A_000009,latest_audited_2026-09-28,2024,autonomous_community,canarias,De 5 a 14 años,total,days,3.16,,,OBSERVED,ADMIT_WITH_LIMITATIONS,emh_resident_pediatric_v1,https://datos.canarias.es/api/estadisticas/statistical-resources/v1.0/datasets/ISTAC/E30414A_000009/~latest.csv,2026-09-24,Residentes canarios dados de alta en cualquier hospital nacional; diagnóstico principal y edad originales.,estancia_media,epilepsy,Epilepsia,0603,Y5T14
ISTAC:E30414A_000009,latest_audited_2026-09-28,2024,autonomous_community,canarias,De 1 a 4 años,total,days,5.44,,,OBSERVED,ADMIT_WITH_LIMITATIONS,emh_resident_pediatric_v1,https://datos.canarias.es/api/estadisticas/statistical-resources/v1.0/datasets/ISTAC/E30414A_000009/~latest.csv,2026-09-24,Residentes canarios dados de alta en cualquier hospital nacional; diagnóstico principal y edad originales.,estancia_media,epilepsy,Epilepsia,0603,Y1T4
ISTAC:E30414A_000009,latest_audited_2026-09-28,2020,autonomous_community,canarias,Menor de 1 año,total,days,2.5,,,OBSERVED,ADMIT_WITH_LIMITATIONS,emh_resident_pediatric_v1,https://datos.canarias.es/api/estadisticas/statistical-resources/v1.0/datasets/ISTAC/E30414A_000009/~latest.csv,2026-09-24,Residentes canarios dados de alta en cualquier hospital nacional; diagnóstico principal y edad originales.,estancia_media,mental_health,Salud mental,0500,Y_LT1
ISTAC:E30414A_000009,latest_audited_2026-09-28,2020,autonomous_community,canarias,De 5 a 14 años,total,days,16.2,,,OBSERVED,ADMIT_WITH_LIMITATIONS,emh_resident_pediatric_v1,https://datos.canarias.es/api/estadisticas/statistical-resources/v1.0/datasets/ISTAC/E30414A_000009/~latest.csv,2026-09-24,Residentes canarios dados de alta en cualquier hospital nacional; diagnóstico principal y edad originales.,estancia_media,mental_health,Salud mental,0500,Y5T14
ISTAC:E30414A_000009,latest_audited_2026-09-28,2020,autonomous_community,canarias,De 1 a 4 años,total,days,9,,,OBSERVED,ADMIT_WITH_LIMITATIONS,emh_resident_pediatric_v1,https://datos.canarias.es/api/estadisticas/statistical-resources/v1.0/datasets/ISTAC/E30414A_000009/~latest.csv,2026-09-24,Residentes canarios dados de alta en cualquier hospital nacional; diagnóstico principal y edad originales.,estancia_media,mental_health,Salud mental,0500,Y1T4
ISTAC:E30414A_000009,latest_audited_2026-09-28,2021,autonomous_community,canarias,Menor de 1 año,total,days,5,,,OBSERVED,ADMIT_WITH_LIMITATIONS,emh_resident_pediatric_v1,https://datos.canarias.es/api/estadisticas/statistical-resources/v1.0/datasets/ISTAC/E30414A_000009/~latest.csv,2026-09-24,Residentes canarios dados de alta en cualquier hospital nacional; diagnóstico principal y edad originales.,estancia_media,mental_health,Salud mental,0500,Y_LT1
ISTAC:E30414A_000009,latest_audited_2026-09-28,2021,autonomous_community,canarias,De 5 a 14 años,total,days,20.74,,,OBSERVED,ADMIT_WITH_LIMITATIONS,emh_resident_pediatric_v1,https://datos.canarias.es/api/estadisticas/statistical-resources/v1.0/datasets/ISTAC/E30414A_000009/~latest.csv,2026-09-24,Residentes canarios dados de alta en cualquier hospital nacional; diagnóstico principal y edad originales.,estancia_media,mental_health,Salud mental,0500,Y5T14
ISTAC:E30414A_000009,latest_audited_2026-09-28,2021,autonomous_community,canarias,De 1 a 4 años,total,days,4.75,,,OBSERVED,ADMIT_WITH_LIMITATIONS,emh_resident_pediatric_v1,https://datos.canarias.es/api/estadisticas/statistical-resources/v1.0/datasets/ISTAC/E30414A_000009/~latest.csv,2026-09-24,Residentes canarios dados de alta en cualquier hospital nacional; diagnóstico principal y edad originales.,estancia_media,mental_health,Salud mental,0500,Y1T4
ISTAC:E30414A_000009,latest_audited_2026-09-28,2022,autonomous_community,canarias,Menor de 1 año,total,days,7.18,,,OBSERVED,ADMIT_WITH_LIMITATIONS,emh_resident_pediatric_v1,https://datos.canarias.es/api/estadisticas/statistical-resources/v1.0/datasets/ISTAC/E30414A_000009/~latest.csv,2026-09-24,Residentes canarios dados de alta en cualquier hospital nacional; diagnóstico principal y edad originales.,estancia_media,mental_health,Salud mental,0500,Y_LT1
ISTAC:E30414A_000009,latest_audited_2026-09-28,2022,autonomous_community,canarias,De 5 a 14 años,total,days,18.4,,,OBSERVED,ADMIT_WITH_LIMITATIONS,emh_resident_pediatric_v1,https://datos.canarias.es/api/estadisticas/statistical-resources/v1.0/datasets/ISTAC/E30414A_000009/~latest.csv,2026-09-24,Residentes canarios dados de alta en cualquier hospital nacional; diagnóstico principal y edad originales.,estancia_media,mental_health,Salud mental,0500,Y5T14
ISTAC:E30414A_000009,latest_audited_2026-09-28,2022,autonomous_community,canarias,De 1 a 4 años,total,days,14.67,,,OBSERVED,ADMIT_WITH_LIMITATIONS,emh_resident_pediatric_v1,https://datos.canarias.es/api/estadisticas/statistical-resources/v1.0/datasets/ISTAC/E30414A_000009/~latest.csv,2026-09-24,Residentes canarios dados de alta en cualquier hospital nacional; diagnóstico principal y edad originales.,estancia_media,mental_health,Salud mental,0500,Y1T4
ISTAC:E30414A_000009,latest_audited_2026-09-28,2023,autonomous_community,canarias,Menor de 1 año,total,days,0,,,OBSERVED,ADMIT_WITH_LIMITATIONS,emh_resident_pediatric_v1,https://datos.canarias.es/api/estadisticas/statistical-resources/v1.0/datasets/ISTAC/E30414A_000009/~latest.csv,2026-09-24,Residentes canarios dados de alta en cualquier hospital nacional; diagnóstico principal y edad originales.,estancia_media,mental_health,Salud mental,0500,Y_LT1
ISTAC:E30414A_000009,latest_audited_2026-09-28,2023,autonomous_community,canarias,De 5 a 14 años,total,days,20.91,,,OBSERVED,ADMIT_WITH_LIMITATIONS,emh_resident_pediatric_v1,https://datos.canarias.es/api/estadisticas/statistical-resources/v1.0/datasets/ISTAC/E30414A_000009/~latest.csv,2026-09-24,Residentes canarios dados de alta en cualquier hospital nacional; diagnóstico principal y edad originales.,estancia_media,mental_health,Salud mental,0500,Y5T14
ISTAC:E30414A_000009,latest_audited_2026-09-28,2023,autonomous_community,canarias,De 1 a 4 años,total,days,3,,,OBSERVED,ADMIT_WITH_LIMITATIONS,emh_resident_pediatric_v1,https://datos.canarias.es/api/estadisticas/statistical-resources/v1.0/datasets/ISTAC/E30414A_000009/~latest.csv,2026-09-24,Residentes canarios dados de alta en cualquier hospital nacional; diagnóstico principal y edad originales.,estancia_media,mental_health,Salud mental,0500,Y1T4
ISTAC:E30414A_000009,latest_audited_2026-09-28,2024,autonomous_community,canarias,Menor de 1 año,total,days,3.75,,,OBSERVED,ADMIT_WITH_LIMITATIONS,emh_resident_pediatric_v1,https://datos.canarias.es/api/estadisticas/statistical-resources/v1.0/datasets/ISTAC/E30414A_000009/~latest.csv,2026-09-24,Residentes canarios dados de alta en cualquier hospital nacional; diagnóstico principal y edad originales.,estancia_media,mental_health,Salud mental,0500,Y_LT1
ISTAC:E30414A_000009,latest_audited_2026-09-28,2024,autonomous_community,canarias,De 5 a 14 años,total,days,18.22,,,OBSERVED,ADMIT_WITH_LIMITATIONS,emh_resident_pediatric_v1,https://datos.canarias.es/api/estadisticas/statistical-resources/v1.0/datasets/ISTAC/E30414A_000009/~latest.csv,2026-09-24,Residentes canarios dados de alta en cualquier hospital nacional; diagnóstico principal y edad originales.,estancia_media,mental_health,Salud mental,0500,Y5T14
ISTAC:E30414A_000009,latest_audited_2026-09-28,2024,autonomous_community,canarias,De 1 a 4 años,total,days,2.8,,,OBSERVED,ADMIT_WITH_LIMITATIONS,emh_resident_pediatric_v1,https://datos.canarias.es/api/estadisticas/statistical-resources/v1.0/datasets/ISTAC/E30414A_000009/~latest.csv,2026-09-24,Residentes canarios dados de alta en cualquier hospital nacional; diagnóstico principal y edad originales.,estancia_media,mental_health,Salud mental,0500,Y1T4
ISTAC:E30414A_000009,latest_audited_2026-09-28,2020,autonomous_community,canarias,Menor de 1 año,total,days,7,,,OBSERVED,ADMIT_WITH_LIMITATIONS,emh_resident_pediatric_v1,https://datos.canarias.es/api/estadisticas/statistical-resources/v1.0/datasets/ISTAC/E30414A_000009/~latest.csv,2026-09-24,Residentes canarios dados de alta en cualquier hospital nacional; diagnóstico principal y edad originales.,estancia_media,diabetes,Diabetes,0401,Y_LT1
ISTAC:E30414A_000009,latest_audited_2026-09-28,2020,autonomous_community,canarias,De 5 a 14 años,total,days,7.14,,,OBSERVED,ADMIT_WITH_LIMITATIONS,emh_resident_pediatric_v1,https://datos.canarias.es/api/estadisticas/statistical-resources/v1.0/datasets/ISTAC/E30414A_000009/~latest.csv,2026-09-24,Residentes canarios dados de alta en cualquier hospital nacional; diagnóstico principal y edad originales.,estancia_media,diabetes,Diabetes,0401,Y5T14
ISTAC:E30414A_000009,latest_audited_2026-09-28,2020,autonomous_community,canarias,De 1 a 4 años,total,days,9.86,,,OBSERVED,ADMIT_WITH_LIMITATIONS,emh_resident_pediatric_v1,https://datos.canarias.es/api/estadisticas/statistical-resources/v1.0/datasets/ISTAC/E30414A_000009/~latest.csv,2026-09-24,Residentes canarios dados de alta en cualquier hospital nacional; diagnóstico principal y edad originales.,estancia_media,diabetes,Diabetes,0401,Y1T4
ISTAC:E30414A_000009,latest_audited_2026-09-28,2021,autonomous_community,canarias,Menor de 1 año,total,days,5.5,,,OBSERVED,ADMIT_WITH_LIMITATIONS,emh_resident_pediatric_v1,https://datos.canarias.es/api/estadisticas/statistical-resources/v1.0/datasets/ISTAC/E30414A_000009/~latest.csv,2026-09-24,Residentes canarios dados de alta en cualquier hospital nacional; diagnóstico principal y edad originales.,estancia_media,diabetes,Diabetes,0401,Y_LT1
ISTAC:E30414A_000009,latest_audited_2026-09-28,2021,autonomous_community,canarias,De 5 a 14 años,total,days,7.93,,,OBSERVED,ADMIT_WITH_LIMITATIONS,emh_resident_pediatric_v1,https://datos.canarias.es/api/estadisticas/statistical-resources/v1.0/datasets/ISTAC/E30414A_000009/~latest.csv,2026-09-24,Residentes canarios dados de alta en cualquier hospital nacional; diagnóstico principal y edad originales.,estancia_media,diabetes,Diabetes,0401,Y5T14
ISTAC:E30414A_000009,latest_audited_2026-09-28,2021,autonomous_community,canarias,De 1 a 4 años,total,days,8.86,,,OBSERVED,ADMIT_WITH_LIMITATIONS,emh_resident_pediatric_v1,https://datos.canarias.es/api/estadisticas/statistical-resources/v1.0/datasets/ISTAC/E30414A_000009/~latest.csv,2026-09-24,Residentes canarios dados de alta en cualquier hospital nacional; diagnóstico principal y edad originales.,estancia_media,diabetes,Diabetes,0401,Y1T4
ISTAC:E30414A_000009,latest_audited_2026-09-28,2022,autonomous_community,canarias,Menor de 1 año,total,days,23.5,,,OBSERVED,ADMIT_WITH_LIMITATIONS,emh_resident_pediatric_v1,https://datos.canarias.es/api/estadisticas/statistical-resources/v1.0/datasets/ISTAC/E30414A_000009/~latest.csv,2026-09-24,Residentes canarios dados de alta en cualquier hospital nacional; diagnóstico principal y edad originales.,estancia_media,diabetes,Diabetes,0401,Y_LT1
ISTAC:E30414A_000009,latest_audited_2026-09-28,2022,autonomous_community,canarias,De 5 a 14 años,total,days,6.74,,,OBSERVED,ADMIT_WITH_LIMITATIONS,emh_resident_pediatric_v1,https://datos.canarias.es/api/estadisticas/statistical-resources/v1.0/datasets/ISTAC/E30414A_000009/~latest.csv,2026-09-24,Residentes canarios dados de alta en cualquier hospital nacional; diagnóstico principal y edad originales.,estancia_media,diabetes,Diabetes,0401,Y5T14
ISTAC:E30414A_000009,latest_audited_2026-09-28,2022,autonomous_community,canarias,De 1 a 4 años,total,days,10.31,,,OBSERVED,ADMIT_WITH_LIMITATIONS,emh_resident_pediatric_v1,https://datos.canarias.es/api/estadisticas/statistical-resources/v1.0/datasets/ISTAC/E30414A_000009/~latest.csv,2026-09-24,Residentes canarios dados de alta en cualquier hospital nacional; diagnóstico principal y edad originales.,estancia_media,diabetes,Diabetes,0401,Y1T4
ISTAC:E30414A_000009,latest_audited_2026-09-28,2023,autonomous_community,canarias,Menor de 1 año,total,days,18.5,,,OBSERVED,ADMIT_WITH_LIMITATIONS,emh_resident_pediatric_v1,https://datos.canarias.es/api/estadisticas/statistical-resources/v1.0/datasets/ISTAC/E30414A_000009/~latest.csv,2026-09-24,Residentes canarios dados de alta en cualquier hospital nacional; diagnóstico principal y edad originales.,estancia_media,diabetes,Diabetes,0401,Y_LT1
ISTAC:E30414A_000009,latest_audited_2026-09-28,2023,autonomous_community,canarias,De 5 a 14 años,total,days,6.01,,,OBSERVED,ADMIT_WITH_LIMITATIONS,emh_resident_pediatric_v1,https://datos.canarias.es/api/estadisticas/statistical-resources/v1.0/datasets/ISTAC/E30414A_000009/~latest.csv,2026-09-24,Residentes canarios dados de alta en cualquier hospital nacional; diagnóstico principal y edad originales.,estancia_media,diabetes,Diabetes,0401,Y5T14
ISTAC:E30414A_000009,latest_audited_2026-09-28,2023,autonomous_community,canarias,De 1 a 4 años,total,days,9.2,,,OBSERVED,ADMIT_WITH_LIMITATIONS,emh_resident_pediatric_v1,https://datos.canarias.es/api/estadisticas/statistical-resources/v1.0/datasets/ISTAC/E30414A_000009/~latest.csv,2026-09-24,Residentes canarios dados de alta en cualquier hospital nacional; diagnóstico principal y edad originales.,estancia_media,diabetes,Diabetes,0401,Y1T4
ISTAC:E30414A_000009,latest_audited_2026-09-28,2024,autonomous_community,canarias,Menor de 1 año,total,days,0,,,OBSERVED,ADMIT_WITH_LIMITATIONS,emh_resident_pediatric_v1,https://datos.canarias.es/api/estadisticas/statistical-resources/v1.0/datasets/ISTAC/E30414A_000009/~latest.csv,2026-09-24,Residentes canarios dados de alta en cualquier hospital nacional; diagnóstico principal y edad originales.,estancia_media,diabetes,Diabetes,0401,Y_LT1
ISTAC:E30414A_000009,latest_audited_2026-09-28,2024,autonomous_community,canarias,De 5 a 14 años,total,days,6.93,,,OBSERVED,ADMIT_WITH_LIMITATIONS,emh_resident_pediatric_v1,https://datos.canarias.es/api/estadisticas/statistical-resources/v1.0/datasets/ISTAC/E30414A_000009/~latest.csv,2026-09-24,Residentes canarios dados de alta en cualquier hospital nacional; diagnóstico principal y edad originales.,estancia_media,diabetes,Diabetes,0401,Y5T14
ISTAC:E30414A_000009,latest_audited_2026-09-28,2024,autonomous_community,canarias,De 1 a 4 años,total,days,11.4,,,OBSERVED,ADMIT_WITH_LIMITATIONS,emh_resident_pediatric_v1,https://datos.canarias.es/api/estadisticas/statistical-resources/v1.0/datasets/ISTAC/E30414A_000009/~latest.csv,2026-09-24,Residentes canarios dados de alta en cualquier hospital nacional; diagnóstico principal y edad originales.,estancia_media,diabetes,Diabetes,0401,Y1T4
ISTAC:E30414A_000009,latest_audited_2026-09-28,2020,autonomous_community,canarias,Menor de 1 año,total,days,7.56,,,OBSERVED,ADMIT_WITH_LIMITATIONS,emh_resident_pediatric_v1,https://datos.canarias.es/api/estadisticas/statistical-resources/v1.0/datasets/ISTAC/E30414A_000009/~latest.csv,2026-09-24,Residentes canarios dados de alta en cualquier hospital nacional; diagnóstico principal y edad originales.,estancia_media,infectious,Enfermedades infecciosas,0100,Y_LT1
ISTAC:E30414A_000009,latest_audited_2026-09-28,2020,autonomous_community,canarias,De 5 a 14 años,total,days,5.42,,,OBSERVED,ADMIT_WITH_LIMITATIONS,emh_resident_pediatric_v1,https://datos.canarias.es/api/estadisticas/statistical-resources/v1.0/datasets/ISTAC/E30414A_000009/~latest.csv,2026-09-24,Residentes canarios dados de alta en cualquier hospital nacional; diagnóstico principal y edad originales.,estancia_media,infectious,Enfermedades infecciosas,0100,Y5T14
ISTAC:E30414A_000009,latest_audited_2026-09-28,2020,autonomous_community,canarias,De 1 a 4 años,total,days,5.46,,,OBSERVED,ADMIT_WITH_LIMITATIONS,emh_resident_pediatric_v1,https://datos.canarias.es/api/estadisticas/statistical-resources/v1.0/datasets/ISTAC/E30414A_000009/~latest.csv,2026-09-24,Residentes canarios dados de alta en cualquier hospital nacional; diagnóstico principal y edad originales.,estancia_media,infectious,Enfermedades infecciosas,0100,Y1T4
ISTAC:E30414A_000009,latest_audited_2026-09-28,2021,autonomous_community,canarias,Menor de 1 año,total,days,5.89,,,OBSERVED,ADMIT_WITH_LIMITATIONS,emh_resident_pediatric_v1,https://datos.canarias.es/api/estadisticas/statistical-resources/v1.0/datasets/ISTAC/E30414A_000009/~latest.csv,2026-09-24,Residentes canarios dados de alta en cualquier hospital nacional; diagnóstico principal y edad originales.,estancia_media,infectious,Enfermedades infecciosas,0100,Y_LT1
ISTAC:E30414A_000009,latest_audited_2026-09-28,2021,autonomous_community,canarias,De 5 a 14 años,total,days,5.75,,,OBSERVED,ADMIT_WITH_LIMITATIONS,emh_resident_pediatric_v1,https://datos.canarias.es/api/estadisticas/statistical-resources/v1.0/datasets/ISTAC/E30414A_000009/~latest.csv,2026-09-24,Residentes canarios dados de alta en cualquier hospital nacional; diagnóstico principal y edad originales.,estancia_media,infectious,Enfermedades infecciosas,0100,Y5T14
ISTAC:E30414A_000009,latest_audited_2026-09-28,2021,autonomous_community,canarias,De 1 a 4 años,total,days,4.42,,,OBSERVED,ADMIT_WITH_LIMITATIONS,emh_resident_pediatric_v1,https://datos.canarias.es/api/estadisticas/statistical-resources/v1.0/datasets/ISTAC/E30414A_000009/~latest.csv,2026-09-24,Residentes canarios dados de alta en cualquier hospital nacional; diagnóstico principal y edad originales.,estancia_media,infectious,Enfermedades infecciosas,0100,Y1T4
ISTAC:E30414A_000009,latest_audited_2026-09-28,2022,autonomous_community,canarias,Menor de 1 año,total,days,4.71,,,OBSERVED,ADMIT_WITH_LIMITATIONS,emh_resident_pediatric_v1,https://datos.canarias.es/api/estadisticas/statistical-resources/v1.0/datasets/ISTAC/E30414A_000009/~latest.csv,2026-09-24,Residentes canarios dados de alta en cualquier hospital nacional; diagnóstico principal y edad originales.,estancia_media,infectious,Enfermedades infecciosas,0100,Y_LT1
ISTAC:E30414A_000009,latest_audited_2026-09-28,2022,autonomous_community,canarias,De 5 a 14 años,total,days,6.04,,,OBSERVED,ADMIT_WITH_LIMITATIONS,emh_resident_pediatric_v1,https://datos.canarias.es/api/estadisticas/statistical-resources/v1.0/datasets/ISTAC/E30414A_000009/~latest.csv,2026-09-24,Residentes canarios dados de alta en cualquier hospital nacional; diagnóstico principal y edad originales.,estancia_media,infectious,Enfermedades infecciosas,0100,Y5T14
ISTAC:E30414A_000009,latest_audited_2026-09-28,2022,autonomous_community,canarias,De 1 a 4 años,total,days,3.72,,,OBSERVED,ADMIT_WITH_LIMITATIONS,emh_resident_pediatric_v1,https://datos.canarias.es/api/estadisticas/statistical-resources/v1.0/datasets/ISTAC/E30414A_000009/~latest.csv,2026-09-24,Residentes canarios dados de alta en cualquier hospital nacional; diagnóstico principal y edad originales.,estancia_media,infectious,Enfermedades infecciosas,0100,Y1T4
ISTAC:E30414A_000009,latest_audited_2026-09-28,2023,autonomous_community,canarias,Menor de 1 año,total,days,5.15,,,OBSERVED,ADMIT_WITH_LIMITATIONS,emh_resident_pediatric_v1,https://datos.canarias.es/api/estadisticas/statistical-resources/v1.0/datasets/ISTAC/E30414A_000009/~latest.csv,2026-09-24,Residentes canarios dados de alta en cualquier hospital nacional; diagnóstico principal y edad originales.,estancia_media,infectious,Enfermedades infecciosas,0100,Y_LT1
ISTAC:E30414A_000009,latest_audited_2026-09-28,2023,autonomous_community,canarias,De 5 a 14 años,total,days,4.86,,,OBSERVED,ADMIT_WITH_LIMITATIONS,emh_resident_pediatric_v1,https://datos.canarias.es/api/estadisticas/statistical-resources/v1.0/datasets/ISTAC/E30414A_000009/~latest.csv,2026-09-24,Residentes canarios dados de alta en cualquier hospital nacional; diagnóstico principal y edad originales.,estancia_media,infectious,Enfermedades infecciosas,0100,Y5T14
ISTAC:E30414A_000009,latest_audited_2026-09-28,2023,autonomous_community,canarias,De 1 a 4 años,total,days,3.53,,,OBSERVED,ADMIT_WITH_LIMITATIONS,emh_resident_pediatric_v1,https://datos.canarias.es/api/estadisticas/statistical-resources/v1.0/datasets/ISTAC/E30414A_000009/~latest.csv,2026-09-24,Residentes canarios dados de alta en cualquier hospital nacional; diagnóstico principal y edad originales.,estancia_media,infectious,Enfermedades infecciosas,0100,Y1T4
ISTAC:E30414A_000009,latest_audited_2026-09-28,2024,autonomous_community,canarias,Menor de 1 año,total,days,4.95,,,OBSERVED,ADMIT_WITH_LIMITATIONS,emh_resident_pediatric_v1,https://datos.canarias.es/api/estadisticas/statistical-resources/v1.0/datasets/ISTAC/E30414A_000009/~latest.csv,2026-09-24,Residentes canarios dados de alta en cualquier hospital nacional; diagnóstico principal y edad originales.,estancia_media,infectious,Enfermedades infecciosas,0100,Y_LT1
ISTAC:E30414A_000009,latest_audited_2026-09-28,2024,autonomous_community,canarias,De 5 a 14 años,total,days,3.96,,,OBSERVED,ADMIT_WITH_LIMITATIONS,emh_resident_pediatric_v1,https://datos.canarias.es/api/estadisticas/statistical-resources/v1.0/datasets/ISTAC/E30414A_000009/~latest.csv,2026-09-24,Residentes canarios dados de alta en cualquier hospital nacional; diagnóstico principal y edad originales.,estancia_media,infectious,Enfermedades infecciosas,0100,Y5T14
ISTAC:E30414A_000009,latest_audited_2026-09-28,2024,autonomous_community,canarias,De 1 a 4 años,total,days,4.07,,,OBSERVED,ADMIT_WITH_LIMITATIONS,emh_resident_pediatric_v1,https://datos.canarias.es/api/estadisticas/statistical-resources/v1.0/datasets/ISTAC/E30414A_000009/~latest.csv,2026-09-24,Residentes canarios dados de alta en cualquier hospital nacional; diagnóstico principal y edad originales.,estancia_media,infectious,Enfermedades infecciosas,0100,Y1T4
ISTAC:E30414A_000009,latest_audited_2026-09-28,2020,autonomous_community,canarias,Menor de 1 año,total,days,151,151,,OBSERVED,ADMIT_WITH_LIMITATIONS,emh_resident_pediatric_v1,https://datos.canarias.es/api/estadisticas/statistical-resources/v1.0/datasets/ISTAC/E30414A_000009/~latest.csv,2026-09-24,Residentes canarios dados de alta en cualquier hospital nacional; diagnóstico principal y edad originales.,estancia,injury,Lesiones y traumatismos,1900,Y_LT1
ISTAC:E30414A_000009,latest_audited_2026-09-28,2020,autonomous_community,canarias,De 5 a 14 años,total,days,1525,1525,,OBSERVED,ADMIT_WITH_LIMITATIONS,emh_resident_pediatric_v1,https://datos.canarias.es/api/estadisticas/statistical-resources/v1.0/datasets/ISTAC/E30414A_000009/~latest.csv,2026-09-24,Residentes canarios dados de alta en cualquier hospital nacional; diagnóstico principal y edad originales.,estancia,injury,Lesiones y traumatismos,1900,Y5T14
ISTAC:E30414A_000009,latest_audited_2026-09-28,2020,autonomous_community,canarias,De 1 a 4 años,total,days,572,572,,OBSERVED,ADMIT_WITH_LIMITATIONS,emh_resident_pediatric_v1,https://datos.canarias.es/api/estadisticas/statistical-resources/v1.0/datasets/ISTAC/E30414A_000009/~latest.csv,2026-09-24,Residentes canarios dados de alta en cualquier hospital nacional; diagnóstico principal y edad originales.,estancia,injury,Lesiones y traumatismos,1900,Y1T4
ISTAC:E30414A_000009,latest_audited_2026-09-28,2021,autonomous_community,canarias,Menor de 1 año,total,days,263,263,,OBSERVED,ADMIT_WITH_LIMITATIONS,emh_resident_pediatric_v1,https://datos.canarias.es/api/estadisticas/statistical-resources/v1.0/datasets/ISTAC/E30414A_000009/~latest.csv,2026-09-24,Residentes canarios dados de alta en cualquier hospital nacional; diagnóstico principal y edad originales.,estancia,injury,Lesiones y traumatismos,1900,Y_LT1
ISTAC:E30414A_000009,latest_audited_2026-09-28,2021,autonomous_community,canarias,De 5 a 14 años,total,days,1993.66,1993.66,,OBSERVED,ADMIT_WITH_LIMITATIONS,emh_resident_pediatric_v1,https://datos.canarias.es/api/estadisticas/statistical-resources/v1.0/datasets/ISTAC/E30414A_000009/~latest.csv,2026-09-24,Residentes canarios dados de alta en cualquier hospital nacional; diagnóstico principal y edad originales.,estancia,injury,Lesiones y traumatismos,1900,Y5T14
ISTAC:E30414A_000009,latest_audited_2026-09-28,2021,autonomous_community,canarias,De 1 a 4 años,total,days,675.53,675.53,,OBSERVED,ADMIT_WITH_LIMITATIONS,emh_resident_pediatric_v1,https://datos.canarias.es/api/estadisticas/statistical-resources/v1.0/datasets/ISTAC/E30414A_000009/~latest.csv,2026-09-24,Residentes canarios dados de alta en cualquier hospital nacional; diagnóstico principal y edad originales.,estancia,injury,Lesiones y traumatismos,1900,Y1T4
ISTAC:E30414A_000009,latest_audited_2026-09-28,2022,autonomous_community,canarias,Menor de 1 año,total,days,180,180,,OBSERVED,ADMIT_WITH_LIMITATIONS,emh_resident_pediatric_v1,https://datos.canarias.es/api/estadisticas/statistical-resources/v1.0/datasets/ISTAC/E30414A_000009/~latest.csv,2026-09-24,Residentes canarios dados de alta en cualquier hospital nacional; diagnóstico principal y edad originales.,estancia,injury,Lesiones y traumatismos,1900,Y_LT1
ISTAC:E30414A_000009,latest_audited_2026-09-28,2022,autonomous_community,canarias,De 5 a 14 años,total,days,1607,1607,,OBSERVED,ADMIT_WITH_LIMITATIONS,emh_resident_pediatric_v1,https://datos.canarias.es/api/estadisticas/statistical-resources/v1.0/datasets/ISTAC/E30414A_000009/~latest.csv,2026-09-24,Residentes canarios dados de alta en cualquier hospital nacional; diagnóstico principal y edad originales.,estancia,injury,Lesiones y traumatismos,1900,Y5T14
ISTAC:E30414A_000009,latest_audited_2026-09-28,2022,autonomous_community,canarias,De 1 a 4 años,total,days,475,475,,OBSERVED,ADMIT_WITH_LIMITATIONS,emh_resident_pediatric_v1,https://datos.canarias.es/api/estadisticas/statistical-resources/v1.0/datasets/ISTAC/E30414A_000009/~latest.csv,2026-09-24,Residentes canarios dados de alta en cualquier hospital nacional; diagnóstico principal y edad originales.,estancia,injury,Lesiones y traumatismos,1900,Y1T4
ISTAC:E30414A_000009,latest_audited_2026-09-28,2023,autonomous_community,canarias,Menor de 1 año,total,days,271,271,,OBSERVED,ADMIT_WITH_LIMITATIONS,emh_resident_pediatric_v1,https://datos.canarias.es/api/estadisticas/statistical-resources/v1.0/datasets/ISTAC/E30414A_000009/~latest.csv,2026-09-24,Residentes canarios dados de alta en cualquier hospital nacional; diagnóstico principal y edad originales.,estancia,injury,Lesiones y traumatismos,1900,Y_LT1
ISTAC:E30414A_000009,latest_audited_2026-09-28,2023,autonomous_community,canarias,De 5 a 14 años,total,days,1605,1605,,OBSERVED,ADMIT_WITH_LIMITATIONS,emh_resident_pediatric_v1,https://datos.canarias.es/api/estadisticas/statistical-resources/v1.0/datasets/ISTAC/E30414A_000009/~latest.csv,2026-09-24,Residentes canarios dados de alta en cualquier hospital nacional; diagnóstico principal y edad originales.,estancia,injury,Lesiones y traumatismos,1900,Y5T14
ISTAC:E30414A_000009,latest_audited_2026-09-28,2023,autonomous_community,canarias,De 1 a 4 años,total,days,556,556,,OBSERVED,ADMIT_WITH_LIMITATIONS,emh_resident_pediatric_v1,https://datos.canarias.es/api/estadisticas/statistical-resources/v1.0/datasets/ISTAC/E30414A_000009/~latest.csv,2026-09-24,Residentes canarios dados de alta en cualquier hospital nacional; diagnóstico principal y edad originales.,estancia,injury,Lesiones y traumatismos,1900,Y1T4
ISTAC:E30414A_000009,latest_audited_2026-09-28,2024,autonomous_community,canarias,Menor de 1 año,total,days,171,171,,OBSERVED,ADMIT_WITH_LIMITATIONS,emh_resident_pediatric_v1,https://datos.canarias.es/api/estadisticas/statistical-resources/v1.0/datasets/ISTAC/E30414A_000009/~latest.csv,2026-09-24,Residentes canarios dados de alta en cualquier hospital nacional; diagnóstico principal y edad originales.,estancia,injury,Lesiones y traumatismos,1900,Y_LT1
ISTAC:E30414A_000009,latest_audited_2026-09-28,2024,autonomous_community,canarias,De 5 a 14 años,total,days,1639,1639,,OBSERVED,ADMIT_WITH_LIMITATIONS,emh_resident_pediatric_v1,https://datos.canarias.es/api/estadisticas/statistical-resources/v1.0/datasets/ISTAC/E30414A_000009/~latest.csv,2026-09-24,Residentes canarios dados de alta en cualquier hospital nacional; diagnóstico principal y edad originales.,estancia,injury,Lesiones y traumatismos,1900,Y5T14
ISTAC:E30414A_000009,latest_audited_2026-09-28,2024,autonomous_community,canarias,De 1 a 4 años,total,days,428,428,,OBSERVED,ADMIT_WITH_LIMITATIONS,emh_resident_pediatric_v1,https://datos.canarias.es/api/estadisticas/statistical-resources/v1.0/datasets/ISTAC/E30414A_000009/~latest.csv,2026-09-24,Residentes canarios dados de alta en cualquier hospital nacional; diagnóstico principal y edad originales.,estancia,injury,Lesiones y traumatismos,1900,Y1T4
ISTAC:E30414A_000009,latest_audited_2026-09-28,2020,autonomous_community,canarias,Menor de 1 año,total,days,0,0,,OBSERVED,ADMIT_WITH_LIMITATIONS,emh_resident_pediatric_v1,https://datos.canarias.es/api/estadisticas/statistical-resources/v1.0/datasets/ISTAC/E30414A_000009/~latest.csv,2026-09-24,Residentes canarios dados de alta en cualquier hospital nacional; diagnóstico principal y edad originales.,estancia,appendix,Enfermedades del apéndice,1106,Y_LT1
ISTAC:E30414A_000009,latest_audited_2026-09-28,2020,autonomous_community,canarias,De 5 a 14 años,total,days,1137,1137,,OBSERVED,ADMIT_WITH_LIMITATIONS,emh_resident_pediatric_v1,https://datos.canarias.es/api/estadisticas/statistical-resources/v1.0/datasets/ISTAC/E30414A_000009/~latest.csv,2026-09-24,Residentes canarios dados de alta en cualquier hospital nacional; diagnóstico principal y edad originales.,estancia,appendix,Enfermedades del apéndice,1106,Y5T14
ISTAC:E30414A_000009,latest_audited_2026-09-28,2020,autonomous_community,canarias,De 1 a 4 años,total,days,100,100,,OBSERVED,ADMIT_WITH_LIMITATIONS,emh_resident_pediatric_v1,https://datos.canarias.es/api/estadisticas/statistical-resources/v1.0/datasets/ISTAC/E30414A_000009/~latest.csv,2026-09-24,Residentes canarios dados de alta en cualquier hospital nacional; diagnóstico principal y edad originales.,estancia,appendix,Enfermedades del apéndice,1106,Y1T4
ISTAC:E30414A_000009,latest_audited_2026-09-28,2021,autonomous_community,canarias,Menor de 1 año,total,days,0,0,,OBSERVED,ADMIT_WITH_LIMITATIONS,emh_resident_pediatric_v1,https://datos.canarias.es/api/estadisticas/statistical-resources/v1.0/datasets/ISTAC/E30414A_000009/~latest.csv,2026-09-24,Residentes canarios dados de alta en cualquier hospital nacional; diagnóstico principal y edad originales.,estancia,appendix,Enfermedades del apéndice,1106,Y_LT1
ISTAC:E30414A_000009,latest_audited_2026-09-28,2021,autonomous_community,canarias,De 5 a 14 años,total,days,992,992,,OBSERVED,ADMIT_WITH_LIMITATIONS,emh_resident_pediatric_v1,https://datos.canarias.es/api/estadisticas/statistical-resources/v1.0/datasets/ISTAC/E30414A_000009/~latest.csv,2026-09-24,Residentes canarios dados de alta en cualquier hospital nacional; diagnóstico principal y edad originales.,estancia,appendix,Enfermedades del apéndice,1106,Y5T14
ISTAC:E30414A_000009,latest_audited_2026-09-28,2021,autonomous_community,canarias,De 1 a 4 años,total,days,83,83,,OBSERVED,ADMIT_WITH_LIMITATIONS,emh_resident_pediatric_v1,https://datos.canarias.es/api/estadisticas/statistical-resources/v1.0/datasets/ISTAC/E30414A_000009/~latest.csv,2026-09-24,Residentes canarios dados de alta en cualquier hospital nacional; diagnóstico principal y edad originales.,estancia,appendix,Enfermedades del apéndice,1106,Y1T4
ISTAC:E30414A_000009,latest_audited_2026-09-28,2022,autonomous_community,canarias,Menor de 1 año,total,days,0,0,,OBSERVED,ADMIT_WITH_LIMITATIONS,emh_resident_pediatric_v1,https://datos.canarias.es/api/estadisticas/statistical-resources/v1.0/datasets/ISTAC/E30414A_000009/~latest.csv,2026-09-24,Residentes canarios dados de alta en cualquier hospital nacional; diagnóstico principal y edad originales.,estancia,appendix,Enfermedades del apéndice,1106,Y_LT1
ISTAC:E30414A_000009,latest_audited_2026-09-28,2022,autonomous_community,canarias,De 5 a 14 años,total,days,961,961,,OBSERVED,ADMIT_WITH_LIMITATIONS,emh_resident_pediatric_v1,https://datos.canarias.es/api/estadisticas/statistical-resources/v1.0/datasets/ISTAC/E30414A_000009/~latest.csv,2026-09-24,Residentes canarios dados de alta en cualquier hospital nacional; diagnóstico principal y edad originales.,estancia,appendix,Enfermedades del apéndice,1106,Y5T14
ISTAC:E30414A_000009,latest_audited_2026-09-28,2022,autonomous_community,canarias,De 1 a 4 años,total,days,51,51,,OBSERVED,ADMIT_WITH_LIMITATIONS,emh_resident_pediatric_v1,https://datos.canarias.es/api/estadisticas/statistical-resources/v1.0/datasets/ISTAC/E30414A_000009/~latest.csv,2026-09-24,Residentes canarios dados de alta en cualquier hospital nacional; diagnóstico principal y edad originales.,estancia,appendix,Enfermedades del apéndice,1106,Y1T4
ISTAC:E30414A_000009,latest_audited_2026-09-28,2023,autonomous_community,canarias,Menor de 1 año,total,days,0,0,,OBSERVED,ADMIT_WITH_LIMITATIONS,emh_resident_pediatric_v1,https://datos.canarias.es/api/estadisticas/statistical-resources/v1.0/datasets/ISTAC/E30414A_000009/~latest.csv,2026-09-24,Residentes canarios dados de alta en cualquier hospital nacional; diagnóstico principal y edad originales.,estancia,appendix,Enfermedades del apéndice,1106,Y_LT1
ISTAC:E30414A_000009,latest_audited_2026-09-28,2023,autonomous_community,canarias,De 5 a 14 años,total,days,1009,1009,,OBSERVED,ADMIT_WITH_LIMITATIONS,emh_resident_pediatric_v1,https://datos.canarias.es/api/estadisticas/statistical-resources/v1.0/datasets/ISTAC/E30414A_000009/~latest.csv,2026-09-24,Residentes canarios dados de alta en cualquier hospital nacional; diagnóstico principal y edad originales.,estancia,appendix,Enfermedades del apéndice,1106,Y5T14
ISTAC:E30414A_000009,latest_audited_2026-09-28,2023,autonomous_community,canarias,De 1 a 4 años,total,days,47,47,,OBSERVED,ADMIT_WITH_LIMITATIONS,emh_resident_pediatric_v1,https://datos.canarias.es/api/estadisticas/statistical-resources/v1.0/datasets/ISTAC/E30414A_000009/~latest.csv,2026-09-24,Residentes canarios dados de alta en cualquier hospital nacional; diagnóstico principal y edad originales.,estancia,appendix,Enfermedades del apéndice,1106,Y1T4
ISTAC:E30414A_000009,latest_audited_2026-09-28,2024,autonomous_community,canarias,Menor de 1 año,total,days,0,0,,OBSERVED,ADMIT_WITH_LIMITATIONS,emh_resident_pediatric_v1,https://datos.canarias.es/api/estadisticas/statistical-resources/v1.0/datasets/ISTAC/E30414A_000009/~latest.csv,2026-09-24,Residentes canarios dados de alta en cualquier hospital nacional; diagnóstico principal y edad originales.,estancia,appendix,Enfermedades del apéndice,1106,Y_LT1
ISTAC:E30414A_000009,latest_audited_2026-09-28,2024,autonomous_community,canarias,De 5 a 14 años,total,days,899,899,,OBSERVED,ADMIT_WITH_LIMITATIONS,emh_resident_pediatric_v1,https://datos.canarias.es/api/estadisticas/statistical-resources/v1.0/datasets/ISTAC/E30414A_000009/~latest.csv,2026-09-24,Residentes canarios dados de alta en cualquier hospital nacional; diagnóstico principal y edad originales.,estancia,appendix,Enfermedades del apéndice,1106,Y5T14
ISTAC:E30414A_000009,latest_audited_2026-09-28,2024,autonomous_community,canarias,De 1 a 4 años,total,days,68,68,,OBSERVED,ADMIT_WITH_LIMITATIONS,emh_resident_pediatric_v1,https://datos.canarias.es/api/estadisticas/statistical-resources/v1.0/datasets/ISTAC/E30414A_000009/~latest.csv,2026-09-24,Residentes canarios dados de alta en cualquier hospital nacional; diagnóstico principal y edad originales.,estancia,appendix,Enfermedades del apéndice,1106,Y1T4
ISTAC:E30414A_000009,latest_audited_2026-09-28,2020,autonomous_community,canarias,Menor de 1 año,total,days,5,5,,OBSERVED,ADMIT_WITH_LIMITATIONS,emh_resident_pediatric_v1,https://datos.canarias.es/api/estadisticas/statistical-resources/v1.0/datasets/ISTAC/E30414A_000009/~latest.csv,2026-09-24,Residentes canarios dados de alta en cualquier hospital nacional; diagnóstico principal y edad originales.,estancia,asthma,Asma,1007,Y_LT1
ISTAC:E30414A_000009,latest_audited_2026-09-28,2020,autonomous_community,canarias,De 5 a 14 años,total,days,328,328,,OBSERVED,ADMIT_WITH_LIMITATIONS,emh_resident_pediatric_v1,https://datos.canarias.es/api/estadisticas/statistical-resources/v1.0/datasets/ISTAC/E30414A_000009/~latest.csv,2026-09-24,Residentes canarios dados de alta en cualquier hospital nacional; diagnóstico principal y edad originales.,estancia,asthma,Asma,1007,Y5T14
ISTAC:E30414A_000009,latest_audited_2026-09-28,2020,autonomous_community,canarias,De 1 a 4 años,total,days,298,298,,OBSERVED,ADMIT_WITH_LIMITATIONS,emh_resident_pediatric_v1,https://datos.canarias.es/api/estadisticas/statistical-resources/v1.0/datasets/ISTAC/E30414A_000009/~latest.csv,2026-09-24,Residentes canarios dados de alta en cualquier hospital nacional; diagnóstico principal y edad originales.,estancia,asthma,Asma,1007,Y1T4
ISTAC:E30414A_000009,latest_audited_2026-09-28,2021,autonomous_community,canarias,Menor de 1 año,total,days,29,29,,OBSERVED,ADMIT_WITH_LIMITATIONS,emh_resident_pediatric_v1,https://datos.canarias.es/api/estadisticas/statistical-resources/v1.0/datasets/ISTAC/E30414A_000009/~latest.csv,2026-09-24,Residentes canarios dados de alta en cualquier hospital nacional; diagnóstico principal y edad originales.,estancia,asthma,Asma,1007,Y_LT1
ISTAC:E30414A_000009,latest_audited_2026-09-28,2021,autonomous_community,canarias,De 5 a 14 años,total,days,254,254,,OBSERVED,ADMIT_WITH_LIMITATIONS,emh_resident_pediatric_v1,https://datos.canarias.es/api/estadisticas/statistical-resources/v1.0/datasets/ISTAC/E30414A_000009/~latest.csv,2026-09-24,Residentes canarios dados de alta en cualquier hospital nacional; diagnóstico principal y edad originales.,estancia,asthma,Asma,1007,Y5T14
ISTAC:E30414A_000009,latest_audited_2026-09-28,2021,autonomous_community,canarias,De 1 a 4 años,total,days,336,336,,OBSERVED,ADMIT_WITH_LIMITATIONS,emh_resident_pediatric_v1,https://datos.canarias.es/api/estadisticas/statistical-resources/v1.0/datasets/ISTAC/E30414A_000009/~latest.csv,2026-09-24,Residentes canarios dados de alta en cualquier hospital nacional; diagnóstico principal y edad originales.,estancia,asthma,Asma,1007,Y1T4
ISTAC:E30414A_000009,latest_audited_2026-09-28,2022,autonomous_community,canarias,Menor de 1 año,total,days,9,9,,OBSERVED,ADMIT_WITH_LIMITATIONS,emh_resident_pediatric_v1,https://datos.canarias.es/api/estadisticas/statistical-resources/v1.0/datasets/ISTAC/E30414A_000009/~latest.csv,2026-09-24,Residentes canarios dados de alta en cualquier hospital nacional; diagnóstico principal y edad originales.,estancia,asthma,Asma,1007,Y_LT1
ISTAC:E30414A_000009,latest_audited_2026-09-28,2022,autonomous_community,canarias,De 5 a 14 años,total,days,532,532,,OBSERVED,ADMIT_WITH_LIMITATIONS,emh_resident_pediatric_v1,https://datos.canarias.es/api/estadisticas/statistical-resources/v1.0/datasets/ISTAC/E30414A_000009/~latest.csv,2026-09-24,Residentes canarios dados de alta en cualquier hospital nacional; diagnóstico principal y edad originales.,estancia,asthma,Asma,1007,Y5T14
ISTAC:E30414A_000009,latest_audited_2026-09-28,2022,autonomous_community,canarias,De 1 a 4 años,total,days,341,341,,OBSERVED,ADMIT_WITH_LIMITATIONS,emh_resident_pediatric_v1,https://datos.canarias.es/api/estadisticas/statistical-resources/v1.0/datasets/ISTAC/E30414A_000009/~latest.csv,2026-09-24,Residentes canarios dados de alta en cualquier hospital nacional; diagnóstico principal y edad originales.,estancia,asthma,Asma,1007,Y1T4
ISTAC:E30414A_000009,latest_audited_2026-09-28,2023,autonomous_community,canarias,Menor de 1 año,total,days,24,24,,OBSERVED,ADMIT_WITH_LIMITATIONS,emh_resident_pediatric_v1,https://datos.canarias.es/api/estadisticas/statistical-resources/v1.0/datasets/ISTAC/E30414A_000009/~latest.csv,2026-09-24,Residentes canarios dados de alta en cualquier hospital nacional; diagnóstico principal y edad originales.,estancia,asthma,Asma,1007,Y_LT1
ISTAC:E30414A_000009,latest_audited_2026-09-28,2023,autonomous_community,canarias,De 5 a 14 años,total,days,515,515,,OBSERVED,ADMIT_WITH_LIMITATIONS,emh_resident_pediatric_v1,https://datos.canarias.es/api/estadisticas/statistical-resources/v1.0/datasets/ISTAC/E30414A_000009/~latest.csv,2026-09-24,Residentes canarios dados de alta en cualquier hospital nacional; diagnóstico principal y edad originales.,estancia,asthma,Asma,1007,Y5T14
ISTAC:E30414A_000009,latest_audited_2026-09-28,2023,autonomous_community,canarias,De 1 a 4 años,total,days,217,217,,OBSERVED,ADMIT_WITH_LIMITATIONS,emh_resident_pediatric_v1,https://datos.canarias.es/api/estadisticas/statistical-resources/v1.0/datasets/ISTAC/E30414A_000009/~latest.csv,2026-09-24,Residentes canarios dados de alta en cualquier hospital nacional; diagnóstico principal y edad originales.,estancia,asthma,Asma,1007,Y1T4
ISTAC:E30414A_000009,latest_audited_2026-09-28,2024,autonomous_community,canarias,Menor de 1 año,total,days,25,25,,OBSERVED,ADMIT_WITH_LIMITATIONS,emh_resident_pediatric_v1,https://datos.canarias.es/api/estadisticas/statistical-resources/v1.0/datasets/ISTAC/E30414A_000009/~latest.csv,2026-09-24,Residentes canarios dados de alta en cualquier hospital nacional; diagnóstico principal y edad originales.,estancia,asthma,Asma,1007,Y_LT1
ISTAC:E30414A_000009,latest_audited_2026-09-28,2024,autonomous_community,canarias,De 5 a 14 años,total,days,549,549,,OBSERVED,ADMIT_WITH_LIMITATIONS,emh_resident_pediatric_v1,https://datos.canarias.es/api/estadisticas/statistical-resources/v1.0/datasets/ISTAC/E30414A_000009/~latest.csv,2026-09-24,Residentes canarios dados de alta en cualquier hospital nacional; diagnóstico principal y edad originales.,estancia,asthma,Asma,1007,Y5T14
ISTAC:E30414A_000009,latest_audited_2026-09-28,2024,autonomous_community,canarias,De 1 a 4 años,total,days,298,298,,OBSERVED,ADMIT_WITH_LIMITATIONS,emh_resident_pediatric_v1,https://datos.canarias.es/api/estadisticas/statistical-resources/v1.0/datasets/ISTAC/E30414A_000009/~latest.csv,2026-09-24,Residentes canarios dados de alta en cualquier hospital nacional; diagnóstico principal y edad originales.,estancia,asthma,Asma,1007,Y1T4
ISTAC:E30414A_000009,latest_audited_2026-09-28,2020,autonomous_community,canarias,Menor de 1 año,total,days,1022,1022,,OBSERVED,ADMIT_WITH_LIMITATIONS,emh_resident_pediatric_v1,https://datos.canarias.es/api/estadisticas/statistical-resources/v1.0/datasets/ISTAC/E30414A_000009/~latest.csv,2026-09-24,Residentes canarios dados de alta en cualquier hospital nacional; diagnóstico principal y edad originales.,estancia,lower_respiratory,Infecciones respiratorias bajas,1003,Y_LT1
ISTAC:E30414A_000009,latest_audited_2026-09-28,2020,autonomous_community,canarias,De 5 a 14 años,total,days,139,139,,OBSERVED,ADMIT_WITH_LIMITATIONS,emh_resident_pediatric_v1,https://datos.canarias.es/api/estadisticas/statistical-resources/v1.0/datasets/ISTAC/E30414A_000009/~latest.csv,2026-09-24,Residentes canarios dados de alta en cualquier hospital nacional; diagnóstico principal y edad originales.,estancia,lower_respiratory,Infecciones respiratorias bajas,1003,Y5T14
ISTAC:E30414A_000009,latest_audited_2026-09-28,2020,autonomous_community,canarias,De 1 a 4 años,total,days,496,496,,OBSERVED,ADMIT_WITH_LIMITATIONS,emh_resident_pediatric_v1,https://datos.canarias.es/api/estadisticas/statistical-resources/v1.0/datasets/ISTAC/E30414A_000009/~latest.csv,2026-09-24,Residentes canarios dados de alta en cualquier hospital nacional; diagnóstico principal y edad originales.,estancia,lower_respiratory,Infecciones respiratorias bajas,1003,Y1T4
ISTAC:E30414A_000009,latest_audited_2026-09-28,2021,autonomous_community,canarias,Menor de 1 año,total,days,1906,1906,,OBSERVED,ADMIT_WITH_LIMITATIONS,emh_resident_pediatric_v1,https://datos.canarias.es/api/estadisticas/statistical-resources/v1.0/datasets/ISTAC/E30414A_000009/~latest.csv,2026-09-24,Residentes canarios dados de alta en cualquier hospital nacional; diagnóstico principal y edad originales.,estancia,lower_respiratory,Infecciones respiratorias bajas,1003,Y_LT1
ISTAC:E30414A_000009,latest_audited_2026-09-28,2021,autonomous_community,canarias,De 5 a 14 años,total,days,159,159,,OBSERVED,ADMIT_WITH_LIMITATIONS,emh_resident_pediatric_v1,https://datos.canarias.es/api/estadisticas/statistical-resources/v1.0/datasets/ISTAC/E30414A_000009/~latest.csv,2026-09-24,Residentes canarios dados de alta en cualquier hospital nacional; diagnóstico principal y edad originales.,estancia,lower_respiratory,Infecciones respiratorias bajas,1003,Y5T14
ISTAC:E30414A_000009,latest_audited_2026-09-28,2021,autonomous_community,canarias,De 1 a 4 años,total,days,1093,1093,,OBSERVED,ADMIT_WITH_LIMITATIONS,emh_resident_pediatric_v1,https://datos.canarias.es/api/estadisticas/statistical-resources/v1.0/datasets/ISTAC/E30414A_000009/~latest.csv,2026-09-24,Residentes canarios dados de alta en cualquier hospital nacional; diagnóstico principal y edad originales.,estancia,lower_respiratory,Infecciones respiratorias bajas,1003,Y1T4
ISTAC:E30414A_000009,latest_audited_2026-09-28,2022,autonomous_community,canarias,Menor de 1 año,total,days,3027,3027,,OBSERVED,ADMIT_WITH_LIMITATIONS,emh_resident_pediatric_v1,https://datos.canarias.es/api/estadisticas/statistical-resources/v1.0/datasets/ISTAC/E30414A_000009/~latest.csv,2026-09-24,Residentes canarios dados de alta en cualquier hospital nacional; diagnóstico principal y edad originales.,estancia,lower_respiratory,Infecciones respiratorias bajas,1003,Y_LT1
ISTAC:E30414A_000009,latest_audited_2026-09-28,2022,autonomous_community,canarias,De 5 a 14 años,total,days,283,283,,OBSERVED,ADMIT_WITH_LIMITATIONS,emh_resident_pediatric_v1,https://datos.canarias.es/api/estadisticas/statistical-resources/v1.0/datasets/ISTAC/E30414A_000009/~latest.csv,2026-09-24,Residentes canarios dados de alta en cualquier hospital nacional; diagnóstico principal y edad originales.,estancia,lower_respiratory,Infecciones respiratorias bajas,1003,Y5T14
ISTAC:E30414A_000009,latest_audited_2026-09-28,2022,autonomous_community,canarias,De 1 a 4 años,total,days,1292,1292,,OBSERVED,ADMIT_WITH_LIMITATIONS,emh_resident_pediatric_v1,https://datos.canarias.es/api/estadisticas/statistical-resources/v1.0/datasets/ISTAC/E30414A_000009/~latest.csv,2026-09-24,Residentes canarios dados de alta en cualquier hospital nacional; diagnóstico principal y edad originales.,estancia,lower_respiratory,Infecciones respiratorias bajas,1003,Y1T4
ISTAC:E30414A_000009,latest_audited_2026-09-28,2023,autonomous_community,canarias,Menor de 1 año,total,days,2616,2616,,OBSERVED,ADMIT_WITH_LIMITATIONS,emh_resident_pediatric_v1,https://datos.canarias.es/api/estadisticas/statistical-resources/v1.0/datasets/ISTAC/E30414A_000009/~latest.csv,2026-09-24,Residentes canarios dados de alta en cualquier hospital nacional; diagnóstico principal y edad originales.,estancia,lower_respiratory,Infecciones respiratorias bajas,1003,Y_LT1
ISTAC:E30414A_000009,latest_audited_2026-09-28,2023,autonomous_community,canarias,De 5 a 14 años,total,days,368,368,,OBSERVED,ADMIT_WITH_LIMITATIONS,emh_resident_pediatric_v1,https://datos.canarias.es/api/estadisticas/statistical-resources/v1.0/datasets/ISTAC/E30414A_000009/~latest.csv,2026-09-24,Residentes canarios dados de alta en cualquier hospital nacional; diagnóstico principal y edad originales.,estancia,lower_respiratory,Infecciones respiratorias bajas,1003,Y5T14
ISTAC:E30414A_000009,latest_audited_2026-09-28,2023,autonomous_community,canarias,De 1 a 4 años,total,days,1309,1309,,OBSERVED,ADMIT_WITH_LIMITATIONS,emh_resident_pediatric_v1,https://datos.canarias.es/api/estadisticas/statistical-resources/v1.0/datasets/ISTAC/E30414A_000009/~latest.csv,2026-09-24,Residentes canarios dados de alta en cualquier hospital nacional; diagnóstico principal y edad originales.,estancia,lower_respiratory,Infecciones respiratorias bajas,1003,Y1T4
ISTAC:E30414A_000009,latest_audited_2026-09-28,2024,autonomous_community,canarias,Menor de 1 año,total,days,1167,1167,,OBSERVED,ADMIT_WITH_LIMITATIONS,emh_resident_pediatric_v1,https://datos.canarias.es/api/estadisticas/statistical-resources/v1.0/datasets/ISTAC/E30414A_000009/~latest.csv,2026-09-24,Residentes canarios dados de alta en cualquier hospital nacional; diagnóstico principal y edad originales.,estancia,lower_respiratory,Infecciones respiratorias bajas,1003,Y_LT1
ISTAC:E30414A_000009,latest_audited_2026-09-28,2024,autonomous_community,canarias,De 5 a 14 años,total,days,337,337,,OBSERVED,ADMIT_WITH_LIMITATIONS,emh_resident_pediatric_v1,https://datos.canarias.es/api/estadisticas/statistical-resources/v1.0/datasets/ISTAC/E30414A_000009/~latest.csv,2026-09-24,Residentes canarios dados de alta en cualquier hospital nacional; diagnóstico principal y edad originales.,estancia,lower_respiratory,Infecciones respiratorias bajas,1003,Y5T14
ISTAC:E30414A_000009,latest_audited_2026-09-28,2024,autonomous_community,canarias,De 1 a 4 años,total,days,869,869,,OBSERVED,ADMIT_WITH_LIMITATIONS,emh_resident_pediatric_v1,https://datos.canarias.es/api/estadisticas/statistical-resources/v1.0/datasets/ISTAC/E30414A_000009/~latest.csv,2026-09-24,Residentes canarios dados de alta en cualquier hospital nacional; diagnóstico principal y edad originales.,estancia,lower_respiratory,Infecciones respiratorias bajas,1003,Y1T4
ISTAC:E30414A_000009,latest_audited_2026-09-28,2020,autonomous_community,canarias,Menor de 1 año,total,days,359,359,,OBSERVED,ADMIT_WITH_LIMITATIONS,emh_resident_pediatric_v1,https://datos.canarias.es/api/estadisticas/statistical-resources/v1.0/datasets/ISTAC/E30414A_000009/~latest.csv,2026-09-24,Residentes canarios dados de alta en cualquier hospital nacional; diagnóstico principal y edad originales.,estancia,pneumonia,Neumonía,1002,Y_LT1
ISTAC:E30414A_000009,latest_audited_2026-09-28,2020,autonomous_community,canarias,De 5 a 14 años,total,days,456,456,,OBSERVED,ADMIT_WITH_LIMITATIONS,emh_resident_pediatric_v1,https://datos.canarias.es/api/estadisticas/statistical-resources/v1.0/datasets/ISTAC/E30414A_000009/~latest.csv,2026-09-24,Residentes canarios dados de alta en cualquier hospital nacional; diagnóstico principal y edad originales.,estancia,pneumonia,Neumonía,1002,Y5T14
ISTAC:E30414A_000009,latest_audited_2026-09-28,2020,autonomous_community,canarias,De 1 a 4 años,total,days,570,570,,OBSERVED,ADMIT_WITH_LIMITATIONS,emh_resident_pediatric_v1,https://datos.canarias.es/api/estadisticas/statistical-resources/v1.0/datasets/ISTAC/E30414A_000009/~latest.csv,2026-09-24,Residentes canarios dados de alta en cualquier hospital nacional; diagnóstico principal y edad originales.,estancia,pneumonia,Neumonía,1002,Y1T4
ISTAC:E30414A_000009,latest_audited_2026-09-28,2021,autonomous_community,canarias,Menor de 1 año,total,days,159,159,,OBSERVED,ADMIT_WITH_LIMITATIONS,emh_resident_pediatric_v1,https://datos.canarias.es/api/estadisticas/statistical-resources/v1.0/datasets/ISTAC/E30414A_000009/~latest.csv,2026-09-24,Residentes canarios dados de alta en cualquier hospital nacional; diagnóstico principal y edad originales.,estancia,pneumonia,Neumonía,1002,Y_LT1
ISTAC:E30414A_000009,latest_audited_2026-09-28,2021,autonomous_community,canarias,De 5 a 14 años,total,days,293,293,,OBSERVED,ADMIT_WITH_LIMITATIONS,emh_resident_pediatric_v1,https://datos.canarias.es/api/estadisticas/statistical-resources/v1.0/datasets/ISTAC/E30414A_000009/~latest.csv,2026-09-24,Residentes canarios dados de alta en cualquier hospital nacional; diagnóstico principal y edad originales.,estancia,pneumonia,Neumonía,1002,Y5T14
ISTAC:E30414A_000009,latest_audited_2026-09-28,2021,autonomous_community,canarias,De 1 a 4 años,total,days,1029,1029,,OBSERVED,ADMIT_WITH_LIMITATIONS,emh_resident_pediatric_v1,https://datos.canarias.es/api/estadisticas/statistical-resources/v1.0/datasets/ISTAC/E30414A_000009/~latest.csv,2026-09-24,Residentes canarios dados de alta en cualquier hospital nacional; diagnóstico principal y edad originales.,estancia,pneumonia,Neumonía,1002,Y1T4
ISTAC:E30414A_000009,latest_audited_2026-09-28,2022,autonomous_community,canarias,Menor de 1 año,total,days,501,501,,OBSERVED,ADMIT_WITH_LIMITATIONS,emh_resident_pediatric_v1,https://datos.canarias.es/api/estadisticas/statistical-resources/v1.0/datasets/ISTAC/E30414A_000009/~latest.csv,2026-09-24,Residentes canarios dados de alta en cualquier hospital nacional; diagnóstico principal y edad originales.,estancia,pneumonia,Neumonía,1002,Y_LT1
ISTAC:E30414A_000009,latest_audited_2026-09-28,2022,autonomous_community,canarias,De 5 a 14 años,total,days,415,415,,OBSERVED,ADMIT_WITH_LIMITATIONS,emh_resident_pediatric_v1,https://datos.canarias.es/api/estadisticas/statistical-resources/v1.0/datasets/ISTAC/E30414A_000009/~latest.csv,2026-09-24,Residentes canarios dados de alta en cualquier hospital nacional; diagnóstico principal y edad originales.,estancia,pneumonia,Neumonía,1002,Y5T14
ISTAC:E30414A_000009,latest_audited_2026-09-28,2022,autonomous_community,canarias,De 1 a 4 años,total,days,1726,1726,,OBSERVED,ADMIT_WITH_LIMITATIONS,emh_resident_pediatric_v1,https://datos.canarias.es/api/estadisticas/statistical-resources/v1.0/datasets/ISTAC/E30414A_000009/~latest.csv,2026-09-24,Residentes canarios dados de alta en cualquier hospital nacional; diagnóstico principal y edad originales.,estancia,pneumonia,Neumonía,1002,Y1T4
ISTAC:E30414A_000009,latest_audited_2026-09-28,2023,autonomous_community,canarias,Menor de 1 año,total,days,548,548,,OBSERVED,ADMIT_WITH_LIMITATIONS,emh_resident_pediatric_v1,https://datos.canarias.es/api/estadisticas/statistical-resources/v1.0/datasets/ISTAC/E30414A_000009/~latest.csv,2026-09-24,Residentes canarios dados de alta en cualquier hospital nacional; diagnóstico principal y edad originales.,estancia,pneumonia,Neumonía,1002,Y_LT1
ISTAC:E30414A_000009,latest_audited_2026-09-28,2023,autonomous_community,canarias,De 5 a 14 años,total,days,831,831,,OBSERVED,ADMIT_WITH_LIMITATIONS,emh_resident_pediatric_v1,https://datos.canarias.es/api/estadisticas/statistical-resources/v1.0/datasets/ISTAC/E30414A_000009/~latest.csv,2026-09-24,Residentes canarios dados de alta en cualquier hospital nacional; diagnóstico principal y edad originales.,estancia,pneumonia,Neumonía,1002,Y5T14
ISTAC:E30414A_000009,latest_audited_2026-09-28,2023,autonomous_community,canarias,De 1 a 4 años,total,days,2092,2092,,OBSERVED,ADMIT_WITH_LIMITATIONS,emh_resident_pediatric_v1,https://datos.canarias.es/api/estadisticas/statistical-resources/v1.0/datasets/ISTAC/E30414A_000009/~latest.csv,2026-09-24,Residentes canarios dados de alta en cualquier hospital nacional; diagnóstico principal y edad originales.,estancia,pneumonia,Neumonía,1002,Y1T4
ISTAC:E30414A_000009,latest_audited_2026-09-28,2024,autonomous_community,canarias,Menor de 1 año,total,days,448,448,,OBSERVED,ADMIT_WITH_LIMITATIONS,emh_resident_pediatric_v1,https://datos.canarias.es/api/estadisticas/statistical-resources/v1.0/datasets/ISTAC/E30414A_000009/~latest.csv,2026-09-24,Residentes canarios dados de alta en cualquier hospital nacional; diagnóstico principal y edad originales.,estancia,pneumonia,Neumonía,1002,Y_LT1
ISTAC:E30414A_000009,latest_audited_2026-09-28,2024,autonomous_community,canarias,De 5 a 14 años,total,days,1364,1364,,OBSERVED,ADMIT_WITH_LIMITATIONS,emh_resident_pediatric_v1,https://datos.canarias.es/api/estadisticas/statistical-resources/v1.0/datasets/ISTAC/E30414A_000009/~latest.csv,2026-09-24,Residentes canarios dados de alta en cualquier hospital nacional; diagnóstico principal y edad originales.,estancia,pneumonia,Neumonía,1002,Y5T14
ISTAC:E30414A_000009,latest_audited_2026-09-28,2024,autonomous_community,canarias,De 1 a 4 años,total,days,1693,1693,,OBSERVED,ADMIT_WITH_LIMITATIONS,emh_resident_pediatric_v1,https://datos.canarias.es/api/estadisticas/statistical-resources/v1.0/datasets/ISTAC/E30414A_000009/~latest.csv,2026-09-24,Residentes canarios dados de alta en cualquier hospital nacional; diagnóstico principal y edad originales.,estancia,pneumonia,Neumonía,1002,Y1T4
ISTAC:E30414A_000009,latest_audited_2026-09-28,2020,autonomous_community,canarias,Menor de 1 año,total,days,147,147,,OBSERVED,ADMIT_WITH_LIMITATIONS,emh_resident_pediatric_v1,https://datos.canarias.es/api/estadisticas/statistical-resources/v1.0/datasets/ISTAC/E30414A_000009/~latest.csv,2026-09-24,Residentes canarios dados de alta en cualquier hospital nacional; diagnóstico principal y edad originales.,estancia,epilepsy,Epilepsia,0603,Y_LT1
ISTAC:E30414A_000009,latest_audited_2026-09-28,2020,autonomous_community,canarias,De 5 a 14 años,total,days,289,289,,OBSERVED,ADMIT_WITH_LIMITATIONS,emh_resident_pediatric_v1,https://datos.canarias.es/api/estadisticas/statistical-resources/v1.0/datasets/ISTAC/E30414A_000009/~latest.csv,2026-09-24,Residentes canarios dados de alta en cualquier hospital nacional; diagnóstico principal y edad originales.,estancia,epilepsy,Epilepsia,0603,Y5T14
ISTAC:E30414A_000009,latest_audited_2026-09-28,2020,autonomous_community,canarias,De 1 a 4 años,total,days,268,268,,OBSERVED,ADMIT_WITH_LIMITATIONS,emh_resident_pediatric_v1,https://datos.canarias.es/api/estadisticas/statistical-resources/v1.0/datasets/ISTAC/E30414A_000009/~latest.csv,2026-09-24,Residentes canarios dados de alta en cualquier hospital nacional; diagnóstico principal y edad originales.,estancia,epilepsy,Epilepsia,0603,Y1T4
ISTAC:E30414A_000009,latest_audited_2026-09-28,2021,autonomous_community,canarias,Menor de 1 año,total,days,131,131,,OBSERVED,ADMIT_WITH_LIMITATIONS,emh_resident_pediatric_v1,https://datos.canarias.es/api/estadisticas/statistical-resources/v1.0/datasets/ISTAC/E30414A_000009/~latest.csv,2026-09-24,Residentes canarios dados de alta en cualquier hospital nacional; diagnóstico principal y edad originales.,estancia,epilepsy,Epilepsia,0603,Y_LT1
ISTAC:E30414A_000009,latest_audited_2026-09-28,2021,autonomous_community,canarias,De 5 a 14 años,total,days,316.57,316.57,,OBSERVED,ADMIT_WITH_LIMITATIONS,emh_resident_pediatric_v1,https://datos.canarias.es/api/estadisticas/statistical-resources/v1.0/datasets/ISTAC/E30414A_000009/~latest.csv,2026-09-24,Residentes canarios dados de alta en cualquier hospital nacional; diagnóstico principal y edad originales.,estancia,epilepsy,Epilepsia,0603,Y5T14
ISTAC:E30414A_000009,latest_audited_2026-09-28,2021,autonomous_community,canarias,De 1 a 4 años,total,days,226.55,226.55,,OBSERVED,ADMIT_WITH_LIMITATIONS,emh_resident_pediatric_v1,https://datos.canarias.es/api/estadisticas/statistical-resources/v1.0/datasets/ISTAC/E30414A_000009/~latest.csv,2026-09-24,Residentes canarios dados de alta en cualquier hospital nacional; diagnóstico principal y edad originales.,estancia,epilepsy,Epilepsia,0603,Y1T4
ISTAC:E30414A_000009,latest_audited_2026-09-28,2022,autonomous_community,canarias,Menor de 1 año,total,days,40,40,,OBSERVED,ADMIT_WITH_LIMITATIONS,emh_resident_pediatric_v1,https://datos.canarias.es/api/estadisticas/statistical-resources/v1.0/datasets/ISTAC/E30414A_000009/~latest.csv,2026-09-24,Residentes canarios dados de alta en cualquier hospital nacional; diagnóstico principal y edad originales.,estancia,epilepsy,Epilepsia,0603,Y_LT1
ISTAC:E30414A_000009,latest_audited_2026-09-28,2022,autonomous_community,canarias,De 5 a 14 años,total,days,194,194,,OBSERVED,ADMIT_WITH_LIMITATIONS,emh_resident_pediatric_v1,https://datos.canarias.es/api/estadisticas/statistical-resources/v1.0/datasets/ISTAC/E30414A_000009/~latest.csv,2026-09-24,Residentes canarios dados de alta en cualquier hospital nacional; diagnóstico principal y edad originales.,estancia,epilepsy,Epilepsia,0603,Y5T14
ISTAC:E30414A_000009,latest_audited_2026-09-28,2022,autonomous_community,canarias,De 1 a 4 años,total,days,165,165,,OBSERVED,ADMIT_WITH_LIMITATIONS,emh_resident_pediatric_v1,https://datos.canarias.es/api/estadisticas/statistical-resources/v1.0/datasets/ISTAC/E30414A_000009/~latest.csv,2026-09-24,Residentes canarios dados de alta en cualquier hospital nacional; diagnóstico principal y edad originales.,estancia,epilepsy,Epilepsia,0603,Y1T4
ISTAC:E30414A_000009,latest_audited_2026-09-28,2023,autonomous_community,canarias,Menor de 1 año,total,days,243,243,,OBSERVED,ADMIT_WITH_LIMITATIONS,emh_resident_pediatric_v1,https://datos.canarias.es/api/estadisticas/statistical-resources/v1.0/datasets/ISTAC/E30414A_000009/~latest.csv,2026-09-24,Residentes canarios dados de alta en cualquier hospital nacional; diagnóstico principal y edad originales.,estancia,epilepsy,Epilepsia,0603,Y_LT1
ISTAC:E30414A_000009,latest_audited_2026-09-28,2023,autonomous_community,canarias,De 5 a 14 años,total,days,190,190,,OBSERVED,ADMIT_WITH_LIMITATIONS,emh_resident_pediatric_v1,https://datos.canarias.es/api/estadisticas/statistical-resources/v1.0/datasets/ISTAC/E30414A_000009/~latest.csv,2026-09-24,Residentes canarios dados de alta en cualquier hospital nacional; diagnóstico principal y edad originales.,estancia,epilepsy,Epilepsia,0603,Y5T14
ISTAC:E30414A_000009,latest_audited_2026-09-28,2023,autonomous_community,canarias,De 1 a 4 años,total,days,178,178,,OBSERVED,ADMIT_WITH_LIMITATIONS,emh_resident_pediatric_v1,https://datos.canarias.es/api/estadisticas/statistical-resources/v1.0/datasets/ISTAC/E30414A_000009/~latest.csv,2026-09-24,Residentes canarios dados de alta en cualquier hospital nacional; diagnóstico principal y edad originales.,estancia,epilepsy,Epilepsia,0603,Y1T4
ISTAC:E30414A_000009,latest_audited_2026-09-28,2024,autonomous_community,canarias,Menor de 1 año,total,days,169,169,,OBSERVED,ADMIT_WITH_LIMITATIONS,emh_resident_pediatric_v1,https://datos.canarias.es/api/estadisticas/statistical-resources/v1.0/datasets/ISTAC/E30414A_000009/~latest.csv,2026-09-24,Residentes canarios dados de alta en cualquier hospital nacional; diagnóstico principal y edad originales.,estancia,epilepsy,Epilepsia,0603,Y_LT1
ISTAC:E30414A_000009,latest_audited_2026-09-28,2024,autonomous_community,canarias,De 5 a 14 años,total,days,266,266,,OBSERVED,ADMIT_WITH_LIMITATIONS,emh_resident_pediatric_v1,https://datos.canarias.es/api/estadisticas/statistical-resources/v1.0/datasets/ISTAC/E30414A_000009/~latest.csv,2026-09-24,Residentes canarios dados de alta en cualquier hospital nacional; diagnóstico principal y edad originales.,estancia,epilepsy,Epilepsia,0603,Y5T14
ISTAC:E30414A_000009,latest_audited_2026-09-28,2024,autonomous_community,canarias,De 1 a 4 años,total,days,158,158,,OBSERVED,ADMIT_WITH_LIMITATIONS,emh_resident_pediatric_v1,https://datos.canarias.es/api/estadisticas/statistical-resources/v1.0/datasets/ISTAC/E30414A_000009/~latest.csv,2026-09-24,Residentes canarios dados de alta en cualquier hospital nacional; diagnóstico principal y edad originales.,estancia,epilepsy,Epilepsia,0603,Y1T4
ISTAC:E30414A_000009,latest_audited_2026-09-28,2020,autonomous_community,canarias,Menor de 1 año,total,days,5,5,,OBSERVED,ADMIT_WITH_LIMITATIONS,emh_resident_pediatric_v1,https://datos.canarias.es/api/estadisticas/statistical-resources/v1.0/datasets/ISTAC/E30414A_000009/~latest.csv,2026-09-24,Residentes canarios dados de alta en cualquier hospital nacional; diagnóstico principal y edad originales.,estancia,mental_health,Salud mental,0500,Y_LT1
ISTAC:E30414A_000009,latest_audited_2026-09-28,2020,autonomous_community,canarias,De 5 a 14 años,total,days,1394,1394,,OBSERVED,ADMIT_WITH_LIMITATIONS,emh_resident_pediatric_v1,https://datos.canarias.es/api/estadisticas/statistical-resources/v1.0/datasets/ISTAC/E30414A_000009/~latest.csv,2026-09-24,Residentes canarios dados de alta en cualquier hospital nacional; diagnóstico principal y edad originales.,estancia,mental_health,Salud mental,0500,Y5T14
ISTAC:E30414A_000009,latest_audited_2026-09-28,2020,autonomous_community,canarias,De 1 a 4 años,total,days,36,36,,OBSERVED,ADMIT_WITH_LIMITATIONS,emh_resident_pediatric_v1,https://datos.canarias.es/api/estadisticas/statistical-resources/v1.0/datasets/ISTAC/E30414A_000009/~latest.csv,2026-09-24,Residentes canarios dados de alta en cualquier hospital nacional; diagnóstico principal y edad originales.,estancia,mental_health,Salud mental,0500,Y1T4
ISTAC:E30414A_000009,latest_audited_2026-09-28,2021,autonomous_community,canarias,Menor de 1 año,total,days,10,10,,OBSERVED,ADMIT_WITH_LIMITATIONS,emh_resident_pediatric_v1,https://datos.canarias.es/api/estadisticas/statistical-resources/v1.0/datasets/ISTAC/E30414A_000009/~latest.csv,2026-09-24,Residentes canarios dados de alta en cualquier hospital nacional; diagnóstico principal y edad originales.,estancia,mental_health,Salud mental,0500,Y_LT1
ISTAC:E30414A_000009,latest_audited_2026-09-28,2021,autonomous_community,canarias,De 5 a 14 años,total,days,2323,2323,,OBSERVED,ADMIT_WITH_LIMITATIONS,emh_resident_pediatric_v1,https://datos.canarias.es/api/estadisticas/statistical-resources/v1.0/datasets/ISTAC/E30414A_000009/~latest.csv,2026-09-24,Residentes canarios dados de alta en cualquier hospital nacional; diagnóstico principal y edad originales.,estancia,mental_health,Salud mental,0500,Y5T14
ISTAC:E30414A_000009,latest_audited_2026-09-28,2021,autonomous_community,canarias,De 1 a 4 años,total,days,19,19,,OBSERVED,ADMIT_WITH_LIMITATIONS,emh_resident_pediatric_v1,https://datos.canarias.es/api/estadisticas/statistical-resources/v1.0/datasets/ISTAC/E30414A_000009/~latest.csv,2026-09-24,Residentes canarios dados de alta en cualquier hospital nacional; diagnóstico principal y edad originales.,estancia,mental_health,Salud mental,0500,Y1T4
ISTAC:E30414A_000009,latest_audited_2026-09-28,2022,autonomous_community,canarias,Menor de 1 año,total,days,15,15,,OBSERVED,ADMIT_WITH_LIMITATIONS,emh_resident_pediatric_v1,https://datos.canarias.es/api/estadisticas/statistical-resources/v1.0/datasets/ISTAC/E30414A_000009/~latest.csv,2026-09-24,Residentes canarios dados de alta en cualquier hospital nacional; diagnóstico principal y edad originales.,estancia,mental_health,Salud mental,0500,Y_LT1
ISTAC:E30414A_000009,latest_audited_2026-09-28,2022,autonomous_community,canarias,De 5 a 14 años,total,days,1914,1914,,OBSERVED,ADMIT_WITH_LIMITATIONS,emh_resident_pediatric_v1,https://datos.canarias.es/api/estadisticas/statistical-resources/v1.0/datasets/ISTAC/E30414A_000009/~latest.csv,2026-09-24,Residentes canarios dados de alta en cualquier hospital nacional; diagnóstico principal y edad originales.,estancia,mental_health,Salud mental,0500,Y5T14
ISTAC:E30414A_000009,latest_audited_2026-09-28,2022,autonomous_community,canarias,De 1 a 4 años,total,days,44,44,,OBSERVED,ADMIT_WITH_LIMITATIONS,emh_resident_pediatric_v1,https://datos.canarias.es/api/estadisticas/statistical-resources/v1.0/datasets/ISTAC/E30414A_000009/~latest.csv,2026-09-24,Residentes canarios dados de alta en cualquier hospital nacional; diagnóstico principal y edad originales.,estancia,mental_health,Salud mental,0500,Y1T4
ISTAC:E30414A_000009,latest_audited_2026-09-28,2023,autonomous_community,canarias,Menor de 1 año,total,days,0,0,,OBSERVED,ADMIT_WITH_LIMITATIONS,emh_resident_pediatric_v1,https://datos.canarias.es/api/estadisticas/statistical-resources/v1.0/datasets/ISTAC/E30414A_000009/~latest.csv,2026-09-24,Residentes canarios dados de alta en cualquier hospital nacional; diagnóstico principal y edad originales.,estancia,mental_health,Salud mental,0500,Y_LT1
ISTAC:E30414A_000009,latest_audited_2026-09-28,2023,autonomous_community,canarias,De 5 a 14 años,total,days,1765,1765,,OBSERVED,ADMIT_WITH_LIMITATIONS,emh_resident_pediatric_v1,https://datos.canarias.es/api/estadisticas/statistical-resources/v1.0/datasets/ISTAC/E30414A_000009/~latest.csv,2026-09-24,Residentes canarios dados de alta en cualquier hospital nacional; diagnóstico principal y edad originales.,estancia,mental_health,Salud mental,0500,Y5T14
ISTAC:E30414A_000009,latest_audited_2026-09-28,2023,autonomous_community,canarias,De 1 a 4 años,total,days,6,6,,OBSERVED,ADMIT_WITH_LIMITATIONS,emh_resident_pediatric_v1,https://datos.canarias.es/api/estadisticas/statistical-resources/v1.0/datasets/ISTAC/E30414A_000009/~latest.csv,2026-09-24,Residentes canarios dados de alta en cualquier hospital nacional; diagnóstico principal y edad originales.,estancia,mental_health,Salud mental,0500,Y1T4
ISTAC:E30414A_000009,latest_audited_2026-09-28,2024,autonomous_community,canarias,Menor de 1 año,total,days,15,15,,OBSERVED,ADMIT_WITH_LIMITATIONS,emh_resident_pediatric_v1,https://datos.canarias.es/api/estadisticas/statistical-resources/v1.0/datasets/ISTAC/E30414A_000009/~latest.csv,2026-09-24,Residentes canarios dados de alta en cualquier hospital nacional; diagnóstico principal y edad originales.,estancia,mental_health,Salud mental,0500,Y_LT1
ISTAC:E30414A_000009,latest_audited_2026-09-28,2024,autonomous_community,canarias,De 5 a 14 años,total,days,1935,1935,,OBSERVED,ADMIT_WITH_LIMITATIONS,emh_resident_pediatric_v1,https://datos.canarias.es/api/estadisticas/statistical-resources/v1.0/datasets/ISTAC/E30414A_000009/~latest.csv,2026-09-24,Residentes canarios dados de alta en cualquier hospital nacional; diagnóstico principal y edad originales.,estancia,mental_health,Salud mental,0500,Y5T14
ISTAC:E30414A_000009,latest_audited_2026-09-28,2024,autonomous_community,canarias,De 1 a 4 años,total,days,28,28,,OBSERVED,ADMIT_WITH_LIMITATIONS,emh_resident_pediatric_v1,https://datos.canarias.es/api/estadisticas/statistical-resources/v1.0/datasets/ISTAC/E30414A_000009/~latest.csv,2026-09-24,Residentes canarios dados de alta en cualquier hospital nacional; diagnóstico principal y edad originales.,estancia,mental_health,Salud mental,0500,Y1T4
ISTAC:E30414A_000009,latest_audited_2026-09-28,2020,autonomous_community,canarias,Menor de 1 año,total,days,14,14,,OBSERVED,ADMIT_WITH_LIMITATIONS,emh_resident_pediatric_v1,https://datos.canarias.es/api/estadisticas/statistical-resources/v1.0/datasets/ISTAC/E30414A_000009/~latest.csv,2026-09-24,Residentes canarios dados de alta en cualquier hospital nacional; diagnóstico principal y edad originales.,estancia,diabetes,Diabetes,0401,Y_LT1
ISTAC:E30414A_000009,latest_audited_2026-09-28,2020,autonomous_community,canarias,De 5 a 14 años,total,days,792,792,,OBSERVED,ADMIT_WITH_LIMITATIONS,emh_resident_pediatric_v1,https://datos.canarias.es/api/estadisticas/statistical-resources/v1.0/datasets/ISTAC/E30414A_000009/~latest.csv,2026-09-24,Residentes canarios dados de alta en cualquier hospital nacional; diagnóstico principal y edad originales.,estancia,diabetes,Diabetes,0401,Y5T14
ISTAC:E30414A_000009,latest_audited_2026-09-28,2020,autonomous_community,canarias,De 1 a 4 años,total,days,207,207,,OBSERVED,ADMIT_WITH_LIMITATIONS,emh_resident_pediatric_v1,https://datos.canarias.es/api/estadisticas/statistical-resources/v1.0/datasets/ISTAC/E30414A_000009/~latest.csv,2026-09-24,Residentes canarios dados de alta en cualquier hospital nacional; diagnóstico principal y edad originales.,estancia,diabetes,Diabetes,0401,Y1T4
ISTAC:E30414A_000009,latest_audited_2026-09-28,2021,autonomous_community,canarias,Menor de 1 año,total,days,11,11,,OBSERVED,ADMIT_WITH_LIMITATIONS,emh_resident_pediatric_v1,https://datos.canarias.es/api/estadisticas/statistical-resources/v1.0/datasets/ISTAC/E30414A_000009/~latest.csv,2026-09-24,Residentes canarios dados de alta en cualquier hospital nacional; diagnóstico principal y edad originales.,estancia,diabetes,Diabetes,0401,Y_LT1
ISTAC:E30414A_000009,latest_audited_2026-09-28,2021,autonomous_community,canarias,De 5 a 14 años,total,days,1007,1007,,OBSERVED,ADMIT_WITH_LIMITATIONS,emh_resident_pediatric_v1,https://datos.canarias.es/api/estadisticas/statistical-resources/v1.0/datasets/ISTAC/E30414A_000009/~latest.csv,2026-09-24,Residentes canarios dados de alta en cualquier hospital nacional; diagnóstico principal y edad originales.,estancia,diabetes,Diabetes,0401,Y5T14
ISTAC:E30414A_000009,latest_audited_2026-09-28,2021,autonomous_community,canarias,De 1 a 4 años,total,days,257,257,,OBSERVED,ADMIT_WITH_LIMITATIONS,emh_resident_pediatric_v1,https://datos.canarias.es/api/estadisticas/statistical-resources/v1.0/datasets/ISTAC/E30414A_000009/~latest.csv,2026-09-24,Residentes canarios dados de alta en cualquier hospital nacional; diagnóstico principal y edad originales.,estancia,diabetes,Diabetes,0401,Y1T4
ISTAC:E30414A_000009,latest_audited_2026-09-28,2022,autonomous_community,canarias,Menor de 1 año,total,days,47,47,,OBSERVED,ADMIT_WITH_LIMITATIONS,emh_resident_pediatric_v1,https://datos.canarias.es/api/estadisticas/statistical-resources/v1.0/datasets/ISTAC/E30414A_000009/~latest.csv,2026-09-24,Residentes canarios dados de alta en cualquier hospital nacional; diagnóstico principal y edad originales.,estancia,diabetes,Diabetes,0401,Y_LT1
ISTAC:E30414A_000009,latest_audited_2026-09-28,2022,autonomous_community,canarias,De 5 a 14 años,total,days,970,970,,OBSERVED,ADMIT_WITH_LIMITATIONS,emh_resident_pediatric_v1,https://datos.canarias.es/api/estadisticas/statistical-resources/v1.0/datasets/ISTAC/E30414A_000009/~latest.csv,2026-09-24,Residentes canarios dados de alta en cualquier hospital nacional; diagnóstico principal y edad originales.,estancia,diabetes,Diabetes,0401,Y5T14
ISTAC:E30414A_000009,latest_audited_2026-09-28,2022,autonomous_community,canarias,De 1 a 4 años,total,days,300,300,,OBSERVED,ADMIT_WITH_LIMITATIONS,emh_resident_pediatric_v1,https://datos.canarias.es/api/estadisticas/statistical-resources/v1.0/datasets/ISTAC/E30414A_000009/~latest.csv,2026-09-24,Residentes canarios dados de alta en cualquier hospital nacional; diagnóstico principal y edad originales.,estancia,diabetes,Diabetes,0401,Y1T4
ISTAC:E30414A_000009,latest_audited_2026-09-28,2023,autonomous_community,canarias,Menor de 1 año,total,days,37,37,,OBSERVED,ADMIT_WITH_LIMITATIONS,emh_resident_pediatric_v1,https://datos.canarias.es/api/estadisticas/statistical-resources/v1.0/datasets/ISTAC/E30414A_000009/~latest.csv,2026-09-24,Residentes canarios dados de alta en cualquier hospital nacional; diagnóstico principal y edad originales.,estancia,diabetes,Diabetes,0401,Y_LT1
ISTAC:E30414A_000009,latest_audited_2026-09-28,2023,autonomous_community,canarias,De 5 a 14 años,total,days,675,675,,OBSERVED,ADMIT_WITH_LIMITATIONS,emh_resident_pediatric_v1,https://datos.canarias.es/api/estadisticas/statistical-resources/v1.0/datasets/ISTAC/E30414A_000009/~latest.csv,2026-09-24,Residentes canarios dados de alta en cualquier hospital nacional; diagnóstico principal y edad originales.,estancia,diabetes,Diabetes,0401,Y5T14
ISTAC:E30414A_000009,latest_audited_2026-09-28,2023,autonomous_community,canarias,De 1 a 4 años,total,days,258,258,,OBSERVED,ADMIT_WITH_LIMITATIONS,emh_resident_pediatric_v1,https://datos.canarias.es/api/estadisticas/statistical-resources/v1.0/datasets/ISTAC/E30414A_000009/~latest.csv,2026-09-24,Residentes canarios dados de alta en cualquier hospital nacional; diagnóstico principal y edad originales.,estancia,diabetes,Diabetes,0401,Y1T4
ISTAC:E30414A_000009,latest_audited_2026-09-28,2024,autonomous_community,canarias,Menor de 1 año,total,days,0,0,,OBSERVED,ADMIT_WITH_LIMITATIONS,emh_resident_pediatric_v1,https://datos.canarias.es/api/estadisticas/statistical-resources/v1.0/datasets/ISTAC/E30414A_000009/~latest.csv,2026-09-24,Residentes canarios dados de alta en cualquier hospital nacional; diagnóstico principal y edad originales.,estancia,diabetes,Diabetes,0401,Y_LT1
ISTAC:E30414A_000009,latest_audited_2026-09-28,2024,autonomous_community,canarias,De 5 a 14 años,total,days,873,873,,OBSERVED,ADMIT_WITH_LIMITATIONS,emh_resident_pediatric_v1,https://datos.canarias.es/api/estadisticas/statistical-resources/v1.0/datasets/ISTAC/E30414A_000009/~latest.csv,2026-09-24,Residentes canarios dados de alta en cualquier hospital nacional; diagnóstico principal y edad originales.,estancia,diabetes,Diabetes,0401,Y5T14
ISTAC:E30414A_000009,latest_audited_2026-09-28,2024,autonomous_community,canarias,De 1 a 4 años,total,days,342,342,,OBSERVED,ADMIT_WITH_LIMITATIONS,emh_resident_pediatric_v1,https://datos.canarias.es/api/estadisticas/statistical-resources/v1.0/datasets/ISTAC/E30414A_000009/~latest.csv,2026-09-24,Residentes canarios dados de alta en cualquier hospital nacional; diagnóstico principal y edad originales.,estancia,diabetes,Diabetes,0401,Y1T4
ISTAC:E30414A_000009,latest_audited_2026-09-28,2020,autonomous_community,canarias,Menor de 1 año,total,days,612,612,,OBSERVED,ADMIT_WITH_LIMITATIONS,emh_resident_pediatric_v1,https://datos.canarias.es/api/estadisticas/statistical-resources/v1.0/datasets/ISTAC/E30414A_000009/~latest.csv,2026-09-24,Residentes canarios dados de alta en cualquier hospital nacional; diagnóstico principal y edad originales.,estancia,infectious,Enfermedades infecciosas,0100,Y_LT1
ISTAC:E30414A_000009,latest_audited_2026-09-28,2020,autonomous_community,canarias,De 5 a 14 años,total,days,466,466,,OBSERVED,ADMIT_WITH_LIMITATIONS,emh_resident_pediatric_v1,https://datos.canarias.es/api/estadisticas/statistical-resources/v1.0/datasets/ISTAC/E30414A_000009/~latest.csv,2026-09-24,Residentes canarios dados de alta en cualquier hospital nacional; diagnóstico principal y edad originales.,estancia,infectious,Enfermedades infecciosas,0100,Y5T14
ISTAC:E30414A_000009,latest_audited_2026-09-28,2020,autonomous_community,canarias,De 1 a 4 años,total,days,377,377,,OBSERVED,ADMIT_WITH_LIMITATIONS,emh_resident_pediatric_v1,https://datos.canarias.es/api/estadisticas/statistical-resources/v1.0/datasets/ISTAC/E30414A_000009/~latest.csv,2026-09-24,Residentes canarios dados de alta en cualquier hospital nacional; diagnóstico principal y edad originales.,estancia,infectious,Enfermedades infecciosas,0100,Y1T4
ISTAC:E30414A_000009,latest_audited_2026-09-28,2021,autonomous_community,canarias,Menor de 1 año,total,days,407.08,407.08,,OBSERVED,ADMIT_WITH_LIMITATIONS,emh_resident_pediatric_v1,https://datos.canarias.es/api/estadisticas/statistical-resources/v1.0/datasets/ISTAC/E30414A_000009/~latest.csv,2026-09-24,Residentes canarios dados de alta en cualquier hospital nacional; diagnóstico principal y edad originales.,estancia,infectious,Enfermedades infecciosas,0100,Y_LT1
ISTAC:E30414A_000009,latest_audited_2026-09-28,2021,autonomous_community,canarias,De 5 a 14 años,total,days,558,558,,OBSERVED,ADMIT_WITH_LIMITATIONS,emh_resident_pediatric_v1,https://datos.canarias.es/api/estadisticas/statistical-resources/v1.0/datasets/ISTAC/E30414A_000009/~latest.csv,2026-09-24,Residentes canarios dados de alta en cualquier hospital nacional; diagnóstico principal y edad originales.,estancia,infectious,Enfermedades infecciosas,0100,Y5T14
ISTAC:E30414A_000009,latest_audited_2026-09-28,2021,autonomous_community,canarias,De 1 a 4 años,total,days,380,380,,OBSERVED,ADMIT_WITH_LIMITATIONS,emh_resident_pediatric_v1,https://datos.canarias.es/api/estadisticas/statistical-resources/v1.0/datasets/ISTAC/E30414A_000009/~latest.csv,2026-09-24,Residentes canarios dados de alta en cualquier hospital nacional; diagnóstico principal y edad originales.,estancia,infectious,Enfermedades infecciosas,0100,Y1T4
ISTAC:E30414A_000009,latest_audited_2026-09-28,2022,autonomous_community,canarias,Menor de 1 año,total,days,797,797,,OBSERVED,ADMIT_WITH_LIMITATIONS,emh_resident_pediatric_v1,https://datos.canarias.es/api/estadisticas/statistical-resources/v1.0/datasets/ISTAC/E30414A_000009/~latest.csv,2026-09-24,Residentes canarios dados de alta en cualquier hospital nacional; diagnóstico principal y edad originales.,estancia,infectious,Enfermedades infecciosas,0100,Y_LT1
ISTAC:E30414A_000009,latest_audited_2026-09-28,2022,autonomous_community,canarias,De 5 a 14 años,total,days,713,713,,OBSERVED,ADMIT_WITH_LIMITATIONS,emh_resident_pediatric_v1,https://datos.canarias.es/api/estadisticas/statistical-resources/v1.0/datasets/ISTAC/E30414A_000009/~latest.csv,2026-09-24,Residentes canarios dados de alta en cualquier hospital nacional; diagnóstico principal y edad originales.,estancia,infectious,Enfermedades infecciosas,0100,Y5T14
ISTAC:E30414A_000009,latest_audited_2026-09-28,2022,autonomous_community,canarias,De 1 a 4 años,total,days,553,553,,OBSERVED,ADMIT_WITH_LIMITATIONS,emh_resident_pediatric_v1,https://datos.canarias.es/api/estadisticas/statistical-resources/v1.0/datasets/ISTAC/E30414A_000009/~latest.csv,2026-09-24,Residentes canarios dados de alta en cualquier hospital nacional; diagnóstico principal y edad originales.,estancia,infectious,Enfermedades infecciosas,0100,Y1T4
ISTAC:E30414A_000009,latest_audited_2026-09-28,2023,autonomous_community,canarias,Menor de 1 año,total,days,786,786,,OBSERVED,ADMIT_WITH_LIMITATIONS,emh_resident_pediatric_v1,https://datos.canarias.es/api/estadisticas/statistical-resources/v1.0/datasets/ISTAC/E30414A_000009/~latest.csv,2026-09-24,Residentes canarios dados de alta en cualquier hospital nacional; diagnóstico principal y edad originales.,estancia,infectious,Enfermedades infecciosas,0100,Y_LT1
ISTAC:E30414A_000009,latest_audited_2026-09-28,2023,autonomous_community,canarias,De 5 a 14 años,total,days,651,651,,OBSERVED,ADMIT_WITH_LIMITATIONS,emh_resident_pediatric_v1,https://datos.canarias.es/api/estadisticas/statistical-resources/v1.0/datasets/ISTAC/E30414A_000009/~latest.csv,2026-09-24,Residentes canarios dados de alta en cualquier hospital nacional; diagnóstico principal y edad originales.,estancia,infectious,Enfermedades infecciosas,0100,Y5T14
ISTAC:E30414A_000009,latest_audited_2026-09-28,2023,autonomous_community,canarias,De 1 a 4 años,total,days,460,460,,OBSERVED,ADMIT_WITH_LIMITATIONS,emh_resident_pediatric_v1,https://datos.canarias.es/api/estadisticas/statistical-resources/v1.0/datasets/ISTAC/E30414A_000009/~latest.csv,2026-09-24,Residentes canarios dados de alta en cualquier hospital nacional; diagnóstico principal y edad originales.,estancia,infectious,Enfermedades infecciosas,0100,Y1T4
ISTAC:E30414A_000009,latest_audited_2026-09-28,2024,autonomous_community,canarias,Menor de 1 año,total,days,629,629,,OBSERVED,ADMIT_WITH_LIMITATIONS,emh_resident_pediatric_v1,https://datos.canarias.es/api/estadisticas/statistical-resources/v1.0/datasets/ISTAC/E30414A_000009/~latest.csv,2026-09-24,Residentes canarios dados de alta en cualquier hospital nacional; diagnóstico principal y edad originales.,estancia,infectious,Enfermedades infecciosas,0100,Y_LT1
ISTAC:E30414A_000009,latest_audited_2026-09-28,2024,autonomous_community,canarias,De 5 a 14 años,total,days,606,606,,OBSERVED,ADMIT_WITH_LIMITATIONS,emh_resident_pediatric_v1,https://datos.canarias.es/api/estadisticas/statistical-resources/v1.0/datasets/ISTAC/E30414A_000009/~latest.csv,2026-09-24,Residentes canarios dados de alta en cualquier hospital nacional; diagnóstico principal y edad originales.,estancia,infectious,Enfermedades infecciosas,0100,Y5T14
ISTAC:E30414A_000009,latest_audited_2026-09-28,2024,autonomous_community,canarias,De 1 a 4 años,total,days,509,509,,OBSERVED,ADMIT_WITH_LIMITATIONS,emh_resident_pediatric_v1,https://datos.canarias.es/api/estadisticas/statistical-resources/v1.0/datasets/ISTAC/E30414A_000009/~latest.csv,2026-09-24,Residentes canarios dados de alta en cualquier hospital nacional; diagnóstico principal y edad originales.,estancia,infectious,Enfermedades infecciosas,0100,Y1T4
ISTAC:E30414A_000009,latest_audited_2026-09-28,2020,autonomous_community,canarias,Menor de 1 año,total,discharges,37,37,,OBSERVED,ADMIT_WITH_LIMITATIONS,emh_resident_pediatric_v1,https://datos.canarias.es/api/estadisticas/statistical-resources/v1.0/datasets/ISTAC/E30414A_000009/~latest.csv,2026-09-24,Residentes canarios dados de alta en cualquier hospital nacional; diagnóstico principal y edad originales.,altas,injury,Lesiones y traumatismos,1900,Y_LT1
ISTAC:E30414A_000009,latest_audited_2026-09-28,2020,autonomous_community,canarias,De 5 a 14 años,total,discharges,373,373,,OBSERVED,ADMIT_WITH_LIMITATIONS,emh_resident_pediatric_v1,https://datos.canarias.es/api/estadisticas/statistical-resources/v1.0/datasets/ISTAC/E30414A_000009/~latest.csv,2026-09-24,Residentes canarios dados de alta en cualquier hospital nacional; diagnóstico principal y edad originales.,altas,injury,Lesiones y traumatismos,1900,Y5T14
ISTAC:E30414A_000009,latest_audited_2026-09-28,2020,autonomous_community,canarias,De 1 a 4 años,total,discharges,165,165,,OBSERVED,ADMIT_WITH_LIMITATIONS,emh_resident_pediatric_v1,https://datos.canarias.es/api/estadisticas/statistical-resources/v1.0/datasets/ISTAC/E30414A_000009/~latest.csv,2026-09-24,Residentes canarios dados de alta en cualquier hospital nacional; diagnóstico principal y edad originales.,altas,injury,Lesiones y traumatismos,1900,Y1T4
ISTAC:E30414A_000009,latest_audited_2026-09-28,2021,autonomous_community,canarias,Menor de 1 año,total,discharges,53,53,,OBSERVED,ADMIT_WITH_LIMITATIONS,emh_resident_pediatric_v1,https://datos.canarias.es/api/estadisticas/statistical-resources/v1.0/datasets/ISTAC/E30414A_000009/~latest.csv,2026-09-24,Residentes canarios dados de alta en cualquier hospital nacional; diagnóstico principal y edad originales.,altas,injury,Lesiones y traumatismos,1900,Y_LT1
ISTAC:E30414A_000009,latest_audited_2026-09-28,2021,autonomous_community,canarias,De 5 a 14 años,total,discharges,477.48,477.48,,OBSERVED,ADMIT_WITH_LIMITATIONS,emh_resident_pediatric_v1,https://datos.canarias.es/api/estadisticas/statistical-resources/v1.0/datasets/ISTAC/E30414A_000009/~latest.csv,2026-09-24,Residentes canarios dados de alta en cualquier hospital nacional; diagnóstico principal y edad originales.,altas,injury,Lesiones y traumatismos,1900,Y5T14
ISTAC:E30414A_000009,latest_audited_2026-09-28,2021,autonomous_community,canarias,De 1 a 4 años,total,discharges,136.1,136.1,,OBSERVED,ADMIT_WITH_LIMITATIONS,emh_resident_pediatric_v1,https://datos.canarias.es/api/estadisticas/statistical-resources/v1.0/datasets/ISTAC/E30414A_000009/~latest.csv,2026-09-24,Residentes canarios dados de alta en cualquier hospital nacional; diagnóstico principal y edad originales.,altas,injury,Lesiones y traumatismos,1900,Y1T4
ISTAC:E30414A_000009,latest_audited_2026-09-28,2022,autonomous_community,canarias,Menor de 1 año,total,discharges,48,48,,OBSERVED,ADMIT_WITH_LIMITATIONS,emh_resident_pediatric_v1,https://datos.canarias.es/api/estadisticas/statistical-resources/v1.0/datasets/ISTAC/E30414A_000009/~latest.csv,2026-09-24,Residentes canarios dados de alta en cualquier hospital nacional; diagnóstico principal y edad originales.,altas,injury,Lesiones y traumatismos,1900,Y_LT1
ISTAC:E30414A_000009,latest_audited_2026-09-28,2022,autonomous_community,canarias,De 5 a 14 años,total,discharges,408,408,,OBSERVED,ADMIT_WITH_LIMITATIONS,emh_resident_pediatric_v1,https://datos.canarias.es/api/estadisticas/statistical-resources/v1.0/datasets/ISTAC/E30414A_000009/~latest.csv,2026-09-24,Residentes canarios dados de alta en cualquier hospital nacional; diagnóstico principal y edad originales.,altas,injury,Lesiones y traumatismos,1900,Y5T14
ISTAC:E30414A_000009,latest_audited_2026-09-28,2022,autonomous_community,canarias,De 1 a 4 años,total,discharges,106,106,,OBSERVED,ADMIT_WITH_LIMITATIONS,emh_resident_pediatric_v1,https://datos.canarias.es/api/estadisticas/statistical-resources/v1.0/datasets/ISTAC/E30414A_000009/~latest.csv,2026-09-24,Residentes canarios dados de alta en cualquier hospital nacional; diagnóstico principal y edad originales.,altas,injury,Lesiones y traumatismos,1900,Y1T4
ISTAC:E30414A_000009,latest_audited_2026-09-28,2023,autonomous_community,canarias,Menor de 1 año,total,discharges,44,44,,OBSERVED,ADMIT_WITH_LIMITATIONS,emh_resident_pediatric_v1,https://datos.canarias.es/api/estadisticas/statistical-resources/v1.0/datasets/ISTAC/E30414A_000009/~latest.csv,2026-09-24,Residentes canarios dados de alta en cualquier hospital nacional; diagnóstico principal y edad originales.,altas,injury,Lesiones y traumatismos,1900,Y_LT1
ISTAC:E30414A_000009,latest_audited_2026-09-28,2023,autonomous_community,canarias,De 5 a 14 años,total,discharges,458,458,,OBSERVED,ADMIT_WITH_LIMITATIONS,emh_resident_pediatric_v1,https://datos.canarias.es/api/estadisticas/statistical-resources/v1.0/datasets/ISTAC/E30414A_000009/~latest.csv,2026-09-24,Residentes canarios dados de alta en cualquier hospital nacional; diagnóstico principal y edad originales.,altas,injury,Lesiones y traumatismos,1900,Y5T14
ISTAC:E30414A_000009,latest_audited_2026-09-28,2023,autonomous_community,canarias,De 1 a 4 años,total,discharges,142,142,,OBSERVED,ADMIT_WITH_LIMITATIONS,emh_resident_pediatric_v1,https://datos.canarias.es/api/estadisticas/statistical-resources/v1.0/datasets/ISTAC/E30414A_000009/~latest.csv,2026-09-24,Residentes canarios dados de alta en cualquier hospital nacional; diagnóstico principal y edad originales.,altas,injury,Lesiones y traumatismos,1900,Y1T4
ISTAC:E30414A_000009,latest_audited_2026-09-28,2024,autonomous_community,canarias,Menor de 1 año,total,discharges,42,42,,OBSERVED,ADMIT_WITH_LIMITATIONS,emh_resident_pediatric_v1,https://datos.canarias.es/api/estadisticas/statistical-resources/v1.0/datasets/ISTAC/E30414A_000009/~latest.csv,2026-09-24,Residentes canarios dados de alta en cualquier hospital nacional; diagnóstico principal y edad originales.,altas,injury,Lesiones y traumatismos,1900,Y_LT1
ISTAC:E30414A_000009,latest_audited_2026-09-28,2024,autonomous_community,canarias,De 5 a 14 años,total,discharges,465,465,,OBSERVED,ADMIT_WITH_LIMITATIONS,emh_resident_pediatric_v1,https://datos.canarias.es/api/estadisticas/statistical-resources/v1.0/datasets/ISTAC/E30414A_000009/~latest.csv,2026-09-24,Residentes canarios dados de alta en cualquier hospital nacional; diagnóstico principal y edad originales.,altas,injury,Lesiones y traumatismos,1900,Y5T14
ISTAC:E30414A_000009,latest_audited_2026-09-28,2024,autonomous_community,canarias,De 1 a 4 años,total,discharges,120,120,,OBSERVED,ADMIT_WITH_LIMITATIONS,emh_resident_pediatric_v1,https://datos.canarias.es/api/estadisticas/statistical-resources/v1.0/datasets/ISTAC/E30414A_000009/~latest.csv,2026-09-24,Residentes canarios dados de alta en cualquier hospital nacional; diagnóstico principal y edad originales.,altas,injury,Lesiones y traumatismos,1900,Y1T4
ISTAC:E30414A_000009,latest_audited_2026-09-28,2020,autonomous_community,canarias,Menor de 1 año,total,discharges,0,0,,OBSERVED,ADMIT_WITH_LIMITATIONS,emh_resident_pediatric_v1,https://datos.canarias.es/api/estadisticas/statistical-resources/v1.0/datasets/ISTAC/E30414A_000009/~latest.csv,2026-09-24,Residentes canarios dados de alta en cualquier hospital nacional; diagnóstico principal y edad originales.,altas,appendix,Enfermedades del apéndice,1106,Y_LT1
ISTAC:E30414A_000009,latest_audited_2026-09-28,2020,autonomous_community,canarias,De 5 a 14 años,total,discharges,259,259,,OBSERVED,ADMIT_WITH_LIMITATIONS,emh_resident_pediatric_v1,https://datos.canarias.es/api/estadisticas/statistical-resources/v1.0/datasets/ISTAC/E30414A_000009/~latest.csv,2026-09-24,Residentes canarios dados de alta en cualquier hospital nacional; diagnóstico principal y edad originales.,altas,appendix,Enfermedades del apéndice,1106,Y5T14
ISTAC:E30414A_000009,latest_audited_2026-09-28,2020,autonomous_community,canarias,De 1 a 4 años,total,discharges,16,16,,OBSERVED,ADMIT_WITH_LIMITATIONS,emh_resident_pediatric_v1,https://datos.canarias.es/api/estadisticas/statistical-resources/v1.0/datasets/ISTAC/E30414A_000009/~latest.csv,2026-09-24,Residentes canarios dados de alta en cualquier hospital nacional; diagnóstico principal y edad originales.,altas,appendix,Enfermedades del apéndice,1106,Y1T4
ISTAC:E30414A_000009,latest_audited_2026-09-28,2021,autonomous_community,canarias,Menor de 1 año,total,discharges,0,0,,OBSERVED,ADMIT_WITH_LIMITATIONS,emh_resident_pediatric_v1,https://datos.canarias.es/api/estadisticas/statistical-resources/v1.0/datasets/ISTAC/E30414A_000009/~latest.csv,2026-09-24,Residentes canarios dados de alta en cualquier hospital nacional; diagnóstico principal y edad originales.,altas,appendix,Enfermedades del apéndice,1106,Y_LT1
ISTAC:E30414A_000009,latest_audited_2026-09-28,2021,autonomous_community,canarias,De 5 a 14 años,total,discharges,231,231,,OBSERVED,ADMIT_WITH_LIMITATIONS,emh_resident_pediatric_v1,https://datos.canarias.es/api/estadisticas/statistical-resources/v1.0/datasets/ISTAC/E30414A_000009/~latest.csv,2026-09-24,Residentes canarios dados de alta en cualquier hospital nacional; diagnóstico principal y edad originales.,altas,appendix,Enfermedades del apéndice,1106,Y5T14
ISTAC:E30414A_000009,latest_audited_2026-09-28,2021,autonomous_community,canarias,De 1 a 4 años,total,discharges,15,15,,OBSERVED,ADMIT_WITH_LIMITATIONS,emh_resident_pediatric_v1,https://datos.canarias.es/api/estadisticas/statistical-resources/v1.0/datasets/ISTAC/E30414A_000009/~latest.csv,2026-09-24,Residentes canarios dados de alta en cualquier hospital nacional; diagnóstico principal y edad originales.,altas,appendix,Enfermedades del apéndice,1106,Y1T4
ISTAC:E30414A_000009,latest_audited_2026-09-28,2022,autonomous_community,canarias,Menor de 1 año,total,discharges,0,0,,OBSERVED,ADMIT_WITH_LIMITATIONS,emh_resident_pediatric_v1,https://datos.canarias.es/api/estadisticas/statistical-resources/v1.0/datasets/ISTAC/E30414A_000009/~latest.csv,2026-09-24,Residentes canarios dados de alta en cualquier hospital nacional; diagnóstico principal y edad originales.,altas,appendix,Enfermedades del apéndice,1106,Y_LT1
ISTAC:E30414A_000009,latest_audited_2026-09-28,2022,autonomous_community,canarias,De 5 a 14 años,total,discharges,237,237,,OBSERVED,ADMIT_WITH_LIMITATIONS,emh_resident_pediatric_v1,https://datos.canarias.es/api/estadisticas/statistical-resources/v1.0/datasets/ISTAC/E30414A_000009/~latest.csv,2026-09-24,Residentes canarios dados de alta en cualquier hospital nacional; diagnóstico principal y edad originales.,altas,appendix,Enfermedades del apéndice,1106,Y5T14
ISTAC:E30414A_000009,latest_audited_2026-09-28,2022,autonomous_community,canarias,De 1 a 4 años,total,discharges,12,12,,OBSERVED,ADMIT_WITH_LIMITATIONS,emh_resident_pediatric_v1,https://datos.canarias.es/api/estadisticas/statistical-resources/v1.0/datasets/ISTAC/E30414A_000009/~latest.csv,2026-09-24,Residentes canarios dados de alta en cualquier hospital nacional; diagnóstico principal y edad originales.,altas,appendix,Enfermedades del apéndice,1106,Y1T4
ISTAC:E30414A_000009,latest_audited_2026-09-28,2023,autonomous_community,canarias,Menor de 1 año,total,discharges,0,0,,OBSERVED,ADMIT_WITH_LIMITATIONS,emh_resident_pediatric_v1,https://datos.canarias.es/api/estadisticas/statistical-resources/v1.0/datasets/ISTAC/E30414A_000009/~latest.csv,2026-09-24,Residentes canarios dados de alta en cualquier hospital nacional; diagnóstico principal y edad originales.,altas,appendix,Enfermedades del apéndice,1106,Y_LT1
ISTAC:E30414A_000009,latest_audited_2026-09-28,2023,autonomous_community,canarias,De 5 a 14 años,total,discharges,279,279,,OBSERVED,ADMIT_WITH_LIMITATIONS,emh_resident_pediatric_v1,https://datos.canarias.es/api/estadisticas/statistical-resources/v1.0/datasets/ISTAC/E30414A_000009/~latest.csv,2026-09-24,Residentes canarios dados de alta en cualquier hospital nacional; diagnóstico principal y edad originales.,altas,appendix,Enfermedades del apéndice,1106,Y5T14
ISTAC:E30414A_000009,latest_audited_2026-09-28,2023,autonomous_community,canarias,De 1 a 4 años,total,discharges,10,10,,OBSERVED,ADMIT_WITH_LIMITATIONS,emh_resident_pediatric_v1,https://datos.canarias.es/api/estadisticas/statistical-resources/v1.0/datasets/ISTAC/E30414A_000009/~latest.csv,2026-09-24,Residentes canarios dados de alta en cualquier hospital nacional; diagnóstico principal y edad originales.,altas,appendix,Enfermedades del apéndice,1106,Y1T4
ISTAC:E30414A_000009,latest_audited_2026-09-28,2024,autonomous_community,canarias,Menor de 1 año,total,discharges,0,0,,OBSERVED,ADMIT_WITH_LIMITATIONS,emh_resident_pediatric_v1,https://datos.canarias.es/api/estadisticas/statistical-resources/v1.0/datasets/ISTAC/E30414A_000009/~latest.csv,2026-09-24,Residentes canarios dados de alta en cualquier hospital nacional; diagnóstico principal y edad originales.,altas,appendix,Enfermedades del apéndice,1106,Y_LT1
ISTAC:E30414A_000009,latest_audited_2026-09-28,2024,autonomous_community,canarias,De 5 a 14 años,total,discharges,249,249,,OBSERVED,ADMIT_WITH_LIMITATIONS,emh_resident_pediatric_v1,https://datos.canarias.es/api/estadisticas/statistical-resources/v1.0/datasets/ISTAC/E30414A_000009/~latest.csv,2026-09-24,Residentes canarios dados de alta en cualquier hospital nacional; diagnóstico principal y edad originales.,altas,appendix,Enfermedades del apéndice,1106,Y5T14
ISTAC:E30414A_000009,latest_audited_2026-09-28,2024,autonomous_community,canarias,De 1 a 4 años,total,discharges,15,15,,OBSERVED,ADMIT_WITH_LIMITATIONS,emh_resident_pediatric_v1,https://datos.canarias.es/api/estadisticas/statistical-resources/v1.0/datasets/ISTAC/E30414A_000009/~latest.csv,2026-09-24,Residentes canarios dados de alta en cualquier hospital nacional; diagnóstico principal y edad originales.,altas,appendix,Enfermedades del apéndice,1106,Y1T4
ISTAC:E30414A_000009,latest_audited_2026-09-28,2020,autonomous_community,canarias,Menor de 1 año,total,discharges,2,2,,OBSERVED,ADMIT_WITH_LIMITATIONS,emh_resident_pediatric_v1,https://datos.canarias.es/api/estadisticas/statistical-resources/v1.0/datasets/ISTAC/E30414A_000009/~latest.csv,2026-09-24,Residentes canarios dados de alta en cualquier hospital nacional; diagnóstico principal y edad originales.,altas,asthma,Asma,1007,Y_LT1
ISTAC:E30414A_000009,latest_audited_2026-09-28,2020,autonomous_community,canarias,De 5 a 14 años,total,discharges,90,90,,OBSERVED,ADMIT_WITH_LIMITATIONS,emh_resident_pediatric_v1,https://datos.canarias.es/api/estadisticas/statistical-resources/v1.0/datasets/ISTAC/E30414A_000009/~latest.csv,2026-09-24,Residentes canarios dados de alta en cualquier hospital nacional; diagnóstico principal y edad originales.,altas,asthma,Asma,1007,Y5T14
ISTAC:E30414A_000009,latest_audited_2026-09-28,2020,autonomous_community,canarias,De 1 a 4 años,total,discharges,83,83,,OBSERVED,ADMIT_WITH_LIMITATIONS,emh_resident_pediatric_v1,https://datos.canarias.es/api/estadisticas/statistical-resources/v1.0/datasets/ISTAC/E30414A_000009/~latest.csv,2026-09-24,Residentes canarios dados de alta en cualquier hospital nacional; diagnóstico principal y edad originales.,altas,asthma,Asma,1007,Y1T4
ISTAC:E30414A_000009,latest_audited_2026-09-28,2021,autonomous_community,canarias,Menor de 1 año,total,discharges,5,5,,OBSERVED,ADMIT_WITH_LIMITATIONS,emh_resident_pediatric_v1,https://datos.canarias.es/api/estadisticas/statistical-resources/v1.0/datasets/ISTAC/E30414A_000009/~latest.csv,2026-09-24,Residentes canarios dados de alta en cualquier hospital nacional; diagnóstico principal y edad originales.,altas,asthma,Asma,1007,Y_LT1
ISTAC:E30414A_000009,latest_audited_2026-09-28,2021,autonomous_community,canarias,De 5 a 14 años,total,discharges,62,62,,OBSERVED,ADMIT_WITH_LIMITATIONS,emh_resident_pediatric_v1,https://datos.canarias.es/api/estadisticas/statistical-resources/v1.0/datasets/ISTAC/E30414A_000009/~latest.csv,2026-09-24,Residentes canarios dados de alta en cualquier hospital nacional; diagnóstico principal y edad originales.,altas,asthma,Asma,1007,Y5T14
ISTAC:E30414A_000009,latest_audited_2026-09-28,2021,autonomous_community,canarias,De 1 a 4 años,total,discharges,94,94,,OBSERVED,ADMIT_WITH_LIMITATIONS,emh_resident_pediatric_v1,https://datos.canarias.es/api/estadisticas/statistical-resources/v1.0/datasets/ISTAC/E30414A_000009/~latest.csv,2026-09-24,Residentes canarios dados de alta en cualquier hospital nacional; diagnóstico principal y edad originales.,altas,asthma,Asma,1007,Y1T4
ISTAC:E30414A_000009,latest_audited_2026-09-28,2022,autonomous_community,canarias,Menor de 1 año,total,discharges,2,2,,OBSERVED,ADMIT_WITH_LIMITATIONS,emh_resident_pediatric_v1,https://datos.canarias.es/api/estadisticas/statistical-resources/v1.0/datasets/ISTAC/E30414A_000009/~latest.csv,2026-09-24,Residentes canarios dados de alta en cualquier hospital nacional; diagnóstico principal y edad originales.,altas,asthma,Asma,1007,Y_LT1
ISTAC:E30414A_000009,latest_audited_2026-09-28,2022,autonomous_community,canarias,De 5 a 14 años,total,discharges,144,144,,OBSERVED,ADMIT_WITH_LIMITATIONS,emh_resident_pediatric_v1,https://datos.canarias.es/api/estadisticas/statistical-resources/v1.0/datasets/ISTAC/E30414A_000009/~latest.csv,2026-09-24,Residentes canarios dados de alta en cualquier hospital nacional; diagnóstico principal y edad originales.,altas,asthma,Asma,1007,Y5T14
ISTAC:E30414A_000009,latest_audited_2026-09-28,2022,autonomous_community,canarias,De 1 a 4 años,total,discharges,97,97,,OBSERVED,ADMIT_WITH_LIMITATIONS,emh_resident_pediatric_v1,https://datos.canarias.es/api/estadisticas/statistical-resources/v1.0/datasets/ISTAC/E30414A_000009/~latest.csv,2026-09-24,Residentes canarios dados de alta en cualquier hospital nacional; diagnóstico principal y edad originales.,altas,asthma,Asma,1007,Y1T4
ISTAC:E30414A_000009,latest_audited_2026-09-28,2023,autonomous_community,canarias,Menor de 1 año,total,discharges,6,6,,OBSERVED,ADMIT_WITH_LIMITATIONS,emh_resident_pediatric_v1,https://datos.canarias.es/api/estadisticas/statistical-resources/v1.0/datasets/ISTAC/E30414A_000009/~latest.csv,2026-09-24,Residentes canarios dados de alta en cualquier hospital nacional; diagnóstico principal y edad originales.,altas,asthma,Asma,1007,Y_LT1
ISTAC:E30414A_000009,latest_audited_2026-09-28,2023,autonomous_community,canarias,De 5 a 14 años,total,discharges,119,119,,OBSERVED,ADMIT_WITH_LIMITATIONS,emh_resident_pediatric_v1,https://datos.canarias.es/api/estadisticas/statistical-resources/v1.0/datasets/ISTAC/E30414A_000009/~latest.csv,2026-09-24,Residentes canarios dados de alta en cualquier hospital nacional; diagnóstico principal y edad originales.,altas,asthma,Asma,1007,Y5T14
ISTAC:E30414A_000009,latest_audited_2026-09-28,2023,autonomous_community,canarias,De 1 a 4 años,total,discharges,62,62,,OBSERVED,ADMIT_WITH_LIMITATIONS,emh_resident_pediatric_v1,https://datos.canarias.es/api/estadisticas/statistical-resources/v1.0/datasets/ISTAC/E30414A_000009/~latest.csv,2026-09-24,Residentes canarios dados de alta en cualquier hospital nacional; diagnóstico principal y edad originales.,altas,asthma,Asma,1007,Y1T4
ISTAC:E30414A_000009,latest_audited_2026-09-28,2024,autonomous_community,canarias,Menor de 1 año,total,discharges,5,5,,OBSERVED,ADMIT_WITH_LIMITATIONS,emh_resident_pediatric_v1,https://datos.canarias.es/api/estadisticas/statistical-resources/v1.0/datasets/ISTAC/E30414A_000009/~latest.csv,2026-09-24,Residentes canarios dados de alta en cualquier hospital nacional; diagnóstico principal y edad originales.,altas,asthma,Asma,1007,Y_LT1
ISTAC:E30414A_000009,latest_audited_2026-09-28,2024,autonomous_community,canarias,De 5 a 14 años,total,discharges,136,136,,OBSERVED,ADMIT_WITH_LIMITATIONS,emh_resident_pediatric_v1,https://datos.canarias.es/api/estadisticas/statistical-resources/v1.0/datasets/ISTAC/E30414A_000009/~latest.csv,2026-09-24,Residentes canarios dados de alta en cualquier hospital nacional; diagnóstico principal y edad originales.,altas,asthma,Asma,1007,Y5T14
ISTAC:E30414A_000009,latest_audited_2026-09-28,2024,autonomous_community,canarias,De 1 a 4 años,total,discharges,75,75,,OBSERVED,ADMIT_WITH_LIMITATIONS,emh_resident_pediatric_v1,https://datos.canarias.es/api/estadisticas/statistical-resources/v1.0/datasets/ISTAC/E30414A_000009/~latest.csv,2026-09-24,Residentes canarios dados de alta en cualquier hospital nacional; diagnóstico principal y edad originales.,altas,asthma,Asma,1007,Y1T4
ISTAC:E30414A_000009,latest_audited_2026-09-28,2020,autonomous_community,canarias,Menor de 1 año,total,discharges,212,212,,OBSERVED,ADMIT_WITH_LIMITATIONS,emh_resident_pediatric_v1,https://datos.canarias.es/api/estadisticas/statistical-resources/v1.0/datasets/ISTAC/E30414A_000009/~latest.csv,2026-09-24,Residentes canarios dados de alta en cualquier hospital nacional; diagnóstico principal y edad originales.,altas,lower_respiratory,Infecciones respiratorias bajas,1003,Y_LT1
ISTAC:E30414A_000009,latest_audited_2026-09-28,2020,autonomous_community,canarias,De 5 a 14 años,total,discharges,37,37,,OBSERVED,ADMIT_WITH_LIMITATIONS,emh_resident_pediatric_v1,https://datos.canarias.es/api/estadisticas/statistical-resources/v1.0/datasets/ISTAC/E30414A_000009/~latest.csv,2026-09-24,Residentes canarios dados de alta en cualquier hospital nacional; diagnóstico principal y edad originales.,altas,lower_respiratory,Infecciones respiratorias bajas,1003,Y5T14
ISTAC:E30414A_000009,latest_audited_2026-09-28,2020,autonomous_community,canarias,De 1 a 4 años,total,discharges,129,129,,OBSERVED,ADMIT_WITH_LIMITATIONS,emh_resident_pediatric_v1,https://datos.canarias.es/api/estadisticas/statistical-resources/v1.0/datasets/ISTAC/E30414A_000009/~latest.csv,2026-09-24,Residentes canarios dados de alta en cualquier hospital nacional; diagnóstico principal y edad originales.,altas,lower_respiratory,Infecciones respiratorias bajas,1003,Y1T4
ISTAC:E30414A_000009,latest_audited_2026-09-28,2021,autonomous_community,canarias,Menor de 1 año,total,discharges,376,376,,OBSERVED,ADMIT_WITH_LIMITATIONS,emh_resident_pediatric_v1,https://datos.canarias.es/api/estadisticas/statistical-resources/v1.0/datasets/ISTAC/E30414A_000009/~latest.csv,2026-09-24,Residentes canarios dados de alta en cualquier hospital nacional; diagnóstico principal y edad originales.,altas,lower_respiratory,Infecciones respiratorias bajas,1003,Y_LT1
ISTAC:E30414A_000009,latest_audited_2026-09-28,2021,autonomous_community,canarias,De 5 a 14 años,total,discharges,22,22,,OBSERVED,ADMIT_WITH_LIMITATIONS,emh_resident_pediatric_v1,https://datos.canarias.es/api/estadisticas/statistical-resources/v1.0/datasets/ISTAC/E30414A_000009/~latest.csv,2026-09-24,Residentes canarios dados de alta en cualquier hospital nacional; diagnóstico principal y edad originales.,altas,lower_respiratory,Infecciones respiratorias bajas,1003,Y5T14
ISTAC:E30414A_000009,latest_audited_2026-09-28,2021,autonomous_community,canarias,De 1 a 4 años,total,discharges,252,252,,OBSERVED,ADMIT_WITH_LIMITATIONS,emh_resident_pediatric_v1,https://datos.canarias.es/api/estadisticas/statistical-resources/v1.0/datasets/ISTAC/E30414A_000009/~latest.csv,2026-09-24,Residentes canarios dados de alta en cualquier hospital nacional; diagnóstico principal y edad originales.,altas,lower_respiratory,Infecciones respiratorias bajas,1003,Y1T4
ISTAC:E30414A_000009,latest_audited_2026-09-28,2022,autonomous_community,canarias,Menor de 1 año,total,discharges,578,578,,OBSERVED,ADMIT_WITH_LIMITATIONS,emh_resident_pediatric_v1,https://datos.canarias.es/api/estadisticas/statistical-resources/v1.0/datasets/ISTAC/E30414A_000009/~latest.csv,2026-09-24,Residentes canarios dados de alta en cualquier hospital nacional; diagnóstico principal y edad originales.,altas,lower_respiratory,Infecciones respiratorias bajas,1003,Y_LT1
ISTAC:E30414A_000009,latest_audited_2026-09-28,2022,autonomous_community,canarias,De 5 a 14 años,total,discharges,77,77,,OBSERVED,ADMIT_WITH_LIMITATIONS,emh_resident_pediatric_v1,https://datos.canarias.es/api/estadisticas/statistical-resources/v1.0/datasets/ISTAC/E30414A_000009/~latest.csv,2026-09-24,Residentes canarios dados de alta en cualquier hospital nacional; diagnóstico principal y edad originales.,altas,lower_respiratory,Infecciones respiratorias bajas,1003,Y5T14
ISTAC:E30414A_000009,latest_audited_2026-09-28,2022,autonomous_community,canarias,De 1 a 4 años,total,discharges,323,323,,OBSERVED,ADMIT_WITH_LIMITATIONS,emh_resident_pediatric_v1,https://datos.canarias.es/api/estadisticas/statistical-resources/v1.0/datasets/ISTAC/E30414A_000009/~latest.csv,2026-09-24,Residentes canarios dados de alta en cualquier hospital nacional; diagnóstico principal y edad originales.,altas,lower_respiratory,Infecciones respiratorias bajas,1003,Y1T4
ISTAC:E30414A_000009,latest_audited_2026-09-28,2023,autonomous_community,canarias,Menor de 1 año,total,discharges,476,476,,OBSERVED,ADMIT_WITH_LIMITATIONS,emh_resident_pediatric_v1,https://datos.canarias.es/api/estadisticas/statistical-resources/v1.0/datasets/ISTAC/E30414A_000009/~latest.csv,2026-09-24,Residentes canarios dados de alta en cualquier hospital nacional; diagnóstico principal y edad originales.,altas,lower_respiratory,Infecciones respiratorias bajas,1003,Y_LT1
ISTAC:E30414A_000009,latest_audited_2026-09-28,2023,autonomous_community,canarias,De 5 a 14 años,total,discharges,89,89,,OBSERVED,ADMIT_WITH_LIMITATIONS,emh_resident_pediatric_v1,https://datos.canarias.es/api/estadisticas/statistical-resources/v1.0/datasets/ISTAC/E30414A_000009/~latest.csv,2026-09-24,Residentes canarios dados de alta en cualquier hospital nacional; diagnóstico principal y edad originales.,altas,lower_respiratory,Infecciones respiratorias bajas,1003,Y5T14
ISTAC:E30414A_000009,latest_audited_2026-09-28,2023,autonomous_community,canarias,De 1 a 4 años,total,discharges,297,297,,OBSERVED,ADMIT_WITH_LIMITATIONS,emh_resident_pediatric_v1,https://datos.canarias.es/api/estadisticas/statistical-resources/v1.0/datasets/ISTAC/E30414A_000009/~latest.csv,2026-09-24,Residentes canarios dados de alta en cualquier hospital nacional; diagnóstico principal y edad originales.,altas,lower_respiratory,Infecciones respiratorias bajas,1003,Y1T4
ISTAC:E30414A_000009,latest_audited_2026-09-28,2024,autonomous_community,canarias,Menor de 1 año,total,discharges,243,243,,OBSERVED,ADMIT_WITH_LIMITATIONS,emh_resident_pediatric_v1,https://datos.canarias.es/api/estadisticas/statistical-resources/v1.0/datasets/ISTAC/E30414A_000009/~latest.csv,2026-09-24,Residentes canarios dados de alta en cualquier hospital nacional; diagnóstico principal y edad originales.,altas,lower_respiratory,Infecciones respiratorias bajas,1003,Y_LT1
ISTAC:E30414A_000009,latest_audited_2026-09-28,2024,autonomous_community,canarias,De 5 a 14 años,total,discharges,88,88,,OBSERVED,ADMIT_WITH_LIMITATIONS,emh_resident_pediatric_v1,https://datos.canarias.es/api/estadisticas/statistical-resources/v1.0/datasets/ISTAC/E30414A_000009/~latest.csv,2026-09-24,Residentes canarios dados de alta en cualquier hospital nacional; diagnóstico principal y edad originales.,altas,lower_respiratory,Infecciones respiratorias bajas,1003,Y5T14
ISTAC:E30414A_000009,latest_audited_2026-09-28,2024,autonomous_community,canarias,De 1 a 4 años,total,discharges,201,201,,OBSERVED,ADMIT_WITH_LIMITATIONS,emh_resident_pediatric_v1,https://datos.canarias.es/api/estadisticas/statistical-resources/v1.0/datasets/ISTAC/E30414A_000009/~latest.csv,2026-09-24,Residentes canarios dados de alta en cualquier hospital nacional; diagnóstico principal y edad originales.,altas,lower_respiratory,Infecciones respiratorias bajas,1003,Y1T4
ISTAC:E30414A_000009,latest_audited_2026-09-28,2020,autonomous_community,canarias,Menor de 1 año,total,discharges,43,43,,OBSERVED,ADMIT_WITH_LIMITATIONS,emh_resident_pediatric_v1,https://datos.canarias.es/api/estadisticas/statistical-resources/v1.0/datasets/ISTAC/E30414A_000009/~latest.csv,2026-09-24,Residentes canarios dados de alta en cualquier hospital nacional; diagnóstico principal y edad originales.,altas,pneumonia,Neumonía,1002,Y_LT1
ISTAC:E30414A_000009,latest_audited_2026-09-28,2020,autonomous_community,canarias,De 5 a 14 años,total,discharges,67,67,,OBSERVED,ADMIT_WITH_LIMITATIONS,emh_resident_pediatric_v1,https://datos.canarias.es/api/estadisticas/statistical-resources/v1.0/datasets/ISTAC/E30414A_000009/~latest.csv,2026-09-24,Residentes canarios dados de alta en cualquier hospital nacional; diagnóstico principal y edad originales.,altas,pneumonia,Neumonía,1002,Y5T14
ISTAC:E30414A_000009,latest_audited_2026-09-28,2020,autonomous_community,canarias,De 1 a 4 años,total,discharges,121,121,,OBSERVED,ADMIT_WITH_LIMITATIONS,emh_resident_pediatric_v1,https://datos.canarias.es/api/estadisticas/statistical-resources/v1.0/datasets/ISTAC/E30414A_000009/~latest.csv,2026-09-24,Residentes canarios dados de alta en cualquier hospital nacional; diagnóstico principal y edad originales.,altas,pneumonia,Neumonía,1002,Y1T4
ISTAC:E30414A_000009,latest_audited_2026-09-28,2021,autonomous_community,canarias,Menor de 1 año,total,discharges,24,24,,OBSERVED,ADMIT_WITH_LIMITATIONS,emh_resident_pediatric_v1,https://datos.canarias.es/api/estadisticas/statistical-resources/v1.0/datasets/ISTAC/E30414A_000009/~latest.csv,2026-09-24,Residentes canarios dados de alta en cualquier hospital nacional; diagnóstico principal y edad originales.,altas,pneumonia,Neumonía,1002,Y_LT1
ISTAC:E30414A_000009,latest_audited_2026-09-28,2021,autonomous_community,canarias,De 5 a 14 años,total,discharges,34,34,,OBSERVED,ADMIT_WITH_LIMITATIONS,emh_resident_pediatric_v1,https://datos.canarias.es/api/estadisticas/statistical-resources/v1.0/datasets/ISTAC/E30414A_000009/~latest.csv,2026-09-24,Residentes canarios dados de alta en cualquier hospital nacional; diagnóstico principal y edad originales.,altas,pneumonia,Neumonía,1002,Y5T14
ISTAC:E30414A_000009,latest_audited_2026-09-28,2021,autonomous_community,canarias,De 1 a 4 años,total,discharges,201,201,,OBSERVED,ADMIT_WITH_LIMITATIONS,emh_resident_pediatric_v1,https://datos.canarias.es/api/estadisticas/statistical-resources/v1.0/datasets/ISTAC/E30414A_000009/~latest.csv,2026-09-24,Residentes canarios dados de alta en cualquier hospital nacional; diagnóstico principal y edad originales.,altas,pneumonia,Neumonía,1002,Y1T4
ISTAC:E30414A_000009,latest_audited_2026-09-28,2022,autonomous_community,canarias,Menor de 1 año,total,discharges,85,85,,OBSERVED,ADMIT_WITH_LIMITATIONS,emh_resident_pediatric_v1,https://datos.canarias.es/api/estadisticas/statistical-resources/v1.0/datasets/ISTAC/E30414A_000009/~latest.csv,2026-09-24,Residentes canarios dados de alta en cualquier hospital nacional; diagnóstico principal y edad originales.,altas,pneumonia,Neumonía,1002,Y_LT1
ISTAC:E30414A_000009,latest_audited_2026-09-28,2022,autonomous_community,canarias,De 5 a 14 años,total,discharges,90,90,,OBSERVED,ADMIT_WITH_LIMITATIONS,emh_resident_pediatric_v1,https://datos.canarias.es/api/estadisticas/statistical-resources/v1.0/datasets/ISTAC/E30414A_000009/~latest.csv,2026-09-24,Residentes canarios dados de alta en cualquier hospital nacional; diagnóstico principal y edad originales.,altas,pneumonia,Neumonía,1002,Y5T14
ISTAC:E30414A_000009,latest_audited_2026-09-28,2022,autonomous_community,canarias,De 1 a 4 años,total,discharges,353,353,,OBSERVED,ADMIT_WITH_LIMITATIONS,emh_resident_pediatric_v1,https://datos.canarias.es/api/estadisticas/statistical-resources/v1.0/datasets/ISTAC/E30414A_000009/~latest.csv,2026-09-24,Residentes canarios dados de alta en cualquier hospital nacional; diagnóstico principal y edad originales.,altas,pneumonia,Neumonía,1002,Y1T4
ISTAC:E30414A_000009,latest_audited_2026-09-28,2023,autonomous_community,canarias,Menor de 1 año,total,discharges,91,91,,OBSERVED,ADMIT_WITH_LIMITATIONS,emh_resident_pediatric_v1,https://datos.canarias.es/api/estadisticas/statistical-resources/v1.0/datasets/ISTAC/E30414A_000009/~latest.csv,2026-09-24,Residentes canarios dados de alta en cualquier hospital nacional; diagnóstico principal y edad originales.,altas,pneumonia,Neumonía,1002,Y_LT1
ISTAC:E30414A_000009,latest_audited_2026-09-28,2023,autonomous_community,canarias,De 5 a 14 años,total,discharges,131,131,,OBSERVED,ADMIT_WITH_LIMITATIONS,emh_resident_pediatric_v1,https://datos.canarias.es/api/estadisticas/statistical-resources/v1.0/datasets/ISTAC/E30414A_000009/~latest.csv,2026-09-24,Residentes canarios dados de alta en cualquier hospital nacional; diagnóstico principal y edad originales.,altas,pneumonia,Neumonía,1002,Y5T14
ISTAC:E30414A_000009,latest_audited_2026-09-28,2023,autonomous_community,canarias,De 1 a 4 años,total,discharges,357,357,,OBSERVED,ADMIT_WITH_LIMITATIONS,emh_resident_pediatric_v1,https://datos.canarias.es/api/estadisticas/statistical-resources/v1.0/datasets/ISTAC/E30414A_000009/~latest.csv,2026-09-24,Residentes canarios dados de alta en cualquier hospital nacional; diagnóstico principal y edad originales.,altas,pneumonia,Neumonía,1002,Y1T4
ISTAC:E30414A_000009,latest_audited_2026-09-28,2024,autonomous_community,canarias,Menor de 1 año,total,discharges,53,53,,OBSERVED,ADMIT_WITH_LIMITATIONS,emh_resident_pediatric_v1,https://datos.canarias.es/api/estadisticas/statistical-resources/v1.0/datasets/ISTAC/E30414A_000009/~latest.csv,2026-09-24,Residentes canarios dados de alta en cualquier hospital nacional; diagnóstico principal y edad originales.,altas,pneumonia,Neumonía,1002,Y_LT1
ISTAC:E30414A_000009,latest_audited_2026-09-28,2024,autonomous_community,canarias,De 5 a 14 años,total,discharges,300,300,,OBSERVED,ADMIT_WITH_LIMITATIONS,emh_resident_pediatric_v1,https://datos.canarias.es/api/estadisticas/statistical-resources/v1.0/datasets/ISTAC/E30414A_000009/~latest.csv,2026-09-24,Residentes canarios dados de alta en cualquier hospital nacional; diagnóstico principal y edad originales.,altas,pneumonia,Neumonía,1002,Y5T14
ISTAC:E30414A_000009,latest_audited_2026-09-28,2024,autonomous_community,canarias,De 1 a 4 años,total,discharges,385,385,,OBSERVED,ADMIT_WITH_LIMITATIONS,emh_resident_pediatric_v1,https://datos.canarias.es/api/estadisticas/statistical-resources/v1.0/datasets/ISTAC/E30414A_000009/~latest.csv,2026-09-24,Residentes canarios dados de alta en cualquier hospital nacional; diagnóstico principal y edad originales.,altas,pneumonia,Neumonía,1002,Y1T4
ISTAC:E30414A_000009,latest_audited_2026-09-28,2020,autonomous_community,canarias,Menor de 1 año,total,discharges,17,17,,OBSERVED,ADMIT_WITH_LIMITATIONS,emh_resident_pediatric_v1,https://datos.canarias.es/api/estadisticas/statistical-resources/v1.0/datasets/ISTAC/E30414A_000009/~latest.csv,2026-09-24,Residentes canarios dados de alta en cualquier hospital nacional; diagnóstico principal y edad originales.,altas,epilepsy,Epilepsia,0603,Y_LT1
ISTAC:E30414A_000009,latest_audited_2026-09-28,2020,autonomous_community,canarias,De 5 a 14 años,total,discharges,64,64,,OBSERVED,ADMIT_WITH_LIMITATIONS,emh_resident_pediatric_v1,https://datos.canarias.es/api/estadisticas/statistical-resources/v1.0/datasets/ISTAC/E30414A_000009/~latest.csv,2026-09-24,Residentes canarios dados de alta en cualquier hospital nacional; diagnóstico principal y edad originales.,altas,epilepsy,Epilepsia,0603,Y5T14
ISTAC:E30414A_000009,latest_audited_2026-09-28,2020,autonomous_community,canarias,De 1 a 4 años,total,discharges,33,33,,OBSERVED,ADMIT_WITH_LIMITATIONS,emh_resident_pediatric_v1,https://datos.canarias.es/api/estadisticas/statistical-resources/v1.0/datasets/ISTAC/E30414A_000009/~latest.csv,2026-09-24,Residentes canarios dados de alta en cualquier hospital nacional; diagnóstico principal y edad originales.,altas,epilepsy,Epilepsia,0603,Y1T4
ISTAC:E30414A_000009,latest_audited_2026-09-28,2021,autonomous_community,canarias,Menor de 1 año,total,discharges,17,17,,OBSERVED,ADMIT_WITH_LIMITATIONS,emh_resident_pediatric_v1,https://datos.canarias.es/api/estadisticas/statistical-resources/v1.0/datasets/ISTAC/E30414A_000009/~latest.csv,2026-09-24,Residentes canarios dados de alta en cualquier hospital nacional; diagnóstico principal y edad originales.,altas,epilepsy,Epilepsia,0603,Y_LT1
ISTAC:E30414A_000009,latest_audited_2026-09-28,2021,autonomous_community,canarias,De 5 a 14 años,total,discharges,66.36,66.36,,OBSERVED,ADMIT_WITH_LIMITATIONS,emh_resident_pediatric_v1,https://datos.canarias.es/api/estadisticas/statistical-resources/v1.0/datasets/ISTAC/E30414A_000009/~latest.csv,2026-09-24,Residentes canarios dados de alta en cualquier hospital nacional; diagnóstico principal y edad originales.,altas,epilepsy,Epilepsia,0603,Y5T14
ISTAC:E30414A_000009,latest_audited_2026-09-28,2021,autonomous_community,canarias,De 1 a 4 años,total,discharges,56.32,56.32,,OBSERVED,ADMIT_WITH_LIMITATIONS,emh_resident_pediatric_v1,https://datos.canarias.es/api/estadisticas/statistical-resources/v1.0/datasets/ISTAC/E30414A_000009/~latest.csv,2026-09-24,Residentes canarios dados de alta en cualquier hospital nacional; diagnóstico principal y edad originales.,altas,epilepsy,Epilepsia,0603,Y1T4
ISTAC:E30414A_000009,latest_audited_2026-09-28,2022,autonomous_community,canarias,Menor de 1 año,total,discharges,7,7,,OBSERVED,ADMIT_WITH_LIMITATIONS,emh_resident_pediatric_v1,https://datos.canarias.es/api/estadisticas/statistical-resources/v1.0/datasets/ISTAC/E30414A_000009/~latest.csv,2026-09-24,Residentes canarios dados de alta en cualquier hospital nacional; diagnóstico principal y edad originales.,altas,epilepsy,Epilepsia,0603,Y_LT1
ISTAC:E30414A_000009,latest_audited_2026-09-28,2022,autonomous_community,canarias,De 5 a 14 años,total,discharges,62,62,,OBSERVED,ADMIT_WITH_LIMITATIONS,emh_resident_pediatric_v1,https://datos.canarias.es/api/estadisticas/statistical-resources/v1.0/datasets/ISTAC/E30414A_000009/~latest.csv,2026-09-24,Residentes canarios dados de alta en cualquier hospital nacional; diagnóstico principal y edad originales.,altas,epilepsy,Epilepsia,0603,Y5T14
ISTAC:E30414A_000009,latest_audited_2026-09-28,2022,autonomous_community,canarias,De 1 a 4 años,total,discharges,46,46,,OBSERVED,ADMIT_WITH_LIMITATIONS,emh_resident_pediatric_v1,https://datos.canarias.es/api/estadisticas/statistical-resources/v1.0/datasets/ISTAC/E30414A_000009/~latest.csv,2026-09-24,Residentes canarios dados de alta en cualquier hospital nacional; diagnóstico principal y edad originales.,altas,epilepsy,Epilepsia,0603,Y1T4
ISTAC:E30414A_000009,latest_audited_2026-09-28,2023,autonomous_community,canarias,Menor de 1 año,total,discharges,21,21,,OBSERVED,ADMIT_WITH_LIMITATIONS,emh_resident_pediatric_v1,https://datos.canarias.es/api/estadisticas/statistical-resources/v1.0/datasets/ISTAC/E30414A_000009/~latest.csv,2026-09-24,Residentes canarios dados de alta en cualquier hospital nacional; diagnóstico principal y edad originales.,altas,epilepsy,Epilepsia,0603,Y_LT1
ISTAC:E30414A_000009,latest_audited_2026-09-28,2023,autonomous_community,canarias,De 5 a 14 años,total,discharges,62,62,,OBSERVED,ADMIT_WITH_LIMITATIONS,emh_resident_pediatric_v1,https://datos.canarias.es/api/estadisticas/statistical-resources/v1.0/datasets/ISTAC/E30414A_000009/~latest.csv,2026-09-24,Residentes canarios dados de alta en cualquier hospital nacional; diagnóstico principal y edad originales.,altas,epilepsy,Epilepsia,0603,Y5T14
ISTAC:E30414A_000009,latest_audited_2026-09-28,2023,autonomous_community,canarias,De 1 a 4 años,total,discharges,47,47,,OBSERVED,ADMIT_WITH_LIMITATIONS,emh_resident_pediatric_v1,https://datos.canarias.es/api/estadisticas/statistical-resources/v1.0/datasets/ISTAC/E30414A_000009/~latest.csv,2026-09-24,Residentes canarios dados de alta en cualquier hospital nacional; diagnóstico principal y edad originales.,altas,epilepsy,Epilepsia,0603,Y1T4
ISTAC:E30414A_000009,latest_audited_2026-09-28,2024,autonomous_community,canarias,Menor de 1 año,total,discharges,13,13,,OBSERVED,ADMIT_WITH_LIMITATIONS,emh_resident_pediatric_v1,https://datos.canarias.es/api/estadisticas/statistical-resources/v1.0/datasets/ISTAC/E30414A_000009/~latest.csv,2026-09-24,Residentes canarios dados de alta en cualquier hospital nacional; diagnóstico principal y edad originales.,altas,epilepsy,Epilepsia,0603,Y_LT1
ISTAC:E30414A_000009,latest_audited_2026-09-28,2024,autonomous_community,canarias,De 5 a 14 años,total,discharges,84,84,,OBSERVED,ADMIT_WITH_LIMITATIONS,emh_resident_pediatric_v1,https://datos.canarias.es/api/estadisticas/statistical-resources/v1.0/datasets/ISTAC/E30414A_000009/~latest.csv,2026-09-24,Residentes canarios dados de alta en cualquier hospital nacional; diagnóstico principal y edad originales.,altas,epilepsy,Epilepsia,0603,Y5T14
ISTAC:E30414A_000009,latest_audited_2026-09-28,2024,autonomous_community,canarias,De 1 a 4 años,total,discharges,29,29,,OBSERVED,ADMIT_WITH_LIMITATIONS,emh_resident_pediatric_v1,https://datos.canarias.es/api/estadisticas/statistical-resources/v1.0/datasets/ISTAC/E30414A_000009/~latest.csv,2026-09-24,Residentes canarios dados de alta en cualquier hospital nacional; diagnóstico principal y edad originales.,altas,epilepsy,Epilepsia,0603,Y1T4
ISTAC:E30414A_000009,latest_audited_2026-09-28,2020,autonomous_community,canarias,Menor de 1 año,total,discharges,2,2,,OBSERVED,ADMIT_WITH_LIMITATIONS,emh_resident_pediatric_v1,https://datos.canarias.es/api/estadisticas/statistical-resources/v1.0/datasets/ISTAC/E30414A_000009/~latest.csv,2026-09-24,Residentes canarios dados de alta en cualquier hospital nacional; diagnóstico principal y edad originales.,altas,mental_health,Salud mental,0500,Y_LT1
ISTAC:E30414A_000009,latest_audited_2026-09-28,2020,autonomous_community,canarias,De 5 a 14 años,total,discharges,86,86,,OBSERVED,ADMIT_WITH_LIMITATIONS,emh_resident_pediatric_v1,https://datos.canarias.es/api/estadisticas/statistical-resources/v1.0/datasets/ISTAC/E30414A_000009/~latest.csv,2026-09-24,Residentes canarios dados de alta en cualquier hospital nacional; diagnóstico principal y edad originales.,altas,mental_health,Salud mental,0500,Y5T14
ISTAC:E30414A_000009,latest_audited_2026-09-28,2020,autonomous_community,canarias,De 1 a 4 años,total,discharges,4,4,,OBSERVED,ADMIT_WITH_LIMITATIONS,emh_resident_pediatric_v1,https://datos.canarias.es/api/estadisticas/statistical-resources/v1.0/datasets/ISTAC/E30414A_000009/~latest.csv,2026-09-24,Residentes canarios dados de alta en cualquier hospital nacional; diagnóstico principal y edad originales.,altas,mental_health,Salud mental,0500,Y1T4
ISTAC:E30414A_000009,latest_audited_2026-09-28,2021,autonomous_community,canarias,Menor de 1 año,total,discharges,2,2,,OBSERVED,ADMIT_WITH_LIMITATIONS,emh_resident_pediatric_v1,https://datos.canarias.es/api/estadisticas/statistical-resources/v1.0/datasets/ISTAC/E30414A_000009/~latest.csv,2026-09-24,Residentes canarios dados de alta en cualquier hospital nacional; diagnóstico principal y edad originales.,altas,mental_health,Salud mental,0500,Y_LT1
ISTAC:E30414A_000009,latest_audited_2026-09-28,2021,autonomous_community,canarias,De 5 a 14 años,total,discharges,112,112,,OBSERVED,ADMIT_WITH_LIMITATIONS,emh_resident_pediatric_v1,https://datos.canarias.es/api/estadisticas/statistical-resources/v1.0/datasets/ISTAC/E30414A_000009/~latest.csv,2026-09-24,Residentes canarios dados de alta en cualquier hospital nacional; diagnóstico principal y edad originales.,altas,mental_health,Salud mental,0500,Y5T14
ISTAC:E30414A_000009,latest_audited_2026-09-28,2021,autonomous_community,canarias,De 1 a 4 años,total,discharges,4,4,,OBSERVED,ADMIT_WITH_LIMITATIONS,emh_resident_pediatric_v1,https://datos.canarias.es/api/estadisticas/statistical-resources/v1.0/datasets/ISTAC/E30414A_000009/~latest.csv,2026-09-24,Residentes canarios dados de alta en cualquier hospital nacional; diagnóstico principal y edad originales.,altas,mental_health,Salud mental,0500,Y1T4
ISTAC:E30414A_000009,latest_audited_2026-09-28,2022,autonomous_community,canarias,Menor de 1 año,total,discharges,2,2,,OBSERVED,ADMIT_WITH_LIMITATIONS,emh_resident_pediatric_v1,https://datos.canarias.es/api/estadisticas/statistical-resources/v1.0/datasets/ISTAC/E30414A_000009/~latest.csv,2026-09-24,Residentes canarios dados de alta en cualquier hospital nacional; diagnóstico principal y edad originales.,altas,mental_health,Salud mental,0500,Y_LT1
ISTAC:E30414A_000009,latest_audited_2026-09-28,2022,autonomous_community,canarias,De 5 a 14 años,total,discharges,104,104,,OBSERVED,ADMIT_WITH_LIMITATIONS,emh_resident_pediatric_v1,https://datos.canarias.es/api/estadisticas/statistical-resources/v1.0/datasets/ISTAC/E30414A_000009/~latest.csv,2026-09-24,Residentes canarios dados de alta en cualquier hospital nacional; diagnóstico principal y edad originales.,altas,mental_health,Salud mental,0500,Y5T14
ISTAC:E30414A_000009,latest_audited_2026-09-28,2022,autonomous_community,canarias,De 1 a 4 años,total,discharges,3,3,,OBSERVED,ADMIT_WITH_LIMITATIONS,emh_resident_pediatric_v1,https://datos.canarias.es/api/estadisticas/statistical-resources/v1.0/datasets/ISTAC/E30414A_000009/~latest.csv,2026-09-24,Residentes canarios dados de alta en cualquier hospital nacional; diagnóstico principal y edad originales.,altas,mental_health,Salud mental,0500,Y1T4
ISTAC:E30414A_000009,latest_audited_2026-09-28,2023,autonomous_community,canarias,Menor de 1 año,total,discharges,0,0,,OBSERVED,ADMIT_WITH_LIMITATIONS,emh_resident_pediatric_v1,https://datos.canarias.es/api/estadisticas/statistical-resources/v1.0/datasets/ISTAC/E30414A_000009/~latest.csv,2026-09-24,Residentes canarios dados de alta en cualquier hospital nacional; diagnóstico principal y edad originales.,altas,mental_health,Salud mental,0500,Y_LT1
ISTAC:E30414A_000009,latest_audited_2026-09-28,2023,autonomous_community,canarias,De 5 a 14 años,total,discharges,84,84,,OBSERVED,ADMIT_WITH_LIMITATIONS,emh_resident_pediatric_v1,https://datos.canarias.es/api/estadisticas/statistical-resources/v1.0/datasets/ISTAC/E30414A_000009/~latest.csv,2026-09-24,Residentes canarios dados de alta en cualquier hospital nacional; diagnóstico principal y edad originales.,altas,mental_health,Salud mental,0500,Y5T14
ISTAC:E30414A_000009,latest_audited_2026-09-28,2023,autonomous_community,canarias,De 1 a 4 años,total,discharges,2,2,,OBSERVED,ADMIT_WITH_LIMITATIONS,emh_resident_pediatric_v1,https://datos.canarias.es/api/estadisticas/statistical-resources/v1.0/datasets/ISTAC/E30414A_000009/~latest.csv,2026-09-24,Residentes canarios dados de alta en cualquier hospital nacional; diagnóstico principal y edad originales.,altas,mental_health,Salud mental,0500,Y1T4
ISTAC:E30414A_000009,latest_audited_2026-09-28,2024,autonomous_community,canarias,Menor de 1 año,total,discharges,4,4,,OBSERVED,ADMIT_WITH_LIMITATIONS,emh_resident_pediatric_v1,https://datos.canarias.es/api/estadisticas/statistical-resources/v1.0/datasets/ISTAC/E30414A_000009/~latest.csv,2026-09-24,Residentes canarios dados de alta en cualquier hospital nacional; diagnóstico principal y edad originales.,altas,mental_health,Salud mental,0500,Y_LT1
ISTAC:E30414A_000009,latest_audited_2026-09-28,2024,autonomous_community,canarias,De 5 a 14 años,total,discharges,106,106,,OBSERVED,ADMIT_WITH_LIMITATIONS,emh_resident_pediatric_v1,https://datos.canarias.es/api/estadisticas/statistical-resources/v1.0/datasets/ISTAC/E30414A_000009/~latest.csv,2026-09-24,Residentes canarios dados de alta en cualquier hospital nacional; diagnóstico principal y edad originales.,altas,mental_health,Salud mental,0500,Y5T14
ISTAC:E30414A_000009,latest_audited_2026-09-28,2024,autonomous_community,canarias,De 1 a 4 años,total,discharges,10,10,,OBSERVED,ADMIT_WITH_LIMITATIONS,emh_resident_pediatric_v1,https://datos.canarias.es/api/estadisticas/statistical-resources/v1.0/datasets/ISTAC/E30414A_000009/~latest.csv,2026-09-24,Residentes canarios dados de alta en cualquier hospital nacional; diagnóstico principal y edad originales.,altas,mental_health,Salud mental,0500,Y1T4
ISTAC:E30414A_000009,latest_audited_2026-09-28,2020,autonomous_community,canarias,Menor de 1 año,total,discharges,2,2,,OBSERVED,ADMIT_WITH_LIMITATIONS,emh_resident_pediatric_v1,https://datos.canarias.es/api/estadisticas/statistical-resources/v1.0/datasets/ISTAC/E30414A_000009/~latest.csv,2026-09-24,Residentes canarios dados de alta en cualquier hospital nacional; diagnóstico principal y edad originales.,altas,diabetes,Diabetes,0401,Y_LT1
ISTAC:E30414A_000009,latest_audited_2026-09-28,2020,autonomous_community,canarias,De 5 a 14 años,total,discharges,111,111,,OBSERVED,ADMIT_WITH_LIMITATIONS,emh_resident_pediatric_v1,https://datos.canarias.es/api/estadisticas/statistical-resources/v1.0/datasets/ISTAC/E30414A_000009/~latest.csv,2026-09-24,Residentes canarios dados de alta en cualquier hospital nacional; diagnóstico principal y edad originales.,altas,diabetes,Diabetes,0401,Y5T14
ISTAC:E30414A_000009,latest_audited_2026-09-28,2020,autonomous_community,canarias,De 1 a 4 años,total,discharges,21,21,,OBSERVED,ADMIT_WITH_LIMITATIONS,emh_resident_pediatric_v1,https://datos.canarias.es/api/estadisticas/statistical-resources/v1.0/datasets/ISTAC/E30414A_000009/~latest.csv,2026-09-24,Residentes canarios dados de alta en cualquier hospital nacional; diagnóstico principal y edad originales.,altas,diabetes,Diabetes,0401,Y1T4
ISTAC:E30414A_000009,latest_audited_2026-09-28,2021,autonomous_community,canarias,Menor de 1 año,total,discharges,2,2,,OBSERVED,ADMIT_WITH_LIMITATIONS,emh_resident_pediatric_v1,https://datos.canarias.es/api/estadisticas/statistical-resources/v1.0/datasets/ISTAC/E30414A_000009/~latest.csv,2026-09-24,Residentes canarios dados de alta en cualquier hospital nacional; diagnóstico principal y edad originales.,altas,diabetes,Diabetes,0401,Y_LT1
ISTAC:E30414A_000009,latest_audited_2026-09-28,2021,autonomous_community,canarias,De 5 a 14 años,total,discharges,127,127,,OBSERVED,ADMIT_WITH_LIMITATIONS,emh_resident_pediatric_v1,https://datos.canarias.es/api/estadisticas/statistical-resources/v1.0/datasets/ISTAC/E30414A_000009/~latest.csv,2026-09-24,Residentes canarios dados de alta en cualquier hospital nacional; diagnóstico principal y edad originales.,altas,diabetes,Diabetes,0401,Y5T14
ISTAC:E30414A_000009,latest_audited_2026-09-28,2021,autonomous_community,canarias,De 1 a 4 años,total,discharges,29,29,,OBSERVED,ADMIT_WITH_LIMITATIONS,emh_resident_pediatric_v1,https://datos.canarias.es/api/estadisticas/statistical-resources/v1.0/datasets/ISTAC/E30414A_000009/~latest.csv,2026-09-24,Residentes canarios dados de alta en cualquier hospital nacional; diagnóstico principal y edad originales.,altas,diabetes,Diabetes,0401,Y1T4
ISTAC:E30414A_000009,latest_audited_2026-09-28,2022,autonomous_community,canarias,Menor de 1 año,total,discharges,2,2,,OBSERVED,ADMIT_WITH_LIMITATIONS,emh_resident_pediatric_v1,https://datos.canarias.es/api/estadisticas/statistical-resources/v1.0/datasets/ISTAC/E30414A_000009/~latest.csv,2026-09-24,Residentes canarios dados de alta en cualquier hospital nacional; diagnóstico principal y edad originales.,altas,diabetes,Diabetes,0401,Y_LT1
ISTAC:E30414A_000009,latest_audited_2026-09-28,2022,autonomous_community,canarias,De 5 a 14 años,total,discharges,144,144,,OBSERVED,ADMIT_WITH_LIMITATIONS,emh_resident_pediatric_v1,https://datos.canarias.es/api/estadisticas/statistical-resources/v1.0/datasets/ISTAC/E30414A_000009/~latest.csv,2026-09-24,Residentes canarios dados de alta en cualquier hospital nacional; diagnóstico principal y edad originales.,altas,diabetes,Diabetes,0401,Y5T14
ISTAC:E30414A_000009,latest_audited_2026-09-28,2022,autonomous_community,canarias,De 1 a 4 años,total,discharges,29,29,,OBSERVED,ADMIT_WITH_LIMITATIONS,emh_resident_pediatric_v1,https://datos.canarias.es/api/estadisticas/statistical-resources/v1.0/datasets/ISTAC/E30414A_000009/~latest.csv,2026-09-24,Residentes canarios dados de alta en cualquier hospital nacional; diagnóstico principal y edad originales.,altas,diabetes,Diabetes,0401,Y1T4
ISTAC:E30414A_000009,latest_audited_2026-09-28,2023,autonomous_community,canarias,Menor de 1 año,total,discharges,2,2,,OBSERVED,ADMIT_WITH_LIMITATIONS,emh_resident_pediatric_v1,https://datos.canarias.es/api/estadisticas/statistical-resources/v1.0/datasets/ISTAC/E30414A_000009/~latest.csv,2026-09-24,Residentes canarios dados de alta en cualquier hospital nacional; diagnóstico principal y edad originales.,altas,diabetes,Diabetes,0401,Y_LT1
ISTAC:E30414A_000009,latest_audited_2026-09-28,2023,autonomous_community,canarias,De 5 a 14 años,total,discharges,112,112,,OBSERVED,ADMIT_WITH_LIMITATIONS,emh_resident_pediatric_v1,https://datos.canarias.es/api/estadisticas/statistical-resources/v1.0/datasets/ISTAC/E30414A_000009/~latest.csv,2026-09-24,Residentes canarios dados de alta en cualquier hospital nacional; diagnóstico principal y edad originales.,altas,diabetes,Diabetes,0401,Y5T14
ISTAC:E30414A_000009,latest_audited_2026-09-28,2023,autonomous_community,canarias,De 1 a 4 años,total,discharges,28,28,,OBSERVED,ADMIT_WITH_LIMITATIONS,emh_resident_pediatric_v1,https://datos.canarias.es/api/estadisticas/statistical-resources/v1.0/datasets/ISTAC/E30414A_000009/~latest.csv,2026-09-24,Residentes canarios dados de alta en cualquier hospital nacional; diagnóstico principal y edad originales.,altas,diabetes,Diabetes,0401,Y1T4
ISTAC:E30414A_000009,latest_audited_2026-09-28,2024,autonomous_community,canarias,Menor de 1 año,total,discharges,0,0,,OBSERVED,ADMIT_WITH_LIMITATIONS,emh_resident_pediatric_v1,https://datos.canarias.es/api/estadisticas/statistical-resources/v1.0/datasets/ISTAC/E30414A_000009/~latest.csv,2026-09-24,Residentes canarios dados de alta en cualquier hospital nacional; diagnóstico principal y edad originales.,altas,diabetes,Diabetes,0401,Y_LT1
ISTAC:E30414A_000009,latest_audited_2026-09-28,2024,autonomous_community,canarias,De 5 a 14 años,total,discharges,126,126,,OBSERVED,ADMIT_WITH_LIMITATIONS,emh_resident_pediatric_v1,https://datos.canarias.es/api/estadisticas/statistical-resources/v1.0/datasets/ISTAC/E30414A_000009/~latest.csv,2026-09-24,Residentes canarios dados de alta en cualquier hospital nacional; diagnóstico principal y edad originales.,altas,diabetes,Diabetes,0401,Y5T14
ISTAC:E30414A_000009,latest_audited_2026-09-28,2024,autonomous_community,canarias,De 1 a 4 años,total,discharges,30,30,,OBSERVED,ADMIT_WITH_LIMITATIONS,emh_resident_pediatric_v1,https://datos.canarias.es/api/estadisticas/statistical-resources/v1.0/datasets/ISTAC/E30414A_000009/~latest.csv,2026-09-24,Residentes canarios dados de alta en cualquier hospital nacional; diagnóstico principal y edad originales.,altas,diabetes,Diabetes,0401,Y1T4
ISTAC:E30414A_000009,latest_audited_2026-09-28,2020,autonomous_community,canarias,Menor de 1 año,total,discharges,81,81,,OBSERVED,ADMIT_WITH_LIMITATIONS,emh_resident_pediatric_v1,https://datos.canarias.es/api/estadisticas/statistical-resources/v1.0/datasets/ISTAC/E30414A_000009/~latest.csv,2026-09-24,Residentes canarios dados de alta en cualquier hospital nacional; diagnóstico principal y edad originales.,altas,infectious,Enfermedades infecciosas,0100,Y_LT1
ISTAC:E30414A_000009,latest_audited_2026-09-28,2020,autonomous_community,canarias,De 5 a 14 años,total,discharges,86,86,,OBSERVED,ADMIT_WITH_LIMITATIONS,emh_resident_pediatric_v1,https://datos.canarias.es/api/estadisticas/statistical-resources/v1.0/datasets/ISTAC/E30414A_000009/~latest.csv,2026-09-24,Residentes canarios dados de alta en cualquier hospital nacional; diagnóstico principal y edad originales.,altas,infectious,Enfermedades infecciosas,0100,Y5T14
ISTAC:E30414A_000009,latest_audited_2026-09-28,2020,autonomous_community,canarias,De 1 a 4 años,total,discharges,69,69,,OBSERVED,ADMIT_WITH_LIMITATIONS,emh_resident_pediatric_v1,https://datos.canarias.es/api/estadisticas/statistical-resources/v1.0/datasets/ISTAC/E30414A_000009/~latest.csv,2026-09-24,Residentes canarios dados de alta en cualquier hospital nacional; diagnóstico principal y edad originales.,altas,infectious,Enfermedades infecciosas,0100,Y1T4
ISTAC:E30414A_000009,latest_audited_2026-09-28,2021,autonomous_community,canarias,Menor de 1 año,total,discharges,69.08,69.08,,OBSERVED,ADMIT_WITH_LIMITATIONS,emh_resident_pediatric_v1,https://datos.canarias.es/api/estadisticas/statistical-resources/v1.0/datasets/ISTAC/E30414A_000009/~latest.csv,2026-09-24,Residentes canarios dados de alta en cualquier hospital nacional; diagnóstico principal y edad originales.,altas,infectious,Enfermedades infecciosas,0100,Y_LT1
ISTAC:E30414A_000009,latest_audited_2026-09-28,2021,autonomous_community,canarias,De 5 a 14 años,total,discharges,97,97,,OBSERVED,ADMIT_WITH_LIMITATIONS,emh_resident_pediatric_v1,https://datos.canarias.es/api/estadisticas/statistical-resources/v1.0/datasets/ISTAC/E30414A_000009/~latest.csv,2026-09-24,Residentes canarios dados de alta en cualquier hospital nacional; diagnóstico principal y edad originales.,altas,infectious,Enfermedades infecciosas,0100,Y5T14
ISTAC:E30414A_000009,latest_audited_2026-09-28,2021,autonomous_community,canarias,De 1 a 4 años,total,discharges,86,86,,OBSERVED,ADMIT_WITH_LIMITATIONS,emh_resident_pediatric_v1,https://datos.canarias.es/api/estadisticas/statistical-resources/v1.0/datasets/ISTAC/E30414A_000009/~latest.csv,2026-09-24,Residentes canarios dados de alta en cualquier hospital nacional; diagnóstico principal y edad originales.,altas,infectious,Enfermedades infecciosas,0100,Y1T4
ISTAC:E30414A_000009,latest_audited_2026-09-28,2022,autonomous_community,canarias,Menor de 1 año,total,discharges,169,169,,OBSERVED,ADMIT_WITH_LIMITATIONS,emh_resident_pediatric_v1,https://datos.canarias.es/api/estadisticas/statistical-resources/v1.0/datasets/ISTAC/E30414A_000009/~latest.csv,2026-09-24,Residentes canarios dados de alta en cualquier hospital nacional; diagnóstico principal y edad originales.,altas,infectious,Enfermedades infecciosas,0100,Y_LT1
ISTAC:E30414A_000009,latest_audited_2026-09-28,2022,autonomous_community,canarias,De 5 a 14 años,total,discharges,118,118,,OBSERVED,ADMIT_WITH_LIMITATIONS,emh_resident_pediatric_v1,https://datos.canarias.es/api/estadisticas/statistical-resources/v1.0/datasets/ISTAC/E30414A_000009/~latest.csv,2026-09-24,Residentes canarios dados de alta en cualquier hospital nacional; diagnóstico principal y edad originales.,altas,infectious,Enfermedades infecciosas,0100,Y5T14
ISTAC:E30414A_000009,latest_audited_2026-09-28,2022,autonomous_community,canarias,De 1 a 4 años,total,discharges,149,149,,OBSERVED,ADMIT_WITH_LIMITATIONS,emh_resident_pediatric_v1,https://datos.canarias.es/api/estadisticas/statistical-resources/v1.0/datasets/ISTAC/E30414A_000009/~latest.csv,2026-09-24,Residentes canarios dados de alta en cualquier hospital nacional; diagnóstico principal y edad originales.,altas,infectious,Enfermedades infecciosas,0100,Y1T4
ISTAC:E30414A_000009,latest_audited_2026-09-28,2023,autonomous_community,canarias,Menor de 1 año,total,discharges,153,153,,OBSERVED,ADMIT_WITH_LIMITATIONS,emh_resident_pediatric_v1,https://datos.canarias.es/api/estadisticas/statistical-resources/v1.0/datasets/ISTAC/E30414A_000009/~latest.csv,2026-09-24,Residentes canarios dados de alta en cualquier hospital nacional; diagnóstico principal y edad originales.,altas,infectious,Enfermedades infecciosas,0100,Y_LT1
ISTAC:E30414A_000009,latest_audited_2026-09-28,2023,autonomous_community,canarias,De 5 a 14 años,total,discharges,134,134,,OBSERVED,ADMIT_WITH_LIMITATIONS,emh_resident_pediatric_v1,https://datos.canarias.es/api/estadisticas/statistical-resources/v1.0/datasets/ISTAC/E30414A_000009/~latest.csv,2026-09-24,Residentes canarios dados de alta en cualquier hospital nacional; diagnóstico principal y edad originales.,altas,infectious,Enfermedades infecciosas,0100,Y5T14
ISTAC:E30414A_000009,latest_audited_2026-09-28,2023,autonomous_community,canarias,De 1 a 4 años,total,discharges,130,130,,OBSERVED,ADMIT_WITH_LIMITATIONS,emh_resident_pediatric_v1,https://datos.canarias.es/api/estadisticas/statistical-resources/v1.0/datasets/ISTAC/E30414A_000009/~latest.csv,2026-09-24,Residentes canarios dados de alta en cualquier hospital nacional; diagnóstico principal y edad originales.,altas,infectious,Enfermedades infecciosas,0100,Y1T4
ISTAC:E30414A_000009,latest_audited_2026-09-28,2024,autonomous_community,canarias,Menor de 1 año,total,discharges,127,127,,OBSERVED,ADMIT_WITH_LIMITATIONS,emh_resident_pediatric_v1,https://datos.canarias.es/api/estadisticas/statistical-resources/v1.0/datasets/ISTAC/E30414A_000009/~latest.csv,2026-09-24,Residentes canarios dados de alta en cualquier hospital nacional; diagnóstico principal y edad originales.,altas,infectious,Enfermedades infecciosas,0100,Y_LT1
ISTAC:E30414A_000009,latest_audited_2026-09-28,2024,autonomous_community,canarias,De 5 a 14 años,total,discharges,153,153,,OBSERVED,ADMIT_WITH_LIMITATIONS,emh_resident_pediatric_v1,https://datos.canarias.es/api/estadisticas/statistical-resources/v1.0/datasets/ISTAC/E30414A_000009/~latest.csv,2026-09-24,Residentes canarios dados de alta en cualquier hospital nacional; diagnóstico principal y edad originales.,altas,infectious,Enfermedades infecciosas,0100,Y5T14
ISTAC:E30414A_000009,latest_audited_2026-09-28,2024,autonomous_community,canarias,De 1 a 4 años,total,discharges,125,125,,OBSERVED,ADMIT_WITH_LIMITATIONS,emh_resident_pediatric_v1,https://datos.canarias.es/api/estadisticas/statistical-resources/v1.0/datasets/ISTAC/E30414A_000009/~latest.csv,2026-09-24,Residentes canarios dados de alta en cualquier hospital nacional; diagnóstico principal y edad originales.,altas,infectious,Enfermedades infecciosas,0100,Y1T4
