facility_id,official_id,name,island_id,municipality_id,municipality_name,health_area_id,health_zone_id,health_zone_name_source,facility_type,latitude,longitude,address,postal_code,pediatrics_ap,pediatric_emergency,pediatric_inpatient,neonatology,nicu,picu,service_status,source_url,source_date,verified_at,verification_status,registry_record_id,notes,geocoding_source,geocoding_match_status,geocoding_candidate_id,geocoding_query,registered_service_codes,routing_eligible_pediatric_ap
regcess:0538002153,0538002153,C.P. EL PINAR,el-hierro,,"Pinar de El Hierro, El",el-hierro,,VALVERDE,primary_care_consultorio,27.7042581,-17.9805434,"CALLE TRAVESÍA DEL PINO, Nº 32",38914,observed,needs_validation,not_available,needs_validation,needs_validation,needs_validation,observed,https://regcess.mscbs.es/regcessWeb/inicioBuscarCentrosAction.do|https://www.sanidad.gob.es/estadEstudios/estadisticas/docs/siap/2026_C_Catal_Centros_AP.xlsx,2025-12-31,2026-09-27,VERIFIED,262710,"U.20 Pediatría verificada en REGCESS; dirección, Área de Salud y nombre ZBS proceden del Catálogo AP 2026. El código ZBS queda pendiente del gate B. Geocodificación CartoCiudad: approximate. U.68 Urgencias registrada; no prueba una urgencia pediátrica diferenciada. Coordenada oficial publicada por REGCESS/eGeo.",REGCESS/eGeo,official_registry_point,0538002153,"CALLE TRAVESÍA DEL PINO 32 Pinar de El Hierro, El",U1|U2|U20|U44|U5|U68,true
regcess:0538002151,0538002151,C.S. VALVERDE,el-hierro,,Valverde,el-hierro,,VALVERDE,primary_care_center,27.8151756,-17.9150295,"CALLE LOS BARRIALES, Nº 1",38900,observed,needs_validation,not_available,needs_validation,needs_validation,needs_validation,observed,https://regcess.mscbs.es/regcessWeb/inicioBuscarCentrosAction.do|https://www.sanidad.gob.es/estadEstudios/estadisticas/docs/siap/2026_C_Catal_Centros_AP.xlsx,2025-12-31,2026-09-27,VERIFIED,262708,"U.20 Pediatría verificada en REGCESS; dirección, Área de Salud y nombre ZBS proceden del Catálogo AP 2026. El código ZBS queda pendiente del gate B. Geocodificación CartoCiudad: exact_portal. Coordenada oficial publicada por REGCESS/eGeo.",REGCESS/eGeo,official_registry_point,0538002151,CALLE LOS BARRIALES 1 Valverde,U1|U2|U20|U3|U44|U5,true
regcess:0538002288,0538002288,HOSPITAL INSULAR NUESTRA SEÑORA DE LOS REYES,el-hierro,380488,Valverde,el-hierro,,,hospital,27.8151756,-17.9150295,Calle Calle Los Barriales 1,38900,not_available,needs_validation,observed,not_available,not_available,needs_validation,observed,https://regcess.mscbs.es/regcessWeb/inicioBuscarCentrosAction.do|https://www.sanidad.gob.es/estadEstudios/estadisticas/sisInfSanSNS/ofertaRecursos/hospitales/docs/CNH_2025.xlsx,2024-12-31,2026-09-27,VERIFIED,270316,"U.20 Pediatría verificada en REGCESS y hospital con internamiento en CNH 2025. U.20 no demuestra por sí sola ingreso pediátrico, urgencia diferenciada, UCIN ni UCIP. Geocodificación CartoCiudad: exact_portal. U.68 Urgencias registrada; no prueba una urgencia pediátrica diferenciada. Coordenada oficial publicada por REGCESS/eGeo.",REGCESS/eGeo,official_registry_point,0538002288,Calle Calle Los Barriales 1 Valverde,U1|U10|U100|U11|U13|U14|U15|U16|U18|U2|U20|U25|U26|U3|U35|U36|U43|U50|U51|U52|U53|U55|U57|U59|U6|U63|U64|U65|U66|U67|U68|U69|U7|U70|U72|U73|U74|U77|U79|U8|U80|U82|U83|U84|U88|U9|U95,false
regcess:0535002132,0535002132,C.L. LA LAJITA,fuerteventura,,Pájara,fuerteventura,,TUINEJE-PÁJARA,primary_care_consultorio,28.1836073,-14.1505737,"CALLE ADARGOMA, Nº 19",35627,observed,needs_validation,not_available,needs_validation,needs_validation,needs_validation,observed,https://regcess.mscbs.es/regcessWeb/inicioBuscarCentrosAction.do|https://www.sanidad.gob.es/estadEstudios/estadisticas/docs/siap/2026_C_Catal_Centros_AP.xlsx,2025-12-31,2026-09-27,VERIFIED,262699,"U.20 Pediatría verificada en REGCESS; dirección, Área de Salud y nombre ZBS proceden del Catálogo AP 2026. El código ZBS queda pendiente del gate B. Geocodificación CartoCiudad: exact_portal. Coordenada oficial publicada por REGCESS/eGeo.",REGCESS/eGeo,official_registry_point,0535002132,CALLE ADARGOMA 19 Pájara,U1|U2|U20,true
regcess:0535002133,0535002133,C.L. LA OLIVA,fuerteventura,,"Oliva, La",fuerteventura,,LA OLIVA,primary_care_consultorio,28.6108404,-13.9270188,"CALLE EMILIO CASTELLOT MARTÍNEZ, Nº 13",35640,observed,needs_validation,not_available,needs_validation,needs_validation,needs_validation,observed,https://regcess.mscbs.es/regcessWeb/inicioBuscarCentrosAction.do|https://www.sanidad.gob.es/estadEstudios/estadisticas/docs/siap/2026_C_Catal_Centros_AP.xlsx,2025-12-31,2026-09-27,VERIFIED,262700,"U.20 Pediatría verificada en REGCESS; dirección, Área de Salud y nombre ZBS proceden del Catálogo AP 2026. El código ZBS queda pendiente del gate B. Coordenada oficial publicada por REGCESS/eGeo.",REGCESS/eGeo,official_registry_point,0535002133,"CALLE EMILIO CASTELLOT MARTÍNEZ 13 Oliva, La",U1|U2|U20,true
regcess:0535002125,0535002125,C.L. PAJARA,fuerteventura,,Pájara,fuerteventura,,TUINEJE-PÁJARA,primary_care_consultorio,28.376896,-14.1214435,"PLAZA VIRGEN DE LA REGLA, S/N",35628,observed,needs_validation,not_available,needs_validation,needs_validation,needs_validation,observed,https://regcess.mscbs.es/regcessWeb/inicioBuscarCentrosAction.do|https://www.sanidad.gob.es/estadEstudios/estadisticas/docs/siap/2026_C_Catal_Centros_AP.xlsx,2025-12-31,2026-09-27,VERIFIED,262692,"U.20 Pediatría verificada en REGCESS; dirección, Área de Salud y nombre ZBS proceden del Catálogo AP 2026. El código ZBS queda pendiente del gate B. Coordenada oficial publicada por REGCESS/eGeo.",REGCESS/eGeo,official_registry_point,0535002125,PLAZA VIRGEN DE LA REGLA Pájara,U1|U2|U20|U5,true
regcess:0535002139,0535002139,C.S. CORRALEJO,fuerteventura,,"Oliva, La",fuerteventura,,LA OLIVA,primary_care_center,28.7407981,-13.8708787,"AVENIDA JUAN CARLOS I, Nº 28",35660,observed,needs_validation,not_available,needs_validation,needs_validation,needs_validation,observed,https://regcess.mscbs.es/regcessWeb/inicioBuscarCentrosAction.do|https://www.sanidad.gob.es/estadEstudios/estadisticas/docs/siap/2026_C_Catal_Centros_AP.xlsx,2025-12-31,2026-09-27,VERIFIED,262706,"U.20 Pediatría verificada en REGCESS; dirección, Área de Salud y nombre ZBS proceden del Catálogo AP 2026. El código ZBS queda pendiente del gate B. Coordenada oficial publicada por REGCESS/eGeo.",REGCESS/eGeo,official_registry_point,0535002139,"AVENIDA JUAN CARLOS I 28 Oliva, La",U1|U2|U20|U3|U44|U5|U59|U61|U900,true
regcess:0535002134,0535002134,C.S. DR ARISTIDES HERNANDEZ,fuerteventura,,Puerto del Rosario,fuerteventura,,II PUERTO DEL ROSARIO (SUR),primary_care_center,28.5064175,-13.8662984,"CALLE PRESIDENTE SANTIAGO HORMIGA, Nº 5",35600,observed,needs_validation,not_available,needs_validation,needs_validation,needs_validation,observed,https://regcess.mscbs.es/regcessWeb/inicioBuscarCentrosAction.do|https://www.sanidad.gob.es/estadEstudios/estadisticas/docs/siap/2026_C_Catal_Centros_AP.xlsx,2025-12-31,2026-09-27,VERIFIED,262701,"U.20 Pediatría verificada en REGCESS; dirección, Área de Salud y nombre ZBS proceden del Catálogo AP 2026. El código ZBS queda pendiente del gate B. U.68 Urgencias registrada; no prueba una urgencia pediátrica diferenciada. Coordenada oficial publicada por REGCESS/eGeo.",REGCESS/eGeo,official_registry_point,0535002134,CALLE PRESIDENTE SANTIAGO HORMIGA 5 Puerto del Rosario,U1|U2|U20|U3|U44|U5|U68,true
regcess:0535002128,0535002128,C.S. MORRO JABLE,fuerteventura,,Pájara,fuerteventura,,PENÍNSULA DE JANDÍA,primary_care_center,28.0526594,-14.3478753,"BARRANCO DEL CIERVO, S/N",35625,observed,needs_validation,not_available,needs_validation,needs_validation,needs_validation,observed,https://regcess.mscbs.es/regcessWeb/inicioBuscarCentrosAction.do|https://www.sanidad.gob.es/estadEstudios/estadisticas/docs/siap/2026_C_Catal_Centros_AP.xlsx,2025-12-31,2026-09-27,VERIFIED,262695,"U.20 Pediatría verificada en REGCESS; dirección, Área de Salud y nombre ZBS proceden del Catálogo AP 2026. El código ZBS queda pendiente del gate B. Coordenada oficial publicada por REGCESS/eGeo.",REGCESS/eGeo,official_registry_point,0535002128,BARRANCO DEL CIERVO Pájara,U1|U2|U20|U3|U44|U5|U59|U61|U900,true
regcess:0535002124,0535002124,C.S. PUERTO DEL ROSARIO,fuerteventura,,Puerto del Rosario,fuerteventura,,PUERTO DEL ROSARIO,primary_care_center,28.5027104,-13.8590089,"CALLE PRIMERO DE MAYO, Nº  73",35600,observed,needs_validation,not_available,needs_validation,needs_validation,needs_validation,observed,https://regcess.mscbs.es/regcessWeb/inicioBuscarCentrosAction.do|https://www.sanidad.gob.es/estadEstudios/estadisticas/docs/siap/2026_C_Catal_Centros_AP.xlsx,2025-12-31,2026-09-27,VERIFIED,262691,"U.20 Pediatría verificada en REGCESS; dirección, Área de Salud y nombre ZBS proceden del Catálogo AP 2026. El código ZBS queda pendiente del gate B. Geocodificación CartoCiudad: approximate. Coordenada oficial publicada por REGCESS/eGeo.",REGCESS/eGeo,official_registry_point,0535002124,CALLE PRIMERO DE MAYO 73 Puerto del Rosario,U1|U2|U20|U3|U44|U5,true
regcess:0535001908,0535001908,HOSPITAL GENERAL DE FUERTEVENTURA,fuerteventura,350173,Puerto del Rosario,fuerteventura,,,hospital,28.48911,-13.87054,Calle Carretera Aeropuerto KM 1,35600,not_available,needs_validation,observed,observed,not_available,needs_validation,observed,https://regcess.mscbs.es/regcessWeb/inicioBuscarCentrosAction.do|https://www.sanidad.gob.es/estadEstudios/estadisticas/sisInfSanSNS/ofertaRecursos/hospitales/docs/CNH_2025.xlsx,2024-12-31,2026-09-27,VERIFIED,139207,"U.20 Pediatría verificada en REGCESS y hospital con internamiento en CNH 2025. U.20 no demuestra por sí sola ingreso pediátrico, urgencia diferenciada, UCIN ni UCIP. U.68 Urgencias registrada; no prueba una urgencia pediátrica diferenciada. Coordenada oficial publicada por REGCESS/eGeo.",REGCESS/eGeo,official_registry_point,0535001908,Calle Carretera Aeropuerto KM 1 Puerto del Rosario,U10|U100|U11|U12|U13|U14|U15|U17|U19|U2|U20|U22|U25|U26|U3|U35|U37|U42|U43|U50|U52|U53|U55|U57|U59|U6|U60|U61|U62|U63|U64|U65|U67|U68|U69|U7|U70|U72|U73|U74|U75|U76|U77|U79|U8|U80|U81|U82|U83|U88|U9|U90|U900|U93|U95,false
regcess:0535003751,0535003751,C. S. VECINDARIO,gran-canaria,,Santa Lucía de Tirajana,gran-canaria,,VECINDARIO,primary_care_center,27.8536769,-15.4446065,"CALLE GUATIZA, S/N",35110,observed,needs_validation,not_available,needs_validation,needs_validation,needs_validation,observed,https://regcess.mscbs.es/regcessWeb/inicioBuscarCentrosAction.do|https://www.sanidad.gob.es/estadEstudios/estadisticas/docs/siap/2026_C_Catal_Centros_AP.xlsx,2025-12-31,2026-09-27,VERIFIED,369200,"U.20 Pediatría verificada en REGCESS; dirección, Área de Salud y nombre ZBS proceden del Catálogo AP 2026. El código ZBS queda pendiente del gate B. Coordenada oficial publicada por REGCESS/eGeo.",REGCESS/eGeo,official_registry_point,0535003751,CALLE GUATIZA Santa Lucía de Tirajana,U1|U2|U20|U3|U44|U5|U66|U72,true
regcess:0535002167,0535002167,C.L. CARRIZAL,gran-canaria,,Ingenio,gran-canaria,,INGENIO,primary_care_consultorio,27.9106063,-15.3886205,"CALLE MIJAIL GORBACHOV, S/N",35240,observed,needs_validation,not_available,needs_validation,needs_validation,needs_validation,observed,https://regcess.mscbs.es/regcessWeb/inicioBuscarCentrosAction.do|https://www.sanidad.gob.es/estadEstudios/estadisticas/docs/siap/2026_C_Catal_Centros_AP.xlsx,2025-12-31,2026-09-27,VERIFIED,262761,"U.20 Pediatría verificada en REGCESS; dirección, Área de Salud y nombre ZBS proceden del Catálogo AP 2026. El código ZBS queda pendiente del gate B. Coordenada oficial publicada por REGCESS/eGeo.",REGCESS/eGeo,official_registry_point,0535002167,CALLE MIJAIL GORBACHOV Ingenio,U1|U2|U20|U3|U5|U66|U72,true
regcess:0535002165,0535002165,C.L. COSTA AYALA,gran-canaria,,"Palmas de Gran Canaria, Las",gran-canaria,,GUANARTEME,primary_care_consultorio,28.1350312,-15.4820816,"CALLE MAR BONITA,  2",35010,observed,needs_validation,not_available,needs_validation,needs_validation,needs_validation,observed,https://regcess.mscbs.es/regcessWeb/inicioBuscarCentrosAction.do|https://www.sanidad.gob.es/estadEstudios/estadisticas/docs/siap/2026_C_Catal_Centros_AP.xlsx,2025-12-31,2026-09-27,VERIFIED,262759,"U.20 Pediatría verificada en REGCESS; dirección, Área de Salud y nombre ZBS proceden del Catálogo AP 2026. El código ZBS queda pendiente del gate B. Geocodificación CartoCiudad: approximate. Coordenada oficial publicada por REGCESS/eGeo.",REGCESS/eGeo,official_registry_point,0535002165,"CALLE MAR BONITA 2 Palmas de Gran Canaria, Las",U1|U2|U20|U5|U66|U72,true
regcess:0535002145,0535002145,C.L. CRUCE DE ARINAGA,gran-canaria,,Agüimes,gran-canaria,,AGÜIMES,primary_care_consultorio,27.8764543,-15.4274257,"CALLE PRINCESA DÁCIL, S/N",35118,observed,needs_validation,not_available,needs_validation,needs_validation,needs_validation,observed,https://regcess.mscbs.es/regcessWeb/inicioBuscarCentrosAction.do|https://www.sanidad.gob.es/estadEstudios/estadisticas/docs/siap/2026_C_Catal_Centros_AP.xlsx,2025-12-31,2026-09-27,VERIFIED,262739,"U.20 Pediatría verificada en REGCESS; dirección, Área de Salud y nombre ZBS proceden del Catálogo AP 2026. El código ZBS queda pendiente del gate B. Coordenada oficial publicada por REGCESS/eGeo.",REGCESS/eGeo,official_registry_point,0535002145,CALLE PRINCESA DÁCIL Agüimes,U1|U2|U20|U3|U5|U66|U72,true
regcess:0535002170,0535002170,C.L. MARZAGAN,gran-canaria,,"Palmas de Gran Canaria, Las",gran-canaria,,JINÁMAR,primary_care_consultorio,28.0414374,-15.4282423,"CALLE PLANAS DE POESÍA, Nº 12",35229,observed,needs_validation,not_available,needs_validation,needs_validation,needs_validation,observed,https://regcess.mscbs.es/regcessWeb/inicioBuscarCentrosAction.do|https://www.sanidad.gob.es/estadEstudios/estadisticas/docs/siap/2026_C_Catal_Centros_AP.xlsx,2025-12-31,2026-09-27,VERIFIED,262764,"U.20 Pediatría verificada en REGCESS; dirección, Área de Salud y nombre ZBS proceden del Catálogo AP 2026. El código ZBS queda pendiente del gate B. Geocodificación CartoCiudad: exact_portal. Coordenada oficial publicada por REGCESS/eGeo.",REGCESS/eGeo,official_registry_point,0535002170,"CALLE PLANAS DE POESÍA 12 Palmas de Gran Canaria, Las",U1|U2|U20|U5|U66|U72,true
regcess:0535002202,0535002202,C.L. MONTAÑA ALTA,gran-canaria,,Santa María de Guía de Gran Canaria,gran-canaria,,STA Mª DE GUÍA,primary_care_consultorio,28.0844075,-15.6208021,"CALLE PIEDRA DE MOLINO, Nº 1",35457,observed,needs_validation,not_available,needs_validation,needs_validation,needs_validation,observed,https://regcess.mscbs.es/regcessWeb/inicioBuscarCentrosAction.do|https://www.sanidad.gob.es/estadEstudios/estadisticas/docs/siap/2026_C_Catal_Centros_AP.xlsx,2025-12-31,2026-09-27,VERIFIED,262796,"U.20 Pediatría verificada en REGCESS; dirección, Área de Salud y nombre ZBS proceden del Catálogo AP 2026. El código ZBS queda pendiente del gate B. Geocodificación CartoCiudad: exact_portal. Coordenada oficial publicada por REGCESS/eGeo.",REGCESS/eGeo,official_registry_point,0535002202,CALLE PIEDRA DE MOLINO 1 Santa María de Guía de Gran Canaria,U1|U2|U20|U66|U72,true
regcess:0535002146,0535002146,C.L. PLAYA DE ARINAGA,gran-canaria,,Agüimes,gran-canaria,,AGÜIMES,primary_care_consultorio,27.8586851,-15.3939188,"PASEO DEL FARO, S/N",35118,observed,needs_validation,not_available,needs_validation,needs_validation,needs_validation,observed,https://regcess.mscbs.es/regcessWeb/inicioBuscarCentrosAction.do|https://www.sanidad.gob.es/estadEstudios/estadisticas/docs/siap/2026_C_Catal_Centros_AP.xlsx,2025-12-31,2026-09-27,VERIFIED,262740,"U.20 Pediatría verificada en REGCESS; dirección, Área de Salud y nombre ZBS proceden del Catálogo AP 2026. El código ZBS queda pendiente del gate B. Coordenada oficial publicada por REGCESS/eGeo.",REGCESS/eGeo,official_registry_point,0535002146,PASEO DEL FARO Agüimes,U1|U2|U20|U3|U5|U66|U72,true
regcess:0535002177,0535002177,C.L. PLAYA DE MOGAN,gran-canaria,,Mogán,gran-canaria,,MOGÁN,primary_care_consultorio,27.8196686,-15.7623258,"CALLE LA MINA, Nº 4",35138,observed,needs_validation,not_available,needs_validation,needs_validation,needs_validation,observed,https://regcess.mscbs.es/regcessWeb/inicioBuscarCentrosAction.do|https://www.sanidad.gob.es/estadEstudios/estadisticas/docs/siap/2026_C_Catal_Centros_AP.xlsx,2025-12-31,2026-09-27,VERIFIED,262771,"U.20 Pediatría verificada en REGCESS; dirección, Área de Salud y nombre ZBS proceden del Catálogo AP 2026. El código ZBS queda pendiente del gate B. Geocodificación CartoCiudad: exact_portal. Coordenada oficial publicada por REGCESS/eGeo.",REGCESS/eGeo,official_registry_point,0535002177,CALLE LA MINA 4 Mogán,U1|U2|U20|U3|U5|U66|U72,true
regcess:0535002204,0535002204,C.L. TAFIRA,gran-canaria,,"Palmas de Gran Canaria, Las",gran-canaria,,TAFIRA / LOMO BLANCO,primary_care_consultorio,28.0598037,-15.4602067,"CAMINO VIEJO LA CALZADA, S/N",35017,observed,needs_validation,not_available,needs_validation,needs_validation,needs_validation,observed,https://regcess.mscbs.es/regcessWeb/inicioBuscarCentrosAction.do|https://www.sanidad.gob.es/estadEstudios/estadisticas/docs/siap/2026_C_Catal_Centros_AP.xlsx,2025-12-31,2026-09-27,VERIFIED,262798,"U.20 Pediatría verificada en REGCESS; dirección, Área de Salud y nombre ZBS proceden del Catálogo AP 2026. El código ZBS queda pendiente del gate B. Coordenada oficial publicada por REGCESS/eGeo.",REGCESS/eGeo,official_registry_point,0535002204,"CAMINO VIEJO LA CALZADA Palmas de Gran Canaria, Las",U1|U2|U20|U3|U5|U66|U72,true
regcess:0535002143,0535002143,C.L. VALLE DE AGAETE,gran-canaria,,Agaete,gran-canaria,,AGAETE,primary_care_consultorio,28.0795565,-15.6734845,"LUGAR VECINDAD DE ENFRENTE, S/N",35489,observed,needs_validation,not_available,needs_validation,needs_validation,needs_validation,observed,https://regcess.mscbs.es/regcessWeb/inicioBuscarCentrosAction.do|https://www.sanidad.gob.es/estadEstudios/estadisticas/docs/siap/2026_C_Catal_Centros_AP.xlsx,2025-12-31,2026-09-27,VERIFIED,262737,"U.20 Pediatría verificada en REGCESS; dirección, Área de Salud y nombre ZBS proceden del Catálogo AP 2026. El código ZBS queda pendiente del gate B. U.68 Urgencias registrada; no prueba una urgencia pediátrica diferenciada. Coordenada oficial publicada por REGCESS/eGeo.",REGCESS/eGeo,official_registry_point,0535002143,LUGAR VECINDAD DE ENFRENTE Agaete,U1|U2|U20|U3|U44|U5|U68,true
regcess:0535002142,0535002142,C.S. AGAETE,gran-canaria,,Agaete,gran-canaria,,AGAETE,primary_care_center,28.1029022,-15.7009657,"CARRETERA GENERAL DE AGAETE, S/N",35480,observed,needs_validation,not_available,needs_validation,needs_validation,needs_validation,observed,https://regcess.mscbs.es/regcessWeb/inicioBuscarCentrosAction.do|https://www.sanidad.gob.es/estadEstudios/estadisticas/docs/siap/2026_C_Catal_Centros_AP.xlsx,2025-12-31,2026-09-27,VERIFIED,262736,"U.20 Pediatría verificada en REGCESS; dirección, Área de Salud y nombre ZBS proceden del Catálogo AP 2026. El código ZBS queda pendiente del gate B. Coordenada oficial publicada por REGCESS/eGeo.",REGCESS/eGeo,official_registry_point,0535002142,CARRETERA GENERAL DE AGAETE Agaete,U1|U2|U20|U3|U5|U66|U72,true
regcess:0535002144,0535002144,C.S. AGUIMES,gran-canaria,,Agüimes,gran-canaria,,AGÜIMES,primary_care_center,27.9032049,-15.4464953,"CALLE BOLIVIA, S/N",35260,observed,needs_validation,not_available,needs_validation,needs_validation,needs_validation,observed,https://regcess.mscbs.es/regcessWeb/inicioBuscarCentrosAction.do|https://www.sanidad.gob.es/estadEstudios/estadisticas/docs/siap/2026_C_Catal_Centros_AP.xlsx,2025-12-31,2026-09-27,VERIFIED,262738,"U.20 Pediatría verificada en REGCESS; dirección, Área de Salud y nombre ZBS proceden del Catálogo AP 2026. El código ZBS queda pendiente del gate B. Coordenada oficial publicada por REGCESS/eGeo.",REGCESS/eGeo,official_registry_point,0535002144,CALLE BOLIVIA Agüimes,U1|U2|U20|U3|U44|U5|U66|U72,true
regcess:0535002148,0535002148,C.S. ALCARAVANERAS,gran-canaria,,"Palmas de Gran Canaria, Las",gran-canaria,,ALCARAVANERAS,primary_care_center,28.1341842,-15.4360855,"CALLE OLOF PALME, Nº 38",35010,observed,needs_validation,not_available,needs_validation,needs_validation,needs_validation,observed,https://regcess.mscbs.es/regcessWeb/inicioBuscarCentrosAction.do|https://www.sanidad.gob.es/estadEstudios/estadisticas/docs/siap/2026_C_Catal_Centros_AP.xlsx,2025-12-31,2026-09-27,VERIFIED,262742,"U.20 Pediatría verificada en REGCESS; dirección, Área de Salud y nombre ZBS proceden del Catálogo AP 2026. El código ZBS queda pendiente del gate B. Geocodificación CartoCiudad: exact_portal. Coordenada oficial publicada por REGCESS/eGeo.",REGCESS/eGeo,official_registry_point,0535002148,"CALLE OLOF PALME 38 Palmas de Gran Canaria, Las",U1|U2|U20|U3|U44|U5|U66|U72,true
regcess:0535002175,0535002175,C.S. ARGUINEGUIN,gran-canaria,,Mogán,gran-canaria,,MOGÁN,primary_care_center,27.76292,-15.6768203,"CALLE DAMASCO, Nº 11",35120,observed,needs_validation,not_available,needs_validation,needs_validation,needs_validation,observed,https://regcess.mscbs.es/regcessWeb/inicioBuscarCentrosAction.do|https://www.sanidad.gob.es/estadEstudios/estadisticas/docs/siap/2026_C_Catal_Centros_AP.xlsx,2025-12-31,2026-09-27,VERIFIED,262769,"U.20 Pediatría verificada en REGCESS; dirección, Área de Salud y nombre ZBS proceden del Catálogo AP 2026. El código ZBS queda pendiente del gate B. Geocodificación CartoCiudad: exact_portal. Coordenada oficial publicada por REGCESS/eGeo.",REGCESS/eGeo,official_registry_point,0535002175,CALLE DAMASCO 11 Mogán,U1|U2|U20|U3|U5|U66|U72,true
regcess:0535002149,0535002149,C.S. ARUCAS,gran-canaria,,Arucas,gran-canaria,,ARUCAS,primary_care_center,28.1174759,-15.5271493,"CALLE MÉDICO ANASTASIO ESCUDERO RUIZ, Nº 2",35400,observed,needs_validation,not_available,needs_validation,needs_validation,needs_validation,observed,https://regcess.mscbs.es/regcessWeb/inicioBuscarCentrosAction.do|https://www.sanidad.gob.es/estadEstudios/estadisticas/docs/siap/2026_C_Catal_Centros_AP.xlsx,2025-12-31,2026-09-27,VERIFIED,262743,"U.20 Pediatría verificada en REGCESS; dirección, Área de Salud y nombre ZBS proceden del Catálogo AP 2026. El código ZBS queda pendiente del gate B. U.68 Urgencias registrada; no prueba una urgencia pediátrica diferenciada. Coordenada oficial publicada por REGCESS/eGeo.",REGCESS/eGeo,official_registry_point,0535002149,CALLE MÉDICO ANASTASIO ESCUDERO RUIZ 2 Arucas,U1|U2|U20|U3|U44|U5|U59|U66|U68|U72,true
regcess:0535002153,0535002153,C.S. BARRIO ATLANTICO,gran-canaria,,"Palmas de Gran Canaria, Las",gran-canaria,,BARRIO ATLÁNTICO,primary_care_center,28.1123602,-15.4451367,"CALLE ALFÉREZ PROVISIONAL, Nº 129",35012,observed,needs_validation,not_available,needs_validation,needs_validation,needs_validation,observed,https://regcess.mscbs.es/regcessWeb/inicioBuscarCentrosAction.do|https://www.sanidad.gob.es/estadEstudios/estadisticas/docs/siap/2026_C_Catal_Centros_AP.xlsx,2025-12-31,2026-09-27,VERIFIED,262747,"U.20 Pediatría verificada en REGCESS; dirección, Área de Salud y nombre ZBS proceden del Catálogo AP 2026. El código ZBS queda pendiente del gate B. Geocodificación CartoCiudad: approximate. U.68 Urgencias registrada; no prueba una urgencia pediátrica diferenciada. Coordenada oficial publicada por REGCESS/eGeo.",REGCESS/eGeo,official_registry_point,0535002153,"CALLE ALFÉREZ PROVISIONAL 129 Palmas de Gran Canaria, Las",U1|U2|U20|U3|U44|U5|U63|U66|U68|U72,true
regcess:0535002141,0535002141,C.S. CANALEJAS,gran-canaria,,"Palmas de Gran Canaria, Las",gran-canaria,,CANALEJAS,primary_care_center,28.1178287,-15.4227971,"CALLE LUIS DORESTE SILVA, Nº 36 - 44",35004,observed,needs_validation,not_available,needs_validation,needs_validation,needs_validation,observed,https://regcess.mscbs.es/regcessWeb/inicioBuscarCentrosAction.do|https://www.sanidad.gob.es/estadEstudios/estadisticas/docs/siap/2026_C_Catal_Centros_AP.xlsx,2025-12-31,2026-09-27,VERIFIED,262735,"U.20 Pediatría verificada en REGCESS; dirección, Área de Salud y nombre ZBS proceden del Catálogo AP 2026. El código ZBS queda pendiente del gate B. U.68 Urgencias registrada; no prueba una urgencia pediátrica diferenciada. Coordenada oficial publicada por REGCESS/eGeo.",REGCESS/eGeo,official_registry_point,0535002141,"CALLE LUIS DORESTE SILVA 36 - 44 Palmas de Gran Canaria, Las",U1|U2|U20|U3|U44|U5|U66|U68,true
regcess:0535002155,0535002155,C.S. CONO SUR,gran-canaria,,"Palmas de Gran Canaria, Las",gran-canaria,,CONO SUR,primary_care_center,28.0760823,-15.4208407,"AVENIDA DE AMURGA, S/N",35016,observed,needs_validation,not_available,needs_validation,needs_validation,needs_validation,observed,https://regcess.mscbs.es/regcessWeb/inicioBuscarCentrosAction.do|https://www.sanidad.gob.es/estadEstudios/estadisticas/docs/siap/2026_C_Catal_Centros_AP.xlsx,2025-12-31,2026-09-27,VERIFIED,262749,"U.20 Pediatría verificada en REGCESS; dirección, Área de Salud y nombre ZBS proceden del Catálogo AP 2026. El código ZBS queda pendiente del gate B. Coordenada oficial publicada por REGCESS/eGeo.",REGCESS/eGeo,official_registry_point,0535002155,"AVENIDA DE AMURGA Palmas de Gran Canaria, Las",U1|U2|U20|U3|U44|U5,true
regcess:0535002156,0535002156,C.S. CUEVA TORRES,gran-canaria,,"Palmas de Gran Canaria, Las",gran-canaria,,CUEVA TORRES,primary_care_center,28.1120823,-15.445335,"CALLE ALFÉREZ PROVISIONAL, Nº 6",35012,observed,needs_validation,not_available,needs_validation,needs_validation,needs_validation,observed,https://regcess.mscbs.es/regcessWeb/inicioBuscarCentrosAction.do|https://www.sanidad.gob.es/estadEstudios/estadisticas/docs/siap/2026_C_Catal_Centros_AP.xlsx,2025-12-31,2026-09-27,VERIFIED,262750,"U.20 Pediatría verificada en REGCESS; dirección, Área de Salud y nombre ZBS proceden del Catálogo AP 2026. El código ZBS queda pendiente del gate B. Geocodificación CartoCiudad: approximate. Coordenada oficial publicada por REGCESS/eGeo.",REGCESS/eGeo,official_registry_point,0535002156,"CALLE ALFÉREZ PROVISIONAL 6 Palmas de Gran Canaria, Las",U1|U2|U20|U3|U5|U66|U72,true
regcess:0535002157,0535002157,C.S. EL CALERO,gran-canaria,,Telde,gran-canaria,,TELDE-CALERO,primary_care_center,27.9949639,-15.42119,"CALLE PITÁGORAS, S/N",35200,observed,needs_validation,not_available,needs_validation,needs_validation,needs_validation,observed,https://regcess.mscbs.es/regcessWeb/inicioBuscarCentrosAction.do|https://www.sanidad.gob.es/estadEstudios/estadisticas/docs/siap/2026_C_Catal_Centros_AP.xlsx,2025-12-31,2026-09-27,VERIFIED,262751,"U.20 Pediatría verificada en REGCESS; dirección, Área de Salud y nombre ZBS proceden del Catálogo AP 2026. El código ZBS queda pendiente del gate B. U.68 Urgencias registrada; no prueba una urgencia pediátrica diferenciada. Coordenada oficial publicada por REGCESS/eGeo.",REGCESS/eGeo,official_registry_point,0535002157,CALLE PITÁGORAS Telde,U1|U2|U20|U3|U5|U66|U68|U72,true
regcess:0535002159,0535002159,C.S. ESCALERITAS,gran-canaria,,"Palmas de Gran Canaria, Las",gran-canaria,,ESCALERITAS,primary_care_center,28.1107491,-15.4380777,"CALLE MAGISTRAL ROCA PONSA, S/N",35011,observed,needs_validation,not_available,needs_validation,needs_validation,needs_validation,observed,https://regcess.mscbs.es/regcessWeb/inicioBuscarCentrosAction.do|https://www.sanidad.gob.es/estadEstudios/estadisticas/docs/siap/2026_C_Catal_Centros_AP.xlsx,2025-12-31,2026-09-27,VERIFIED,262753,"U.20 Pediatría verificada en REGCESS; dirección, Área de Salud y nombre ZBS proceden del Catálogo AP 2026. El código ZBS queda pendiente del gate B. Coordenada oficial publicada por REGCESS/eGeo.",REGCESS/eGeo,official_registry_point,0535002159,"CALLE MAGISTRAL ROCA PONSA Palmas de Gran Canaria, Las",U1|U2|U20|U3|U44|U5|U59|U66|U72|U900,true
regcess:0535002160,0535002160,C.S. FIRGAS,gran-canaria,,Firgas,gran-canaria,,FIRGAS,primary_care_center,28.0994152,-15.567275,"CALLE MAESTRA PETRA HERNÁNDEZ GUERRA, Nº 4",35430,observed,needs_validation,not_available,needs_validation,needs_validation,needs_validation,observed,https://regcess.mscbs.es/regcessWeb/inicioBuscarCentrosAction.do|https://www.sanidad.gob.es/estadEstudios/estadisticas/docs/siap/2026_C_Catal_Centros_AP.xlsx,2025-12-31,2026-09-27,VERIFIED,262754,"U.20 Pediatría verificada en REGCESS; dirección, Área de Salud y nombre ZBS proceden del Catálogo AP 2026. El código ZBS queda pendiente del gate B. Coordenada oficial publicada por REGCESS/eGeo.",REGCESS/eGeo,official_registry_point,0535002160,CALLE MAESTRA PETRA HERNÁNDEZ GUERRA 4 Firgas,U1|U2|U20|U3|U5|U66|U72,true
regcess:0535002162,0535002162,C.S. GALDAR,gran-canaria,,Gáldar,gran-canaria,,GÁLDAR,primary_care_center,28.1451326,-15.6566497,"PASEO DE LOS GUANARTEMES,  S/N",35460,observed,needs_validation,not_available,needs_validation,needs_validation,needs_validation,observed,https://regcess.mscbs.es/regcessWeb/inicioBuscarCentrosAction.do|https://www.sanidad.gob.es/estadEstudios/estadisticas/docs/siap/2026_C_Catal_Centros_AP.xlsx,2025-12-31,2026-09-27,VERIFIED,262756,"U.20 Pediatría verificada en REGCESS; dirección, Área de Salud y nombre ZBS proceden del Catálogo AP 2026. El código ZBS queda pendiente del gate B. U.68 Urgencias registrada; no prueba una urgencia pediátrica diferenciada. Coordenada oficial publicada por REGCESS/eGeo.",REGCESS/eGeo,official_registry_point,0535002162,PASEO DE LOS GUANARTEMES Gáldar,U1|U2|U20|U3|U44|U5|U68,true
regcess:0535002164,0535002164,C.S. GUANARTEME,gran-canaria,,"Palmas de Gran Canaria, Las",gran-canaria,,GUANARTEME,primary_care_center,28.1274125,-15.4410561,"CALLE MARIO CÉSAR, S/N",35010,observed,needs_validation,not_available,needs_validation,needs_validation,needs_validation,observed,https://regcess.mscbs.es/regcessWeb/inicioBuscarCentrosAction.do|https://www.sanidad.gob.es/estadEstudios/estadisticas/docs/siap/2026_C_Catal_Centros_AP.xlsx,2025-12-31,2026-09-27,VERIFIED,262758,"U.20 Pediatría verificada en REGCESS; dirección, Área de Salud y nombre ZBS proceden del Catálogo AP 2026. El código ZBS queda pendiente del gate B. U.68 Urgencias registrada; no prueba una urgencia pediátrica diferenciada. Coordenada oficial publicada por REGCESS/eGeo.",REGCESS/eGeo,official_registry_point,0535002164,"CALLE MARIO CÉSAR Palmas de Gran Canaria, Las",U1|U2|U20|U3|U5|U59|U66|U68|U70|U72|U9|U900,true
regcess:0535002166,0535002166,C.S. INGENIO,gran-canaria,,Ingenio,gran-canaria,,INGENIO,primary_care_center,27.9174162,-15.4248665,"AVENIDA DE LOS ARTESANOS, Nº 8",35250,observed,needs_validation,not_available,needs_validation,needs_validation,needs_validation,observed,https://regcess.mscbs.es/regcessWeb/inicioBuscarCentrosAction.do|https://www.sanidad.gob.es/estadEstudios/estadisticas/docs/siap/2026_C_Catal_Centros_AP.xlsx,2025-12-31,2026-09-27,VERIFIED,262760,"U.20 Pediatría verificada en REGCESS; dirección, Área de Salud y nombre ZBS proceden del Catálogo AP 2026. El código ZBS queda pendiente del gate B. Geocodificación CartoCiudad: approximate. U.68 Urgencias registrada; no prueba una urgencia pediátrica diferenciada. Coordenada oficial publicada por REGCESS/eGeo.",REGCESS/eGeo,official_registry_point,0535002166,AVENIDA DE LOS ARTESANOS 8 Ingenio,U1|U2|U20|U3|U5|U66|U68|U72,true
regcess:0535002168,0535002168,C.S. JINAMAR,gran-canaria,,Telde,gran-canaria,,JINÁMAR,primary_care_center,28.0263406,-15.4087096,"CALLE LUIS DORESTE SILVA, S/N",35220,observed,needs_validation,not_available,needs_validation,needs_validation,needs_validation,observed,https://regcess.mscbs.es/regcessWeb/inicioBuscarCentrosAction.do|https://www.sanidad.gob.es/estadEstudios/estadisticas/docs/siap/2026_C_Catal_Centros_AP.xlsx,2025-12-31,2026-09-27,VERIFIED,262762,"U.20 Pediatría verificada en REGCESS; dirección, Área de Salud y nombre ZBS proceden del Catálogo AP 2026. El código ZBS queda pendiente del gate B. U.68 Urgencias registrada; no prueba una urgencia pediátrica diferenciada. Coordenada oficial publicada por REGCESS/eGeo.",REGCESS/eGeo,official_registry_point,0535002168,CALLE LUIS DORESTE SILVA Telde,U1|U2|U20|U3|U44|U5|U66|U68|U72|U900,true
regcess:0535002171,0535002171,C.S. LAS REMUDAS,gran-canaria,,Telde,gran-canaria,,LAS REMUDAS,primary_care_center,27.9949639,-15.42119,"AVENIDA DE LA PAZ, Nº 1",35200,observed,needs_validation,not_available,needs_validation,needs_validation,needs_validation,observed,https://regcess.mscbs.es/regcessWeb/inicioBuscarCentrosAction.do|https://www.sanidad.gob.es/estadEstudios/estadisticas/docs/siap/2026_C_Catal_Centros_AP.xlsx,2025-12-31,2026-09-27,VERIFIED,262765,"U.20 Pediatría verificada en REGCESS; dirección, Área de Salud y nombre ZBS proceden del Catálogo AP 2026. El código ZBS queda pendiente del gate B. U.68 Urgencias registrada; no prueba una urgencia pediátrica diferenciada. Coordenada oficial publicada por REGCESS/eGeo.",REGCESS/eGeo,official_registry_point,0535002171,AVENIDA DE LA PAZ 1 Telde,U1|U2|U20|U3|U44|U5|U59|U66|U68|U72|U900,true
regcess:0535002205,0535002205,C.S. LOMO BLANCO,gran-canaria,,"Palmas de Gran Canaria, Las",gran-canaria,,TAFIRA / LOMO BLANCO,primary_care_center,28.0865629,-15.4415627,"CALLE PROFESOR SVENTENLUS, Nº 1",35015,observed,needs_validation,not_available,needs_validation,needs_validation,needs_validation,observed,https://regcess.mscbs.es/regcessWeb/inicioBuscarCentrosAction.do|https://www.sanidad.gob.es/estadEstudios/estadisticas/docs/siap/2026_C_Catal_Centros_AP.xlsx,2025-12-31,2026-09-27,VERIFIED,262799,"U.20 Pediatría verificada en REGCESS; dirección, Área de Salud y nombre ZBS proceden del Catálogo AP 2026. El código ZBS queda pendiente del gate B. Geocodificación CartoCiudad: approximate. Coordenada oficial publicada por REGCESS/eGeo.",REGCESS/eGeo,official_registry_point,0535002205,"CALLE PROFESOR SVENTENLUS 1 Palmas de Gran Canaria, Las",U1|U2|U20|U3|U5|U66|U72,true
regcess:0535002172,0535002172,C.S. MASPALOMAS,gran-canaria,,San Bartolomé de Tirajana,gran-canaria,,MASPALOMAS,primary_care_center,27.7771902,-15.5856922,"CALLE CRUCE DEL TABLERO, S/N",35109,observed,needs_validation,not_available,needs_validation,needs_validation,needs_validation,observed,https://regcess.mscbs.es/regcessWeb/inicioBuscarCentrosAction.do|https://www.sanidad.gob.es/estadEstudios/estadisticas/docs/siap/2026_C_Catal_Centros_AP.xlsx,2025-12-31,2026-09-27,VERIFIED,262766,"U.20 Pediatría verificada en REGCESS; dirección, Área de Salud y nombre ZBS proceden del Catálogo AP 2026. El código ZBS queda pendiente del gate B. U.68 Urgencias registrada; no prueba una urgencia pediátrica diferenciada. Coordenada oficial publicada por REGCESS/eGeo.",REGCESS/eGeo,official_registry_point,0535002172,CALLE CRUCE DEL TABLERO San Bartolomé de Tirajana,U1|U2|U20|U3|U44|U5|U59|U66|U68|U70|U72|U900,true
regcess:0535002174,0535002174,C.S. MILLER BAJO,gran-canaria,,"Palmas de Gran Canaria, Las",gran-canaria,,MILLER BAJO,primary_care_center,28.1043712,-15.4333698,"CALLE CALZADA LATERAL DEL NORTE, Nº 34",35014,observed,needs_validation,not_available,needs_validation,needs_validation,needs_validation,observed,https://regcess.mscbs.es/regcessWeb/inicioBuscarCentrosAction.do|https://www.sanidad.gob.es/estadEstudios/estadisticas/docs/siap/2026_C_Catal_Centros_AP.xlsx,2025-12-31,2026-09-27,VERIFIED,262768,"U.20 Pediatría verificada en REGCESS; dirección, Área de Salud y nombre ZBS proceden del Catálogo AP 2026. El código ZBS queda pendiente del gate B. Geocodificación CartoCiudad: approximate. Coordenada oficial publicada por REGCESS/eGeo.",REGCESS/eGeo,official_registry_point,0535002174,"CALLE CALZADA LATERAL DEL RTE 34 Palmas de Gran Canaria, Las",U1|U2|U20|U3|U44|U5|U59|U66|U72,true
regcess:0535002182,0535002182,C.S. MOYA,gran-canaria,,Moya,gran-canaria,,MOYA,primary_care_center,28.1126171,-15.581545,"CALLE PINTOR SANTIAGO SANTANA, Nº 27",35420,observed,needs_validation,not_available,needs_validation,needs_validation,needs_validation,observed,https://regcess.mscbs.es/regcessWeb/inicioBuscarCentrosAction.do|https://www.sanidad.gob.es/estadEstudios/estadisticas/docs/siap/2026_C_Catal_Centros_AP.xlsx,2025-12-31,2026-09-27,VERIFIED,262776,"U.20 Pediatría verificada en REGCESS; dirección, Área de Salud y nombre ZBS proceden del Catálogo AP 2026. El código ZBS queda pendiente del gate B. Geocodificación CartoCiudad: approximate. Coordenada oficial publicada por REGCESS/eGeo.",REGCESS/eGeo,official_registry_point,0535002182,CALLE PINTOR SANTIAGO SANTANA 27 Moya,U1|U2|U20|U3|U5|U66|U72,true
regcess:0535002187,0535002187,C.S. PUERTO,gran-canaria,,"Palmas de Gran Canaria, Las",gran-canaria,,LA ISLETA,primary_care_center,28.1162089,-15.4414262,"CALLE DOCTOR JOSÉ GUERRA NAVARRO, S/N",35009,observed,needs_validation,not_available,needs_validation,needs_validation,needs_validation,observed,https://regcess.mscbs.es/regcessWeb/inicioBuscarCentrosAction.do|https://www.sanidad.gob.es/estadEstudios/estadisticas/docs/siap/2026_C_Catal_Centros_AP.xlsx,2025-12-31,2026-09-27,VERIFIED,262781,"U.20 Pediatría verificada en REGCESS; dirección, Área de Salud y nombre ZBS proceden del Catálogo AP 2026. El código ZBS queda pendiente del gate B. U.68 Urgencias registrada; no prueba una urgencia pediátrica diferenciada. Coordenada oficial publicada por REGCESS/eGeo.",REGCESS/eGeo,official_registry_point,0535002187,"CALLE DOCTOR JOSÉ GUERRA AVARRO Palmas de Gran Canaria, Las",U1|U2|U20|U3|U44|U5|U59|U66|U68|U72|U900,true
regcess:0535002188,0535002188,C.S. SAN GREGORIO,gran-canaria,,Telde,gran-canaria,,TELDE-SAN GREGORIO,primary_care_center,27.9983474,-15.4121119,"CALLE JOAN MIRÓ, S/N",35200,observed,needs_validation,not_available,needs_validation,needs_validation,needs_validation,observed,https://regcess.mscbs.es/regcessWeb/inicioBuscarCentrosAction.do|https://www.sanidad.gob.es/estadEstudios/estadisticas/docs/siap/2026_C_Catal_Centros_AP.xlsx,2025-12-31,2026-09-27,VERIFIED,262782,"U.20 Pediatría verificada en REGCESS; dirección, Área de Salud y nombre ZBS proceden del Catálogo AP 2026. El código ZBS queda pendiente del gate B. U.68 Urgencias registrada; no prueba una urgencia pediátrica diferenciada. Coordenada oficial publicada por REGCESS/eGeo.",REGCESS/eGeo,official_registry_point,0535002188,CALLE JOAN MIRÓ Telde,U1|U2|U20|U3|U44|U5|U68,true
regcess:0535002186,0535002186,C.S. SAN JOSE,gran-canaria,,"Palmas de Gran Canaria, Las",gran-canaria,,SAN JOSÉ (SAN CRISTOBAL),primary_care_center,28.092875,-15.4134699,"CALLE ALICANTE, S/N",35016,observed,needs_validation,not_available,needs_validation,needs_validation,needs_validation,observed,https://regcess.mscbs.es/regcessWeb/inicioBuscarCentrosAction.do|https://www.sanidad.gob.es/estadEstudios/estadisticas/docs/siap/2026_C_Catal_Centros_AP.xlsx,2025-12-31,2026-09-27,VERIFIED,262780,"U.20 Pediatría verificada en REGCESS; dirección, Área de Salud y nombre ZBS proceden del Catálogo AP 2026. El código ZBS queda pendiente del gate B. U.68 Urgencias registrada; no prueba una urgencia pediátrica diferenciada. Coordenada oficial publicada por REGCESS/eGeo.",REGCESS/eGeo,official_registry_point,0535002186,"CALLE ALICANTE Palmas de Gran Canaria, Las",U1|U2|U20|U3|U5|U66|U68|U72,true
regcess:0535002191,0535002191,C.S. SAN JUAN,gran-canaria,,Telde,gran-canaria,,TELDE-SAN JUAN,primary_care_center,27.9956207,-15.4204847,"CALLE JUAN CARLOS I, S/N",35201,observed,needs_validation,not_available,needs_validation,needs_validation,needs_validation,observed,https://regcess.mscbs.es/regcessWeb/inicioBuscarCentrosAction.do|https://www.sanidad.gob.es/estadEstudios/estadisticas/docs/siap/2026_C_Catal_Centros_AP.xlsx,2025-12-31,2026-09-27,VERIFIED,262785,"U.20 Pediatría verificada en REGCESS; dirección, Área de Salud y nombre ZBS proceden del Catálogo AP 2026. El código ZBS queda pendiente del gate B. Coordenada oficial publicada por REGCESS/eGeo.",REGCESS/eGeo,official_registry_point,0535002191,CALLE JUAN CARLOS I Telde,U1|U2|U20|U3|U5|U66|U72,true
regcess:0535002192,0535002192,C.S. SAN MATEO,gran-canaria,,Vega de San Mateo,gran-canaria,,SAN MATEO,primary_care_center,28.0082091,-15.5327886,"CALLE EL AGUA, S/N",35320,observed,needs_validation,not_available,needs_validation,needs_validation,needs_validation,observed,https://regcess.mscbs.es/regcessWeb/inicioBuscarCentrosAction.do|https://www.sanidad.gob.es/estadEstudios/estadisticas/docs/siap/2026_C_Catal_Centros_AP.xlsx,2025-12-31,2026-09-27,VERIFIED,262786,"U.20 Pediatría verificada en REGCESS; dirección, Área de Salud y nombre ZBS proceden del Catálogo AP 2026. El código ZBS queda pendiente del gate B. Coordenada oficial publicada por REGCESS/eGeo.",REGCESS/eGeo,official_registry_point,0535002192,CALLE EL AGUA Vega de San Mateo,U1|U2|U20|U3|U5|U66|U72,true
regcess:0535002184,0535002184,C.S. SAN NICOLAS TOLENTINO,gran-canaria,,"Aldea de San Nicolás, La",gran-canaria,,SAN NICOLÁS DE TOLENTINO,primary_care_center,27.986708,-15.781872,"CALLE LOS CASCAJOS, Nº 10",35470,observed,needs_validation,not_available,needs_validation,needs_validation,needs_validation,observed,https://regcess.mscbs.es/regcessWeb/inicioBuscarCentrosAction.do|https://www.sanidad.gob.es/estadEstudios/estadisticas/docs/siap/2026_C_Catal_Centros_AP.xlsx,2025-12-31,2026-09-27,VERIFIED,262778,"U.20 Pediatría verificada en REGCESS; dirección, Área de Salud y nombre ZBS proceden del Catálogo AP 2026. El código ZBS queda pendiente del gate B. Geocodificación CartoCiudad: exact_portal. Coordenada oficial publicada por REGCESS/eGeo.",REGCESS/eGeo,official_registry_point,0535002184,"CALLE LOS CASCAJOS 10 Aldea de San Nicolás, La",U1|U2|U20|U3|U44|U5|U66|U72,true
regcess:0535002196,0535002196,C.S. SAN ROQUE,gran-canaria,,"Palmas de Gran Canaria, Las",gran-canaria,,SAN ROQUE,primary_care_center,28.0960771,-15.4260754,"CALLE SEVERO OCHOA, Nº 2",35015,observed,needs_validation,not_available,needs_validation,needs_validation,needs_validation,observed,https://regcess.mscbs.es/regcessWeb/inicioBuscarCentrosAction.do|https://www.sanidad.gob.es/estadEstudios/estadisticas/docs/siap/2026_C_Catal_Centros_AP.xlsx,2025-12-31,2026-09-27,VERIFIED,262790,"U.20 Pediatría verificada en REGCESS; dirección, Área de Salud y nombre ZBS proceden del Catálogo AP 2026. El código ZBS queda pendiente del gate B. Geocodificación CartoCiudad: exact_portal. U.68 Urgencias registrada; no prueba una urgencia pediátrica diferenciada. Coordenada oficial publicada por REGCESS/eGeo.",REGCESS/eGeo,official_registry_point,0535002196,"CALLE SEVERO OCHOA 2 Palmas de Gran Canaria, Las",U1|U2|U20|U3|U5|U66|U68|U72,true
regcess:0535002197,0535002197,C.S. SANTA BRIGIDA,gran-canaria,,Santa Brígida,gran-canaria,,SANTA BRÍGIDA,primary_care_center,28.0393723,-15.4960617,"CALLE 18 DE JULIO, S/N",35300,observed,needs_validation,not_available,needs_validation,needs_validation,needs_validation,observed,https://regcess.mscbs.es/regcessWeb/inicioBuscarCentrosAction.do|https://www.sanidad.gob.es/estadEstudios/estadisticas/docs/siap/2026_C_Catal_Centros_AP.xlsx,2025-12-31,2026-09-27,VERIFIED,262791,"U.20 Pediatría verificada en REGCESS; dirección, Área de Salud y nombre ZBS proceden del Catálogo AP 2026. El código ZBS queda pendiente del gate B. Geocodificación CartoCiudad: approximate. Coordenada oficial publicada por REGCESS/eGeo.",REGCESS/eGeo,official_registry_point,0535002197,CALLE 18 DE JULIO Santa Brígida,U1|U2|U20|U3|U44|U5|U66|U72|U900,true
regcess:0535002200,0535002200,C.S. SANTA MARIA DE GUIA,gran-canaria,,Santa María de Guía de Gran Canaria,gran-canaria,,STA Mª DE GUÍA,primary_care_center,28.1424406,-15.6364111,"CALLE LOMO GUILLÉN, S/N",35450,observed,needs_validation,not_available,needs_validation,needs_validation,needs_validation,observed,https://regcess.mscbs.es/regcessWeb/inicioBuscarCentrosAction.do|https://www.sanidad.gob.es/estadEstudios/estadisticas/docs/siap/2026_C_Catal_Centros_AP.xlsx,2025-12-31,2026-09-27,VERIFIED,262794,"U.20 Pediatría verificada en REGCESS; dirección, Área de Salud y nombre ZBS proceden del Catálogo AP 2026. El código ZBS queda pendiente del gate B. Coordenada oficial publicada por REGCESS/eGeo.",REGCESS/eGeo,official_registry_point,0535002200,CALLE LOMO GUILLÉN Santa María de Guía de Gran Canaria,U1|U2|U20|U3|U44|U5,true
regcess:0535002203,0535002203,C.S. SCHAMANN,gran-canaria,,"Palmas de Gran Canaria, Las",gran-canaria,,SCHAMANN,primary_care_center,28.1187192,-15.4330097,"CALLE JUAN RAMÓN JIMÉNEZ, Nº 41",35011,observed,needs_validation,not_available,needs_validation,needs_validation,needs_validation,observed,https://regcess.mscbs.es/regcessWeb/inicioBuscarCentrosAction.do|https://www.sanidad.gob.es/estadEstudios/estadisticas/docs/siap/2026_C_Catal_Centros_AP.xlsx,2025-12-31,2026-09-27,VERIFIED,262797,"U.20 Pediatría verificada en REGCESS; dirección, Área de Salud y nombre ZBS proceden del Catálogo AP 2026. El código ZBS queda pendiente del gate B. Geocodificación CartoCiudad: exact_portal. U.68 Urgencias registrada; no prueba una urgencia pediátrica diferenciada. Coordenada oficial publicada por REGCESS/eGeo.",REGCESS/eGeo,official_registry_point,0535002203,"CALLE JUAN RAMÓN JIMÉNEZ 41 Palmas de Gran Canaria, Las",U1|U2|U20|U3|U5|U66|U68|U72,true
regcess:0535002206,0535002206,C.S. TAMARACEITE,gran-canaria,,"Palmas de Gran Canaria, Las",gran-canaria,,TAMARACEITE,primary_care_center,28.099059,-15.4759688,"CALLE SAN BORONDÓN, S/N",35018,observed,needs_validation,not_available,needs_validation,needs_validation,needs_validation,observed,https://regcess.mscbs.es/regcessWeb/inicioBuscarCentrosAction.do|https://www.sanidad.gob.es/estadEstudios/estadisticas/docs/siap/2026_C_Catal_Centros_AP.xlsx,2025-12-31,2026-09-27,VERIFIED,262800,"U.20 Pediatría verificada en REGCESS; dirección, Área de Salud y nombre ZBS proceden del Catálogo AP 2026. El código ZBS queda pendiente del gate B. U.68 Urgencias registrada; no prueba una urgencia pediátrica diferenciada. Coordenada oficial publicada por REGCESS/eGeo.",REGCESS/eGeo,official_registry_point,0535002206,"CALLE SAN BORONDÓN Palmas de Gran Canaria, Las",U1|U2|U20|U3|U44|U5|U66|U68|U72,true
regcess:0535002211,0535002211,C.S. TEROR,gran-canaria,,Teror,gran-canaria,,TEROR,primary_care_center,28.0586754,-15.5487542,"AVENIDA VENEZUELA, S/N",35330,observed,needs_validation,not_available,needs_validation,needs_validation,needs_validation,observed,https://regcess.mscbs.es/regcessWeb/inicioBuscarCentrosAction.do|https://www.sanidad.gob.es/estadEstudios/estadisticas/docs/siap/2026_C_Catal_Centros_AP.xlsx,2025-12-31,2026-09-27,VERIFIED,262805,"U.20 Pediatría verificada en REGCESS; dirección, Área de Salud y nombre ZBS proceden del Catálogo AP 2026. El código ZBS queda pendiente del gate B. Coordenada oficial publicada por REGCESS/eGeo.",REGCESS/eGeo,official_registry_point,0535002211,AVENIDA VENEZUELA Teror,U1|U2|U20|U3|U44|U5|U59|U66|U72,true
regcess:0535002218,0535002218,C.S. TRIANA,gran-canaria,,"Palmas de Gran Canaria, Las",gran-canaria,,TRIANA,primary_care_center,28.0960881,-15.4160765,"CALLE BERNARDINO CORREA VIERA, S/N",35001,observed,needs_validation,not_available,needs_validation,needs_validation,needs_validation,observed,https://regcess.mscbs.es/regcessWeb/inicioBuscarCentrosAction.do|https://www.sanidad.gob.es/estadEstudios/estadisticas/docs/siap/2026_C_Catal_Centros_AP.xlsx,2025-12-31,2026-09-27,VERIFIED,262812,"U.20 Pediatría verificada en REGCESS; dirección, Área de Salud y nombre ZBS proceden del Catálogo AP 2026. El código ZBS queda pendiente del gate B. Coordenada oficial publicada por REGCESS/eGeo.",REGCESS/eGeo,official_registry_point,0535002218,"CALLE BERNARDINO CORREA VIERA Palmas de Gran Canaria, Las",U1|U2|U20|U3|U5|U66|U72,true
regcess:0535002220,0535002220,C.S. VALSEQUILLO,gran-canaria,,Valsequillo de Gran Canaria,gran-canaria,,VALSEQUILLO,primary_care_center,27.991915,-15.4967697,"CALLE ISLA FUERTEVENTURA, S/N",35217,observed,needs_validation,not_available,needs_validation,needs_validation,needs_validation,observed,https://regcess.mscbs.es/regcessWeb/inicioBuscarCentrosAction.do|https://www.sanidad.gob.es/estadEstudios/estadisticas/docs/siap/2026_C_Catal_Centros_AP.xlsx,2025-12-31,2026-09-27,VERIFIED,262814,"U.20 Pediatría verificada en REGCESS; dirección, Área de Salud y nombre ZBS proceden del Catálogo AP 2026. El código ZBS queda pendiente del gate B. Coordenada oficial publicada por REGCESS/eGeo.",REGCESS/eGeo,official_registry_point,0535002220,CALLE ISLA FUERTEVENTURA Valsequillo de Gran Canaria,U1|U2|U20|U3|U5|U66|U72|U900,true
regcess:0535002222,0535002222,CENTRO DE SALUD DE DOCTORAL,gran-canaria,,Santa Lucía de Tirajana,gran-canaria,,VECINDARIO,primary_care_center,27.8355,-15.44539,"CALLE MONTAÑA CLARA, Nº 7",35110,observed,needs_validation,not_available,needs_validation,needs_validation,needs_validation,observed,https://regcess.mscbs.es/regcessWeb/inicioBuscarCentrosAction.do|https://www.sanidad.gob.es/estadEstudios/estadisticas/docs/siap/2026_C_Catal_Centros_AP.xlsx,2025-12-31,2026-09-27,VERIFIED,262816,"U.20 Pediatría verificada en REGCESS; dirección, Área de Salud y nombre ZBS proceden del Catálogo AP 2026. El código ZBS queda pendiente del gate B. Coordenada oficial publicada por REGCESS/eGeo.",REGCESS/eGeo,official_registry_point,0535002222,CALLE MONTAÑA CLARA 7 Santa Lucía de Tirajana,U1|U2|U20|U3|U5,true
regcess:0535001838,0535001838,COMPLEJO HOSPITALARIO UNIVERSITARIO INSULAR MATERNO INFANTIL,gran-canaria,350167,"Palmas de Gran Canaria, Las",gran-canaria,,,hospital,28.0883072,-15.4152562,Calle Autovía del Sur S/N,35016,not_available,needs_validation,observed,observed,observed,needs_validation,observed,https://regcess.mscbs.es/regcessWeb/inicioBuscarCentrosAction.do|https://www.sanidad.gob.es/estadEstudios/estadisticas/sisInfSanSNS/ofertaRecursos/hospitales/docs/CNH_2025.xlsx,2024-12-31,2026-09-27,VERIFIED,139050,"U.20 Pediatría verificada en REGCESS y hospital con internamiento en CNH 2025. U.20 no demuestra por sí sola ingreso pediátrico, urgencia diferenciada, UCIN ni UCIP. U.68 Urgencias registrada; no prueba una urgencia pediátrica diferenciada. Coordenada oficial publicada por REGCESS/eGeo.",REGCESS/eGeo,official_registry_point,0535001838,"Calle Autovía del Sur Palmas de Gran Canaria, Las",U1|U10|U11|U13|U14|U15|U16|U17|U18|U19|U2|U20|U21|U22|U23|U24|U25|U26|U27|U28|U29|U3|U30|U31|U32|U35|U36|U37|U39|U40|U41|U42|U43|U44|U45|U46|U49|U50|U52|U53|U54|U55|U56|U57|U59|U6|U60|U61|U62|U63|U64|U65|U66|U67|U68|U69|U7|U70|U71|U72|U73|U74|U75|U76|U77|U78|U79|U8|U80|U81|U82|U83|U85|U87|U88|U9|U90|U900|U93|U94|U95|U96|U97|U99,false
regcess:0538002157,0538002157,C.S. SAN SEBASTIAN DE LA GOMERA,la-gomera,,San Sebastián de la Gomera,la-gomera,,SAN SEBASTIÁN DE LA GOMERA,primary_care_center,28.1110882,-17.2188345,"CALLE LOS ACEVIÑOS, S/N",38890,observed,needs_validation,not_available,needs_validation,needs_validation,needs_validation,observed,https://regcess.mscbs.es/regcessWeb/inicioBuscarCentrosAction.do|https://www.sanidad.gob.es/estadEstudios/estadisticas/docs/siap/2026_C_Catal_Centros_AP.xlsx,2025-12-31,2026-09-27,VERIFIED,262714,"U.20 Pediatría verificada en REGCESS; dirección, Área de Salud y nombre ZBS proceden del Catálogo AP 2026. El código ZBS queda pendiente del gate B. U.68 Urgencias registrada; no prueba una urgencia pediátrica diferenciada. Coordenada oficial publicada por REGCESS/eGeo.",REGCESS/eGeo,official_registry_point,0538002157,CALLE LOS ACEVIÑOS San Sebastián de la Gomera,U1|U2|U20|U3|U44|U68,true
regcess:0538002289,0538002289,HOSPITAL NUESTRA SEÑORA DE GUADALUPE,la-gomera,380368,San Sebastián de la Gomera,la-gomera,,,hospital,28.101114,-17.1246439,Calle Langrero S/N,38800,not_available,needs_validation,observed,observed,not_available,needs_validation,observed,https://regcess.mscbs.es/regcessWeb/inicioBuscarCentrosAction.do|https://www.sanidad.gob.es/estadEstudios/estadisticas/sisInfSanSNS/ofertaRecursos/hospitales/docs/CNH_2025.xlsx,2024-12-31,2026-09-27,VERIFIED,270317,"U.20 Pediatría verificada en REGCESS y hospital con internamiento en CNH 2025. U.20 no demuestra por sí sola ingreso pediátrico, urgencia diferenciada, UCIN ni UCIP. U.68 Urgencias registrada; no prueba una urgencia pediátrica diferenciada. Coordenada oficial publicada por REGCESS/eGeo.",REGCESS/eGeo,official_registry_point,0538002289,Calle Langrero San Sebastián de la Gomera,U1|U10|U100|U13|U14|U15|U16|U17|U18|U19|U2|U20|U21|U22|U24|U25|U26|U3|U33|U35|U36|U39|U42|U43|U44|U5|U50|U51|U52|U53|U55|U57|U59|U6|U61|U62|U63|U64|U65|U67|U68|U69|U7|U70|U71|U72|U73|U74|U75|U76|U79|U8|U80|U81|U82|U83|U84|U85|U88|U9|U90|U900|U99,false
regcess:0538002282,0538002282,C.L. PUNTAGORDA,la-palma,,Puntagorda,la-palma,,TIJARAFE,primary_care_consultorio,28.6805233,-17.9414694,"CALLE LA MOLINA, Nº 45",38780,observed,needs_validation,not_available,needs_validation,needs_validation,needs_validation,observed,https://regcess.mscbs.es/regcessWeb/inicioBuscarCentrosAction.do|https://www.sanidad.gob.es/estadEstudios/estadisticas/docs/siap/2026_C_Catal_Centros_AP.xlsx,2025-12-31,2026-09-27,VERIFIED,262939,"U.20 Pediatría verificada en REGCESS; dirección, Área de Salud y nombre ZBS proceden del Catálogo AP 2026. El código ZBS queda pendiente del gate B. U.68 Urgencias registrada; no prueba una urgencia pediátrica diferenciada. Coordenada oficial publicada por REGCESS/eGeo.",REGCESS/eGeo,official_registry_point,0538002282,CALLE LA MOLINA 45 Puntagorda,U1|U2|U20|U3|U5|U68,true
regcess:0538002283,0538002283,C.S. BREÑA ALTA,la-palma,,Breña Alta,la-palma,,LAS BREÑAS,primary_care_center,28.6634534,-17.7846669,"CALLE LA CONSTITUCIÓN, Nº 64",38710,observed,needs_validation,not_available,needs_validation,needs_validation,needs_validation,observed,https://regcess.mscbs.es/regcessWeb/inicioBuscarCentrosAction.do|https://www.sanidad.gob.es/estadEstudios/estadisticas/docs/siap/2026_C_Catal_Centros_AP.xlsx,2025-12-31,2026-09-27,VERIFIED,262940,"U.20 Pediatría verificada en REGCESS; dirección, Área de Salud y nombre ZBS proceden del Catálogo AP 2026. El código ZBS queda pendiente del gate B. Geocodificación CartoCiudad: exact_portal. U.68 Urgencias registrada; no prueba una urgencia pediátrica diferenciada. Coordenada oficial publicada por REGCESS/eGeo.",REGCESS/eGeo,official_registry_point,0538002283,CALLE LA CONSTITUCIÓN 64 Breña Alta,U1|U2|U20|U3|U5|U68,true
regcess:0538002169,0538002169,C.S. S/C DE LA PALMA,la-palma,,Santa Cruz de la Palma,la-palma,,SANTA CRUZ DE LA PALMA,primary_care_center,28.6878532,-17.7605172,"CALLE PEREZ GALDOS, Nº 5",38700,observed,needs_validation,not_available,needs_validation,needs_validation,needs_validation,observed,https://regcess.mscbs.es/regcessWeb/inicioBuscarCentrosAction.do|https://www.sanidad.gob.es/estadEstudios/estadisticas/docs/siap/2026_C_Catal_Centros_AP.xlsx,2025-12-31,2026-09-27,VERIFIED,262726,"U.20 Pediatría verificada en REGCESS; dirección, Área de Salud y nombre ZBS proceden del Catálogo AP 2026. El código ZBS queda pendiente del gate B. Geocodificación CartoCiudad: exact_portal. Coordenada oficial publicada por REGCESS/eGeo.",REGCESS/eGeo,official_registry_point,0538002169,CALLE PEREZ GALDOS 5 Santa Cruz de la Palma,U1|U2|U20|U3|U44,true
regcess:0538002279,0538002279,C.S. TAZACORTE,la-palma,,Tazacorte,la-palma,,TAZACORTE,primary_care_center,28.6391295,-17.9340215,"CALLE PRIMERO DE MAYO, S/N",38770,observed,needs_validation,not_available,needs_validation,needs_validation,needs_validation,observed,https://regcess.mscbs.es/regcessWeb/inicioBuscarCentrosAction.do|https://www.sanidad.gob.es/estadEstudios/estadisticas/docs/siap/2026_C_Catal_Centros_AP.xlsx,2025-12-31,2026-09-27,VERIFIED,262936,"U.20 Pediatría verificada en REGCESS; dirección, Área de Salud y nombre ZBS proceden del Catálogo AP 2026. El código ZBS queda pendiente del gate B. U.68 Urgencias registrada; no prueba una urgencia pediátrica diferenciada. Coordenada oficial publicada por REGCESS/eGeo.",REGCESS/eGeo,official_registry_point,0538002279,CALLE PRIMERO DE MAYO Tazacorte,U1|U2|U20|U3|U5|U68,true
regcess:0538002290,0538002290,HOSPITAL UNIVERSITARIO GENERAL DE LA PALMA,la-palma,380086,Breña Alta,la-palma,,,hospital,28.6726401,-17.79098,Carretera Cumbre (De La) 28,38713,not_available,needs_validation,observed,not_available,not_available,needs_validation,observed,https://regcess.mscbs.es/regcessWeb/inicioBuscarCentrosAction.do|https://www.sanidad.gob.es/estadEstudios/estadisticas/sisInfSanSNS/ofertaRecursos/hospitales/docs/CNH_2025.xlsx,2024-12-31,2026-09-27,VERIFIED,270318,"U.20 Pediatría verificada en REGCESS y hospital con internamiento en CNH 2025. U.20 no demuestra por sí sola ingreso pediátrico, urgencia diferenciada, UCIN ni UCIP. Geocodificación CartoCiudad: approximate. U.68 Urgencias registrada; no prueba una urgencia pediátrica diferenciada. Coordenada oficial publicada por REGCESS/eGeo.",REGCESS/eGeo,official_registry_point,0538002290,Carretera Cumbre (De La) 28 Breña Alta,U1|U10|U100|U11|U13|U14|U15|U16|U17|U18|U19|U2|U20|U24|U25|U26|U3|U35|U37|U39|U43|U50|U52|U53|U55|U57|U59|U63|U64|U65|U67|U68|U69|U7|U70|U72|U73|U74|U75|U76|U77|U79|U8|U80|U81|U82|U83|U85|U88|U9|U90|U900|U93|U95|U96,false
regcess:0535002236,0535002236,C.L. COSTA TEGUISE,lanzarote,,Teguise,lanzarote,,TEGUISE,primary_care_consultorio,28.95379,-13.5953501,"CALLE LA FOLIA, Nº 7",35509,observed,needs_validation,not_available,needs_validation,needs_validation,needs_validation,observed,https://regcess.mscbs.es/regcessWeb/inicioBuscarCentrosAction.do|https://www.sanidad.gob.es/estadEstudios/estadisticas/docs/siap/2026_C_Catal_Centros_AP.xlsx,2025-12-31,2026-09-27,VERIFIED,262830,"U.20 Pediatría verificada en REGCESS; dirección, Área de Salud y nombre ZBS proceden del Catálogo AP 2026. El código ZBS queda pendiente del gate B. Geocodificación CartoCiudad: approximate. U.68 Urgencias registrada; no prueba una urgencia pediátrica diferenciada. Coordenada oficial publicada por REGCESS/eGeo.",REGCESS/eGeo,official_registry_point,0535002236,CALLE LA FOLIA 7 Teguise,U1|U2|U20|U3|U5|U66|U68|U72|U84|U900,true
regcess:0535002230,0535002230,C.L. DE MALA,lanzarote,,Haría,lanzarote,,MALA,primary_care_center,29.0930225,-13.4707598,"CALLE VILLA NUEVA, Nº 39",35543,observed,needs_validation,not_available,needs_validation,needs_validation,needs_validation,observed,https://regcess.mscbs.es/regcessWeb/inicioBuscarCentrosAction.do|https://www.sanidad.gob.es/estadEstudios/estadisticas/docs/siap/2026_C_Catal_Centros_AP.xlsx,2025-12-31,2026-09-27,VERIFIED,262824,"U.20 Pediatría verificada en REGCESS; dirección, Área de Salud y nombre ZBS proceden del Catálogo AP 2026. El código ZBS queda pendiente del gate B. Geocodificación CartoCiudad: approximate. Coordenada oficial publicada por REGCESS/eGeo.",REGCESS/eGeo,official_registry_point,0535002230,CALLE VILLA UEVA 39 Haría,U1|U2|U20|U3,true
regcess:0535002241,0535002241,C.L. PLAYA BLANCA,lanzarote,,Yaiza,lanzarote,,PLAYA BLANCA / YAIZA,primary_care_consultorio,28.9383369,-13.774105,"AVENIDA EL VARADERO, S/N",35570,observed,needs_validation,not_available,needs_validation,needs_validation,needs_validation,observed,https://regcess.mscbs.es/regcessWeb/inicioBuscarCentrosAction.do|https://www.sanidad.gob.es/estadEstudios/estadisticas/docs/siap/2026_C_Catal_Centros_AP.xlsx,2025-12-31,2026-09-27,VERIFIED,262944,"U.20 Pediatría verificada en REGCESS; dirección, Área de Salud y nombre ZBS proceden del Catálogo AP 2026. El código ZBS queda pendiente del gate B. U.68 Urgencias registrada; no prueba una urgencia pediátrica diferenciada. Coordenada oficial publicada por REGCESS/eGeo.",REGCESS/eGeo,official_registry_point,0535002241,AVENIDA EL VARADERO Yaiza,U1|U2|U20|U3|U5|U68,true
regcess:0535002229,0535002229,C.L. PLAYA HONDA,lanzarote,,San Bartolomé,lanzarote,,ARRECIFE I,primary_care_consultorio,28.9534998,-13.5907777,"CALLE SAN BORONDÓN, S/N",35509,observed,needs_validation,not_available,needs_validation,needs_validation,needs_validation,observed,https://regcess.mscbs.es/regcessWeb/inicioBuscarCentrosAction.do|https://www.sanidad.gob.es/estadEstudios/estadisticas/docs/siap/2026_C_Catal_Centros_AP.xlsx,2025-12-31,2026-09-27,VERIFIED,262823,"U.20 Pediatría verificada en REGCESS; dirección, Área de Salud y nombre ZBS proceden del Catálogo AP 2026. El código ZBS queda pendiente del gate B. Coordenada oficial publicada por REGCESS/eGeo.",REGCESS/eGeo,official_registry_point,0535002229,CALLE SAN BORONDÓN San Bartolomé,U1|U2|U20|U3|U5|U64|U66|U72|U84|U900,true
regcess:0535002238,0535002238,C.L. PUERTO DEL CARMEN,lanzarote,,Tías,lanzarote,,TÍAS,primary_care_consultorio,28.92306,-13.6677502,"CALLE JUAN CARLOS I, S/N",35510,observed,needs_validation,not_available,needs_validation,needs_validation,needs_validation,observed,https://regcess.mscbs.es/regcessWeb/inicioBuscarCentrosAction.do|https://www.sanidad.gob.es/estadEstudios/estadisticas/docs/siap/2026_C_Catal_Centros_AP.xlsx,2025-12-31,2026-09-27,VERIFIED,262832,"U.20 Pediatría verificada en REGCESS; dirección, Área de Salud y nombre ZBS proceden del Catálogo AP 2026. El código ZBS queda pendiente del gate B. U.68 Urgencias registrada; no prueba una urgencia pediátrica diferenciada. Coordenada oficial publicada por REGCESS/eGeo.",REGCESS/eGeo,official_registry_point,0535002238,CALLE JUAN CARLOS I Tías,U1|U2|U20|U3|U5|U59|U66|U68|U72|U84|U900,true
regcess:0535002233,0535002233,C.L. TINAJO,lanzarote,,Tinajo,lanzarote,,SAN BARTOLOMÉ LANZAROTE,primary_care_consultorio,28.9783712,-13.5678253,"CALLE MALAGUEÑA, Nº 12",35560,observed,needs_validation,not_available,needs_validation,needs_validation,needs_validation,observed,https://regcess.mscbs.es/regcessWeb/inicioBuscarCentrosAction.do|https://www.sanidad.gob.es/estadEstudios/estadisticas/docs/siap/2026_C_Catal_Centros_AP.xlsx,2025-12-31,2026-09-27,VERIFIED,262827,"U.20 Pediatría verificada en REGCESS; dirección, Área de Salud y nombre ZBS proceden del Catálogo AP 2026. El código ZBS queda pendiente del gate B. Geocodificación CartoCiudad: approximate. Coordenada oficial publicada por REGCESS/eGeo.",REGCESS/eGeo,official_registry_point,0535002233,CALLE MALAGUEÑA 12 Tinajo,U1|U2|U20|U3|U5|U59|U66|U72|U84|U900,true
regcess:0535002234,0535002234,C.S. TEGUISE,lanzarote,,Teguise,lanzarote,,TEGUISE,primary_care_center,29.06366,-13.5716094,"AVENIDA GRAN ALDEA, Nº 75",35530,observed,needs_validation,not_available,needs_validation,needs_validation,needs_validation,observed,https://regcess.mscbs.es/regcessWeb/inicioBuscarCentrosAction.do|https://www.sanidad.gob.es/estadEstudios/estadisticas/docs/siap/2026_C_Catal_Centros_AP.xlsx,2025-12-31,2026-09-27,VERIFIED,262828,"U.20 Pediatría verificada en REGCESS; dirección, Área de Salud y nombre ZBS proceden del Catálogo AP 2026. El código ZBS queda pendiente del gate B. Geocodificación CartoCiudad: approximate. U.68 Urgencias registrada; no prueba una urgencia pediátrica diferenciada. Coordenada oficial publicada por REGCESS/eGeo.",REGCESS/eGeo,official_registry_point,0535002234,AVENIDA GRAN ALDEA 75 Teguise,U1|U2|U20|U3|U5|U59|U61|U64|U66|U68|U72|U84|U900,true
regcess:0535002237,0535002237,C.S. TIAS,lanzarote,,Tías,lanzarote,,TÍAS,primary_care_center,28.9545365,-13.6545687,"CALLE VICTOR FERNÁNDEZ GOPAR, Nº 10",35572,observed,needs_validation,not_available,needs_validation,needs_validation,needs_validation,observed,https://regcess.mscbs.es/regcessWeb/inicioBuscarCentrosAction.do|https://www.sanidad.gob.es/estadEstudios/estadisticas/docs/siap/2026_C_Catal_Centros_AP.xlsx,2025-12-31,2026-09-27,VERIFIED,262831,"U.20 Pediatría verificada en REGCESS; dirección, Área de Salud y nombre ZBS proceden del Catálogo AP 2026. El código ZBS queda pendiente del gate B. Geocodificación CartoCiudad: exact_portal. U.68 Urgencias registrada; no prueba una urgencia pediátrica diferenciada. Coordenada oficial publicada por REGCESS/eGeo.",REGCESS/eGeo,official_registry_point,0535002237,CALLE VICTOR FERNÁNDEZ GOPAR 10 Tías,U1|U2|U20|U3|U5|U59|U61|U64|U66|U68|U72|U84|U900,true
regcess:0535002227,0535002227,C.S. VALTERRA,lanzarote,,Arrecife,lanzarote,,ARRECIFE II,primary_care_center,28.9650331,-13.5461679,"CALLE PEREZ GALDOS, Nº 90",35500,observed,needs_validation,not_available,needs_validation,needs_validation,needs_validation,observed,https://regcess.mscbs.es/regcessWeb/inicioBuscarCentrosAction.do|https://www.sanidad.gob.es/estadEstudios/estadisticas/docs/siap/2026_C_Catal_Centros_AP.xlsx,2025-12-31,2026-09-27,VERIFIED,262821,"U.20 Pediatría verificada en REGCESS; dirección, Área de Salud y nombre ZBS proceden del Catálogo AP 2026. El código ZBS queda pendiente del gate B. Geocodificación CartoCiudad: approximate. U.68 Urgencias registrada; no prueba una urgencia pediátrica diferenciada. Coordenada oficial publicada por REGCESS/eGeo.",REGCESS/eGeo,official_registry_point,0535002227,CALLE PEREZ GALDOS 90 Arrecife,U1|U2|U20|U3|U44|U5|U59|U61|U64|U66|U68|U70|U72|U84|U900,true
regcess:0535002239,0535002239,C.S. YAIZA,lanzarote,,Yaiza,lanzarote,,PLAYA BLANCA / YAIZA,primary_care_center,28.9383369,-13.774105,"CARRETERA YAIZA-PLAYA BLANCA, Nº 7",35570,observed,needs_validation,not_available,needs_validation,needs_validation,needs_validation,observed,https://regcess.mscbs.es/regcessWeb/inicioBuscarCentrosAction.do|https://www.sanidad.gob.es/estadEstudios/estadisticas/docs/siap/2026_C_Catal_Centros_AP.xlsx,2025-12-31,2026-09-27,VERIFIED,262833,"U.20 Pediatría verificada en REGCESS; dirección, Área de Salud y nombre ZBS proceden del Catálogo AP 2026. El código ZBS queda pendiente del gate B. Coordenada oficial publicada por REGCESS/eGeo.",REGCESS/eGeo,official_registry_point,0535002239,CARRETERA YAIZA-PLAYA BLANCA 7 Yaiza,U1|U2|U20|U3|U5|U59|U66|U72|U84|U900,true
regcess:0535002232,0535002232,CENTRO UNIVERSITARIO DE SALUD DE SAN BARTOLOME,lanzarote,,San Bartolomé,lanzarote,,SAN BARTOLOMÉ LANZAROTE,primary_care_center,29.0005735,-13.6112986,"CALLE DOCTOR CERDEÑA BETHENCOURT, Nº 8",35550,observed,needs_validation,not_available,needs_validation,needs_validation,needs_validation,observed,https://regcess.mscbs.es/regcessWeb/inicioBuscarCentrosAction.do|https://www.sanidad.gob.es/estadEstudios/estadisticas/docs/siap/2026_C_Catal_Centros_AP.xlsx,2025-12-31,2026-09-27,VERIFIED,262826,"U.20 Pediatría verificada en REGCESS; dirección, Área de Salud y nombre ZBS proceden del Catálogo AP 2026. El código ZBS queda pendiente del gate B. Geocodificación CartoCiudad: exact_portal. U.68 Urgencias registrada; no prueba una urgencia pediátrica diferenciada. Coordenada oficial publicada por REGCESS/eGeo.",REGCESS/eGeo,official_registry_point,0535002232,CALLE DOCTOR CERDEÑA BETHENCOURT 8 San Bartolomé,U1|U2|U20|U3|U5|U59|U68,true
regcess:0535002228,0535002228,CENTRO UNIVERSITARIO DE SALUD DE TITERROY,lanzarote,,Arrecife,lanzarote,,ARRECIFE I,primary_care_center,28.9682275,-13.5596181,"CALLE LA CARMEN, S/N",35500,observed,needs_validation,not_available,needs_validation,needs_validation,needs_validation,observed,https://regcess.mscbs.es/regcessWeb/inicioBuscarCentrosAction.do|https://www.sanidad.gob.es/estadEstudios/estadisticas/docs/siap/2026_C_Catal_Centros_AP.xlsx,2025-12-31,2026-09-27,VERIFIED,262822,"U.20 Pediatría verificada en REGCESS; dirección, Área de Salud y nombre ZBS proceden del Catálogo AP 2026. El código ZBS queda pendiente del gate B. U.68 Urgencias registrada; no prueba una urgencia pediátrica diferenciada. Coordenada oficial publicada por REGCESS/eGeo.",REGCESS/eGeo,official_registry_point,0535002228,CALLE LA CARMEN Arrecife,U1|U2|U20|U3|U5|U59|U61|U64|U66|U68|U72|U84|U900,true
regcess:0535003934,0535003934,HOSPITAL INSULAR DE LANZAROTE,lanzarote,350043,Arrecife,lanzarote,,,hospital,28.9619609,-13.543405,Calle Juan de Quesada S/N,35500,not_available,needs_validation,observed,not_available,not_available,needs_validation,observed,https://regcess.mscbs.es/regcessWeb/inicioBuscarCentrosAction.do|https://www.sanidad.gob.es/estadEstudios/estadisticas/sisInfSanSNS/ofertaRecursos/hospitales/docs/CNH_2025.xlsx,2024-12-31,2026-09-27,VERIFIED,386382,"U.20 Pediatría verificada en REGCESS y hospital con internamiento en CNH 2025. U.20 no demuestra por sí sola ingreso pediátrico, urgencia diferenciada, UCIN ni UCIP. Coordenada oficial publicada por REGCESS/eGeo.",REGCESS/eGeo,official_registry_point,0535003934,Calle Juan de Quesada Arrecife,U1|U11|U12|U2|U20|U33|U36|U5|U52|U57|U59|U60|U61|U65|U66|U67|U72|U73|U84|U88|U900|U92,false
regcess:0535002243,0535002243,HOSPITAL UNIVERSITARIO DR. JOSE MOLINA OROSA,lanzarote,350043,Arrecife,lanzarote,,,hospital,28.9794,-13.5509747,Calle Carretera Arrecife- Tinajo Km 1300 0,35500,not_available,needs_validation,observed,observed,not_available,needs_validation,observed,https://regcess.mscbs.es/regcessWeb/inicioBuscarCentrosAction.do|https://www.sanidad.gob.es/estadEstudios/estadisticas/sisInfSanSNS/ofertaRecursos/hospitales/docs/CNH_2025.xlsx,2024-12-31,2026-09-27,VERIFIED,270631,"U.20 Pediatría verificada en REGCESS y hospital con internamiento en CNH 2025. U.20 no demuestra por sí sola ingreso pediátrico, urgencia diferenciada, UCIN ni UCIP. U.68 Urgencias registrada; no prueba una urgencia pediátrica diferenciada. Coordenada oficial publicada por REGCESS/eGeo.",REGCESS/eGeo,official_registry_point,0535002243,Calle Carretera Arrecife- Tinajo Km 1300 0 Arrecife,U1|U10|U12|U13|U14|U15|U16|U17|U18|U19|U2|U20|U22|U24|U25|U26|U3|U33|U34|U35|U36|U37|U43|U44|U45|U49|U5|U50|U52|U53|U55|U57|U59|U6|U60|U61|U62|U63|U64|U65|U66|U67|U68|U69|U7|U70|U71|U72|U73|U74|U75|U76|U77|U79|U8|U80|U81|U82|U83|U84|U85|U88|U9|U90|U900|U93|U95|U96|U99,false
regcess:0538002203,0538002203,C.L. ALCALA,tenerife,,Guía de Isora,tenerife,,GUÍA DE ISORA,primary_care_consultorio,28.1986214,-16.8274125,"CALLE MÉNDEZ, S/N",38686,observed,needs_validation,not_available,needs_validation,needs_validation,needs_validation,observed,https://regcess.mscbs.es/regcessWeb/inicioBuscarCentrosAction.do|https://www.sanidad.gob.es/estadEstudios/estadisticas/docs/siap/2026_C_Catal_Centros_AP.xlsx,2025-12-31,2026-09-27,VERIFIED,262860,"U.20 Pediatría verificada en REGCESS; dirección, Área de Salud y nombre ZBS proceden del Catálogo AP 2026. El código ZBS queda pendiente del gate B. U.68 Urgencias registrada; no prueba una urgencia pediátrica diferenciada. Coordenada oficial publicada por REGCESS/eGeo.",REGCESS/eGeo,official_registry_point,0538002203,CALLE MÉNDEZ Guía de Isora,U1|U2|U20|U5|U66|U68|U72|U84,true
regcess:0538002180,0538002180,C.L. ARMEÑIME,tenerife,,Adeje,tenerife,,ADEJE,primary_care_consultorio,28.1301351,-16.7570467,"CALLE MIGUEL HERNANDEZ, Nº 3",38678,observed,needs_validation,not_available,needs_validation,needs_validation,needs_validation,observed,https://regcess.mscbs.es/regcessWeb/inicioBuscarCentrosAction.do|https://www.sanidad.gob.es/estadEstudios/estadisticas/docs/siap/2026_C_Catal_Centros_AP.xlsx,2025-12-31,2026-09-27,VERIFIED,262837,"U.20 Pediatría verificada en REGCESS; dirección, Área de Salud y nombre ZBS proceden del Catálogo AP 2026. El código ZBS queda pendiente del gate B. Geocodificación CartoCiudad: approximate. U.68 Urgencias registrada; no prueba una urgencia pediátrica diferenciada. Coordenada oficial publicada por REGCESS/eGeo.",REGCESS/eGeo,official_registry_point,0538002180,CALLE MIGUEL HERNANDEZ 3 Adeje,U1|U2|U20|U5|U66|U68|U84,true
regcess:0538002252,0538002252,C.L. BARROSO,tenerife,,"Orotava, La",tenerife,,SAN ANTONIO,primary_care_consultorio,28.378674,-16.4999564,"CARRETERA GENERAL LAS CAÑADAS, S/N",38310,observed,needs_validation,not_available,needs_validation,needs_validation,needs_validation,observed,https://regcess.mscbs.es/regcessWeb/inicioBuscarCentrosAction.do|https://www.sanidad.gob.es/estadEstudios/estadisticas/docs/siap/2026_C_Catal_Centros_AP.xlsx,2025-12-31,2026-09-27,VERIFIED,262909,"U.20 Pediatría verificada en REGCESS; dirección, Área de Salud y nombre ZBS proceden del Catálogo AP 2026. El código ZBS queda pendiente del gate B. Coordenada oficial publicada por REGCESS/eGeo.",REGCESS/eGeo,official_registry_point,0538002252,"CARRETERA GENERAL LAS CAÑADAS Orotava, La",U1|U2|U20,true
regcess:0538002240,0538002240,C.L. BUENAVISTA,tenerife,,Buenavista del Norte,tenerife,,LOS SILOS,primary_care_consultorio,28.3743505,-16.8510594,"AVENIDA DAUTE, Nº 29",38480,observed,needs_validation,not_available,needs_validation,needs_validation,needs_validation,observed,https://regcess.mscbs.es/regcessWeb/inicioBuscarCentrosAction.do|https://www.sanidad.gob.es/estadEstudios/estadisticas/docs/siap/2026_C_Catal_Centros_AP.xlsx,2025-12-31,2026-09-27,VERIFIED,262897,"U.20 Pediatría verificada en REGCESS; dirección, Área de Salud y nombre ZBS proceden del Catálogo AP 2026. El código ZBS queda pendiente del gate B. Geocodificación CartoCiudad: approximate. U.68 Urgencias registrada; no prueba una urgencia pediátrica diferenciada. Coordenada oficial publicada por REGCESS/eGeo.",REGCESS/eGeo,official_registry_point,0538002240,AVENIDA DAUTE 29 Buenavista del Norte,U1|U2|U20|U44|U5|U66|U68|U84,true
regcess:0538002189,0538002189,C.L. CABO BLANCO,tenerife,,Arona,tenerife,,ARONA - VILAFLOR,primary_care_consultorio,28.0878619,-16.6606405,"CALLE TABANO, Nº 2",38626,observed,needs_validation,not_available,needs_validation,needs_validation,needs_validation,observed,https://regcess.mscbs.es/regcessWeb/inicioBuscarCentrosAction.do|https://www.sanidad.gob.es/estadEstudios/estadisticas/docs/siap/2026_C_Catal_Centros_AP.xlsx,2025-12-31,2026-09-27,VERIFIED,262846,"U.20 Pediatría verificada en REGCESS; dirección, Área de Salud y nombre ZBS proceden del Catálogo AP 2026. El código ZBS queda pendiente del gate B. Geocodificación CartoCiudad: approximate. U.68 Urgencias registrada; no prueba una urgencia pediátrica diferenciada. Coordenada oficial publicada por REGCESS/eGeo.",REGCESS/eGeo,official_registry_point,0538002189,CALLE TABANO 2 Arona,U1|U2|U20|U3|U5|U66|U68|U72|U84,true
regcess:0538002253,0538002253,C.L. CAMINO DE CHASNA,tenerife,,"Orotava, La",tenerife,,SAN ANTONIO,primary_care_consultorio,28.3690013,-16.5307712,"CAMINO DE CHASNA, S/N",38310,observed,needs_validation,not_available,needs_validation,needs_validation,needs_validation,observed,https://regcess.mscbs.es/regcessWeb/inicioBuscarCentrosAction.do|https://www.sanidad.gob.es/estadEstudios/estadisticas/docs/siap/2026_C_Catal_Centros_AP.xlsx,2025-12-31,2026-09-27,VERIFIED,262910,"U.20 Pediatría verificada en REGCESS; dirección, Área de Salud y nombre ZBS proceden del Catálogo AP 2026. El código ZBS queda pendiente del gate B. Coordenada oficial publicada por REGCESS/eGeo.",REGCESS/eGeo,official_registry_point,0538002253,"CAMINO DE CHASNA Orotava, La",U1|U2|U20,true
regcess:0538002272,0538002272,C.L. CHAMIANA,tenerife,,"Matanza de Acentejo, La",tenerife,,LA MATANZA,primary_care_consultorio,28.45157,-16.452527,"CALLE LA CRUZ, S/N",38370,observed,needs_validation,not_available,needs_validation,needs_validation,needs_validation,observed,https://regcess.mscbs.es/regcessWeb/inicioBuscarCentrosAction.do|https://www.sanidad.gob.es/estadEstudios/estadisticas/docs/siap/2026_C_Catal_Centros_AP.xlsx,2025-12-31,2026-09-27,VERIFIED,262929,"U.20 Pediatría verificada en REGCESS; dirección, Área de Salud y nombre ZBS proceden del Catálogo AP 2026. El código ZBS queda pendiente del gate B. U.68 Urgencias registrada; no prueba una urgencia pediátrica diferenciada. Coordenada oficial publicada por REGCESS/eGeo.",REGCESS/eGeo,official_registry_point,0538002272,"CALLE LA CRUZ Matanza de Acentejo, La",U1|U2|U20|U3|U44|U5|U59|U64|U66|U68|U72|U84|U99,true
regcess:0538002205,0538002205,C.L. CHIO,tenerife,,Guía de Isora,tenerife,,GUÍA DE ISORA,primary_care_consultorio,28.2409393,-16.7972107,"PASEO DE LA LIBERTAD, Nº 35",38689,observed,needs_validation,not_available,needs_validation,needs_validation,needs_validation,observed,https://regcess.mscbs.es/regcessWeb/inicioBuscarCentrosAction.do|https://www.sanidad.gob.es/estadEstudios/estadisticas/docs/siap/2026_C_Catal_Centros_AP.xlsx,2025-12-31,2026-09-27,VERIFIED,262862,"U.20 Pediatría verificada en REGCESS; dirección, Área de Salud y nombre ZBS proceden del Catálogo AP 2026. El código ZBS queda pendiente del gate B. Geocodificación CartoCiudad: exact_portal. U.68 Urgencias registrada; no prueba una urgencia pediátrica diferenciada. Coordenada oficial publicada por REGCESS/eGeo.",REGCESS/eGeo,official_registry_point,0538002205,PASEO DE LA LIBERTAD 35 Guía de Isora,U1|U2|U20|U3|U44|U5|U66|U68|U72|U84|U99,true
regcess:0538002237,0538002237,C.L. CRUZ SANTA,tenerife,,"Realejos, Los",tenerife,,LOS REALEJOS,primary_care_consultorio,28.37919,-16.5718038,"CARRETERA NUEVA, S/N",38413,observed,needs_validation,not_available,needs_validation,needs_validation,needs_validation,observed,https://regcess.mscbs.es/regcessWeb/inicioBuscarCentrosAction.do|https://www.sanidad.gob.es/estadEstudios/estadisticas/docs/siap/2026_C_Catal_Centros_AP.xlsx,2025-12-31,2026-09-27,VERIFIED,262894,"U.20 Pediatría verificada en REGCESS; dirección, Área de Salud y nombre ZBS proceden del Catálogo AP 2026. El código ZBS queda pendiente del gate B. U.68 Urgencias registrada; no prueba una urgencia pediátrica diferenciada. Coordenada oficial publicada por REGCESS/eGeo.",REGCESS/eGeo,official_registry_point,0538002237,"CARRETERA UEVA Realejos, Los",U1|U10|U2|U20|U44|U5|U59|U64|U66|U68|U72|U84|U99,true
regcess:0538002262,0538002262,C.L. DE AGUA GARCIA,tenerife,,Tacoronte,tenerife,,TACORONTE,primary_care_consultorio,28.4677363,-16.4027542,"CAMINO REAL, Nº 132",38355,observed,needs_validation,not_available,needs_validation,needs_validation,needs_validation,observed,https://regcess.mscbs.es/regcessWeb/inicioBuscarCentrosAction.do|https://www.sanidad.gob.es/estadEstudios/estadisticas/docs/siap/2026_C_Catal_Centros_AP.xlsx,2025-12-31,2026-09-27,VERIFIED,262919,"U.20 Pediatría verificada en REGCESS; dirección, Área de Salud y nombre ZBS proceden del Catálogo AP 2026. El código ZBS queda pendiente del gate B. Geocodificación CartoCiudad: exact_portal. Coordenada oficial publicada por REGCESS/eGeo.",REGCESS/eGeo,official_registry_point,0538002262,CAMINO REAL 132 Tacoronte,U1|U2|U20|U3,true
regcess:0538002208,0538002208,C.L. DE ARAFO,tenerife,,Arafo,tenerife,,GÜÍMAR,primary_care_consultorio,28.3414574,-16.4190014,"CALLE RAFAEL CLAVIJO GARCÍA, Nº 1",38550,observed,needs_validation,not_available,needs_validation,needs_validation,needs_validation,observed,https://regcess.mscbs.es/regcessWeb/inicioBuscarCentrosAction.do|https://www.sanidad.gob.es/estadEstudios/estadisticas/docs/siap/2026_C_Catal_Centros_AP.xlsx,2025-12-31,2026-09-27,VERIFIED,262865,"U.20 Pediatría verificada en REGCESS; dirección, Área de Salud y nombre ZBS proceden del Catálogo AP 2026. El código ZBS queda pendiente del gate B. Geocodificación CartoCiudad: approximate. U.68 Urgencias registrada; no prueba una urgencia pediátrica diferenciada. Coordenada oficial publicada por REGCESS/eGeo.",REGCESS/eGeo,official_registry_point,0538002208,CALLE RAFAEL CLAVIJO GARCÍA 1 Arafo,U1|U2|U20|U3|U33|U44|U5|U66|U68|U72|U84|U88|U99,true
regcess:0538002185,0538002185,C.L. DE ARONA CASCO,tenerife,,Arona,tenerife,,ARONA - VILAFLOR,primary_care_consultorio,28.0980335,-16.6820818,"AVENIDA CONSTITUCIÓN, Nº 1",38640,observed,needs_validation,not_available,needs_validation,needs_validation,needs_validation,observed,https://regcess.mscbs.es/regcessWeb/inicioBuscarCentrosAction.do|https://www.sanidad.gob.es/estadEstudios/estadisticas/docs/siap/2026_C_Catal_Centros_AP.xlsx,2025-12-31,2026-09-27,VERIFIED,262842,"U.20 Pediatría verificada en REGCESS; dirección, Área de Salud y nombre ZBS proceden del Catálogo AP 2026. El código ZBS queda pendiente del gate B. Geocodificación CartoCiudad: exact_portal. U.68 Urgencias registrada; no prueba una urgencia pediátrica diferenciada. Coordenada oficial publicada por REGCESS/eGeo.",REGCESS/eGeo,official_registry_point,0538002185,AVENIDA CONSTITUCIÓN 1 Arona,U1|U2|U20|U5|U66|U68|U72|U84,true
regcess:0538002210,0538002210,C.L. DE EL ESCOBONAL,tenerife,,Güímar,tenerife,,GÜÍMAR,primary_care_consultorio,28.2633892,-16.4283008,"PLAZA DE SAN JOSE, Nº 6",38591,observed,needs_validation,not_available,needs_validation,needs_validation,needs_validation,observed,https://regcess.mscbs.es/regcessWeb/inicioBuscarCentrosAction.do|https://www.sanidad.gob.es/estadEstudios/estadisticas/docs/siap/2026_C_Catal_Centros_AP.xlsx,2025-12-31,2026-09-27,VERIFIED,262867,"U.20 Pediatría verificada en REGCESS; dirección, Área de Salud y nombre ZBS proceden del Catálogo AP 2026. El código ZBS queda pendiente del gate B. Geocodificación CartoCiudad: approximate. U.68 Urgencias registrada; no prueba una urgencia pediátrica diferenciada. Coordenada oficial publicada por REGCESS/eGeo.",REGCESS/eGeo,official_registry_point,0538002210,PLAZA DE SAN JOSE 6 Güímar,U1|U2|U20|U3|U33|U44|U5|U66|U68|U72|U84|U88|U99,true
regcess:0538002261,0538002261,C.L. DE EL RAVELO,tenerife,,"Sauzal, El",tenerife,,TACORONTE,primary_care_consultorio,28.4591156,-16.4208155,"CALLE HOYA DE LA VIUDA, S/N",38359,observed,needs_validation,not_available,needs_validation,needs_validation,needs_validation,observed,https://regcess.mscbs.es/regcessWeb/inicioBuscarCentrosAction.do|https://www.sanidad.gob.es/estadEstudios/estadisticas/docs/siap/2026_C_Catal_Centros_AP.xlsx,2025-12-31,2026-09-27,VERIFIED,262918,"U.20 Pediatría verificada en REGCESS; dirección, Área de Salud y nombre ZBS proceden del Catálogo AP 2026. El código ZBS queda pendiente del gate B. U.68 Urgencias registrada; no prueba una urgencia pediátrica diferenciada. Coordenada oficial publicada por REGCESS/eGeo.",REGCESS/eGeo,official_registry_point,0538002261,"CALLE HOYA DE LA VIUDA Sauzal, El",U1|U2|U20|U3|U68,true
regcess:0538002213,0538002213,C.L. DE EL TANQUE,tenerife,,"Tanque, El",tenerife,,ICOD,primary_care_consultorio,28.3587468,-16.7706931,"AVENIDA PRINCIPES DE ESPAÑA, Nº 5",38435,observed,needs_validation,not_available,needs_validation,needs_validation,needs_validation,observed,https://regcess.mscbs.es/regcessWeb/inicioBuscarCentrosAction.do|https://www.sanidad.gob.es/estadEstudios/estadisticas/docs/siap/2026_C_Catal_Centros_AP.xlsx,2025-12-31,2026-09-27,VERIFIED,262870,"U.20 Pediatría verificada en REGCESS; dirección, Área de Salud y nombre ZBS proceden del Catálogo AP 2026. El código ZBS queda pendiente del gate B. Geocodificación CartoCiudad: exact_portal. U.68 Urgencias registrada; no prueba una urgencia pediátrica diferenciada. Coordenada oficial publicada por REGCESS/eGeo.",REGCESS/eGeo,official_registry_point,0538002213,"AVENIDA PRINCIPES DE ESPAÑA 5 Tanque, El",U1|U2|U20|U3|U44|U5|U59|U64|U66|U68|U72|U84|U88|U99,true
regcess:0538002207,0538002207,C.L. DE FASNIA,tenerife,,Fasnia,tenerife,,GÜÍMAR,primary_care_consultorio,28.2357979,-16.4400479,"CALLE EMILIANO DÍAZ CASTRO, S/N",38570,observed,needs_validation,not_available,needs_validation,needs_validation,needs_validation,observed,https://regcess.mscbs.es/regcessWeb/inicioBuscarCentrosAction.do|https://www.sanidad.gob.es/estadEstudios/estadisticas/docs/siap/2026_C_Catal_Centros_AP.xlsx,2025-12-31,2026-09-27,VERIFIED,262864,"U.20 Pediatría verificada en REGCESS; dirección, Área de Salud y nombre ZBS proceden del Catálogo AP 2026. El código ZBS queda pendiente del gate B. U.68 Urgencias registrada; no prueba una urgencia pediátrica diferenciada. Coordenada oficial publicada por REGCESS/eGeo.",REGCESS/eGeo,official_registry_point,0538002207,CALLE EMILIANO DÍAZ CASTRO Fasnia,U1|U2|U20|U3|U33|U44|U5|U66|U68|U72|U84|U88|U99,true
regcess:0538002214,0538002214,C.L. DE GARACHICO,tenerife,,Garachico,tenerife,,ICOD,primary_care_consultorio,28.3726182,-16.7644899,"CALLE MARTÍN DE ANDÚJAR, S/N",38450,observed,needs_validation,not_available,needs_validation,needs_validation,needs_validation,observed,https://regcess.mscbs.es/regcessWeb/inicioBuscarCentrosAction.do|https://www.sanidad.gob.es/estadEstudios/estadisticas/docs/siap/2026_C_Catal_Centros_AP.xlsx,2025-12-31,2026-09-27,VERIFIED,262871,"U.20 Pediatría verificada en REGCESS; dirección, Área de Salud y nombre ZBS proceden del Catálogo AP 2026. El código ZBS queda pendiente del gate B. U.68 Urgencias registrada; no prueba una urgencia pediátrica diferenciada. Coordenada oficial publicada por REGCESS/eGeo.",REGCESS/eGeo,official_registry_point,0538002214,CALLE MARTÍN DE ANDÚJAR Garachico,U1|U2|U20|U3|U44|U5|U59|U64|U66|U68|U72|U84|U88|U99,true
regcess:0538002222,0538002222,C.L. DE GUAMASA,tenerife,,San Cristóbal de La Laguna,tenerife,,ROSARIO - GENETO,primary_care_consultorio,28.4936954,-16.3700446,"CAMINO SANTA ROSA DE LIMA, Nº 156",38330,observed,needs_validation,not_available,needs_validation,needs_validation,needs_validation,observed,https://regcess.mscbs.es/regcessWeb/inicioBuscarCentrosAction.do|https://www.sanidad.gob.es/estadEstudios/estadisticas/docs/siap/2026_C_Catal_Centros_AP.xlsx,2025-12-31,2026-09-27,VERIFIED,262879,"U.20 Pediatría verificada en REGCESS; dirección, Área de Salud y nombre ZBS proceden del Catálogo AP 2026. El código ZBS queda pendiente del gate B. Geocodificación CartoCiudad: approximate. U.68 Urgencias registrada; no prueba una urgencia pediátrica diferenciada. Coordenada oficial publicada por REGCESS/eGeo.",REGCESS/eGeo,official_registry_point,0538002222,CAMINO SANTA ROSA DE LIMA 156 San Cristóbal de La Laguna,U1|U2|U20|U3|U44|U5|U59|U64|U66|U68|U72|U84|U88|U99,true
regcess:0538002234,0538002234,C.L. DE ICOD EL ALTO,tenerife,,"Realejos, Los",tenerife,,LOS REALEJOS,primary_care_consultorio,28.3838472,-16.6125745,"CALLE CAMINO REAL, Nº 16",38414,observed,needs_validation,not_available,needs_validation,needs_validation,needs_validation,observed,https://regcess.mscbs.es/regcessWeb/inicioBuscarCentrosAction.do|https://www.sanidad.gob.es/estadEstudios/estadisticas/docs/siap/2026_C_Catal_Centros_AP.xlsx,2025-12-31,2026-09-27,VERIFIED,262891,"U.20 Pediatría verificada en REGCESS; dirección, Área de Salud y nombre ZBS proceden del Catálogo AP 2026. El código ZBS queda pendiente del gate B. Geocodificación CartoCiudad: exact_portal. U.68 Urgencias registrada; no prueba una urgencia pediátrica diferenciada. Coordenada oficial publicada por REGCESS/eGeo.",REGCESS/eGeo,official_registry_point,0538002234,"CALLE CAMINO REAL 16 Realejos, Los",U1|U10|U2|U20|U44|U5|U59|U64|U66|U68|U72|U84|U99,true
regcess:0538002200,0538002200,C.L. DE SAN ISIDRO,tenerife,,Granadilla de Abona,tenerife,,GRANADILLA,primary_care_consultorio,28.0724422,-16.5501602,"CALLE ARGUAYOLA, Nº 2",38611,observed,needs_validation,not_available,needs_validation,needs_validation,needs_validation,observed,https://regcess.mscbs.es/regcessWeb/inicioBuscarCentrosAction.do|https://www.sanidad.gob.es/estadEstudios/estadisticas/docs/siap/2026_C_Catal_Centros_AP.xlsx,2025-12-31,2026-09-27,VERIFIED,262857,"U.20 Pediatría verificada en REGCESS; dirección, Área de Salud y nombre ZBS proceden del Catálogo AP 2026. El código ZBS queda pendiente del gate B. Geocodificación CartoCiudad: exact_portal. U.68 Urgencias registrada; no prueba una urgencia pediátrica diferenciada. Coordenada oficial publicada por REGCESS/eGeo.",REGCESS/eGeo,official_registry_point,0538002200,CALLE ARGUAYOLA 2 Granadilla de Abona,U1|U2|U20|U3|U5|U66|U68|U72|U84,true
regcess:0538002248,0538002248,C.L. DE SAN JOSE,tenerife,,San Juan de la Rambla,tenerife,,LA GUANCHA,primary_care_consultorio,28.3507894,-16.6237,"CALLE CONSUELO REYES GIL, S/N",38428,observed,needs_validation,not_available,needs_validation,needs_validation,needs_validation,observed,https://regcess.mscbs.es/regcessWeb/inicioBuscarCentrosAction.do|https://www.sanidad.gob.es/estadEstudios/estadisticas/docs/siap/2026_C_Catal_Centros_AP.xlsx,2025-12-31,2026-09-27,VERIFIED,262905,"U.20 Pediatría verificada en REGCESS; dirección, Área de Salud y nombre ZBS proceden del Catálogo AP 2026. El código ZBS queda pendiente del gate B. U.68 Urgencias registrada; no prueba una urgencia pediátrica diferenciada. Coordenada oficial publicada por REGCESS/eGeo.",REGCESS/eGeo,official_registry_point,0538002248,CALLE CONSUELO REYES GIL San Juan de la Rambla,U1|U2|U20|U3|U44|U5|U59|U64|U66|U68|U72|U84|U88|U99,true
regcess:0538002265,0538002265,C.L. DE TEGUESTE,tenerife,,Tegueste,tenerife,,TEJINA - TEGUESTE,primary_care_consultorio,28.5235393,-16.3376687,"CALLE EL CARMEN, Nº 18",38289,observed,needs_validation,not_available,needs_validation,needs_validation,needs_validation,observed,https://regcess.mscbs.es/regcessWeb/inicioBuscarCentrosAction.do|https://www.sanidad.gob.es/estadEstudios/estadisticas/docs/siap/2026_C_Catal_Centros_AP.xlsx,2025-12-31,2026-09-27,VERIFIED,262922,"U.20 Pediatría verificada en REGCESS; dirección, Área de Salud y nombre ZBS proceden del Catálogo AP 2026. El código ZBS queda pendiente del gate B. Geocodificación CartoCiudad: approximate. Coordenada oficial publicada por REGCESS/eGeo.",REGCESS/eGeo,official_registry_point,0538002265,CALLE EL CARMEN 18 Tegueste,U1|U2|U20|U3,true
regcess:0538002191,0538002191,C.L. DE TINCER,tenerife,,Santa Cruz de Tenerife,tenerife,,BARRANCO GRANDE,primary_care_consultorio,28.446895,-16.304697,"CALLE EL TIMPLE, Nº 15",38107,observed,needs_validation,not_available,needs_validation,needs_validation,needs_validation,observed,https://regcess.mscbs.es/regcessWeb/inicioBuscarCentrosAction.do|https://www.sanidad.gob.es/estadEstudios/estadisticas/docs/siap/2026_C_Catal_Centros_AP.xlsx,2025-12-31,2026-09-27,VERIFIED,262848,"U.20 Pediatría verificada en REGCESS; dirección, Área de Salud y nombre ZBS proceden del Catálogo AP 2026. El código ZBS queda pendiente del gate B. Geocodificación CartoCiudad: exact_portal. U.68 Urgencias registrada; no prueba una urgencia pediátrica diferenciada. Coordenada oficial publicada por REGCESS/eGeo.",REGCESS/eGeo,official_registry_point,0538002191,CALLE EL TIMPLE 15 Santa Cruz de Tenerife,U1|U2|U20|U3|U5|U66|U68|U72|U84,true
regcess:0538002229,0538002229,C.L. EL BATAN,tenerife,,San Cristóbal de La Laguna,tenerife,,LAS MERCEDES,primary_care_consultorio,28.5446563,-16.2961343,"CAMINO EL BATÁN, S/N",38294,observed,needs_validation,not_available,needs_validation,needs_validation,needs_validation,observed,https://regcess.mscbs.es/regcessWeb/inicioBuscarCentrosAction.do|https://www.sanidad.gob.es/estadEstudios/estadisticas/docs/siap/2026_C_Catal_Centros_AP.xlsx,2025-12-31,2026-09-27,VERIFIED,262886,"U.20 Pediatría verificada en REGCESS; dirección, Área de Salud y nombre ZBS proceden del Catálogo AP 2026. El código ZBS queda pendiente del gate B. Coordenada oficial publicada por REGCESS/eGeo.",REGCESS/eGeo,official_registry_point,0538002229,CAMINO EL BATÁN San Cristóbal de La Laguna,U1|U2|U20|U3|U44,true
regcess:0538002198,0538002198,C.L. EL MEDANO,tenerife,,Granadilla de Abona,tenerife,,GRANADILLA,primary_care_consultorio,28.0468629,-16.5369659,"CALLE ARGENTINA, S/N",38612,observed,needs_validation,not_available,needs_validation,needs_validation,needs_validation,observed,https://regcess.mscbs.es/regcessWeb/inicioBuscarCentrosAction.do|https://www.sanidad.gob.es/estadEstudios/estadisticas/docs/siap/2026_C_Catal_Centros_AP.xlsx,2025-12-31,2026-09-27,VERIFIED,262855,"U.20 Pediatría verificada en REGCESS; dirección, Área de Salud y nombre ZBS proceden del Catálogo AP 2026. El código ZBS queda pendiente del gate B. U.68 Urgencias registrada; no prueba una urgencia pediátrica diferenciada. Coordenada oficial publicada por REGCESS/eGeo.",REGCESS/eGeo,official_registry_point,0538002198,CALLE ARGENTINA Granadilla de Abona,U1|U2|U20|U5|U66|U68|U84|U99,true
regcess:0538002211,0538002211,C.L. EL PUERTITO DE GUIMAR,tenerife,,Güímar,tenerife,,GÜÍMAR,primary_care_consultorio,28.2948913,-16.3753089,"CALLE ALMIRANTE CHURRUCA, Nº 31",38508,observed,needs_validation,not_available,needs_validation,needs_validation,needs_validation,observed,https://regcess.mscbs.es/regcessWeb/inicioBuscarCentrosAction.do|https://www.sanidad.gob.es/estadEstudios/estadisticas/docs/siap/2026_C_Catal_Centros_AP.xlsx,2025-12-31,2026-09-27,VERIFIED,262868,"U.20 Pediatría verificada en REGCESS; dirección, Área de Salud y nombre ZBS proceden del Catálogo AP 2026. El código ZBS queda pendiente del gate B. Geocodificación CartoCiudad: approximate. U.68 Urgencias registrada; no prueba una urgencia pediátrica diferenciada. Coordenada oficial publicada por REGCESS/eGeo.",REGCESS/eGeo,official_registry_point,0538002211,CALLE ALMIRANTE CHURRUCA 31 Güímar,U1|U2|U20|U3|U33|U44|U5|U66|U68|U72|U84|U88|U99,true
regcess:0538002215,0538002215,C.L. GENOVES-SAN JUAN DEL REPARO,tenerife,,Garachico,tenerife,,ICOD,primary_care_consultorio,28.32037,-16.7516544,"CARRETERA GENERAL ICOD - GUIA DE ISORA-  S. J. REPARO, S/N",38459,observed,needs_validation,not_available,needs_validation,needs_validation,needs_validation,observed,https://regcess.mscbs.es/regcessWeb/inicioBuscarCentrosAction.do|https://www.sanidad.gob.es/estadEstudios/estadisticas/docs/siap/2026_C_Catal_Centros_AP.xlsx,2025-12-31,2026-09-27,VERIFIED,262872,"U.20 Pediatría verificada en REGCESS; dirección, Área de Salud y nombre ZBS proceden del Catálogo AP 2026. El código ZBS queda pendiente del gate B. U.68 Urgencias registrada; no prueba una urgencia pediátrica diferenciada. Coordenada oficial publicada por REGCESS/eGeo.",REGCESS/eGeo,official_registry_point,0538002215,CARRETERA GENERAL ICOD - GUIA DE ISORA- S. J. REPARO Garachico,U1|U2|U20|U3|U44|U5|U59|U64|U66|U68|U72|U84|U88|U99,true
regcess:0538002201,0538002201,C.L. GUARGACHO,tenerife,,San Miguel de Abona,tenerife,,GRANADILLA,primary_care_consultorio,28.042049,-16.612725,"CALLE HERMANOS ALVAREZ QUINTERO, S/N",38639,observed,needs_validation,not_available,needs_validation,needs_validation,needs_validation,observed,https://regcess.mscbs.es/regcessWeb/inicioBuscarCentrosAction.do|https://www.sanidad.gob.es/estadEstudios/estadisticas/docs/siap/2026_C_Catal_Centros_AP.xlsx,2025-12-31,2026-09-27,VERIFIED,262858,"U.20 Pediatría verificada en REGCESS; dirección, Área de Salud y nombre ZBS proceden del Catálogo AP 2026. El código ZBS queda pendiente del gate B. U.68 Urgencias registrada; no prueba una urgencia pediátrica diferenciada. Coordenada oficial publicada por REGCESS/eGeo.",REGCESS/eGeo,official_registry_point,0538002201,CALLE HERMANOS ALVAREZ QUINTERO San Miguel de Abona,U1|U2|U20|U5|U66|U68|U84,true
regcess:0538002255,0538002255,C.L. LA CORUJERA,tenerife,,Santa Úrsula,tenerife,,SANTA ÚRSULA,primary_care_consultorio,28.4125626,-16.4967777,"CALLE GUANCHE, Nº 154",38390,observed,needs_validation,not_available,needs_validation,needs_validation,needs_validation,observed,https://regcess.mscbs.es/regcessWeb/inicioBuscarCentrosAction.do|https://www.sanidad.gob.es/estadEstudios/estadisticas/docs/siap/2026_C_Catal_Centros_AP.xlsx,2025-12-31,2026-09-27,VERIFIED,262912,"U.20 Pediatría verificada en REGCESS; dirección, Área de Salud y nombre ZBS proceden del Catálogo AP 2026. El código ZBS queda pendiente del gate B. Geocodificación CartoCiudad: approximate. Coordenada oficial publicada por REGCESS/eGeo.",REGCESS/eGeo,official_registry_point,0538002255,CALLE GUANCHE 154 Santa Úrsula,U1|U2|U20,true
regcess:0538002221,0538002221,C.L. LA ESPERANZA,tenerife,,"Rosario, El",tenerife,,ROSARIO - GENETO,primary_care_consultorio,28.4486413,-16.3679238,"CALLE LA SARDINERA, S/N",38290,observed,needs_validation,not_available,needs_validation,needs_validation,needs_validation,observed,https://regcess.mscbs.es/regcessWeb/inicioBuscarCentrosAction.do|https://www.sanidad.gob.es/estadEstudios/estadisticas/docs/siap/2026_C_Catal_Centros_AP.xlsx,2025-12-31,2026-09-27,VERIFIED,262878,"U.20 Pediatría verificada en REGCESS; dirección, Área de Salud y nombre ZBS proceden del Catálogo AP 2026. El código ZBS queda pendiente del gate B. U.68 Urgencias registrada; no prueba una urgencia pediátrica diferenciada. Coordenada oficial publicada por REGCESS/eGeo.",REGCESS/eGeo,official_registry_point,0538002221,"CALLE LA SARDINERA Rosario, El",U1|U2|U20|U3|U44|U5|U59|U64|U66|U68|U72|U84|U99,true
regcess:0538002251,0538002251,C.L. LA PERDOMA,tenerife,,"Orotava, La",tenerife,,SAN ANTONIO,primary_care_consultorio,28.3720144,-16.5581279,"CALLE MANUEL VEGA SANTOS, Nº 7",38315,observed,needs_validation,not_available,needs_validation,needs_validation,needs_validation,observed,https://regcess.mscbs.es/regcessWeb/inicioBuscarCentrosAction.do|https://www.sanidad.gob.es/estadEstudios/estadisticas/docs/siap/2026_C_Catal_Centros_AP.xlsx,2025-12-31,2026-09-27,VERIFIED,262908,"U.20 Pediatría verificada en REGCESS; dirección, Área de Salud y nombre ZBS proceden del Catálogo AP 2026. El código ZBS queda pendiente del gate B. Geocodificación CartoCiudad: exact_portal. U.68 Urgencias registrada; no prueba una urgencia pediátrica diferenciada. Coordenada oficial publicada por REGCESS/eGeo.",REGCESS/eGeo,official_registry_point,0538002251,"CALLE MANUEL VEGA SANTOS 7 Orotava, La",U1|U2|U20|U3|U68,true
regcess:0538002209,0538002209,C.L. LA ZARZA,tenerife,,Fasnia,tenerife,,GÜÍMAR,primary_care_consultorio,28.2415814,-16.4727203,"CALLE EL CALVARIO, S/N",38579,observed,needs_validation,not_available,needs_validation,needs_validation,needs_validation,observed,https://regcess.mscbs.es/regcessWeb/inicioBuscarCentrosAction.do|https://www.sanidad.gob.es/estadEstudios/estadisticas/docs/siap/2026_C_Catal_Centros_AP.xlsx,2025-12-31,2026-09-27,VERIFIED,262866,"U.20 Pediatría verificada en REGCESS; dirección, Área de Salud y nombre ZBS proceden del Catálogo AP 2026. El código ZBS queda pendiente del gate B. U.68 Urgencias registrada; no prueba una urgencia pediátrica diferenciada. Coordenada oficial publicada por REGCESS/eGeo.",REGCESS/eGeo,official_registry_point,0538002209,CALLE EL CALVARIO Fasnia,U1|U2|U20|U3|U33|U44|U5|U66|U68|U72|U84|U88|U99,true
regcess:0538002270,0538002270,C.L. LAS GALLETAS,tenerife,,Arona,tenerife,,ARONA COSTA II,primary_care_consultorio,28.0086349,-16.6558967,"AVENIDA PRINCIPE FELIPE, S/N",38631,observed,needs_validation,not_available,needs_validation,needs_validation,needs_validation,observed,https://regcess.mscbs.es/regcessWeb/inicioBuscarCentrosAction.do|https://www.sanidad.gob.es/estadEstudios/estadisticas/docs/siap/2026_C_Catal_Centros_AP.xlsx,2025-12-31,2026-09-27,VERIFIED,262927,"U.20 Pediatría verificada en REGCESS; dirección, Área de Salud y nombre ZBS proceden del Catálogo AP 2026. El código ZBS queda pendiente del gate B. U.68 Urgencias registrada; no prueba una urgencia pediátrica diferenciada. Coordenada oficial publicada por REGCESS/eGeo.",REGCESS/eGeo,official_registry_point,0538002270,AVENIDA PRINCIPE FELIPE Arona,U1|U2|U20|U5|U66|U68|U84,true
regcess:0538002236,0538002236,C.L. PALO BLANCO,tenerife,,"Realejos, Los",tenerife,,LOS REALEJOS,primary_care_consultorio,28.3695206,-16.5813699,"CARRETERA PALO BLANCO, Nº 68",38415,observed,needs_validation,not_available,needs_validation,needs_validation,needs_validation,observed,https://regcess.mscbs.es/regcessWeb/inicioBuscarCentrosAction.do|https://www.sanidad.gob.es/estadEstudios/estadisticas/docs/siap/2026_C_Catal_Centros_AP.xlsx,2025-12-31,2026-09-27,VERIFIED,262893,"U.20 Pediatría verificada en REGCESS; dirección, Área de Salud y nombre ZBS proceden del Catálogo AP 2026. El código ZBS queda pendiente del gate B. Geocodificación CartoCiudad: exact_portal. Coordenada oficial publicada por REGCESS/eGeo.",REGCESS/eGeo,official_registry_point,0538002236,"CARRETERA PALO BLANCO 68 Realejos, Los",U1|U10|U2|U20|U44|U5|U59|U64|U66|U72|U84|U99,true
regcess:0538002204,0538002204,C.L. PLAYA SAN JUAN,tenerife,,Guía de Isora,tenerife,,GUÍA DE ISORA,primary_care_consultorio,28.1842226,-16.8173491,"CALLE PLEAMAR, S/N",38687,observed,needs_validation,not_available,needs_validation,needs_validation,needs_validation,observed,https://regcess.mscbs.es/regcessWeb/inicioBuscarCentrosAction.do|https://www.sanidad.gob.es/estadEstudios/estadisticas/docs/siap/2026_C_Catal_Centros_AP.xlsx,2025-12-31,2026-09-27,VERIFIED,262861,"U.20 Pediatría verificada en REGCESS; dirección, Área de Salud y nombre ZBS proceden del Catálogo AP 2026. El código ZBS queda pendiente del gate B. U.68 Urgencias registrada; no prueba una urgencia pediátrica diferenciada. Coordenada oficial publicada por REGCESS/eGeo.",REGCESS/eGeo,official_registry_point,0538002204,CALLE PLEAMAR Guía de Isora,U1|U2|U20|U5|U66|U68|U84,true
regcess:0538002258,0538002258,C.L. PUERTO SANTIAGO,tenerife,,Santiago del Teide,tenerife,,SANTIAGO DEL TEIDE,primary_care_consultorio,28.2382312,-16.8406613,"CALLE HERRADOR, Nº 18",38683,observed,needs_validation,not_available,needs_validation,needs_validation,needs_validation,observed,https://regcess.mscbs.es/regcessWeb/inicioBuscarCentrosAction.do|https://www.sanidad.gob.es/estadEstudios/estadisticas/docs/siap/2026_C_Catal_Centros_AP.xlsx,2025-12-31,2026-09-27,VERIFIED,262915,"U.20 Pediatría verificada en REGCESS; dirección, Área de Salud y nombre ZBS proceden del Catálogo AP 2026. El código ZBS queda pendiente del gate B. Geocodificación CartoCiudad: exact_portal. U.68 Urgencias registrada; no prueba una urgencia pediátrica diferenciada. Coordenada oficial publicada por REGCESS/eGeo.",REGCESS/eGeo,official_registry_point,0538002258,CALLE HERRADOR 18 Santiago del Teide,U1|U2|U20|U3|U44|U5|U66|U68|U72|U84|U99,true
regcess:0538002181,0538002181,C.L. SAN ANDRES,tenerife,,Santa Cruz de Tenerife,tenerife,,ANAGA,primary_care_consultorio,28.5072253,-16.1947493,"CALLE DOCTOR RAFAEL FOLCH, Nº 2",38120,observed,needs_validation,not_available,needs_validation,needs_validation,needs_validation,observed,https://regcess.mscbs.es/regcessWeb/inicioBuscarCentrosAction.do|https://www.sanidad.gob.es/estadEstudios/estadisticas/docs/siap/2026_C_Catal_Centros_AP.xlsx,2025-12-31,2026-09-27,VERIFIED,262838,"U.20 Pediatría verificada en REGCESS; dirección, Área de Salud y nombre ZBS proceden del Catálogo AP 2026. El código ZBS queda pendiente del gate B. Geocodificación CartoCiudad: exact_portal. U.68 Urgencias registrada; no prueba una urgencia pediátrica diferenciada. Coordenada oficial publicada por REGCESS/eGeo.",REGCESS/eGeo,official_registry_point,0538002181,CALLE DOCTOR RAFAEL FOLCH 2 Santa Cruz de Tenerife,U1|U2|U20|U5|U66|U68|U72|U84,true
regcess:0538002217,0538002217,C.L. SAN FRANCISCO - LA MONTAÑETA,tenerife,,Garachico,tenerife,,ICOD,primary_care_consultorio,28.3631683,-16.7583699,"CALLE VIRGEN DE LAS NIEVES, S/N",38459,observed,needs_validation,not_available,needs_validation,needs_validation,needs_validation,observed,https://regcess.mscbs.es/regcessWeb/inicioBuscarCentrosAction.do|https://www.sanidad.gob.es/estadEstudios/estadisticas/docs/siap/2026_C_Catal_Centros_AP.xlsx,2025-12-31,2026-09-27,VERIFIED,262874,"U.20 Pediatría verificada en REGCESS; dirección, Área de Salud y nombre ZBS proceden del Catálogo AP 2026. El código ZBS queda pendiente del gate B. Coordenada oficial publicada por REGCESS/eGeo.",REGCESS/eGeo,official_registry_point,0538002217,CALLE VIRGEN DE LAS IEVES Garachico,U1|U2|U20|U3|U44|U5|U59|U64|U66|U72|U84|U99,true
regcess:0538002273,0538002273,C.L. SAN ISIDRO - EL CHORRILLO,tenerife,,"Rosario, El",tenerife,,EL ROSARIO - SAN ISIDRO,primary_care_consultorio,28.4145137,-16.3221189,"CAMINO CANDELARIA, S/N",38109,observed,needs_validation,not_available,needs_validation,needs_validation,needs_validation,observed,https://regcess.mscbs.es/regcessWeb/inicioBuscarCentrosAction.do|https://www.sanidad.gob.es/estadEstudios/estadisticas/docs/siap/2026_C_Catal_Centros_AP.xlsx,2025-12-31,2026-09-27,VERIFIED,262930,"U.20 Pediatría verificada en REGCESS; dirección, Área de Salud y nombre ZBS proceden del Catálogo AP 2026. El código ZBS queda pendiente del gate B. U.68 Urgencias registrada; no prueba una urgencia pediátrica diferenciada. Coordenada oficial publicada por REGCESS/eGeo.",REGCESS/eGeo,official_registry_point,0538002273,"CAMINO CANDELARIA Rosario, El",U1|U2|U20|U3|U5|U66|U68|U84,true
regcess:0538002216,0538002216,C.L. SAN JOSE DE LOS LLANOS,tenerife,,"Tanque, El",tenerife,,ICOD,primary_care_consultorio,28.3270856,-16.7871999,"AVENIDA VENEZUELA, S/N",38435,observed,needs_validation,not_available,needs_validation,needs_validation,needs_validation,observed,https://regcess.mscbs.es/regcessWeb/inicioBuscarCentrosAction.do|https://www.sanidad.gob.es/estadEstudios/estadisticas/docs/siap/2026_C_Catal_Centros_AP.xlsx,2025-12-31,2026-09-27,VERIFIED,262873,"U.20 Pediatría verificada en REGCESS; dirección, Área de Salud y nombre ZBS proceden del Catálogo AP 2026. El código ZBS queda pendiente del gate B. U.68 Urgencias registrada; no prueba una urgencia pediátrica diferenciada. Coordenada oficial publicada por REGCESS/eGeo.",REGCESS/eGeo,official_registry_point,0538002216,"AVENIDA VENEZUELA Tanque, El",U2|U20|U3|U44|U5|U59|U64|U66|U68|U72|U84|U88|U99,true
regcess:0538002247,0538002247,C.L. SAN JUAN DE LA RAMBLA,tenerife,,San Juan de la Rambla,tenerife,,LA GUANCHA,primary_care_consultorio,28.3944419,-16.6503708,"CALLE OBISPO PÉREZ CÁCERES, Nº 24",38420,observed,needs_validation,not_available,needs_validation,needs_validation,needs_validation,observed,https://regcess.mscbs.es/regcessWeb/inicioBuscarCentrosAction.do|https://www.sanidad.gob.es/estadEstudios/estadisticas/docs/siap/2026_C_Catal_Centros_AP.xlsx,2025-12-31,2026-09-27,VERIFIED,262904,"U.20 Pediatría verificada en REGCESS; dirección, Área de Salud y nombre ZBS proceden del Catálogo AP 2026. El código ZBS queda pendiente del gate B. Geocodificación CartoCiudad: approximate. U.68 Urgencias registrada; no prueba una urgencia pediátrica diferenciada. Coordenada oficial publicada por REGCESS/eGeo.",REGCESS/eGeo,official_registry_point,0538002247,CALLE OBISPO PÉREZ CÁCERES 24 San Juan de la Rambla,U1|U2|U20|U3|U44|U5|U59|U64|U66|U68|U72|U84|U88|U99,true
regcess:0538002263,0538002263,C.L. SAN JUAN PERALES,tenerife,,Tacoronte,tenerife,,TACORONTE,primary_care_consultorio,28.48323,-16.4106094,"CARRETERA GENERAL TACORONTE TEJINA, S/N",38350,observed,needs_validation,not_available,needs_validation,needs_validation,needs_validation,observed,https://regcess.mscbs.es/regcessWeb/inicioBuscarCentrosAction.do|https://www.sanidad.gob.es/estadEstudios/estadisticas/docs/siap/2026_C_Catal_Centros_AP.xlsx,2025-12-31,2026-09-27,VERIFIED,262920,"U.20 Pediatría verificada en REGCESS; dirección, Área de Salud y nombre ZBS proceden del Catálogo AP 2026. El código ZBS queda pendiente del gate B. Coordenada oficial publicada por REGCESS/eGeo.",REGCESS/eGeo,official_registry_point,0538002263,CARRETERA GENERAL TACORONTE TEJINA Tacoronte,U1|U2|U20,true
regcess:0538002197,0538002197,C.L. SAN MIGUEL,tenerife,,San Miguel de Abona,tenerife,,GRANADILLA,primary_care_consultorio,28.0788314,-16.6133594,"CARRETERA LOS ABRIGOS, Nº 44",38620,observed,needs_validation,not_available,needs_validation,needs_validation,needs_validation,observed,https://regcess.mscbs.es/regcessWeb/inicioBuscarCentrosAction.do|https://www.sanidad.gob.es/estadEstudios/estadisticas/docs/siap/2026_C_Catal_Centros_AP.xlsx,2025-12-31,2026-09-27,VERIFIED,262854,"U.20 Pediatría verificada en REGCESS; dirección, Área de Salud y nombre ZBS proceden del Catálogo AP 2026. El código ZBS queda pendiente del gate B. Geocodificación CartoCiudad: approximate. U.68 Urgencias registrada; no prueba una urgencia pediátrica diferenciada. Coordenada oficial publicada por REGCESS/eGeo.",REGCESS/eGeo,official_registry_point,0538002197,CARRETERA LOS ABRIGOS 44 San Miguel de Abona,U1|U10|U2|U20|U5|U59|U66|U68|U72|U84|U99,true
regcess:0538002223,0538002223,C.L. SAN MIGUEL DE GENETO,tenerife,,San Cristóbal de La Laguna,tenerife,,ROSARIO - GENETO,primary_care_consultorio,28.472089,-16.3170851,"CARRETERA GENERAL SAN MIGUEL DE GENETO, S/N",38296,observed,needs_validation,not_available,needs_validation,needs_validation,needs_validation,observed,https://regcess.mscbs.es/regcessWeb/inicioBuscarCentrosAction.do|https://www.sanidad.gob.es/estadEstudios/estadisticas/docs/siap/2026_C_Catal_Centros_AP.xlsx,2025-12-31,2026-09-27,VERIFIED,262880,"U.20 Pediatría verificada en REGCESS; dirección, Área de Salud y nombre ZBS proceden del Catálogo AP 2026. El código ZBS queda pendiente del gate B. U.68 Urgencias registrada; no prueba una urgencia pediátrica diferenciada. Coordenada oficial publicada por REGCESS/eGeo.",REGCESS/eGeo,official_registry_point,0538002223,CARRETERA GENERAL SAN MIGUEL DE GENETO San Cristóbal de La Laguna,U1|U2|U20|U3|U44|U5|U59|U64|U66|U68|U72|U84|U99,true
regcess:0538002257,0538002257,C.L. SANTIAGO DEL TEIDE,tenerife,,Santiago del Teide,tenerife,,SANTIAGO DEL TEIDE,primary_care_consultorio,28.2936722,-16.815372,"CALLE CATALINA LORENZO CACERES Y CERON, Nº 1",38436,observed,needs_validation,not_available,needs_validation,needs_validation,needs_validation,observed,https://regcess.mscbs.es/regcessWeb/inicioBuscarCentrosAction.do|https://www.sanidad.gob.es/estadEstudios/estadisticas/docs/siap/2026_C_Catal_Centros_AP.xlsx,2025-12-31,2026-09-27,VERIFIED,262914,"U.20 Pediatría verificada en REGCESS; dirección, Área de Salud y nombre ZBS proceden del Catálogo AP 2026. El código ZBS queda pendiente del gate B. U.68 Urgencias registrada; no prueba una urgencia pediátrica diferenciada. Coordenada oficial publicada por REGCESS/eGeo.",REGCESS/eGeo,official_registry_point,0538002257,CALLE CATALINA LORENZO CACERES Y CERON 1 Santiago del Teide,U1|U2|U20|U5|U66|U68|U84,true
regcess:0538002249,0538002249,C.L. SANTO DOMINGO,tenerife,,"Guancha, La",tenerife,,LA GUANCHA,primary_care_consultorio,28.393793,-16.6503,"AVENIDA OCHO DE AGOSTO, S/N",38437,observed,needs_validation,not_available,needs_validation,needs_validation,needs_validation,observed,https://regcess.mscbs.es/regcessWeb/inicioBuscarCentrosAction.do|https://www.sanidad.gob.es/estadEstudios/estadisticas/docs/siap/2026_C_Catal_Centros_AP.xlsx,2025-12-31,2026-09-27,VERIFIED,262906,"U.20 Pediatría verificada en REGCESS; dirección, Área de Salud y nombre ZBS proceden del Catálogo AP 2026. El código ZBS queda pendiente del gate B. U.68 Urgencias registrada; no prueba una urgencia pediátrica diferenciada. Coordenada oficial publicada por REGCESS/eGeo.",REGCESS/eGeo,official_registry_point,0538002249,"AVENIDA OCHO DE AGOSTO Guancha, La",U1|U2|U20|U3|U44|U5|U59|U64|U66|U68|U72|U84|U88|U99,true
regcess:0538002266,0538002266,C.L. VALLE DE GUERRA,tenerife,,San Cristóbal de La Laguna,tenerife,,TEJINA - TEGUESTE,primary_care_consultorio,28.520264,-16.3911,"CALLE CAMINO LAS TOSCAS, Nº 4",38270,observed,needs_validation,not_available,needs_validation,needs_validation,needs_validation,observed,https://regcess.mscbs.es/regcessWeb/inicioBuscarCentrosAction.do|https://www.sanidad.gob.es/estadEstudios/estadisticas/docs/siap/2026_C_Catal_Centros_AP.xlsx,2025-12-31,2026-09-27,VERIFIED,262923,"U.20 Pediatría verificada en REGCESS; dirección, Área de Salud y nombre ZBS proceden del Catálogo AP 2026. El código ZBS queda pendiente del gate B. Geocodificación CartoCiudad: approximate. Coordenada oficial publicada por REGCESS/eGeo.",REGCESS/eGeo,official_registry_point,0538002266,CALLE CAMINO LAS TOSCAS 4 San Cristóbal de La Laguna,U1|U2|U20|U3,true
regcess:0538002187,0538002187,C.L. VALLE SAN LORENZO,tenerife,,Arona,tenerife,,ARONA - VILAFLOR,primary_care_consultorio,28.0910851,-16.6568974,"CARRETERA GENERAL TF-28 VALLE SAN LORENZO, Nº 120",38626,observed,needs_validation,not_available,needs_validation,needs_validation,needs_validation,observed,https://regcess.mscbs.es/regcessWeb/inicioBuscarCentrosAction.do|https://www.sanidad.gob.es/estadEstudios/estadisticas/docs/siap/2026_C_Catal_Centros_AP.xlsx,2025-12-31,2026-09-27,VERIFIED,262844,"U.20 Pediatría verificada en REGCESS; dirección, Área de Salud y nombre ZBS proceden del Catálogo AP 2026. El código ZBS queda pendiente del gate B. U.68 Urgencias registrada; no prueba una urgencia pediátrica diferenciada. Coordenada oficial publicada por REGCESS/eGeo.",REGCESS/eGeo,official_registry_point,0538002187,CARRETERA GENERAL TF-28 VALLE SAN LORENZO 120 Arona,U1|U2|U20|U3|U5|U66|U68|U72|U84,true
regcess:0538002179,0538002179,C.S. ADEJE,tenerife,,Adeje,tenerife,,ADEJE,primary_care_center,28.12321,-16.725977,"CALLE DERECHOS HUMANOS, S/N",38670,observed,needs_validation,not_available,needs_validation,needs_validation,needs_validation,observed,https://regcess.mscbs.es/regcessWeb/inicioBuscarCentrosAction.do|https://www.sanidad.gob.es/estadEstudios/estadisticas/docs/siap/2026_C_Catal_Centros_AP.xlsx,2025-12-31,2026-09-27,VERIFIED,262836,"U.20 Pediatría verificada en REGCESS; dirección, Área de Salud y nombre ZBS proceden del Catálogo AP 2026. El código ZBS queda pendiente del gate B. U.68 Urgencias registrada; no prueba una urgencia pediátrica diferenciada. Coordenada oficial publicada por REGCESS/eGeo.",REGCESS/eGeo,official_registry_point,0538002179,CALLE DERECHOS HUMANOS Adeje,U1|U2|U20|U3|U44|U5|U66|U68|U72|U84|U99,true
regcess:0538002183,0538002183,C.S. ARICO,tenerife,,Arico,tenerife,,ARICO,primary_care_center,28.189481,-16.4808279,"CARRETERA GENERAL TANQUE DERRUMBADO, S/N",38589,observed,needs_validation,not_available,needs_validation,needs_validation,needs_validation,observed,https://regcess.mscbs.es/regcessWeb/inicioBuscarCentrosAction.do|https://www.sanidad.gob.es/estadEstudios/estadisticas/docs/siap/2026_C_Catal_Centros_AP.xlsx,2025-12-31,2026-09-27,VERIFIED,262840,"U.20 Pediatría verificada en REGCESS; dirección, Área de Salud y nombre ZBS proceden del Catálogo AP 2026. El código ZBS queda pendiente del gate B. U.68 Urgencias registrada; no prueba una urgencia pediátrica diferenciada. Coordenada oficial publicada por REGCESS/eGeo.",REGCESS/eGeo,official_registry_point,0538002183,CARRETERA GENERAL TANQUE DERRUMBADO Arico,U1|U2|U20|U3|U33|U44|U5|U59|U66|U68|U72|U84|U88|U99,true
regcess:0538002186,0538002186,C.S. ARONA VILAFLOR - VALLE SAN LORENZO,tenerife,,Arona,tenerife,,ARONA - VILAFLOR,primary_care_center,28.0896233,-16.6564299,"AVENIDA VALLE DE SAN LORENZO, Nº 120",38626,observed,needs_validation,not_available,needs_validation,needs_validation,needs_validation,observed,https://regcess.mscbs.es/regcessWeb/inicioBuscarCentrosAction.do|https://www.sanidad.gob.es/estadEstudios/estadisticas/docs/siap/2026_C_Catal_Centros_AP.xlsx,2025-12-31,2026-09-27,VERIFIED,262843,"U.20 Pediatría verificada en REGCESS; dirección, Área de Salud y nombre ZBS proceden del Catálogo AP 2026. El código ZBS queda pendiente del gate B. Geocodificación CartoCiudad: approximate. U.68 Urgencias registrada; no prueba una urgencia pediátrica diferenciada. Coordenada oficial publicada por REGCESS/eGeo.",REGCESS/eGeo,official_registry_point,0538002186,AVENIDA VALLE DE SAN LORENZO 120 Arona,U1|U2|U20|U3|U44|U5|U66|U68|U72|U84|U99,true
regcess:0538002192,0538002192,C.S. BARRIO DE LA SALUD,tenerife,,Santa Cruz de Tenerife,tenerife,,BARRIO DE LA SALUD - SALAMANCA,primary_care_center,28.4674215,-16.2707017,"AVENIDA DE VENEZUELA, Nº 6",38007,observed,needs_validation,not_available,needs_validation,needs_validation,needs_validation,observed,https://regcess.mscbs.es/regcessWeb/inicioBuscarCentrosAction.do|https://www.sanidad.gob.es/estadEstudios/estadisticas/docs/siap/2026_C_Catal_Centros_AP.xlsx,2025-12-31,2026-09-27,VERIFIED,262849,"U.20 Pediatría verificada en REGCESS; dirección, Área de Salud y nombre ZBS proceden del Catálogo AP 2026. El código ZBS queda pendiente del gate B. Geocodificación CartoCiudad: exact_portal. U.68 Urgencias registrada; no prueba una urgencia pediátrica diferenciada. Coordenada oficial publicada por REGCESS/eGeo.",REGCESS/eGeo,official_registry_point,0538002192,AVENIDA DE VENEZUELA 6 Santa Cruz de Tenerife,U1|U2|U20|U3|U33|U44|U5|U59|U66|U68|U72|U84|U99,true
regcess:0538002193,0538002193,C.S. CANDELARIA,tenerife,,Candelaria,tenerife,,CANDELARIA,primary_care_center,28.3771485,-16.3617591,"CALLE ERNESTO SALCEDO, 4",38530,observed,needs_validation,not_available,needs_validation,needs_validation,needs_validation,observed,https://regcess.mscbs.es/regcessWeb/inicioBuscarCentrosAction.do|https://www.sanidad.gob.es/estadEstudios/estadisticas/docs/siap/2026_C_Catal_Centros_AP.xlsx,2025-12-31,2026-09-27,VERIFIED,262850,"U.20 Pediatría verificada en REGCESS; dirección, Área de Salud y nombre ZBS proceden del Catálogo AP 2026. El código ZBS queda pendiente del gate B. Geocodificación CartoCiudad: approximate. U.68 Urgencias registrada; no prueba una urgencia pediátrica diferenciada. Coordenada oficial publicada por REGCESS/eGeo.",REGCESS/eGeo,official_registry_point,0538002193,CALLE ERNESTO SALCEDO 4 Candelaria,U1|U2|U20|U3|U33|U44|U5|U66|U68|U72|U84|U99,true
regcess:0538002196,0538002196,C.S. CASCO BOTANICO,tenerife,,Puerto de la Cruz,tenerife,,PUERTO II - BOTÁNICO,primary_care_center,28.4039088,-16.560946,"CARRETERA LAS DEHESAS, Nº 8",38400,observed,needs_validation,not_available,needs_validation,needs_validation,needs_validation,observed,https://regcess.mscbs.es/regcessWeb/inicioBuscarCentrosAction.do|https://www.sanidad.gob.es/estadEstudios/estadisticas/docs/siap/2026_C_Catal_Centros_AP.xlsx,2025-12-31,2026-09-27,VERIFIED,262853,"U.20 Pediatría verificada en REGCESS; dirección, Área de Salud y nombre ZBS proceden del Catálogo AP 2026. El código ZBS queda pendiente del gate B. Geocodificación CartoCiudad: exact_portal. U.68 Urgencias registrada; no prueba una urgencia pediátrica diferenciada. Coordenada oficial publicada por REGCESS/eGeo.",REGCESS/eGeo,official_registry_point,0538002196,CARRETERA LAS DEHESAS 8 Puerto de la Cruz,U1|U2|U20|U3|U44|U5|U59|U64|U66|U68|U72|U84|U99,true
regcess:0538002178,0538002178,C.S. DE AÑAZA,tenerife,,Santa Cruz de Tenerife,tenerife,,AÑAZA,primary_care_center,28.42418,-16.3002209,"CALLE BENTACAYSE, Nº 2",38111,observed,needs_validation,not_available,needs_validation,needs_validation,needs_validation,observed,https://regcess.mscbs.es/regcessWeb/inicioBuscarCentrosAction.do|https://www.sanidad.gob.es/estadEstudios/estadisticas/docs/siap/2026_C_Catal_Centros_AP.xlsx,2025-12-31,2026-09-27,VERIFIED,262835,"U.20 Pediatría verificada en REGCESS; dirección, Área de Salud y nombre ZBS proceden del Catálogo AP 2026. El código ZBS queda pendiente del gate B. Geocodificación CartoCiudad: approximate. U.68 Urgencias registrada; no prueba una urgencia pediátrica diferenciada. Coordenada oficial publicada por REGCESS/eGeo.",REGCESS/eGeo,official_registry_point,0538002178,CALLE BENTACAYSE 2 Santa Cruz de Tenerife,U1|U2|U20|U3|U33|U44|U5|U59|U66|U68|U72|U84|U99,true
regcess:0538002190,0538002190,C.S. DE BARRANCO GRANDE,tenerife,,Santa Cruz de Tenerife,tenerife,,BARRANCO GRANDE,primary_care_center,28.4351466,-16.3098077,"CALLE RUISEÑOR, S/N",38107,observed,needs_validation,not_available,needs_validation,needs_validation,needs_validation,observed,https://regcess.mscbs.es/regcessWeb/inicioBuscarCentrosAction.do|https://www.sanidad.gob.es/estadEstudios/estadisticas/docs/siap/2026_C_Catal_Centros_AP.xlsx,2025-12-31,2026-09-27,VERIFIED,262847,"U.20 Pediatría verificada en REGCESS; dirección, Área de Salud y nombre ZBS proceden del Catálogo AP 2026. El código ZBS queda pendiente del gate B. U.68 Urgencias registrada; no prueba una urgencia pediátrica diferenciada. Coordenada oficial publicada por REGCESS/eGeo.",REGCESS/eGeo,official_registry_point,0538002190,CALLE RUISEÑOR Santa Cruz de Tenerife,U1|U2|U20|U3|U33|U44|U5|U59|U64|U66|U68|U72|U84|U99,true
regcess:0538002206,0538002206,C.S. DE GUIMAR,tenerife,,Güímar,tenerife,,GÜÍMAR,primary_care_center,28.3162445,-16.4070599,"CALLE POETA HERNÁNDEZ MORA, S/N",38500,observed,needs_validation,not_available,needs_validation,needs_validation,needs_validation,observed,https://regcess.mscbs.es/regcessWeb/inicioBuscarCentrosAction.do|https://www.sanidad.gob.es/estadEstudios/estadisticas/docs/siap/2026_C_Catal_Centros_AP.xlsx,2025-12-31,2026-09-27,VERIFIED,262863,"U.20 Pediatría verificada en REGCESS; dirección, Área de Salud y nombre ZBS proceden del Catálogo AP 2026. El código ZBS queda pendiente del gate B. U.68 Urgencias registrada; no prueba una urgencia pediátrica diferenciada. Coordenada oficial publicada por REGCESS/eGeo.",REGCESS/eGeo,official_registry_point,0538002206,CALLE POETA HERNÁNDEZ MORA Güímar,U1|U2|U20|U3|U33|U44|U5|U66|U68|U72|U84|U88|U99,true
regcess:0538002212,0538002212,C.S. DE ICOD,tenerife,,Icod de los Vinos,tenerife,,ICOD,primary_care_center,28.3693476,-16.7206681,"CALLE FRANCISCO MIRANDA, Nº 19",38430,observed,needs_validation,not_available,needs_validation,needs_validation,needs_validation,observed,https://regcess.mscbs.es/regcessWeb/inicioBuscarCentrosAction.do|https://www.sanidad.gob.es/estadEstudios/estadisticas/docs/siap/2026_C_Catal_Centros_AP.xlsx,2025-12-31,2026-09-27,VERIFIED,262869,"U.20 Pediatría verificada en REGCESS; dirección, Área de Salud y nombre ZBS proceden del Catálogo AP 2026. El código ZBS queda pendiente del gate B. Geocodificación CartoCiudad: exact_portal. U.68 Urgencias registrada; no prueba una urgencia pediátrica diferenciada. Coordenada oficial publicada por REGCESS/eGeo.",REGCESS/eGeo,official_registry_point,0538002212,CALLE FRANCISCO MIRANDA 19 Icod de los Vinos,U1|U2|U20|U3|U44|U5|U64|U66|U68|U72|U84|U88|U99,true
regcess:0538002233,0538002233,C.S. DE LOS REALEJOS,tenerife,,"Realejos, Los",tenerife,,LOS REALEJOS,primary_care_center,28.3844988,-16.5831181,"CALLE SAN ISIDRO, Nº 10",38410,observed,needs_validation,not_available,needs_validation,needs_validation,needs_validation,observed,https://regcess.mscbs.es/regcessWeb/inicioBuscarCentrosAction.do|https://www.sanidad.gob.es/estadEstudios/estadisticas/docs/siap/2026_C_Catal_Centros_AP.xlsx,2025-12-31,2026-09-27,VERIFIED,262890,"U.20 Pediatría verificada en REGCESS; dirección, Área de Salud y nombre ZBS proceden del Catálogo AP 2026. El código ZBS queda pendiente del gate B. Geocodificación CartoCiudad: approximate. U.68 Urgencias registrada; no prueba una urgencia pediátrica diferenciada. Coordenada oficial publicada por REGCESS/eGeo.",REGCESS/eGeo,official_registry_point,0538002233,"CALLE SAN ISIDRO 10 Realejos, Los",U1|U2|U20|U3|U44|U5|U59|U64|U66|U68|U72|U84|U99,true
regcess:0538002239,0538002239,C.S. DE LOS SILOS,tenerife,,"Silos, Los",tenerife,,LOS SILOS,primary_care_center,28.3658459,-16.8167248,"CALLE DOCTOR JORDÁN, Nº 2",38470,observed,needs_validation,not_available,needs_validation,needs_validation,needs_validation,observed,https://regcess.mscbs.es/regcessWeb/inicioBuscarCentrosAction.do|https://www.sanidad.gob.es/estadEstudios/estadisticas/docs/siap/2026_C_Catal_Centros_AP.xlsx,2025-12-31,2026-09-27,VERIFIED,262896,"U.20 Pediatría verificada en REGCESS; dirección, Área de Salud y nombre ZBS proceden del Catálogo AP 2026. El código ZBS queda pendiente del gate B. Geocodificación CartoCiudad: exact_portal. U.68 Urgencias registrada; no prueba una urgencia pediátrica diferenciada. Coordenada oficial publicada por REGCESS/eGeo.",REGCESS/eGeo,official_registry_point,0538002239,"CALLE DOCTOR JORDÁN 2 Silos, Los",U1|U2|U20|U3|U44|U5|U59|U64|U66|U68|U72|U84|U88|U99,true
regcess:0538002242,0538002242,C.S. DE OFRA DELICIAS,tenerife,,Santa Cruz de Tenerife,tenerife,,OFRA - DELICIAS,primary_care_center,28.4491754,-16.2868025,"AVENIDA PRÍNCIPES DE ESPAÑA, S/N",38010,observed,needs_validation,not_available,needs_validation,needs_validation,needs_validation,observed,https://regcess.mscbs.es/regcessWeb/inicioBuscarCentrosAction.do|https://www.sanidad.gob.es/estadEstudios/estadisticas/docs/siap/2026_C_Catal_Centros_AP.xlsx,2025-12-31,2026-09-27,VERIFIED,262899,"U.20 Pediatría verificada en REGCESS; dirección, Área de Salud y nombre ZBS proceden del Catálogo AP 2026. El código ZBS queda pendiente del gate B. U.68 Urgencias registrada; no prueba una urgencia pediátrica diferenciada. Coordenada oficial publicada por REGCESS/eGeo.",REGCESS/eGeo,official_registry_point,0538002242,AVENIDA PRÍNCIPES DE ESPAÑA Santa Cruz de Tenerife,U1|U2|U20|U3|U33|U44|U5|U66|U68|U70|U72|U84|U99,true
regcess:0538002243,0538002243,C.S. DE OFRA MIRAMAR,tenerife,,Santa Cruz de Tenerife,tenerife,,OFRA - MIRAMAR,primary_care_center,28.4491754,-16.2868025,"AVENIDA PRÍNCIPES DE ESPAÑA, S/N",38010,observed,needs_validation,not_available,needs_validation,needs_validation,needs_validation,observed,https://regcess.mscbs.es/regcessWeb/inicioBuscarCentrosAction.do|https://www.sanidad.gob.es/estadEstudios/estadisticas/docs/siap/2026_C_Catal_Centros_AP.xlsx,2025-12-31,2026-09-27,VERIFIED,262900,"U.20 Pediatría verificada en REGCESS; dirección, Área de Salud y nombre ZBS proceden del Catálogo AP 2026. El código ZBS queda pendiente del gate B. U.68 Urgencias registrada; no prueba una urgencia pediátrica diferenciada. Coordenada oficial publicada por REGCESS/eGeo.",REGCESS/eGeo,official_registry_point,0538002243,AVENIDA PRÍNCIPES DE ESPAÑA Santa Cruz de Tenerife,U1|U2|U20|U3|U33|U44|U5|U66|U68|U70|U72|U84|U99,true
regcess:0538002254,0538002254,C.S. DE SANTA URSULA,tenerife,,Santa Úrsula,tenerife,,SANTA ÚRSULA,primary_care_center,28.4264234,-16.4919701,"CALLE CALVO SOTELO, S/N",38390,observed,needs_validation,not_available,needs_validation,needs_validation,needs_validation,observed,https://regcess.mscbs.es/regcessWeb/inicioBuscarCentrosAction.do|https://www.sanidad.gob.es/estadEstudios/estadisticas/docs/siap/2026_C_Catal_Centros_AP.xlsx,2025-12-31,2026-09-27,VERIFIED,262911,"U.20 Pediatría verificada en REGCESS; dirección, Área de Salud y nombre ZBS proceden del Catálogo AP 2026. El código ZBS queda pendiente del gate B. U.68 Urgencias registrada; no prueba una urgencia pediátrica diferenciada. Coordenada oficial publicada por REGCESS/eGeo.",REGCESS/eGeo,official_registry_point,0538002254,CALLE CALVO SOTELO Santa Úrsula,U1|U2|U20|U3|U44|U5|U59|U66|U68|U72|U84|U99,true
regcess:0538002219,0538002219,C.S. DE TACO,tenerife,,San Cristóbal de La Laguna,tenerife,,TACO,primary_care_center,28.4474565,-16.2994146,"CALLE MOISÉS ALBERTO, S/N",38108,observed,needs_validation,not_available,needs_validation,needs_validation,needs_validation,observed,https://regcess.mscbs.es/regcessWeb/inicioBuscarCentrosAction.do|https://www.sanidad.gob.es/estadEstudios/estadisticas/docs/siap/2026_C_Catal_Centros_AP.xlsx,2025-12-31,2026-09-27,VERIFIED,262876,"U.20 Pediatría verificada en REGCESS; dirección, Área de Salud y nombre ZBS proceden del Catálogo AP 2026. El código ZBS queda pendiente del gate B. Coordenada oficial publicada por REGCESS/eGeo.",REGCESS/eGeo,official_registry_point,0538002219,CALLE MOISÉS ALBERTO San Cristóbal de La Laguna,U1|U2|U20|U3|U44|U5|U64|U66|U72|U84|U99,true
regcess:0538002259,0538002259,C.S. DE TACORONTE,tenerife,,Tacoronte,tenerife,,TACORONTE,primary_care_center,28.4758362,-16.4170994,"CARRETERA GENERAL DEL NORTE, Nº 5",38350,observed,needs_validation,not_available,needs_validation,needs_validation,needs_validation,observed,https://regcess.mscbs.es/regcessWeb/inicioBuscarCentrosAction.do|https://www.sanidad.gob.es/estadEstudios/estadisticas/docs/siap/2026_C_Catal_Centros_AP.xlsx,2025-12-31,2026-09-27,VERIFIED,262916,"U.20 Pediatría verificada en REGCESS; dirección, Área de Salud y nombre ZBS proceden del Catálogo AP 2026. El código ZBS queda pendiente del gate B. U.68 Urgencias registrada; no prueba una urgencia pediátrica diferenciada. Coordenada oficial publicada por REGCESS/eGeo.",REGCESS/eGeo,official_registry_point,0538002259,CARRETERA GENERAL DEL RTE 5 Tacoronte,U1|U2|U20|U3|U44|U5|U59|U66|U68|U72|U84|U99,true
regcess:0538002264,0538002264,C.S. DE TEJINA,tenerife,,San Cristóbal de La Laguna,tenerife,,TEJINA - TEGUESTE,primary_care_center,28.486441,-16.322769,"CARRETERA GENERAL TACORONTE TEJINA, Nº 30",38350,observed,needs_validation,not_available,needs_validation,needs_validation,needs_validation,observed,https://regcess.mscbs.es/regcessWeb/inicioBuscarCentrosAction.do|https://www.sanidad.gob.es/estadEstudios/estadisticas/docs/siap/2026_C_Catal_Centros_AP.xlsx,2025-12-31,2026-09-27,VERIFIED,262921,"U.20 Pediatría verificada en REGCESS; dirección, Área de Salud y nombre ZBS proceden del Catálogo AP 2026. El código ZBS queda pendiente del gate B. Geocodificación CartoCiudad: approximate. U.68 Urgencias registrada; no prueba una urgencia pediátrica diferenciada. Coordenada oficial publicada por REGCESS/eGeo.",REGCESS/eGeo,official_registry_point,0538002264,CARRETERA GENERAL TACORONTE TEJINA 30 San Cristóbal de La Laguna,U1|U2|U20|U3|U44|U5|U59|U66|U68|U72|U84|U99,true
regcess:0538002269,0538002269,C.S. EL FRAILE - ARONA COSTA II,tenerife,,Arona,tenerife,,ARONA COSTA II,primary_care_center,28.012789,-16.6686863,"CALLE SAN SEBASTIAN DE LA GOMERA, S/N",38632,observed,needs_validation,not_available,needs_validation,needs_validation,needs_validation,observed,https://regcess.mscbs.es/regcessWeb/inicioBuscarCentrosAction.do|https://www.sanidad.gob.es/estadEstudios/estadisticas/docs/siap/2026_C_Catal_Centros_AP.xlsx,2025-12-31,2026-09-27,VERIFIED,262926,"U.20 Pediatría verificada en REGCESS; dirección, Área de Salud y nombre ZBS proceden del Catálogo AP 2026. El código ZBS queda pendiente del gate B. U.68 Urgencias registrada; no prueba una urgencia pediátrica diferenciada. Coordenada oficial publicada por REGCESS/eGeo.",REGCESS/eGeo,official_registry_point,0538002269,CALLE SAN SEBASTIAN DE LA GOMERA Arona,U1|U2|U20|U3|U44|U5|U66|U68|U72|U84|U99,true
regcess:0538002218,0538002218,C.S. LA CUESTA,tenerife,,San Cristóbal de La Laguna,tenerife,,LA CUESTA,primary_care_center,28.4702342,-16.2821778,"AVENIDA SAN CRISTÓBAL, S/N",38320,observed,needs_validation,not_available,needs_validation,needs_validation,needs_validation,observed,https://regcess.mscbs.es/regcessWeb/inicioBuscarCentrosAction.do|https://www.sanidad.gob.es/estadEstudios/estadisticas/docs/siap/2026_C_Catal_Centros_AP.xlsx,2025-12-31,2026-09-27,VERIFIED,262875,"U.20 Pediatría verificada en REGCESS; dirección, Área de Salud y nombre ZBS proceden del Catálogo AP 2026. El código ZBS queda pendiente del gate B. Coordenada oficial publicada por REGCESS/eGeo.",REGCESS/eGeo,official_registry_point,0538002218,AVENIDA SAN CRISTÓBAL San Cristóbal de La Laguna,U1|U2|U20,true
regcess:0538002224,0538002224,C.S. LA CUESTA - FINCA ESPAÑA,tenerife,,San Cristóbal de La Laguna,tenerife,,LAGUNA FINCA-ESPAÑA,primary_care_center,28.4827081,-16.303885,"CARRETERA GENERAL SANTA CRUZ - LA LAGUNA, S/N",38205,observed,needs_validation,not_available,needs_validation,needs_validation,needs_validation,observed,https://regcess.mscbs.es/regcessWeb/inicioBuscarCentrosAction.do|https://www.sanidad.gob.es/estadEstudios/estadisticas/docs/siap/2026_C_Catal_Centros_AP.xlsx,2025-12-31,2026-09-27,VERIFIED,262881,"U.20 Pediatría verificada en REGCESS; dirección, Área de Salud y nombre ZBS proceden del Catálogo AP 2026. El código ZBS queda pendiente del gate B. U.68 Urgencias registrada; no prueba una urgencia pediátrica diferenciada. Coordenada oficial publicada por REGCESS/eGeo.",REGCESS/eGeo,official_registry_point,0538002224,CARRETERA GENERAL SANTA CRUZ - LA LAGUNA San Cristóbal de La Laguna,U1|U2|U20|U3|U44|U5|U64|U66|U68|U72|U84|U99,true
regcess:0538002246,0538002246,C.S. LA GUANCHA,tenerife,,"Guancha, La",tenerife,,LA GUANCHA,primary_care_center,28.3757472,-16.6503337,"AVENIDA CRISTÓBAL BARRIOS RODRÍGUEZ, S/N",38440,observed,needs_validation,not_available,needs_validation,needs_validation,needs_validation,observed,https://regcess.mscbs.es/regcessWeb/inicioBuscarCentrosAction.do|https://www.sanidad.gob.es/estadEstudios/estadisticas/docs/siap/2026_C_Catal_Centros_AP.xlsx,2025-12-31,2026-09-27,VERIFIED,262903,"U.20 Pediatría verificada en REGCESS; dirección, Área de Salud y nombre ZBS proceden del Catálogo AP 2026. El código ZBS queda pendiente del gate B. U.68 Urgencias registrada; no prueba una urgencia pediátrica diferenciada. Coordenada oficial publicada por REGCESS/eGeo.",REGCESS/eGeo,official_registry_point,0538002246,"AVENIDA CRISTÓBAL BARRIOS RODRÍGUEZ Guancha, La",U1|U2|U20|U3|U44|U5|U59|U64|U66|U68|U72|U84|U88|U99,true
regcess:0538002287,0538002287,C.S. LA LAGUNA MERCEDES,tenerife,,San Cristóbal de La Laguna,tenerife,,LAS MERCEDES,primary_care_center,28.487028,-16.3158619,"AVENIDA LA TRINIDAD, Nº 50",38208,observed,needs_validation,not_available,needs_validation,needs_validation,needs_validation,observed,https://regcess.mscbs.es/regcessWeb/inicioBuscarCentrosAction.do|https://www.sanidad.gob.es/estadEstudios/estadisticas/docs/siap/2026_C_Catal_Centros_AP.xlsx,2025-12-31,2026-09-27,VERIFIED,262945,"U.20 Pediatría verificada en REGCESS; dirección, Área de Salud y nombre ZBS proceden del Catálogo AP 2026. El código ZBS queda pendiente del gate B. Geocodificación CartoCiudad: approximate. U.68 Urgencias registrada; no prueba una urgencia pediátrica diferenciada. Coordenada oficial publicada por REGCESS/eGeo.",REGCESS/eGeo,official_registry_point,0538002287,AVENIDA LA TRINIDAD 50 San Cristóbal de La Laguna,U1|U2|U20|U3|U44|U5|U59|U66|U68|U72|U84|U99,true
regcess:0538002220,0538002220,C.S. LA LAGUNGA SAN BENITO,tenerife,,San Cristóbal de La Laguna,tenerife,,ROSARIO - GENETO,primary_care_center,28.4883594,-16.3243984,"CALLE BENITO PÉREZ GALDÓ, Nº 10",38206,observed,needs_validation,not_available,needs_validation,needs_validation,needs_validation,observed,https://regcess.mscbs.es/regcessWeb/inicioBuscarCentrosAction.do|https://www.sanidad.gob.es/estadEstudios/estadisticas/docs/siap/2026_C_Catal_Centros_AP.xlsx,2025-12-31,2026-09-27,VERIFIED,262877,"U.20 Pediatría verificada en REGCESS; dirección, Área de Salud y nombre ZBS proceden del Catálogo AP 2026. El código ZBS queda pendiente del gate B. Geocodificación CartoCiudad: approximate. U.68 Urgencias registrada; no prueba una urgencia pediátrica diferenciada. Coordenada oficial publicada por REGCESS/eGeo.",REGCESS/eGeo,official_registry_point,0538002220,CALLE BENITO PÉREZ GALDÓ 10 San Cristóbal de La Laguna,U1|U2|U20|U3|U44|U5|U59|U64|U66|U68|U72|U84|U99,true
regcess:0538002271,0538002271,C.S. LA MATANZA,tenerife,,"Matanza de Acentejo, La",tenerife,,LA MATANZA,primary_care_center,28.4528851,-16.4555462,"CARRETERA GENERAL NORTE ERMITA, S/N",38370,observed,needs_validation,not_available,needs_validation,needs_validation,needs_validation,observed,https://regcess.mscbs.es/regcessWeb/inicioBuscarCentrosAction.do|https://www.sanidad.gob.es/estadEstudios/estadisticas/docs/siap/2026_C_Catal_Centros_AP.xlsx,2025-12-31,2026-09-27,VERIFIED,262928,"U.20 Pediatría verificada en REGCESS; dirección, Área de Salud y nombre ZBS proceden del Catálogo AP 2026. El código ZBS queda pendiente del gate B. U.68 Urgencias registrada; no prueba una urgencia pediátrica diferenciada. Coordenada oficial publicada por REGCESS/eGeo.",REGCESS/eGeo,official_registry_point,0538002271,"CARRETERA GENERAL RTE ERMITA Matanza de Acentejo, La",U1|U2|U20|U3|U44|U5|U59|U66|U68|U72|U84|U99,true
regcess:0538002245,0538002245,C.S. LA VERA - SAN ANTONIO,tenerife,,Puerto de la Cruz,tenerife,,LA VERA,primary_care_center,28.3968669,-16.5563335,"CALLE LIA TAVIO, Nº 4",38400,observed,needs_validation,not_available,needs_validation,needs_validation,needs_validation,observed,https://regcess.mscbs.es/regcessWeb/inicioBuscarCentrosAction.do|https://www.sanidad.gob.es/estadEstudios/estadisticas/docs/siap/2026_C_Catal_Centros_AP.xlsx,2025-12-31,2026-09-27,VERIFIED,262902,"U.20 Pediatría verificada en REGCESS; dirección, Área de Salud y nombre ZBS proceden del Catálogo AP 2026. El código ZBS queda pendiente del gate B. Geocodificación CartoCiudad: exact_portal. U.68 Urgencias registrada; no prueba una urgencia pediátrica diferenciada. Coordenada oficial publicada por REGCESS/eGeo.",REGCESS/eGeo,official_registry_point,0538002245,CALLE LIA TAVIO 4 Puerto de la Cruz,U1|U2|U20|U3|U44|U5|U59|U64|U66|U68|U72|U84|U99,true
regcess:0538002232,0538002232,C.S. LOS GLADIOLOS,tenerife,,Santa Cruz de Tenerife,tenerife,,LOS GLADIOLOS,primary_care_center,28.4601528,-16.268836,"CALLE GANIVET, Nº 5",38007,observed,needs_validation,not_available,needs_validation,needs_validation,needs_validation,observed,https://regcess.mscbs.es/regcessWeb/inicioBuscarCentrosAction.do|https://www.sanidad.gob.es/estadEstudios/estadisticas/docs/siap/2026_C_Catal_Centros_AP.xlsx,2025-12-31,2026-09-27,VERIFIED,262889,"U.20 Pediatría verificada en REGCESS; dirección, Área de Salud y nombre ZBS proceden del Catálogo AP 2026. El código ZBS queda pendiente del gate B. Geocodificación CartoCiudad: exact_portal. U.68 Urgencias registrada; no prueba una urgencia pediátrica diferenciada. Coordenada oficial publicada por REGCESS/eGeo.",REGCESS/eGeo,official_registry_point,0538002232,CALLE GANIVET 5 Santa Cruz de Tenerife,U1|U2|U20|U3|U33|U44|U5|U66|U68|U72|U84|U99,true
regcess:0538002244,0538002244,C.S. OROTAVA - DEHESA,tenerife,,"Orotava, La",tenerife,,OROTAVA II - DEHESA,primary_care_center,28.394755,-16.5145799,"CALLE LABRADORES DE SAN ISIDRO, 2",38300,observed,needs_validation,not_available,needs_validation,needs_validation,needs_validation,observed,https://regcess.mscbs.es/regcessWeb/inicioBuscarCentrosAction.do|https://www.sanidad.gob.es/estadEstudios/estadisticas/docs/siap/2026_C_Catal_Centros_AP.xlsx,2025-12-31,2026-09-27,VERIFIED,262901,"U.20 Pediatría verificada en REGCESS; dirección, Área de Salud y nombre ZBS proceden del Catálogo AP 2026. El código ZBS queda pendiente del gate B. Geocodificación CartoCiudad: approximate. U.68 Urgencias registrada; no prueba una urgencia pediátrica diferenciada. Coordenada oficial publicada por REGCESS/eGeo.",REGCESS/eGeo,official_registry_point,0538002244,"CALLE LABRADORES DE SAN ISIDRO 2 Orotava, La",U1|U2|U20|U3|U44|U5|U59|U64|U66|U68|U72|U84|U99,true
regcess:0538002250,0538002250,C.S. OROTAVA - SAN ANTONIO,tenerife,,"Orotava, La",tenerife,,SAN ANTONIO,primary_care_center,28.38023,-16.53509,"CALLE ANICETO DE LEON ALVARADO, S/N",38300,observed,needs_validation,not_available,needs_validation,needs_validation,needs_validation,observed,https://regcess.mscbs.es/regcessWeb/inicioBuscarCentrosAction.do|https://www.sanidad.gob.es/estadEstudios/estadisticas/docs/siap/2026_C_Catal_Centros_AP.xlsx,2025-12-31,2026-09-27,VERIFIED,262907,"U.20 Pediatría verificada en REGCESS; dirección, Área de Salud y nombre ZBS proceden del Catálogo AP 2026. El código ZBS queda pendiente del gate B. U.68 Urgencias registrada; no prueba una urgencia pediátrica diferenciada. Coordenada oficial publicada por REGCESS/eGeo.",REGCESS/eGeo,official_registry_point,0538002250,"CALLE ANICETO DE LEON ALVARADO Orotava, La",U1|U2|U20|U3|U44|U5|U59|U64|U66|U68|U72|U84|U99,true
regcess:0538002268,0538002268,C.S. RUIZ DE PADRON,tenerife,,Santa Cruz de Tenerife,tenerife,,TOSCAL - CENTRO,primary_care_center,28.468517,-16.249344,"CALLE RUIZ DE PADRÓN, Nº 6",38002,observed,needs_validation,not_available,needs_validation,needs_validation,needs_validation,observed,https://regcess.mscbs.es/regcessWeb/inicioBuscarCentrosAction.do|https://www.sanidad.gob.es/estadEstudios/estadisticas/docs/siap/2026_C_Catal_Centros_AP.xlsx,2025-12-31,2026-09-27,VERIFIED,262925,"U.20 Pediatría verificada en REGCESS; dirección, Área de Salud y nombre ZBS proceden del Catálogo AP 2026. El código ZBS queda pendiente del gate B. Geocodificación CartoCiudad: exact_portal. U.68 Urgencias registrada; no prueba una urgencia pediátrica diferenciada. Coordenada oficial publicada por REGCESS/eGeo.",REGCESS/eGeo,official_registry_point,0538002268,CALLE RUIZ DE PADRÓN 6 Santa Cruz de Tenerife,U1|U2|U20|U3|U33|U44|U5|U66|U68|U72|U84|U99,true
regcess:0538002256,0538002256,C.S. TAMAIMO,tenerife,,Santiago del Teide,tenerife,,SANTIAGO DEL TEIDE,primary_care_center,28.2703014,-16.8179488,"AVENIDA CORONEL GORRÍN, S/N",38684,observed,needs_validation,not_available,needs_validation,needs_validation,needs_validation,observed,https://regcess.mscbs.es/regcessWeb/inicioBuscarCentrosAction.do|https://www.sanidad.gob.es/estadEstudios/estadisticas/docs/siap/2026_C_Catal_Centros_AP.xlsx,2025-12-31,2026-09-27,VERIFIED,262913,"U.20 Pediatría verificada en REGCESS; dirección, Área de Salud y nombre ZBS proceden del Catálogo AP 2026. El código ZBS queda pendiente del gate B. U.68 Urgencias registrada; no prueba una urgencia pediátrica diferenciada. Coordenada oficial publicada por REGCESS/eGeo.",REGCESS/eGeo,official_registry_point,0538002256,AVENIDA CORONEL GORRÍN Santiago del Teide,U1|U2|U20|U3|U44|U5|U59|U66|U68|U72|U84|U99,true
regcess:0538004115,0538004115,CENTRO DE SALUD LA UNIVERSIDAD,tenerife,,San Cristóbal de La Laguna,tenerife,,LAS MERCEDES,primary_care_center,28.4850722,-16.316828,"AVENIDA LA TRINIDAD, Nº 50",38204,observed,needs_validation,not_available,needs_validation,needs_validation,needs_validation,observed,https://regcess.mscbs.es/regcessWeb/inicioBuscarCentrosAction.do|https://www.sanidad.gob.es/estadEstudios/estadisticas/docs/siap/2026_C_Catal_Centros_AP.xlsx,2025-12-31,2026-09-27,VERIFIED,369171,"U.20 Pediatría verificada en REGCESS; dirección, Área de Salud y nombre ZBS proceden del Catálogo AP 2026. El código ZBS queda pendiente del gate B. Geocodificación CartoCiudad: exact_portal. U.68 Urgencias registrada; no prueba una urgencia pediátrica diferenciada. Coordenada oficial publicada por REGCESS/eGeo.",REGCESS/eGeo,official_registry_point,0538004115,AVENIDA LA TRINIDAD 50 San Cristóbal de La Laguna,U1|U2|U20|U3|U44|U5|U66|U68|U72|U84,true
regcess:0538005432,0538005432,CONSULTORIO LOCAL BUENAVISTA DEL NORTE,tenerife,,Buenavista del Norte,tenerife,,,primary_care_consultorio,28.3735695,-16.8499615,,,observed,needs_validation,not_available,needs_validation,needs_validation,needs_validation,observed,https://regcess.mscbs.es/regcessWeb/inicioBuscarCentrosAction.do,2026-09-27,2026-09-27,PARTIAL,431666,"U.20 Pediatría consta en REGCESS, pero el CCN no aparece en el Catálogo AP 2026; dirección y vigencia pendientes. Coordenada oficial publicada por REGCESS/eGeo.",REGCESS/eGeo,official_registry_point,0538005432,,U1|U2|U20|U59|U66,false
regcess:0538005357,0538005357,CONSULTORIO LOCAL DE EL SAUZAL,tenerife,,"Sauzal, El",tenerife,,,primary_care_consultorio,,,,,observed,needs_validation,not_available,needs_validation,needs_validation,needs_validation,observed,https://regcess.mscbs.es/regcessWeb/inicioBuscarCentrosAction.do,2026-09-27,2026-09-27,NEEDS_VALIDATION,429189,"U.20 Pediatría consta en REGCESS, pero el CCN no aparece en el Catálogo AP 2026; dirección y vigencia pendientes. U.68 Urgencias registrada; no prueba una urgencia pediátrica diferenciada.",https://www.cartociudad.es/geocoder/api/geocoder/candidates,no_candidate,,,U1|U2|U20|U59|U66|U68|U72,false
regcess:0538004830,0538004830,CONSULTORIO LOCAL DE LAS CHAFIRAS,tenerife,,San Miguel de Abona,tenerife,,GRANADILLA,primary_care_consultorio,28.0557313,-16.6180245,"AVENIDA LUCIO DIAZ FLORES FEO, S/N",38639,observed,needs_validation,not_available,needs_validation,needs_validation,needs_validation,observed,https://regcess.mscbs.es/regcessWeb/inicioBuscarCentrosAction.do|https://www.sanidad.gob.es/estadEstudios/estadisticas/docs/siap/2026_C_Catal_Centros_AP.xlsx,2025-12-31,2026-09-27,VERIFIED,420612,"U.20 Pediatría verificada en REGCESS; dirección, Área de Salud y nombre ZBS proceden del Catálogo AP 2026. El código ZBS queda pendiente del gate B. U.68 Urgencias registrada; no prueba una urgencia pediátrica diferenciada. Coordenada oficial publicada por REGCESS/eGeo.",REGCESS/eGeo,official_registry_point,0538004830,AVENIDA LUCIO DIAZ FLORES FEO San Miguel de Abona,U1|U2|U20|U3|U59|U66|U68|U70|U72,true
regcess:0538001821,0538001821,HOSPITAL UNIVERSITARIO DE CANARIAS,tenerife,380239,San Cristóbal de La Laguna,tenerife,,,hospital,28.45672,-16.2912,Carretera Cuesta Taco S/N,38320,not_available,needs_validation,observed,observed,observed,needs_validation,observed,https://regcess.mscbs.es/regcessWeb/inicioBuscarCentrosAction.do|https://www.sanidad.gob.es/estadEstudios/estadisticas/sisInfSanSNS/ofertaRecursos/hospitales/docs/CNH_2025.xlsx,2024-12-31,2026-09-27,VERIFIED,138977,"U.20 Pediatría verificada en REGCESS y hospital con internamiento en CNH 2025. U.20 no demuestra por sí sola ingreso pediátrico, urgencia diferenciada, UCIN ni UCIP. U.68 Urgencias registrada; no prueba una urgencia pediátrica diferenciada. Coordenada oficial publicada por REGCESS/eGeo.",REGCESS/eGeo,official_registry_point,0538001821,Carretera Cuesta Taco San Cristóbal de La Laguna,U1|U10|U100|U11|U13|U14|U15|U16|U17|U18|U19|U2|U20|U21|U22|U23|U24|U25|U26|U27|U28|U29|U3|U30|U31|U32|U33|U34|U35|U36|U37|U39|U40|U41|U42|U43|U45|U46|U49|U50|U51|U52|U53|U54|U55|U57|U59|U61|U63|U64|U65|U66|U68|U69|U7|U70|U71|U72|U73|U74|U75|U76|U77|U78|U79|U8|U80|U81|U82|U83|U84|U85|U86|U87|U88|U9|U90|U92|U93|U94|U95|U96|U97|U99,false
regcess:0538001932,0538001932,HOSPITAL UNIVERSITARIO NUESTRA SEÑORA DE CANDELARIA,tenerife,380380,Santa Cruz de Tenerife,tenerife,,,hospital,28.4496382,-16.2846109,Carretera Rosario (Del) 145,38010,not_available,needs_validation,observed,observed,observed,needs_validation,observed,https://regcess.mscbs.es/regcessWeb/inicioBuscarCentrosAction.do|https://www.sanidad.gob.es/estadEstudios/estadisticas/sisInfSanSNS/ofertaRecursos/hospitales/docs/CNH_2025.xlsx,2024-12-31,2026-09-27,VERIFIED,139173,"U.20 Pediatría verificada en REGCESS y hospital con internamiento en CNH 2025. U.20 no demuestra por sí sola ingreso pediátrico, urgencia diferenciada, UCIN ni UCIP. Geocodificación CartoCiudad: exact_portal. U.68 Urgencias registrada; no prueba una urgencia pediátrica diferenciada. Coordenada oficial publicada por REGCESS/eGeo.",REGCESS/eGeo,official_registry_point,0538001932,Carretera Rosario (Del) 145 Santa Cruz de Tenerife,U10|U100|U11|U13|U14|U15|U16|U17|U18|U19|U2|U20|U21|U22|U23|U24|U25|U26|U27|U3|U30|U34|U35|U36|U37|U38|U39|U41|U42|U43|U44|U45|U46|U49|U5|U50|U51|U52|U53|U54|U55|U57|U59|U6|U60|U61|U63|U64|U65|U66|U67|U68|U69|U7|U70|U72|U73|U74|U76|U77|U79|U8|U80|U81|U82|U83|U86|U87|U88|U9|U90|U93|U94|U95|U96|U97|U99,false
regcess:0538002143,0538002143,SCS-CENTRO DE SALUD ARONA COSTA I,tenerife,,Arona,tenerife,,ARONA COSTA I,primary_care_center,28.0585283,-16.7113298,"AVENIDA JUAN CARLOS I, Nº 12",38650,observed,needs_validation,not_available,needs_validation,needs_validation,needs_validation,observed,https://regcess.mscbs.es/regcessWeb/inicioBuscarCentrosAction.do|https://www.sanidad.gob.es/estadEstudios/estadisticas/docs/siap/2026_C_Catal_Centros_AP.xlsx,2025-12-31,2026-09-27,VERIFIED,231319,"U.20 Pediatría verificada en REGCESS; dirección, Área de Salud y nombre ZBS proceden del Catálogo AP 2026. El código ZBS queda pendiente del gate B. Geocodificación CartoCiudad: approximate. U.68 Urgencias registrada; no prueba una urgencia pediátrica diferenciada. Coordenada oficial publicada por REGCESS/eGeo.",REGCESS/eGeo,official_registry_point,0538002143,AVENIDA JUAN CARLOS I 12 Arona,U1|U2|U20|U3|U44|U5|U66|U68|U84,true
regcess:0538002042,0538002042,SCS-CENTRO DE SALUD DR. GUIGOU,tenerife,,Santa Cruz de Tenerife,tenerife,,DUGGI - CENTRO - PARQUE MARÍTIMO,primary_care_center,28.4664336,-16.2542486,"CALLE CARMEN MONTEVERDE, Nº 45",38003,observed,needs_validation,not_available,needs_validation,needs_validation,needs_validation,observed,https://regcess.mscbs.es/regcessWeb/inicioBuscarCentrosAction.do|https://www.sanidad.gob.es/estadEstudios/estadisticas/docs/siap/2026_C_Catal_Centros_AP.xlsx,2025-12-31,2026-09-27,VERIFIED,231110,"U.20 Pediatría verificada en REGCESS; dirección, Área de Salud y nombre ZBS proceden del Catálogo AP 2026. El código ZBS queda pendiente del gate B. Geocodificación CartoCiudad: approximate. U.68 Urgencias registrada; no prueba una urgencia pediátrica diferenciada. Coordenada oficial publicada por REGCESS/eGeo.",REGCESS/eGeo,official_registry_point,0538002042,CALLE CARMEN MONTEVERDE 45 Santa Cruz de Tenerife,U2|U20|U25|U26|U3|U44|U48|U5|U59|U64|U66|U68|U72|U84|U88,true
regcess:0538002142,0538002142,SCS-CENTRO DE SALUD GRANADILLA,tenerife,,Granadilla de Abona,tenerife,,GRANADILLA,primary_care_center,28.1264922,-16.526856,"CALLE LAS CARRETERAUCITAS, S/N",38594,observed,needs_validation,not_available,needs_validation,needs_validation,needs_validation,observed,https://regcess.mscbs.es/regcessWeb/inicioBuscarCentrosAction.do|https://www.sanidad.gob.es/estadEstudios/estadisticas/docs/siap/2026_C_Catal_Centros_AP.xlsx,2025-12-31,2026-09-27,VERIFIED,231318,"U.20 Pediatría verificada en REGCESS; dirección, Área de Salud y nombre ZBS proceden del Catálogo AP 2026. El código ZBS queda pendiente del gate B. U.68 Urgencias registrada; no prueba una urgencia pediátrica diferenciada. Coordenada oficial publicada por REGCESS/eGeo.",REGCESS/eGeo,official_registry_point,0538002142,CALLE LAS CARRETERAUCITAS Granadilla de Abona,U1|U2|U20|U3|U44|U5|U59|U64|U66|U68|U72|U84,true
regcess:0538002145,0538002145,SCS-CENTRO DE SALUD GUIA DE ISORA,tenerife,,Guía de Isora,tenerife,,GUÍA DE ISORA,primary_care_center,28.2145959,-16.7817045,"AVENIDA DE LA CONSTITUCIÓN, Nº 4",38680,observed,needs_validation,not_available,needs_validation,needs_validation,needs_validation,observed,https://regcess.mscbs.es/regcessWeb/inicioBuscarCentrosAction.do|https://www.sanidad.gob.es/estadEstudios/estadisticas/docs/siap/2026_C_Catal_Centros_AP.xlsx,2025-12-31,2026-09-27,VERIFIED,231321,"U.20 Pediatría verificada en REGCESS; dirección, Área de Salud y nombre ZBS proceden del Catálogo AP 2026. El código ZBS queda pendiente del gate B. Geocodificación CartoCiudad: approximate. U.68 Urgencias registrada; no prueba una urgencia pediátrica diferenciada. Coordenada oficial publicada por REGCESS/eGeo.",REGCESS/eGeo,official_registry_point,0538002145,AVENIDA DE LA CONSTITUCIÓN 4 Guía de Isora,U1|U2|U20|U3|U44|U5|U66|U68|U72|U84,true
