source_url,dataset_version,checksum,retrieved_at,license_url,source_id,parser_version,year,island_id,geography_level,service,age_group_original,activity_type,place,value,unit,value_status,method_id,reference_period
https://datos.canarias.es/api/estadisticas/statistical-resources/v1.0/datasets/ISTAC/E54086A_000005/1.1.csv,1.1,0918db3dab0ede536f57176f40634e5538ecf71980d3b68649ffab36e507edda,2026-09-28T10:43:46.906341+00:00,https://www.gobiernodecanarias.org/istac/aviso_legal.html,consultations,phase6-v1,2007,lanzarote,island,PEDIATRIA_AP,Servicio Pediatría AP; edad individual no publicada,consultations,DOMICILIO,0.0,consultations,OBSERVED,siap_original_service_v1,2007
https://datos.canarias.es/api/estadisticas/statistical-resources/v1.0/datasets/ISTAC/E54086A_000005/1.1.csv,1.1,0918db3dab0ede536f57176f40634e5538ecf71980d3b68649ffab36e507edda,2026-09-28T10:43:46.906341+00:00,https://www.gobiernodecanarias.org/istac/aviso_legal.html,consultations,phase6-v1,2007,lanzarote,island,PEDIATRIA_AP,Servicio Pediatría AP; edad individual no publicada,consultations,TELECONSULTA,,consultations,NOT_AVAILABLE,siap_original_service_v1,2007
https://datos.canarias.es/api/estadisticas/statistical-resources/v1.0/datasets/ISTAC/E54086A_000005/1.1.csv,1.1,0918db3dab0ede536f57176f40634e5538ecf71980d3b68649ffab36e507edda,2026-09-28T10:43:46.906341+00:00,https://www.gobiernodecanarias.org/istac/aviso_legal.html,consultations,phase6-v1,2007,lanzarote,island,PEDIATRIA_AP,Servicio Pediatría AP; edad individual no publicada,consultations,_T,112079.0,consultations,OBSERVED,siap_original_service_v1,2007
https://datos.canarias.es/api/estadisticas/statistical-resources/v1.0/datasets/ISTAC/E54086A_000005/1.1.csv,1.1,0918db3dab0ede536f57176f40634e5538ecf71980d3b68649ffab36e507edda,2026-09-28T10:43:46.906341+00:00,https://www.gobiernodecanarias.org/istac/aviso_legal.html,consultations,phase6-v1,2007,lanzarote,island,PEDIATRIA_AP,Servicio Pediatría AP; edad individual no publicada,consultations,CENTRO,112079.0,consultations,OBSERVED,siap_original_service_v1,2007
https://datos.canarias.es/api/estadisticas/statistical-resources/v1.0/datasets/ISTAC/E54086A_000005/1.1.csv,1.1,0918db3dab0ede536f57176f40634e5538ecf71980d3b68649ffab36e507edda,2026-09-28T10:43:46.906341+00:00,https://www.gobiernodecanarias.org/istac/aviso_legal.html,consultations,phase6-v1,2007,fuerteventura,island,PEDIATRIA_AP,Servicio Pediatría AP; edad individual no publicada,consultations,DOMICILIO,6.0,consultations,OBSERVED,siap_original_service_v1,2007
https://datos.canarias.es/api/estadisticas/statistical-resources/v1.0/datasets/ISTAC/E54086A_000005/1.1.csv,1.1,0918db3dab0ede536f57176f40634e5538ecf71980d3b68649ffab36e507edda,2026-09-28T10:43:46.906341+00:00,https://www.gobiernodecanarias.org/istac/aviso_legal.html,consultations,phase6-v1,2007,fuerteventura,island,PEDIATRIA_AP,Servicio Pediatría AP; edad individual no publicada,consultations,TELECONSULTA,,consultations,NOT_AVAILABLE,siap_original_service_v1,2007
https://datos.canarias.es/api/estadisticas/statistical-resources/v1.0/datasets/ISTAC/E54086A_000005/1.1.csv,1.1,0918db3dab0ede536f57176f40634e5538ecf71980d3b68649ffab36e507edda,2026-09-28T10:43:46.906341+00:00,https://www.gobiernodecanarias.org/istac/aviso_legal.html,consultations,phase6-v1,2007,fuerteventura,island,PEDIATRIA_AP,Servicio Pediatría AP; edad individual no publicada,consultations,_T,69455.0,consultations,OBSERVED,siap_original_service_v1,2007
https://datos.canarias.es/api/estadisticas/statistical-resources/v1.0/datasets/ISTAC/E54086A_000005/1.1.csv,1.1,0918db3dab0ede536f57176f40634e5538ecf71980d3b68649ffab36e507edda,2026-09-28T10:43:46.906341+00:00,https://www.gobiernodecanarias.org/istac/aviso_legal.html,consultations,phase6-v1,2007,fuerteventura,island,PEDIATRIA_AP,Servicio Pediatría AP; edad individual no publicada,consultations,CENTRO,69449.0,consultations,OBSERVED,siap_original_service_v1,2007
https://datos.canarias.es/api/estadisticas/statistical-resources/v1.0/datasets/ISTAC/E54086A_000005/1.1.csv,1.1,0918db3dab0ede536f57176f40634e5538ecf71980d3b68649ffab36e507edda,2026-09-28T10:43:46.906341+00:00,https://www.gobiernodecanarias.org/istac/aviso_legal.html,consultations,phase6-v1,2007,gran-canaria,island,PEDIATRIA_AP,Servicio Pediatría AP; edad individual no publicada,consultations,DOMICILIO,16.0,consultations,OBSERVED,siap_original_service_v1,2007
https://datos.canarias.es/api/estadisticas/statistical-resources/v1.0/datasets/ISTAC/E54086A_000005/1.1.csv,1.1,0918db3dab0ede536f57176f40634e5538ecf71980d3b68649ffab36e507edda,2026-09-28T10:43:46.906341+00:00,https://www.gobiernodecanarias.org/istac/aviso_legal.html,consultations,phase6-v1,2007,gran-canaria,island,PEDIATRIA_AP,Servicio Pediatría AP; edad individual no publicada,consultations,TELECONSULTA,,consultations,NOT_AVAILABLE,siap_original_service_v1,2007
https://datos.canarias.es/api/estadisticas/statistical-resources/v1.0/datasets/ISTAC/E54086A_000005/1.1.csv,1.1,0918db3dab0ede536f57176f40634e5538ecf71980d3b68649ffab36e507edda,2026-09-28T10:43:46.906341+00:00,https://www.gobiernodecanarias.org/istac/aviso_legal.html,consultations,phase6-v1,2007,gran-canaria,island,PEDIATRIA_AP,Servicio Pediatría AP; edad individual no publicada,consultations,_T,626316.0,consultations,OBSERVED,siap_original_service_v1,2007
https://datos.canarias.es/api/estadisticas/statistical-resources/v1.0/datasets/ISTAC/E54086A_000005/1.1.csv,1.1,0918db3dab0ede536f57176f40634e5538ecf71980d3b68649ffab36e507edda,2026-09-28T10:43:46.906341+00:00,https://www.gobiernodecanarias.org/istac/aviso_legal.html,consultations,phase6-v1,2007,gran-canaria,island,PEDIATRIA_AP,Servicio Pediatría AP; edad individual no publicada,consultations,CENTRO,626300.0,consultations,OBSERVED,siap_original_service_v1,2007
https://datos.canarias.es/api/estadisticas/statistical-resources/v1.0/datasets/ISTAC/E54086A_000005/1.1.csv,1.1,0918db3dab0ede536f57176f40634e5538ecf71980d3b68649ffab36e507edda,2026-09-28T10:43:46.906341+00:00,https://www.gobiernodecanarias.org/istac/aviso_legal.html,consultations,phase6-v1,2007,tenerife,island,PEDIATRIA_AP,Servicio Pediatría AP; edad individual no publicada,consultations,DOMICILIO,78.0,consultations,OBSERVED,siap_original_service_v1,2007
https://datos.canarias.es/api/estadisticas/statistical-resources/v1.0/datasets/ISTAC/E54086A_000005/1.1.csv,1.1,0918db3dab0ede536f57176f40634e5538ecf71980d3b68649ffab36e507edda,2026-09-28T10:43:46.906341+00:00,https://www.gobiernodecanarias.org/istac/aviso_legal.html,consultations,phase6-v1,2007,tenerife,island,PEDIATRIA_AP,Servicio Pediatría AP; edad individual no publicada,consultations,TELECONSULTA,,consultations,NOT_AVAILABLE,siap_original_service_v1,2007
https://datos.canarias.es/api/estadisticas/statistical-resources/v1.0/datasets/ISTAC/E54086A_000005/1.1.csv,1.1,0918db3dab0ede536f57176f40634e5538ecf71980d3b68649ffab36e507edda,2026-09-28T10:43:46.906341+00:00,https://www.gobiernodecanarias.org/istac/aviso_legal.html,consultations,phase6-v1,2007,tenerife,island,PEDIATRIA_AP,Servicio Pediatría AP; edad individual no publicada,consultations,_T,695106.0,consultations,OBSERVED,siap_original_service_v1,2007
https://datos.canarias.es/api/estadisticas/statistical-resources/v1.0/datasets/ISTAC/E54086A_000005/1.1.csv,1.1,0918db3dab0ede536f57176f40634e5538ecf71980d3b68649ffab36e507edda,2026-09-28T10:43:46.906341+00:00,https://www.gobiernodecanarias.org/istac/aviso_legal.html,consultations,phase6-v1,2007,tenerife,island,PEDIATRIA_AP,Servicio Pediatría AP; edad individual no publicada,consultations,CENTRO,695028.0,consultations,OBSERVED,siap_original_service_v1,2007
https://datos.canarias.es/api/estadisticas/statistical-resources/v1.0/datasets/ISTAC/E54086A_000005/1.1.csv,1.1,0918db3dab0ede536f57176f40634e5538ecf71980d3b68649ffab36e507edda,2026-09-28T10:43:46.906341+00:00,https://www.gobiernodecanarias.org/istac/aviso_legal.html,consultations,phase6-v1,2007,la-gomera,island,PEDIATRIA_AP,Servicio Pediatría AP; edad individual no publicada,consultations,DOMICILIO,1.0,consultations,OBSERVED,siap_original_service_v1,2007
https://datos.canarias.es/api/estadisticas/statistical-resources/v1.0/datasets/ISTAC/E54086A_000005/1.1.csv,1.1,0918db3dab0ede536f57176f40634e5538ecf71980d3b68649ffab36e507edda,2026-09-28T10:43:46.906341+00:00,https://www.gobiernodecanarias.org/istac/aviso_legal.html,consultations,phase6-v1,2007,la-gomera,island,PEDIATRIA_AP,Servicio Pediatría AP; edad individual no publicada,consultations,TELECONSULTA,,consultations,NOT_AVAILABLE,siap_original_service_v1,2007
https://datos.canarias.es/api/estadisticas/statistical-resources/v1.0/datasets/ISTAC/E54086A_000005/1.1.csv,1.1,0918db3dab0ede536f57176f40634e5538ecf71980d3b68649ffab36e507edda,2026-09-28T10:43:46.906341+00:00,https://www.gobiernodecanarias.org/istac/aviso_legal.html,consultations,phase6-v1,2007,la-gomera,island,PEDIATRIA_AP,Servicio Pediatría AP; edad individual no publicada,consultations,_T,4243.0,consultations,OBSERVED,siap_original_service_v1,2007
https://datos.canarias.es/api/estadisticas/statistical-resources/v1.0/datasets/ISTAC/E54086A_000005/1.1.csv,1.1,0918db3dab0ede536f57176f40634e5538ecf71980d3b68649ffab36e507edda,2026-09-28T10:43:46.906341+00:00,https://www.gobiernodecanarias.org/istac/aviso_legal.html,consultations,phase6-v1,2007,la-gomera,island,PEDIATRIA_AP,Servicio Pediatría AP; edad individual no publicada,consultations,CENTRO,4242.0,consultations,OBSERVED,siap_original_service_v1,2007
https://datos.canarias.es/api/estadisticas/statistical-resources/v1.0/datasets/ISTAC/E54086A_000005/1.1.csv,1.1,0918db3dab0ede536f57176f40634e5538ecf71980d3b68649ffab36e507edda,2026-09-28T10:43:46.906341+00:00,https://www.gobiernodecanarias.org/istac/aviso_legal.html,consultations,phase6-v1,2007,la-palma,island,PEDIATRIA_AP,Servicio Pediatría AP; edad individual no publicada,consultations,DOMICILIO,6.0,consultations,OBSERVED,siap_original_service_v1,2007
https://datos.canarias.es/api/estadisticas/statistical-resources/v1.0/datasets/ISTAC/E54086A_000005/1.1.csv,1.1,0918db3dab0ede536f57176f40634e5538ecf71980d3b68649ffab36e507edda,2026-09-28T10:43:46.906341+00:00,https://www.gobiernodecanarias.org/istac/aviso_legal.html,consultations,phase6-v1,2007,la-palma,island,PEDIATRIA_AP,Servicio Pediatría AP; edad individual no publicada,consultations,TELECONSULTA,,consultations,NOT_AVAILABLE,siap_original_service_v1,2007
https://datos.canarias.es/api/estadisticas/statistical-resources/v1.0/datasets/ISTAC/E54086A_000005/1.1.csv,1.1,0918db3dab0ede536f57176f40634e5538ecf71980d3b68649ffab36e507edda,2026-09-28T10:43:46.906341+00:00,https://www.gobiernodecanarias.org/istac/aviso_legal.html,consultations,phase6-v1,2007,la-palma,island,PEDIATRIA_AP,Servicio Pediatría AP; edad individual no publicada,consultations,_T,71473.0,consultations,OBSERVED,siap_original_service_v1,2007
https://datos.canarias.es/api/estadisticas/statistical-resources/v1.0/datasets/ISTAC/E54086A_000005/1.1.csv,1.1,0918db3dab0ede536f57176f40634e5538ecf71980d3b68649ffab36e507edda,2026-09-28T10:43:46.906341+00:00,https://www.gobiernodecanarias.org/istac/aviso_legal.html,consultations,phase6-v1,2007,la-palma,island,PEDIATRIA_AP,Servicio Pediatría AP; edad individual no publicada,consultations,CENTRO,71467.0,consultations,OBSERVED,siap_original_service_v1,2007
https://datos.canarias.es/api/estadisticas/statistical-resources/v1.0/datasets/ISTAC/E54086A_000005/1.1.csv,1.1,0918db3dab0ede536f57176f40634e5538ecf71980d3b68649ffab36e507edda,2026-09-28T10:43:46.906341+00:00,https://www.gobiernodecanarias.org/istac/aviso_legal.html,consultations,phase6-v1,2007,el-hierro,island,PEDIATRIA_AP,Servicio Pediatría AP; edad individual no publicada,consultations,DOMICILIO,0.0,consultations,OBSERVED,siap_original_service_v1,2007
https://datos.canarias.es/api/estadisticas/statistical-resources/v1.0/datasets/ISTAC/E54086A_000005/1.1.csv,1.1,0918db3dab0ede536f57176f40634e5538ecf71980d3b68649ffab36e507edda,2026-09-28T10:43:46.906341+00:00,https://www.gobiernodecanarias.org/istac/aviso_legal.html,consultations,phase6-v1,2007,el-hierro,island,PEDIATRIA_AP,Servicio Pediatría AP; edad individual no publicada,consultations,TELECONSULTA,,consultations,NOT_AVAILABLE,siap_original_service_v1,2007
https://datos.canarias.es/api/estadisticas/statistical-resources/v1.0/datasets/ISTAC/E54086A_000005/1.1.csv,1.1,0918db3dab0ede536f57176f40634e5538ecf71980d3b68649ffab36e507edda,2026-09-28T10:43:46.906341+00:00,https://www.gobiernodecanarias.org/istac/aviso_legal.html,consultations,phase6-v1,2007,el-hierro,island,PEDIATRIA_AP,Servicio Pediatría AP; edad individual no publicada,consultations,_T,6230.0,consultations,OBSERVED,siap_original_service_v1,2007
https://datos.canarias.es/api/estadisticas/statistical-resources/v1.0/datasets/ISTAC/E54086A_000005/1.1.csv,1.1,0918db3dab0ede536f57176f40634e5538ecf71980d3b68649ffab36e507edda,2026-09-28T10:43:46.906341+00:00,https://www.gobiernodecanarias.org/istac/aviso_legal.html,consultations,phase6-v1,2007,el-hierro,island,PEDIATRIA_AP,Servicio Pediatría AP; edad individual no publicada,consultations,CENTRO,6230.0,consultations,OBSERVED,siap_original_service_v1,2007
https://datos.canarias.es/api/estadisticas/statistical-resources/v1.0/datasets/ISTAC/E54086A_000005/1.1.csv,1.1,0918db3dab0ede536f57176f40634e5538ecf71980d3b68649ffab36e507edda,2026-09-28T10:43:46.906341+00:00,https://www.gobiernodecanarias.org/istac/aviso_legal.html,consultations,phase6-v1,2008,lanzarote,island,PEDIATRIA_AP,Servicio Pediatría AP; edad individual no publicada,consultations,DOMICILIO,1.0,consultations,OBSERVED,siap_original_service_v1,2008
https://datos.canarias.es/api/estadisticas/statistical-resources/v1.0/datasets/ISTAC/E54086A_000005/1.1.csv,1.1,0918db3dab0ede536f57176f40634e5538ecf71980d3b68649ffab36e507edda,2026-09-28T10:43:46.906341+00:00,https://www.gobiernodecanarias.org/istac/aviso_legal.html,consultations,phase6-v1,2008,lanzarote,island,PEDIATRIA_AP,Servicio Pediatría AP; edad individual no publicada,consultations,TELECONSULTA,,consultations,NOT_AVAILABLE,siap_original_service_v1,2008
https://datos.canarias.es/api/estadisticas/statistical-resources/v1.0/datasets/ISTAC/E54086A_000005/1.1.csv,1.1,0918db3dab0ede536f57176f40634e5538ecf71980d3b68649ffab36e507edda,2026-09-28T10:43:46.906341+00:00,https://www.gobiernodecanarias.org/istac/aviso_legal.html,consultations,phase6-v1,2008,lanzarote,island,PEDIATRIA_AP,Servicio Pediatría AP; edad individual no publicada,consultations,_T,118011.0,consultations,OBSERVED,siap_original_service_v1,2008
https://datos.canarias.es/api/estadisticas/statistical-resources/v1.0/datasets/ISTAC/E54086A_000005/1.1.csv,1.1,0918db3dab0ede536f57176f40634e5538ecf71980d3b68649ffab36e507edda,2026-09-28T10:43:46.906341+00:00,https://www.gobiernodecanarias.org/istac/aviso_legal.html,consultations,phase6-v1,2008,lanzarote,island,PEDIATRIA_AP,Servicio Pediatría AP; edad individual no publicada,consultations,CENTRO,118010.0,consultations,OBSERVED,siap_original_service_v1,2008
https://datos.canarias.es/api/estadisticas/statistical-resources/v1.0/datasets/ISTAC/E54086A_000005/1.1.csv,1.1,0918db3dab0ede536f57176f40634e5538ecf71980d3b68649ffab36e507edda,2026-09-28T10:43:46.906341+00:00,https://www.gobiernodecanarias.org/istac/aviso_legal.html,consultations,phase6-v1,2008,fuerteventura,island,PEDIATRIA_AP,Servicio Pediatría AP; edad individual no publicada,consultations,DOMICILIO,8.0,consultations,OBSERVED,siap_original_service_v1,2008
https://datos.canarias.es/api/estadisticas/statistical-resources/v1.0/datasets/ISTAC/E54086A_000005/1.1.csv,1.1,0918db3dab0ede536f57176f40634e5538ecf71980d3b68649ffab36e507edda,2026-09-28T10:43:46.906341+00:00,https://www.gobiernodecanarias.org/istac/aviso_legal.html,consultations,phase6-v1,2008,fuerteventura,island,PEDIATRIA_AP,Servicio Pediatría AP; edad individual no publicada,consultations,TELECONSULTA,,consultations,NOT_AVAILABLE,siap_original_service_v1,2008
https://datos.canarias.es/api/estadisticas/statistical-resources/v1.0/datasets/ISTAC/E54086A_000005/1.1.csv,1.1,0918db3dab0ede536f57176f40634e5538ecf71980d3b68649ffab36e507edda,2026-09-28T10:43:46.906341+00:00,https://www.gobiernodecanarias.org/istac/aviso_legal.html,consultations,phase6-v1,2008,fuerteventura,island,PEDIATRIA_AP,Servicio Pediatría AP; edad individual no publicada,consultations,_T,74904.0,consultations,OBSERVED,siap_original_service_v1,2008
https://datos.canarias.es/api/estadisticas/statistical-resources/v1.0/datasets/ISTAC/E54086A_000005/1.1.csv,1.1,0918db3dab0ede536f57176f40634e5538ecf71980d3b68649ffab36e507edda,2026-09-28T10:43:46.906341+00:00,https://www.gobiernodecanarias.org/istac/aviso_legal.html,consultations,phase6-v1,2008,fuerteventura,island,PEDIATRIA_AP,Servicio Pediatría AP; edad individual no publicada,consultations,CENTRO,74896.0,consultations,OBSERVED,siap_original_service_v1,2008
https://datos.canarias.es/api/estadisticas/statistical-resources/v1.0/datasets/ISTAC/E54086A_000005/1.1.csv,1.1,0918db3dab0ede536f57176f40634e5538ecf71980d3b68649ffab36e507edda,2026-09-28T10:43:46.906341+00:00,https://www.gobiernodecanarias.org/istac/aviso_legal.html,consultations,phase6-v1,2008,gran-canaria,island,PEDIATRIA_AP,Servicio Pediatría AP; edad individual no publicada,consultations,DOMICILIO,15.0,consultations,OBSERVED,siap_original_service_v1,2008
https://datos.canarias.es/api/estadisticas/statistical-resources/v1.0/datasets/ISTAC/E54086A_000005/1.1.csv,1.1,0918db3dab0ede536f57176f40634e5538ecf71980d3b68649ffab36e507edda,2026-09-28T10:43:46.906341+00:00,https://www.gobiernodecanarias.org/istac/aviso_legal.html,consultations,phase6-v1,2008,gran-canaria,island,PEDIATRIA_AP,Servicio Pediatría AP; edad individual no publicada,consultations,TELECONSULTA,,consultations,NOT_AVAILABLE,siap_original_service_v1,2008
https://datos.canarias.es/api/estadisticas/statistical-resources/v1.0/datasets/ISTAC/E54086A_000005/1.1.csv,1.1,0918db3dab0ede536f57176f40634e5538ecf71980d3b68649ffab36e507edda,2026-09-28T10:43:46.906341+00:00,https://www.gobiernodecanarias.org/istac/aviso_legal.html,consultations,phase6-v1,2008,gran-canaria,island,PEDIATRIA_AP,Servicio Pediatría AP; edad individual no publicada,consultations,_T,634690.0,consultations,OBSERVED,siap_original_service_v1,2008
https://datos.canarias.es/api/estadisticas/statistical-resources/v1.0/datasets/ISTAC/E54086A_000005/1.1.csv,1.1,0918db3dab0ede536f57176f40634e5538ecf71980d3b68649ffab36e507edda,2026-09-28T10:43:46.906341+00:00,https://www.gobiernodecanarias.org/istac/aviso_legal.html,consultations,phase6-v1,2008,gran-canaria,island,PEDIATRIA_AP,Servicio Pediatría AP; edad individual no publicada,consultations,CENTRO,634675.0,consultations,OBSERVED,siap_original_service_v1,2008
https://datos.canarias.es/api/estadisticas/statistical-resources/v1.0/datasets/ISTAC/E54086A_000005/1.1.csv,1.1,0918db3dab0ede536f57176f40634e5538ecf71980d3b68649ffab36e507edda,2026-09-28T10:43:46.906341+00:00,https://www.gobiernodecanarias.org/istac/aviso_legal.html,consultations,phase6-v1,2008,tenerife,island,PEDIATRIA_AP,Servicio Pediatría AP; edad individual no publicada,consultations,DOMICILIO,125.0,consultations,OBSERVED,siap_original_service_v1,2008
https://datos.canarias.es/api/estadisticas/statistical-resources/v1.0/datasets/ISTAC/E54086A_000005/1.1.csv,1.1,0918db3dab0ede536f57176f40634e5538ecf71980d3b68649ffab36e507edda,2026-09-28T10:43:46.906341+00:00,https://www.gobiernodecanarias.org/istac/aviso_legal.html,consultations,phase6-v1,2008,tenerife,island,PEDIATRIA_AP,Servicio Pediatría AP; edad individual no publicada,consultations,TELECONSULTA,,consultations,NOT_AVAILABLE,siap_original_service_v1,2008
https://datos.canarias.es/api/estadisticas/statistical-resources/v1.0/datasets/ISTAC/E54086A_000005/1.1.csv,1.1,0918db3dab0ede536f57176f40634e5538ecf71980d3b68649ffab36e507edda,2026-09-28T10:43:46.906341+00:00,https://www.gobiernodecanarias.org/istac/aviso_legal.html,consultations,phase6-v1,2008,tenerife,island,PEDIATRIA_AP,Servicio Pediatría AP; edad individual no publicada,consultations,_T,722565.0,consultations,OBSERVED,siap_original_service_v1,2008
https://datos.canarias.es/api/estadisticas/statistical-resources/v1.0/datasets/ISTAC/E54086A_000005/1.1.csv,1.1,0918db3dab0ede536f57176f40634e5538ecf71980d3b68649ffab36e507edda,2026-09-28T10:43:46.906341+00:00,https://www.gobiernodecanarias.org/istac/aviso_legal.html,consultations,phase6-v1,2008,tenerife,island,PEDIATRIA_AP,Servicio Pediatría AP; edad individual no publicada,consultations,CENTRO,722440.0,consultations,OBSERVED,siap_original_service_v1,2008
https://datos.canarias.es/api/estadisticas/statistical-resources/v1.0/datasets/ISTAC/E54086A_000005/1.1.csv,1.1,0918db3dab0ede536f57176f40634e5538ecf71980d3b68649ffab36e507edda,2026-09-28T10:43:46.906341+00:00,https://www.gobiernodecanarias.org/istac/aviso_legal.html,consultations,phase6-v1,2008,la-gomera,island,PEDIATRIA_AP,Servicio Pediatría AP; edad individual no publicada,consultations,DOMICILIO,0.0,consultations,OBSERVED,siap_original_service_v1,2008
https://datos.canarias.es/api/estadisticas/statistical-resources/v1.0/datasets/ISTAC/E54086A_000005/1.1.csv,1.1,0918db3dab0ede536f57176f40634e5538ecf71980d3b68649ffab36e507edda,2026-09-28T10:43:46.906341+00:00,https://www.gobiernodecanarias.org/istac/aviso_legal.html,consultations,phase6-v1,2008,la-gomera,island,PEDIATRIA_AP,Servicio Pediatría AP; edad individual no publicada,consultations,TELECONSULTA,,consultations,NOT_AVAILABLE,siap_original_service_v1,2008
https://datos.canarias.es/api/estadisticas/statistical-resources/v1.0/datasets/ISTAC/E54086A_000005/1.1.csv,1.1,0918db3dab0ede536f57176f40634e5538ecf71980d3b68649ffab36e507edda,2026-09-28T10:43:46.906341+00:00,https://www.gobiernodecanarias.org/istac/aviso_legal.html,consultations,phase6-v1,2008,la-gomera,island,PEDIATRIA_AP,Servicio Pediatría AP; edad individual no publicada,consultations,_T,4965.0,consultations,OBSERVED,siap_original_service_v1,2008
https://datos.canarias.es/api/estadisticas/statistical-resources/v1.0/datasets/ISTAC/E54086A_000005/1.1.csv,1.1,0918db3dab0ede536f57176f40634e5538ecf71980d3b68649ffab36e507edda,2026-09-28T10:43:46.906341+00:00,https://www.gobiernodecanarias.org/istac/aviso_legal.html,consultations,phase6-v1,2008,la-gomera,island,PEDIATRIA_AP,Servicio Pediatría AP; edad individual no publicada,consultations,CENTRO,4965.0,consultations,OBSERVED,siap_original_service_v1,2008
https://datos.canarias.es/api/estadisticas/statistical-resources/v1.0/datasets/ISTAC/E54086A_000005/1.1.csv,1.1,0918db3dab0ede536f57176f40634e5538ecf71980d3b68649ffab36e507edda,2026-09-28T10:43:46.906341+00:00,https://www.gobiernodecanarias.org/istac/aviso_legal.html,consultations,phase6-v1,2008,la-palma,island,PEDIATRIA_AP,Servicio Pediatría AP; edad individual no publicada,consultations,DOMICILIO,2.0,consultations,OBSERVED,siap_original_service_v1,2008
https://datos.canarias.es/api/estadisticas/statistical-resources/v1.0/datasets/ISTAC/E54086A_000005/1.1.csv,1.1,0918db3dab0ede536f57176f40634e5538ecf71980d3b68649ffab36e507edda,2026-09-28T10:43:46.906341+00:00,https://www.gobiernodecanarias.org/istac/aviso_legal.html,consultations,phase6-v1,2008,la-palma,island,PEDIATRIA_AP,Servicio Pediatría AP; edad individual no publicada,consultations,TELECONSULTA,,consultations,NOT_AVAILABLE,siap_original_service_v1,2008
https://datos.canarias.es/api/estadisticas/statistical-resources/v1.0/datasets/ISTAC/E54086A_000005/1.1.csv,1.1,0918db3dab0ede536f57176f40634e5538ecf71980d3b68649ffab36e507edda,2026-09-28T10:43:46.906341+00:00,https://www.gobiernodecanarias.org/istac/aviso_legal.html,consultations,phase6-v1,2008,la-palma,island,PEDIATRIA_AP,Servicio Pediatría AP; edad individual no publicada,consultations,_T,65866.0,consultations,OBSERVED,siap_original_service_v1,2008
https://datos.canarias.es/api/estadisticas/statistical-resources/v1.0/datasets/ISTAC/E54086A_000005/1.1.csv,1.1,0918db3dab0ede536f57176f40634e5538ecf71980d3b68649ffab36e507edda,2026-09-28T10:43:46.906341+00:00,https://www.gobiernodecanarias.org/istac/aviso_legal.html,consultations,phase6-v1,2008,la-palma,island,PEDIATRIA_AP,Servicio Pediatría AP; edad individual no publicada,consultations,CENTRO,65864.0,consultations,OBSERVED,siap_original_service_v1,2008
https://datos.canarias.es/api/estadisticas/statistical-resources/v1.0/datasets/ISTAC/E54086A_000005/1.1.csv,1.1,0918db3dab0ede536f57176f40634e5538ecf71980d3b68649ffab36e507edda,2026-09-28T10:43:46.906341+00:00,https://www.gobiernodecanarias.org/istac/aviso_legal.html,consultations,phase6-v1,2008,el-hierro,island,PEDIATRIA_AP,Servicio Pediatría AP; edad individual no publicada,consultations,DOMICILIO,0.0,consultations,OBSERVED,siap_original_service_v1,2008
https://datos.canarias.es/api/estadisticas/statistical-resources/v1.0/datasets/ISTAC/E54086A_000005/1.1.csv,1.1,0918db3dab0ede536f57176f40634e5538ecf71980d3b68649ffab36e507edda,2026-09-28T10:43:46.906341+00:00,https://www.gobiernodecanarias.org/istac/aviso_legal.html,consultations,phase6-v1,2008,el-hierro,island,PEDIATRIA_AP,Servicio Pediatría AP; edad individual no publicada,consultations,TELECONSULTA,,consultations,NOT_AVAILABLE,siap_original_service_v1,2008
https://datos.canarias.es/api/estadisticas/statistical-resources/v1.0/datasets/ISTAC/E54086A_000005/1.1.csv,1.1,0918db3dab0ede536f57176f40634e5538ecf71980d3b68649ffab36e507edda,2026-09-28T10:43:46.906341+00:00,https://www.gobiernodecanarias.org/istac/aviso_legal.html,consultations,phase6-v1,2008,el-hierro,island,PEDIATRIA_AP,Servicio Pediatría AP; edad individual no publicada,consultations,_T,7514.0,consultations,OBSERVED,siap_original_service_v1,2008
https://datos.canarias.es/api/estadisticas/statistical-resources/v1.0/datasets/ISTAC/E54086A_000005/1.1.csv,1.1,0918db3dab0ede536f57176f40634e5538ecf71980d3b68649ffab36e507edda,2026-09-28T10:43:46.906341+00:00,https://www.gobiernodecanarias.org/istac/aviso_legal.html,consultations,phase6-v1,2008,el-hierro,island,PEDIATRIA_AP,Servicio Pediatría AP; edad individual no publicada,consultations,CENTRO,7514.0,consultations,OBSERVED,siap_original_service_v1,2008
https://datos.canarias.es/api/estadisticas/statistical-resources/v1.0/datasets/ISTAC/E54086A_000005/1.1.csv,1.1,0918db3dab0ede536f57176f40634e5538ecf71980d3b68649ffab36e507edda,2026-09-28T10:43:46.906341+00:00,https://www.gobiernodecanarias.org/istac/aviso_legal.html,consultations,phase6-v1,2009,lanzarote,island,PEDIATRIA_AP,Servicio Pediatría AP; edad individual no publicada,consultations,DOMICILIO,11.0,consultations,OBSERVED,siap_original_service_v1,2009
https://datos.canarias.es/api/estadisticas/statistical-resources/v1.0/datasets/ISTAC/E54086A_000005/1.1.csv,1.1,0918db3dab0ede536f57176f40634e5538ecf71980d3b68649ffab36e507edda,2026-09-28T10:43:46.906341+00:00,https://www.gobiernodecanarias.org/istac/aviso_legal.html,consultations,phase6-v1,2009,lanzarote,island,PEDIATRIA_AP,Servicio Pediatría AP; edad individual no publicada,consultations,TELECONSULTA,,consultations,NOT_AVAILABLE,siap_original_service_v1,2009
https://datos.canarias.es/api/estadisticas/statistical-resources/v1.0/datasets/ISTAC/E54086A_000005/1.1.csv,1.1,0918db3dab0ede536f57176f40634e5538ecf71980d3b68649ffab36e507edda,2026-09-28T10:43:46.906341+00:00,https://www.gobiernodecanarias.org/istac/aviso_legal.html,consultations,phase6-v1,2009,lanzarote,island,PEDIATRIA_AP,Servicio Pediatría AP; edad individual no publicada,consultations,_T,121831.0,consultations,OBSERVED,siap_original_service_v1,2009
https://datos.canarias.es/api/estadisticas/statistical-resources/v1.0/datasets/ISTAC/E54086A_000005/1.1.csv,1.1,0918db3dab0ede536f57176f40634e5538ecf71980d3b68649ffab36e507edda,2026-09-28T10:43:46.906341+00:00,https://www.gobiernodecanarias.org/istac/aviso_legal.html,consultations,phase6-v1,2009,lanzarote,island,PEDIATRIA_AP,Servicio Pediatría AP; edad individual no publicada,consultations,CENTRO,121820.0,consultations,OBSERVED,siap_original_service_v1,2009
https://datos.canarias.es/api/estadisticas/statistical-resources/v1.0/datasets/ISTAC/E54086A_000005/1.1.csv,1.1,0918db3dab0ede536f57176f40634e5538ecf71980d3b68649ffab36e507edda,2026-09-28T10:43:46.906341+00:00,https://www.gobiernodecanarias.org/istac/aviso_legal.html,consultations,phase6-v1,2009,fuerteventura,island,PEDIATRIA_AP,Servicio Pediatría AP; edad individual no publicada,consultations,DOMICILIO,2.0,consultations,OBSERVED,siap_original_service_v1,2009
https://datos.canarias.es/api/estadisticas/statistical-resources/v1.0/datasets/ISTAC/E54086A_000005/1.1.csv,1.1,0918db3dab0ede536f57176f40634e5538ecf71980d3b68649ffab36e507edda,2026-09-28T10:43:46.906341+00:00,https://www.gobiernodecanarias.org/istac/aviso_legal.html,consultations,phase6-v1,2009,fuerteventura,island,PEDIATRIA_AP,Servicio Pediatría AP; edad individual no publicada,consultations,TELECONSULTA,,consultations,NOT_AVAILABLE,siap_original_service_v1,2009
https://datos.canarias.es/api/estadisticas/statistical-resources/v1.0/datasets/ISTAC/E54086A_000005/1.1.csv,1.1,0918db3dab0ede536f57176f40634e5538ecf71980d3b68649ffab36e507edda,2026-09-28T10:43:46.906341+00:00,https://www.gobiernodecanarias.org/istac/aviso_legal.html,consultations,phase6-v1,2009,fuerteventura,island,PEDIATRIA_AP,Servicio Pediatría AP; edad individual no publicada,consultations,_T,69682.0,consultations,OBSERVED,siap_original_service_v1,2009
https://datos.canarias.es/api/estadisticas/statistical-resources/v1.0/datasets/ISTAC/E54086A_000005/1.1.csv,1.1,0918db3dab0ede536f57176f40634e5538ecf71980d3b68649ffab36e507edda,2026-09-28T10:43:46.906341+00:00,https://www.gobiernodecanarias.org/istac/aviso_legal.html,consultations,phase6-v1,2009,fuerteventura,island,PEDIATRIA_AP,Servicio Pediatría AP; edad individual no publicada,consultations,CENTRO,69680.0,consultations,OBSERVED,siap_original_service_v1,2009
https://datos.canarias.es/api/estadisticas/statistical-resources/v1.0/datasets/ISTAC/E54086A_000005/1.1.csv,1.1,0918db3dab0ede536f57176f40634e5538ecf71980d3b68649ffab36e507edda,2026-09-28T10:43:46.906341+00:00,https://www.gobiernodecanarias.org/istac/aviso_legal.html,consultations,phase6-v1,2009,gran-canaria,island,PEDIATRIA_AP,Servicio Pediatría AP; edad individual no publicada,consultations,DOMICILIO,41.0,consultations,OBSERVED,siap_original_service_v1,2009
https://datos.canarias.es/api/estadisticas/statistical-resources/v1.0/datasets/ISTAC/E54086A_000005/1.1.csv,1.1,0918db3dab0ede536f57176f40634e5538ecf71980d3b68649ffab36e507edda,2026-09-28T10:43:46.906341+00:00,https://www.gobiernodecanarias.org/istac/aviso_legal.html,consultations,phase6-v1,2009,gran-canaria,island,PEDIATRIA_AP,Servicio Pediatría AP; edad individual no publicada,consultations,TELECONSULTA,,consultations,NOT_AVAILABLE,siap_original_service_v1,2009
https://datos.canarias.es/api/estadisticas/statistical-resources/v1.0/datasets/ISTAC/E54086A_000005/1.1.csv,1.1,0918db3dab0ede536f57176f40634e5538ecf71980d3b68649ffab36e507edda,2026-09-28T10:43:46.906341+00:00,https://www.gobiernodecanarias.org/istac/aviso_legal.html,consultations,phase6-v1,2009,gran-canaria,island,PEDIATRIA_AP,Servicio Pediatría AP; edad individual no publicada,consultations,_T,645670.0,consultations,OBSERVED,siap_original_service_v1,2009
https://datos.canarias.es/api/estadisticas/statistical-resources/v1.0/datasets/ISTAC/E54086A_000005/1.1.csv,1.1,0918db3dab0ede536f57176f40634e5538ecf71980d3b68649ffab36e507edda,2026-09-28T10:43:46.906341+00:00,https://www.gobiernodecanarias.org/istac/aviso_legal.html,consultations,phase6-v1,2009,gran-canaria,island,PEDIATRIA_AP,Servicio Pediatría AP; edad individual no publicada,consultations,CENTRO,645629.0,consultations,OBSERVED,siap_original_service_v1,2009
https://datos.canarias.es/api/estadisticas/statistical-resources/v1.0/datasets/ISTAC/E54086A_000005/1.1.csv,1.1,0918db3dab0ede536f57176f40634e5538ecf71980d3b68649ffab36e507edda,2026-09-28T10:43:46.906341+00:00,https://www.gobiernodecanarias.org/istac/aviso_legal.html,consultations,phase6-v1,2009,tenerife,island,PEDIATRIA_AP,Servicio Pediatría AP; edad individual no publicada,consultations,DOMICILIO,105.0,consultations,OBSERVED,siap_original_service_v1,2009
https://datos.canarias.es/api/estadisticas/statistical-resources/v1.0/datasets/ISTAC/E54086A_000005/1.1.csv,1.1,0918db3dab0ede536f57176f40634e5538ecf71980d3b68649ffab36e507edda,2026-09-28T10:43:46.906341+00:00,https://www.gobiernodecanarias.org/istac/aviso_legal.html,consultations,phase6-v1,2009,tenerife,island,PEDIATRIA_AP,Servicio Pediatría AP; edad individual no publicada,consultations,TELECONSULTA,,consultations,NOT_AVAILABLE,siap_original_service_v1,2009
https://datos.canarias.es/api/estadisticas/statistical-resources/v1.0/datasets/ISTAC/E54086A_000005/1.1.csv,1.1,0918db3dab0ede536f57176f40634e5538ecf71980d3b68649ffab36e507edda,2026-09-28T10:43:46.906341+00:00,https://www.gobiernodecanarias.org/istac/aviso_legal.html,consultations,phase6-v1,2009,tenerife,island,PEDIATRIA_AP,Servicio Pediatría AP; edad individual no publicada,consultations,_T,758629.0,consultations,OBSERVED,siap_original_service_v1,2009
https://datos.canarias.es/api/estadisticas/statistical-resources/v1.0/datasets/ISTAC/E54086A_000005/1.1.csv,1.1,0918db3dab0ede536f57176f40634e5538ecf71980d3b68649ffab36e507edda,2026-09-28T10:43:46.906341+00:00,https://www.gobiernodecanarias.org/istac/aviso_legal.html,consultations,phase6-v1,2009,tenerife,island,PEDIATRIA_AP,Servicio Pediatría AP; edad individual no publicada,consultations,CENTRO,758524.0,consultations,OBSERVED,siap_original_service_v1,2009
https://datos.canarias.es/api/estadisticas/statistical-resources/v1.0/datasets/ISTAC/E54086A_000005/1.1.csv,1.1,0918db3dab0ede536f57176f40634e5538ecf71980d3b68649ffab36e507edda,2026-09-28T10:43:46.906341+00:00,https://www.gobiernodecanarias.org/istac/aviso_legal.html,consultations,phase6-v1,2009,la-gomera,island,PEDIATRIA_AP,Servicio Pediatría AP; edad individual no publicada,consultations,DOMICILIO,0.0,consultations,OBSERVED,siap_original_service_v1,2009
https://datos.canarias.es/api/estadisticas/statistical-resources/v1.0/datasets/ISTAC/E54086A_000005/1.1.csv,1.1,0918db3dab0ede536f57176f40634e5538ecf71980d3b68649ffab36e507edda,2026-09-28T10:43:46.906341+00:00,https://www.gobiernodecanarias.org/istac/aviso_legal.html,consultations,phase6-v1,2009,la-gomera,island,PEDIATRIA_AP,Servicio Pediatría AP; edad individual no publicada,consultations,TELECONSULTA,,consultations,NOT_AVAILABLE,siap_original_service_v1,2009
https://datos.canarias.es/api/estadisticas/statistical-resources/v1.0/datasets/ISTAC/E54086A_000005/1.1.csv,1.1,0918db3dab0ede536f57176f40634e5538ecf71980d3b68649ffab36e507edda,2026-09-28T10:43:46.906341+00:00,https://www.gobiernodecanarias.org/istac/aviso_legal.html,consultations,phase6-v1,2009,la-gomera,island,PEDIATRIA_AP,Servicio Pediatría AP; edad individual no publicada,consultations,_T,5739.0,consultations,OBSERVED,siap_original_service_v1,2009
https://datos.canarias.es/api/estadisticas/statistical-resources/v1.0/datasets/ISTAC/E54086A_000005/1.1.csv,1.1,0918db3dab0ede536f57176f40634e5538ecf71980d3b68649ffab36e507edda,2026-09-28T10:43:46.906341+00:00,https://www.gobiernodecanarias.org/istac/aviso_legal.html,consultations,phase6-v1,2009,la-gomera,island,PEDIATRIA_AP,Servicio Pediatría AP; edad individual no publicada,consultations,CENTRO,5739.0,consultations,OBSERVED,siap_original_service_v1,2009
https://datos.canarias.es/api/estadisticas/statistical-resources/v1.0/datasets/ISTAC/E54086A_000005/1.1.csv,1.1,0918db3dab0ede536f57176f40634e5538ecf71980d3b68649ffab36e507edda,2026-09-28T10:43:46.906341+00:00,https://www.gobiernodecanarias.org/istac/aviso_legal.html,consultations,phase6-v1,2009,la-palma,island,PEDIATRIA_AP,Servicio Pediatría AP; edad individual no publicada,consultations,DOMICILIO,2.0,consultations,OBSERVED,siap_original_service_v1,2009
https://datos.canarias.es/api/estadisticas/statistical-resources/v1.0/datasets/ISTAC/E54086A_000005/1.1.csv,1.1,0918db3dab0ede536f57176f40634e5538ecf71980d3b68649ffab36e507edda,2026-09-28T10:43:46.906341+00:00,https://www.gobiernodecanarias.org/istac/aviso_legal.html,consultations,phase6-v1,2009,la-palma,island,PEDIATRIA_AP,Servicio Pediatría AP; edad individual no publicada,consultations,TELECONSULTA,,consultations,NOT_AVAILABLE,siap_original_service_v1,2009
https://datos.canarias.es/api/estadisticas/statistical-resources/v1.0/datasets/ISTAC/E54086A_000005/1.1.csv,1.1,0918db3dab0ede536f57176f40634e5538ecf71980d3b68649ffab36e507edda,2026-09-28T10:43:46.906341+00:00,https://www.gobiernodecanarias.org/istac/aviso_legal.html,consultations,phase6-v1,2009,la-palma,island,PEDIATRIA_AP,Servicio Pediatría AP; edad individual no publicada,consultations,_T,68423.0,consultations,OBSERVED,siap_original_service_v1,2009
https://datos.canarias.es/api/estadisticas/statistical-resources/v1.0/datasets/ISTAC/E54086A_000005/1.1.csv,1.1,0918db3dab0ede536f57176f40634e5538ecf71980d3b68649ffab36e507edda,2026-09-28T10:43:46.906341+00:00,https://www.gobiernodecanarias.org/istac/aviso_legal.html,consultations,phase6-v1,2009,la-palma,island,PEDIATRIA_AP,Servicio Pediatría AP; edad individual no publicada,consultations,CENTRO,68421.0,consultations,OBSERVED,siap_original_service_v1,2009
https://datos.canarias.es/api/estadisticas/statistical-resources/v1.0/datasets/ISTAC/E54086A_000005/1.1.csv,1.1,0918db3dab0ede536f57176f40634e5538ecf71980d3b68649ffab36e507edda,2026-09-28T10:43:46.906341+00:00,https://www.gobiernodecanarias.org/istac/aviso_legal.html,consultations,phase6-v1,2009,el-hierro,island,PEDIATRIA_AP,Servicio Pediatría AP; edad individual no publicada,consultations,DOMICILIO,0.0,consultations,OBSERVED,siap_original_service_v1,2009
https://datos.canarias.es/api/estadisticas/statistical-resources/v1.0/datasets/ISTAC/E54086A_000005/1.1.csv,1.1,0918db3dab0ede536f57176f40634e5538ecf71980d3b68649ffab36e507edda,2026-09-28T10:43:46.906341+00:00,https://www.gobiernodecanarias.org/istac/aviso_legal.html,consultations,phase6-v1,2009,el-hierro,island,PEDIATRIA_AP,Servicio Pediatría AP; edad individual no publicada,consultations,TELECONSULTA,,consultations,NOT_AVAILABLE,siap_original_service_v1,2009
https://datos.canarias.es/api/estadisticas/statistical-resources/v1.0/datasets/ISTAC/E54086A_000005/1.1.csv,1.1,0918db3dab0ede536f57176f40634e5538ecf71980d3b68649ffab36e507edda,2026-09-28T10:43:46.906341+00:00,https://www.gobiernodecanarias.org/istac/aviso_legal.html,consultations,phase6-v1,2009,el-hierro,island,PEDIATRIA_AP,Servicio Pediatría AP; edad individual no publicada,consultations,_T,8045.0,consultations,OBSERVED,siap_original_service_v1,2009
https://datos.canarias.es/api/estadisticas/statistical-resources/v1.0/datasets/ISTAC/E54086A_000005/1.1.csv,1.1,0918db3dab0ede536f57176f40634e5538ecf71980d3b68649ffab36e507edda,2026-09-28T10:43:46.906341+00:00,https://www.gobiernodecanarias.org/istac/aviso_legal.html,consultations,phase6-v1,2009,el-hierro,island,PEDIATRIA_AP,Servicio Pediatría AP; edad individual no publicada,consultations,CENTRO,8045.0,consultations,OBSERVED,siap_original_service_v1,2009
https://datos.canarias.es/api/estadisticas/statistical-resources/v1.0/datasets/ISTAC/E54086A_000005/1.1.csv,1.1,0918db3dab0ede536f57176f40634e5538ecf71980d3b68649ffab36e507edda,2026-09-28T10:43:46.906341+00:00,https://www.gobiernodecanarias.org/istac/aviso_legal.html,consultations,phase6-v1,2010,lanzarote,island,PEDIATRIA_AP,Servicio Pediatría AP; edad individual no publicada,consultations,DOMICILIO,12.0,consultations,OBSERVED,siap_original_service_v1,2010
https://datos.canarias.es/api/estadisticas/statistical-resources/v1.0/datasets/ISTAC/E54086A_000005/1.1.csv,1.1,0918db3dab0ede536f57176f40634e5538ecf71980d3b68649ffab36e507edda,2026-09-28T10:43:46.906341+00:00,https://www.gobiernodecanarias.org/istac/aviso_legal.html,consultations,phase6-v1,2010,lanzarote,island,PEDIATRIA_AP,Servicio Pediatría AP; edad individual no publicada,consultations,TELECONSULTA,,consultations,NOT_AVAILABLE,siap_original_service_v1,2010
https://datos.canarias.es/api/estadisticas/statistical-resources/v1.0/datasets/ISTAC/E54086A_000005/1.1.csv,1.1,0918db3dab0ede536f57176f40634e5538ecf71980d3b68649ffab36e507edda,2026-09-28T10:43:46.906341+00:00,https://www.gobiernodecanarias.org/istac/aviso_legal.html,consultations,phase6-v1,2010,lanzarote,island,PEDIATRIA_AP,Servicio Pediatría AP; edad individual no publicada,consultations,_T,109202.0,consultations,OBSERVED,siap_original_service_v1,2010
https://datos.canarias.es/api/estadisticas/statistical-resources/v1.0/datasets/ISTAC/E54086A_000005/1.1.csv,1.1,0918db3dab0ede536f57176f40634e5538ecf71980d3b68649ffab36e507edda,2026-09-28T10:43:46.906341+00:00,https://www.gobiernodecanarias.org/istac/aviso_legal.html,consultations,phase6-v1,2010,lanzarote,island,PEDIATRIA_AP,Servicio Pediatría AP; edad individual no publicada,consultations,CENTRO,109190.0,consultations,OBSERVED,siap_original_service_v1,2010
https://datos.canarias.es/api/estadisticas/statistical-resources/v1.0/datasets/ISTAC/E54086A_000005/1.1.csv,1.1,0918db3dab0ede536f57176f40634e5538ecf71980d3b68649ffab36e507edda,2026-09-28T10:43:46.906341+00:00,https://www.gobiernodecanarias.org/istac/aviso_legal.html,consultations,phase6-v1,2010,fuerteventura,island,PEDIATRIA_AP,Servicio Pediatría AP; edad individual no publicada,consultations,DOMICILIO,5.0,consultations,OBSERVED,siap_original_service_v1,2010
https://datos.canarias.es/api/estadisticas/statistical-resources/v1.0/datasets/ISTAC/E54086A_000005/1.1.csv,1.1,0918db3dab0ede536f57176f40634e5538ecf71980d3b68649ffab36e507edda,2026-09-28T10:43:46.906341+00:00,https://www.gobiernodecanarias.org/istac/aviso_legal.html,consultations,phase6-v1,2010,fuerteventura,island,PEDIATRIA_AP,Servicio Pediatría AP; edad individual no publicada,consultations,TELECONSULTA,,consultations,NOT_AVAILABLE,siap_original_service_v1,2010
https://datos.canarias.es/api/estadisticas/statistical-resources/v1.0/datasets/ISTAC/E54086A_000005/1.1.csv,1.1,0918db3dab0ede536f57176f40634e5538ecf71980d3b68649ffab36e507edda,2026-09-28T10:43:46.906341+00:00,https://www.gobiernodecanarias.org/istac/aviso_legal.html,consultations,phase6-v1,2010,fuerteventura,island,PEDIATRIA_AP,Servicio Pediatría AP; edad individual no publicada,consultations,_T,64902.0,consultations,OBSERVED,siap_original_service_v1,2010
https://datos.canarias.es/api/estadisticas/statistical-resources/v1.0/datasets/ISTAC/E54086A_000005/1.1.csv,1.1,0918db3dab0ede536f57176f40634e5538ecf71980d3b68649ffab36e507edda,2026-09-28T10:43:46.906341+00:00,https://www.gobiernodecanarias.org/istac/aviso_legal.html,consultations,phase6-v1,2010,fuerteventura,island,PEDIATRIA_AP,Servicio Pediatría AP; edad individual no publicada,consultations,CENTRO,64897.0,consultations,OBSERVED,siap_original_service_v1,2010
https://datos.canarias.es/api/estadisticas/statistical-resources/v1.0/datasets/ISTAC/E54086A_000005/1.1.csv,1.1,0918db3dab0ede536f57176f40634e5538ecf71980d3b68649ffab36e507edda,2026-09-28T10:43:46.906341+00:00,https://www.gobiernodecanarias.org/istac/aviso_legal.html,consultations,phase6-v1,2010,gran-canaria,island,PEDIATRIA_AP,Servicio Pediatría AP; edad individual no publicada,consultations,DOMICILIO,27.0,consultations,OBSERVED,siap_original_service_v1,2010
https://datos.canarias.es/api/estadisticas/statistical-resources/v1.0/datasets/ISTAC/E54086A_000005/1.1.csv,1.1,0918db3dab0ede536f57176f40634e5538ecf71980d3b68649ffab36e507edda,2026-09-28T10:43:46.906341+00:00,https://www.gobiernodecanarias.org/istac/aviso_legal.html,consultations,phase6-v1,2010,gran-canaria,island,PEDIATRIA_AP,Servicio Pediatría AP; edad individual no publicada,consultations,TELECONSULTA,,consultations,NOT_AVAILABLE,siap_original_service_v1,2010
https://datos.canarias.es/api/estadisticas/statistical-resources/v1.0/datasets/ISTAC/E54086A_000005/1.1.csv,1.1,0918db3dab0ede536f57176f40634e5538ecf71980d3b68649ffab36e507edda,2026-09-28T10:43:46.906341+00:00,https://www.gobiernodecanarias.org/istac/aviso_legal.html,consultations,phase6-v1,2010,gran-canaria,island,PEDIATRIA_AP,Servicio Pediatría AP; edad individual no publicada,consultations,_T,575809.0,consultations,OBSERVED,siap_original_service_v1,2010
https://datos.canarias.es/api/estadisticas/statistical-resources/v1.0/datasets/ISTAC/E54086A_000005/1.1.csv,1.1,0918db3dab0ede536f57176f40634e5538ecf71980d3b68649ffab36e507edda,2026-09-28T10:43:46.906341+00:00,https://www.gobiernodecanarias.org/istac/aviso_legal.html,consultations,phase6-v1,2010,gran-canaria,island,PEDIATRIA_AP,Servicio Pediatría AP; edad individual no publicada,consultations,CENTRO,575782.0,consultations,OBSERVED,siap_original_service_v1,2010
https://datos.canarias.es/api/estadisticas/statistical-resources/v1.0/datasets/ISTAC/E54086A_000005/1.1.csv,1.1,0918db3dab0ede536f57176f40634e5538ecf71980d3b68649ffab36e507edda,2026-09-28T10:43:46.906341+00:00,https://www.gobiernodecanarias.org/istac/aviso_legal.html,consultations,phase6-v1,2010,tenerife,island,PEDIATRIA_AP,Servicio Pediatría AP; edad individual no publicada,consultations,DOMICILIO,92.0,consultations,OBSERVED,siap_original_service_v1,2010
https://datos.canarias.es/api/estadisticas/statistical-resources/v1.0/datasets/ISTAC/E54086A_000005/1.1.csv,1.1,0918db3dab0ede536f57176f40634e5538ecf71980d3b68649ffab36e507edda,2026-09-28T10:43:46.906341+00:00,https://www.gobiernodecanarias.org/istac/aviso_legal.html,consultations,phase6-v1,2010,tenerife,island,PEDIATRIA_AP,Servicio Pediatría AP; edad individual no publicada,consultations,TELECONSULTA,,consultations,NOT_AVAILABLE,siap_original_service_v1,2010
https://datos.canarias.es/api/estadisticas/statistical-resources/v1.0/datasets/ISTAC/E54086A_000005/1.1.csv,1.1,0918db3dab0ede536f57176f40634e5538ecf71980d3b68649ffab36e507edda,2026-09-28T10:43:46.906341+00:00,https://www.gobiernodecanarias.org/istac/aviso_legal.html,consultations,phase6-v1,2010,tenerife,island,PEDIATRIA_AP,Servicio Pediatría AP; edad individual no publicada,consultations,_T,707584.0,consultations,OBSERVED,siap_original_service_v1,2010
https://datos.canarias.es/api/estadisticas/statistical-resources/v1.0/datasets/ISTAC/E54086A_000005/1.1.csv,1.1,0918db3dab0ede536f57176f40634e5538ecf71980d3b68649ffab36e507edda,2026-09-28T10:43:46.906341+00:00,https://www.gobiernodecanarias.org/istac/aviso_legal.html,consultations,phase6-v1,2010,tenerife,island,PEDIATRIA_AP,Servicio Pediatría AP; edad individual no publicada,consultations,CENTRO,707492.0,consultations,OBSERVED,siap_original_service_v1,2010
https://datos.canarias.es/api/estadisticas/statistical-resources/v1.0/datasets/ISTAC/E54086A_000005/1.1.csv,1.1,0918db3dab0ede536f57176f40634e5538ecf71980d3b68649ffab36e507edda,2026-09-28T10:43:46.906341+00:00,https://www.gobiernodecanarias.org/istac/aviso_legal.html,consultations,phase6-v1,2010,la-gomera,island,PEDIATRIA_AP,Servicio Pediatría AP; edad individual no publicada,consultations,DOMICILIO,1.0,consultations,OBSERVED,siap_original_service_v1,2010
https://datos.canarias.es/api/estadisticas/statistical-resources/v1.0/datasets/ISTAC/E54086A_000005/1.1.csv,1.1,0918db3dab0ede536f57176f40634e5538ecf71980d3b68649ffab36e507edda,2026-09-28T10:43:46.906341+00:00,https://www.gobiernodecanarias.org/istac/aviso_legal.html,consultations,phase6-v1,2010,la-gomera,island,PEDIATRIA_AP,Servicio Pediatría AP; edad individual no publicada,consultations,TELECONSULTA,,consultations,NOT_AVAILABLE,siap_original_service_v1,2010
https://datos.canarias.es/api/estadisticas/statistical-resources/v1.0/datasets/ISTAC/E54086A_000005/1.1.csv,1.1,0918db3dab0ede536f57176f40634e5538ecf71980d3b68649ffab36e507edda,2026-09-28T10:43:46.906341+00:00,https://www.gobiernodecanarias.org/istac/aviso_legal.html,consultations,phase6-v1,2010,la-gomera,island,PEDIATRIA_AP,Servicio Pediatría AP; edad individual no publicada,consultations,_T,6424.0,consultations,OBSERVED,siap_original_service_v1,2010
https://datos.canarias.es/api/estadisticas/statistical-resources/v1.0/datasets/ISTAC/E54086A_000005/1.1.csv,1.1,0918db3dab0ede536f57176f40634e5538ecf71980d3b68649ffab36e507edda,2026-09-28T10:43:46.906341+00:00,https://www.gobiernodecanarias.org/istac/aviso_legal.html,consultations,phase6-v1,2010,la-gomera,island,PEDIATRIA_AP,Servicio Pediatría AP; edad individual no publicada,consultations,CENTRO,6423.0,consultations,OBSERVED,siap_original_service_v1,2010
https://datos.canarias.es/api/estadisticas/statistical-resources/v1.0/datasets/ISTAC/E54086A_000005/1.1.csv,1.1,0918db3dab0ede536f57176f40634e5538ecf71980d3b68649ffab36e507edda,2026-09-28T10:43:46.906341+00:00,https://www.gobiernodecanarias.org/istac/aviso_legal.html,consultations,phase6-v1,2010,la-palma,island,PEDIATRIA_AP,Servicio Pediatría AP; edad individual no publicada,consultations,DOMICILIO,1.0,consultations,OBSERVED,siap_original_service_v1,2010
https://datos.canarias.es/api/estadisticas/statistical-resources/v1.0/datasets/ISTAC/E54086A_000005/1.1.csv,1.1,0918db3dab0ede536f57176f40634e5538ecf71980d3b68649ffab36e507edda,2026-09-28T10:43:46.906341+00:00,https://www.gobiernodecanarias.org/istac/aviso_legal.html,consultations,phase6-v1,2010,la-palma,island,PEDIATRIA_AP,Servicio Pediatría AP; edad individual no publicada,consultations,TELECONSULTA,,consultations,NOT_AVAILABLE,siap_original_service_v1,2010
https://datos.canarias.es/api/estadisticas/statistical-resources/v1.0/datasets/ISTAC/E54086A_000005/1.1.csv,1.1,0918db3dab0ede536f57176f40634e5538ecf71980d3b68649ffab36e507edda,2026-09-28T10:43:46.906341+00:00,https://www.gobiernodecanarias.org/istac/aviso_legal.html,consultations,phase6-v1,2010,la-palma,island,PEDIATRIA_AP,Servicio Pediatría AP; edad individual no publicada,consultations,_T,61594.0,consultations,OBSERVED,siap_original_service_v1,2010
https://datos.canarias.es/api/estadisticas/statistical-resources/v1.0/datasets/ISTAC/E54086A_000005/1.1.csv,1.1,0918db3dab0ede536f57176f40634e5538ecf71980d3b68649ffab36e507edda,2026-09-28T10:43:46.906341+00:00,https://www.gobiernodecanarias.org/istac/aviso_legal.html,consultations,phase6-v1,2010,la-palma,island,PEDIATRIA_AP,Servicio Pediatría AP; edad individual no publicada,consultations,CENTRO,61593.0,consultations,OBSERVED,siap_original_service_v1,2010
https://datos.canarias.es/api/estadisticas/statistical-resources/v1.0/datasets/ISTAC/E54086A_000005/1.1.csv,1.1,0918db3dab0ede536f57176f40634e5538ecf71980d3b68649ffab36e507edda,2026-09-28T10:43:46.906341+00:00,https://www.gobiernodecanarias.org/istac/aviso_legal.html,consultations,phase6-v1,2010,el-hierro,island,PEDIATRIA_AP,Servicio Pediatría AP; edad individual no publicada,consultations,DOMICILIO,1.0,consultations,OBSERVED,siap_original_service_v1,2010
https://datos.canarias.es/api/estadisticas/statistical-resources/v1.0/datasets/ISTAC/E54086A_000005/1.1.csv,1.1,0918db3dab0ede536f57176f40634e5538ecf71980d3b68649ffab36e507edda,2026-09-28T10:43:46.906341+00:00,https://www.gobiernodecanarias.org/istac/aviso_legal.html,consultations,phase6-v1,2010,el-hierro,island,PEDIATRIA_AP,Servicio Pediatría AP; edad individual no publicada,consultations,TELECONSULTA,,consultations,NOT_AVAILABLE,siap_original_service_v1,2010
https://datos.canarias.es/api/estadisticas/statistical-resources/v1.0/datasets/ISTAC/E54086A_000005/1.1.csv,1.1,0918db3dab0ede536f57176f40634e5538ecf71980d3b68649ffab36e507edda,2026-09-28T10:43:46.906341+00:00,https://www.gobiernodecanarias.org/istac/aviso_legal.html,consultations,phase6-v1,2010,el-hierro,island,PEDIATRIA_AP,Servicio Pediatría AP; edad individual no publicada,consultations,_T,7454.0,consultations,OBSERVED,siap_original_service_v1,2010
https://datos.canarias.es/api/estadisticas/statistical-resources/v1.0/datasets/ISTAC/E54086A_000005/1.1.csv,1.1,0918db3dab0ede536f57176f40634e5538ecf71980d3b68649ffab36e507edda,2026-09-28T10:43:46.906341+00:00,https://www.gobiernodecanarias.org/istac/aviso_legal.html,consultations,phase6-v1,2010,el-hierro,island,PEDIATRIA_AP,Servicio Pediatría AP; edad individual no publicada,consultations,CENTRO,7453.0,consultations,OBSERVED,siap_original_service_v1,2010
https://datos.canarias.es/api/estadisticas/statistical-resources/v1.0/datasets/ISTAC/E54086A_000005/1.1.csv,1.1,0918db3dab0ede536f57176f40634e5538ecf71980d3b68649ffab36e507edda,2026-09-28T10:43:46.906341+00:00,https://www.gobiernodecanarias.org/istac/aviso_legal.html,consultations,phase6-v1,2011,lanzarote,island,PEDIATRIA_AP,Servicio Pediatría AP; edad individual no publicada,consultations,DOMICILIO,13.0,consultations,OBSERVED,siap_original_service_v1,2011
https://datos.canarias.es/api/estadisticas/statistical-resources/v1.0/datasets/ISTAC/E54086A_000005/1.1.csv,1.1,0918db3dab0ede536f57176f40634e5538ecf71980d3b68649ffab36e507edda,2026-09-28T10:43:46.906341+00:00,https://www.gobiernodecanarias.org/istac/aviso_legal.html,consultations,phase6-v1,2011,lanzarote,island,PEDIATRIA_AP,Servicio Pediatría AP; edad individual no publicada,consultations,TELECONSULTA,,consultations,NOT_AVAILABLE,siap_original_service_v1,2011
https://datos.canarias.es/api/estadisticas/statistical-resources/v1.0/datasets/ISTAC/E54086A_000005/1.1.csv,1.1,0918db3dab0ede536f57176f40634e5538ecf71980d3b68649ffab36e507edda,2026-09-28T10:43:46.906341+00:00,https://www.gobiernodecanarias.org/istac/aviso_legal.html,consultations,phase6-v1,2011,lanzarote,island,PEDIATRIA_AP,Servicio Pediatría AP; edad individual no publicada,consultations,_T,114210.0,consultations,OBSERVED,siap_original_service_v1,2011
https://datos.canarias.es/api/estadisticas/statistical-resources/v1.0/datasets/ISTAC/E54086A_000005/1.1.csv,1.1,0918db3dab0ede536f57176f40634e5538ecf71980d3b68649ffab36e507edda,2026-09-28T10:43:46.906341+00:00,https://www.gobiernodecanarias.org/istac/aviso_legal.html,consultations,phase6-v1,2011,lanzarote,island,PEDIATRIA_AP,Servicio Pediatría AP; edad individual no publicada,consultations,CENTRO,114197.0,consultations,OBSERVED,siap_original_service_v1,2011
https://datos.canarias.es/api/estadisticas/statistical-resources/v1.0/datasets/ISTAC/E54086A_000005/1.1.csv,1.1,0918db3dab0ede536f57176f40634e5538ecf71980d3b68649ffab36e507edda,2026-09-28T10:43:46.906341+00:00,https://www.gobiernodecanarias.org/istac/aviso_legal.html,consultations,phase6-v1,2011,fuerteventura,island,PEDIATRIA_AP,Servicio Pediatría AP; edad individual no publicada,consultations,DOMICILIO,2.0,consultations,OBSERVED,siap_original_service_v1,2011
https://datos.canarias.es/api/estadisticas/statistical-resources/v1.0/datasets/ISTAC/E54086A_000005/1.1.csv,1.1,0918db3dab0ede536f57176f40634e5538ecf71980d3b68649ffab36e507edda,2026-09-28T10:43:46.906341+00:00,https://www.gobiernodecanarias.org/istac/aviso_legal.html,consultations,phase6-v1,2011,fuerteventura,island,PEDIATRIA_AP,Servicio Pediatría AP; edad individual no publicada,consultations,TELECONSULTA,,consultations,NOT_AVAILABLE,siap_original_service_v1,2011
https://datos.canarias.es/api/estadisticas/statistical-resources/v1.0/datasets/ISTAC/E54086A_000005/1.1.csv,1.1,0918db3dab0ede536f57176f40634e5538ecf71980d3b68649ffab36e507edda,2026-09-28T10:43:46.906341+00:00,https://www.gobiernodecanarias.org/istac/aviso_legal.html,consultations,phase6-v1,2011,fuerteventura,island,PEDIATRIA_AP,Servicio Pediatría AP; edad individual no publicada,consultations,_T,67103.0,consultations,OBSERVED,siap_original_service_v1,2011
https://datos.canarias.es/api/estadisticas/statistical-resources/v1.0/datasets/ISTAC/E54086A_000005/1.1.csv,1.1,0918db3dab0ede536f57176f40634e5538ecf71980d3b68649ffab36e507edda,2026-09-28T10:43:46.906341+00:00,https://www.gobiernodecanarias.org/istac/aviso_legal.html,consultations,phase6-v1,2011,fuerteventura,island,PEDIATRIA_AP,Servicio Pediatría AP; edad individual no publicada,consultations,CENTRO,67101.0,consultations,OBSERVED,siap_original_service_v1,2011
https://datos.canarias.es/api/estadisticas/statistical-resources/v1.0/datasets/ISTAC/E54086A_000005/1.1.csv,1.1,0918db3dab0ede536f57176f40634e5538ecf71980d3b68649ffab36e507edda,2026-09-28T10:43:46.906341+00:00,https://www.gobiernodecanarias.org/istac/aviso_legal.html,consultations,phase6-v1,2011,gran-canaria,island,PEDIATRIA_AP,Servicio Pediatría AP; edad individual no publicada,consultations,DOMICILIO,23.0,consultations,OBSERVED,siap_original_service_v1,2011
https://datos.canarias.es/api/estadisticas/statistical-resources/v1.0/datasets/ISTAC/E54086A_000005/1.1.csv,1.1,0918db3dab0ede536f57176f40634e5538ecf71980d3b68649ffab36e507edda,2026-09-28T10:43:46.906341+00:00,https://www.gobiernodecanarias.org/istac/aviso_legal.html,consultations,phase6-v1,2011,gran-canaria,island,PEDIATRIA_AP,Servicio Pediatría AP; edad individual no publicada,consultations,TELECONSULTA,,consultations,NOT_AVAILABLE,siap_original_service_v1,2011
https://datos.canarias.es/api/estadisticas/statistical-resources/v1.0/datasets/ISTAC/E54086A_000005/1.1.csv,1.1,0918db3dab0ede536f57176f40634e5538ecf71980d3b68649ffab36e507edda,2026-09-28T10:43:46.906341+00:00,https://www.gobiernodecanarias.org/istac/aviso_legal.html,consultations,phase6-v1,2011,gran-canaria,island,PEDIATRIA_AP,Servicio Pediatría AP; edad individual no publicada,consultations,_T,593392.0,consultations,OBSERVED,siap_original_service_v1,2011
https://datos.canarias.es/api/estadisticas/statistical-resources/v1.0/datasets/ISTAC/E54086A_000005/1.1.csv,1.1,0918db3dab0ede536f57176f40634e5538ecf71980d3b68649ffab36e507edda,2026-09-28T10:43:46.906341+00:00,https://www.gobiernodecanarias.org/istac/aviso_legal.html,consultations,phase6-v1,2011,gran-canaria,island,PEDIATRIA_AP,Servicio Pediatría AP; edad individual no publicada,consultations,CENTRO,593369.0,consultations,OBSERVED,siap_original_service_v1,2011
https://datos.canarias.es/api/estadisticas/statistical-resources/v1.0/datasets/ISTAC/E54086A_000005/1.1.csv,1.1,0918db3dab0ede536f57176f40634e5538ecf71980d3b68649ffab36e507edda,2026-09-28T10:43:46.906341+00:00,https://www.gobiernodecanarias.org/istac/aviso_legal.html,consultations,phase6-v1,2011,tenerife,island,PEDIATRIA_AP,Servicio Pediatría AP; edad individual no publicada,consultations,DOMICILIO,65.0,consultations,OBSERVED,siap_original_service_v1,2011
https://datos.canarias.es/api/estadisticas/statistical-resources/v1.0/datasets/ISTAC/E54086A_000005/1.1.csv,1.1,0918db3dab0ede536f57176f40634e5538ecf71980d3b68649ffab36e507edda,2026-09-28T10:43:46.906341+00:00,https://www.gobiernodecanarias.org/istac/aviso_legal.html,consultations,phase6-v1,2011,tenerife,island,PEDIATRIA_AP,Servicio Pediatría AP; edad individual no publicada,consultations,TELECONSULTA,,consultations,NOT_AVAILABLE,siap_original_service_v1,2011
https://datos.canarias.es/api/estadisticas/statistical-resources/v1.0/datasets/ISTAC/E54086A_000005/1.1.csv,1.1,0918db3dab0ede536f57176f40634e5538ecf71980d3b68649ffab36e507edda,2026-09-28T10:43:46.906341+00:00,https://www.gobiernodecanarias.org/istac/aviso_legal.html,consultations,phase6-v1,2011,tenerife,island,PEDIATRIA_AP,Servicio Pediatría AP; edad individual no publicada,consultations,_T,719068.0,consultations,OBSERVED,siap_original_service_v1,2011
https://datos.canarias.es/api/estadisticas/statistical-resources/v1.0/datasets/ISTAC/E54086A_000005/1.1.csv,1.1,0918db3dab0ede536f57176f40634e5538ecf71980d3b68649ffab36e507edda,2026-09-28T10:43:46.906341+00:00,https://www.gobiernodecanarias.org/istac/aviso_legal.html,consultations,phase6-v1,2011,tenerife,island,PEDIATRIA_AP,Servicio Pediatría AP; edad individual no publicada,consultations,CENTRO,719003.0,consultations,OBSERVED,siap_original_service_v1,2011
https://datos.canarias.es/api/estadisticas/statistical-resources/v1.0/datasets/ISTAC/E54086A_000005/1.1.csv,1.1,0918db3dab0ede536f57176f40634e5538ecf71980d3b68649ffab36e507edda,2026-09-28T10:43:46.906341+00:00,https://www.gobiernodecanarias.org/istac/aviso_legal.html,consultations,phase6-v1,2011,la-gomera,island,PEDIATRIA_AP,Servicio Pediatría AP; edad individual no publicada,consultations,DOMICILIO,,consultations,NOT_AVAILABLE,siap_original_service_v1,2011
https://datos.canarias.es/api/estadisticas/statistical-resources/v1.0/datasets/ISTAC/E54086A_000005/1.1.csv,1.1,0918db3dab0ede536f57176f40634e5538ecf71980d3b68649ffab36e507edda,2026-09-28T10:43:46.906341+00:00,https://www.gobiernodecanarias.org/istac/aviso_legal.html,consultations,phase6-v1,2011,la-gomera,island,PEDIATRIA_AP,Servicio Pediatría AP; edad individual no publicada,consultations,TELECONSULTA,,consultations,NOT_AVAILABLE,siap_original_service_v1,2011
https://datos.canarias.es/api/estadisticas/statistical-resources/v1.0/datasets/ISTAC/E54086A_000005/1.1.csv,1.1,0918db3dab0ede536f57176f40634e5538ecf71980d3b68649ffab36e507edda,2026-09-28T10:43:46.906341+00:00,https://www.gobiernodecanarias.org/istac/aviso_legal.html,consultations,phase6-v1,2011,la-gomera,island,PEDIATRIA_AP,Servicio Pediatría AP; edad individual no publicada,consultations,_T,6956.0,consultations,OBSERVED,siap_original_service_v1,2011
https://datos.canarias.es/api/estadisticas/statistical-resources/v1.0/datasets/ISTAC/E54086A_000005/1.1.csv,1.1,0918db3dab0ede536f57176f40634e5538ecf71980d3b68649ffab36e507edda,2026-09-28T10:43:46.906341+00:00,https://www.gobiernodecanarias.org/istac/aviso_legal.html,consultations,phase6-v1,2011,la-gomera,island,PEDIATRIA_AP,Servicio Pediatría AP; edad individual no publicada,consultations,CENTRO,6956.0,consultations,OBSERVED,siap_original_service_v1,2011
https://datos.canarias.es/api/estadisticas/statistical-resources/v1.0/datasets/ISTAC/E54086A_000005/1.1.csv,1.1,0918db3dab0ede536f57176f40634e5538ecf71980d3b68649ffab36e507edda,2026-09-28T10:43:46.906341+00:00,https://www.gobiernodecanarias.org/istac/aviso_legal.html,consultations,phase6-v1,2011,la-palma,island,PEDIATRIA_AP,Servicio Pediatría AP; edad individual no publicada,consultations,DOMICILIO,1.0,consultations,OBSERVED,siap_original_service_v1,2011
https://datos.canarias.es/api/estadisticas/statistical-resources/v1.0/datasets/ISTAC/E54086A_000005/1.1.csv,1.1,0918db3dab0ede536f57176f40634e5538ecf71980d3b68649ffab36e507edda,2026-09-28T10:43:46.906341+00:00,https://www.gobiernodecanarias.org/istac/aviso_legal.html,consultations,phase6-v1,2011,la-palma,island,PEDIATRIA_AP,Servicio Pediatría AP; edad individual no publicada,consultations,TELECONSULTA,,consultations,NOT_AVAILABLE,siap_original_service_v1,2011
https://datos.canarias.es/api/estadisticas/statistical-resources/v1.0/datasets/ISTAC/E54086A_000005/1.1.csv,1.1,0918db3dab0ede536f57176f40634e5538ecf71980d3b68649ffab36e507edda,2026-09-28T10:43:46.906341+00:00,https://www.gobiernodecanarias.org/istac/aviso_legal.html,consultations,phase6-v1,2011,la-palma,island,PEDIATRIA_AP,Servicio Pediatría AP; edad individual no publicada,consultations,_T,63358.0,consultations,OBSERVED,siap_original_service_v1,2011
https://datos.canarias.es/api/estadisticas/statistical-resources/v1.0/datasets/ISTAC/E54086A_000005/1.1.csv,1.1,0918db3dab0ede536f57176f40634e5538ecf71980d3b68649ffab36e507edda,2026-09-28T10:43:46.906341+00:00,https://www.gobiernodecanarias.org/istac/aviso_legal.html,consultations,phase6-v1,2011,la-palma,island,PEDIATRIA_AP,Servicio Pediatría AP; edad individual no publicada,consultations,CENTRO,63357.0,consultations,OBSERVED,siap_original_service_v1,2011
https://datos.canarias.es/api/estadisticas/statistical-resources/v1.0/datasets/ISTAC/E54086A_000005/1.1.csv,1.1,0918db3dab0ede536f57176f40634e5538ecf71980d3b68649ffab36e507edda,2026-09-28T10:43:46.906341+00:00,https://www.gobiernodecanarias.org/istac/aviso_legal.html,consultations,phase6-v1,2011,el-hierro,island,PEDIATRIA_AP,Servicio Pediatría AP; edad individual no publicada,consultations,DOMICILIO,,consultations,NOT_AVAILABLE,siap_original_service_v1,2011
https://datos.canarias.es/api/estadisticas/statistical-resources/v1.0/datasets/ISTAC/E54086A_000005/1.1.csv,1.1,0918db3dab0ede536f57176f40634e5538ecf71980d3b68649ffab36e507edda,2026-09-28T10:43:46.906341+00:00,https://www.gobiernodecanarias.org/istac/aviso_legal.html,consultations,phase6-v1,2011,el-hierro,island,PEDIATRIA_AP,Servicio Pediatría AP; edad individual no publicada,consultations,TELECONSULTA,,consultations,NOT_AVAILABLE,siap_original_service_v1,2011
https://datos.canarias.es/api/estadisticas/statistical-resources/v1.0/datasets/ISTAC/E54086A_000005/1.1.csv,1.1,0918db3dab0ede536f57176f40634e5538ecf71980d3b68649ffab36e507edda,2026-09-28T10:43:46.906341+00:00,https://www.gobiernodecanarias.org/istac/aviso_legal.html,consultations,phase6-v1,2011,el-hierro,island,PEDIATRIA_AP,Servicio Pediatría AP; edad individual no publicada,consultations,_T,7424.0,consultations,OBSERVED,siap_original_service_v1,2011
https://datos.canarias.es/api/estadisticas/statistical-resources/v1.0/datasets/ISTAC/E54086A_000005/1.1.csv,1.1,0918db3dab0ede536f57176f40634e5538ecf71980d3b68649ffab36e507edda,2026-09-28T10:43:46.906341+00:00,https://www.gobiernodecanarias.org/istac/aviso_legal.html,consultations,phase6-v1,2011,el-hierro,island,PEDIATRIA_AP,Servicio Pediatría AP; edad individual no publicada,consultations,CENTRO,7424.0,consultations,OBSERVED,siap_original_service_v1,2011
https://datos.canarias.es/api/estadisticas/statistical-resources/v1.0/datasets/ISTAC/E54086A_000005/1.1.csv,1.1,0918db3dab0ede536f57176f40634e5538ecf71980d3b68649ffab36e507edda,2026-09-28T10:43:46.906341+00:00,https://www.gobiernodecanarias.org/istac/aviso_legal.html,consultations,phase6-v1,2012,lanzarote,island,PEDIATRIA_AP,Servicio Pediatría AP; edad individual no publicada,consultations,DOMICILIO,,consultations,NOT_AVAILABLE,siap_original_service_v1,2012
https://datos.canarias.es/api/estadisticas/statistical-resources/v1.0/datasets/ISTAC/E54086A_000005/1.1.csv,1.1,0918db3dab0ede536f57176f40634e5538ecf71980d3b68649ffab36e507edda,2026-09-28T10:43:46.906341+00:00,https://www.gobiernodecanarias.org/istac/aviso_legal.html,consultations,phase6-v1,2012,lanzarote,island,PEDIATRIA_AP,Servicio Pediatría AP; edad individual no publicada,consultations,TELECONSULTA,,consultations,NOT_AVAILABLE,siap_original_service_v1,2012
https://datos.canarias.es/api/estadisticas/statistical-resources/v1.0/datasets/ISTAC/E54086A_000005/1.1.csv,1.1,0918db3dab0ede536f57176f40634e5538ecf71980d3b68649ffab36e507edda,2026-09-28T10:43:46.906341+00:00,https://www.gobiernodecanarias.org/istac/aviso_legal.html,consultations,phase6-v1,2012,lanzarote,island,PEDIATRIA_AP,Servicio Pediatría AP; edad individual no publicada,consultations,_T,117938.0,consultations,OBSERVED,siap_original_service_v1,2012
https://datos.canarias.es/api/estadisticas/statistical-resources/v1.0/datasets/ISTAC/E54086A_000005/1.1.csv,1.1,0918db3dab0ede536f57176f40634e5538ecf71980d3b68649ffab36e507edda,2026-09-28T10:43:46.906341+00:00,https://www.gobiernodecanarias.org/istac/aviso_legal.html,consultations,phase6-v1,2012,lanzarote,island,PEDIATRIA_AP,Servicio Pediatría AP; edad individual no publicada,consultations,CENTRO,117938.0,consultations,OBSERVED,siap_original_service_v1,2012
https://datos.canarias.es/api/estadisticas/statistical-resources/v1.0/datasets/ISTAC/E54086A_000005/1.1.csv,1.1,0918db3dab0ede536f57176f40634e5538ecf71980d3b68649ffab36e507edda,2026-09-28T10:43:46.906341+00:00,https://www.gobiernodecanarias.org/istac/aviso_legal.html,consultations,phase6-v1,2012,fuerteventura,island,PEDIATRIA_AP,Servicio Pediatría AP; edad individual no publicada,consultations,DOMICILIO,1.0,consultations,OBSERVED,siap_original_service_v1,2012
https://datos.canarias.es/api/estadisticas/statistical-resources/v1.0/datasets/ISTAC/E54086A_000005/1.1.csv,1.1,0918db3dab0ede536f57176f40634e5538ecf71980d3b68649ffab36e507edda,2026-09-28T10:43:46.906341+00:00,https://www.gobiernodecanarias.org/istac/aviso_legal.html,consultations,phase6-v1,2012,fuerteventura,island,PEDIATRIA_AP,Servicio Pediatría AP; edad individual no publicada,consultations,TELECONSULTA,,consultations,NOT_AVAILABLE,siap_original_service_v1,2012
https://datos.canarias.es/api/estadisticas/statistical-resources/v1.0/datasets/ISTAC/E54086A_000005/1.1.csv,1.1,0918db3dab0ede536f57176f40634e5538ecf71980d3b68649ffab36e507edda,2026-09-28T10:43:46.906341+00:00,https://www.gobiernodecanarias.org/istac/aviso_legal.html,consultations,phase6-v1,2012,fuerteventura,island,PEDIATRIA_AP,Servicio Pediatría AP; edad individual no publicada,consultations,_T,68667.0,consultations,OBSERVED,siap_original_service_v1,2012
https://datos.canarias.es/api/estadisticas/statistical-resources/v1.0/datasets/ISTAC/E54086A_000005/1.1.csv,1.1,0918db3dab0ede536f57176f40634e5538ecf71980d3b68649ffab36e507edda,2026-09-28T10:43:46.906341+00:00,https://www.gobiernodecanarias.org/istac/aviso_legal.html,consultations,phase6-v1,2012,fuerteventura,island,PEDIATRIA_AP,Servicio Pediatría AP; edad individual no publicada,consultations,CENTRO,68666.0,consultations,OBSERVED,siap_original_service_v1,2012
https://datos.canarias.es/api/estadisticas/statistical-resources/v1.0/datasets/ISTAC/E54086A_000005/1.1.csv,1.1,0918db3dab0ede536f57176f40634e5538ecf71980d3b68649ffab36e507edda,2026-09-28T10:43:46.906341+00:00,https://www.gobiernodecanarias.org/istac/aviso_legal.html,consultations,phase6-v1,2012,gran-canaria,island,PEDIATRIA_AP,Servicio Pediatría AP; edad individual no publicada,consultations,DOMICILIO,22.0,consultations,OBSERVED,siap_original_service_v1,2012
https://datos.canarias.es/api/estadisticas/statistical-resources/v1.0/datasets/ISTAC/E54086A_000005/1.1.csv,1.1,0918db3dab0ede536f57176f40634e5538ecf71980d3b68649ffab36e507edda,2026-09-28T10:43:46.906341+00:00,https://www.gobiernodecanarias.org/istac/aviso_legal.html,consultations,phase6-v1,2012,gran-canaria,island,PEDIATRIA_AP,Servicio Pediatría AP; edad individual no publicada,consultations,TELECONSULTA,,consultations,NOT_AVAILABLE,siap_original_service_v1,2012
https://datos.canarias.es/api/estadisticas/statistical-resources/v1.0/datasets/ISTAC/E54086A_000005/1.1.csv,1.1,0918db3dab0ede536f57176f40634e5538ecf71980d3b68649ffab36e507edda,2026-09-28T10:43:46.906341+00:00,https://www.gobiernodecanarias.org/istac/aviso_legal.html,consultations,phase6-v1,2012,gran-canaria,island,PEDIATRIA_AP,Servicio Pediatría AP; edad individual no publicada,consultations,_T,576579.0,consultations,OBSERVED,siap_original_service_v1,2012
https://datos.canarias.es/api/estadisticas/statistical-resources/v1.0/datasets/ISTAC/E54086A_000005/1.1.csv,1.1,0918db3dab0ede536f57176f40634e5538ecf71980d3b68649ffab36e507edda,2026-09-28T10:43:46.906341+00:00,https://www.gobiernodecanarias.org/istac/aviso_legal.html,consultations,phase6-v1,2012,gran-canaria,island,PEDIATRIA_AP,Servicio Pediatría AP; edad individual no publicada,consultations,CENTRO,576557.0,consultations,OBSERVED,siap_original_service_v1,2012
https://datos.canarias.es/api/estadisticas/statistical-resources/v1.0/datasets/ISTAC/E54086A_000005/1.1.csv,1.1,0918db3dab0ede536f57176f40634e5538ecf71980d3b68649ffab36e507edda,2026-09-28T10:43:46.906341+00:00,https://www.gobiernodecanarias.org/istac/aviso_legal.html,consultations,phase6-v1,2012,tenerife,island,PEDIATRIA_AP,Servicio Pediatría AP; edad individual no publicada,consultations,DOMICILIO,56.0,consultations,OBSERVED,siap_original_service_v1,2012
https://datos.canarias.es/api/estadisticas/statistical-resources/v1.0/datasets/ISTAC/E54086A_000005/1.1.csv,1.1,0918db3dab0ede536f57176f40634e5538ecf71980d3b68649ffab36e507edda,2026-09-28T10:43:46.906341+00:00,https://www.gobiernodecanarias.org/istac/aviso_legal.html,consultations,phase6-v1,2012,tenerife,island,PEDIATRIA_AP,Servicio Pediatría AP; edad individual no publicada,consultations,TELECONSULTA,,consultations,NOT_AVAILABLE,siap_original_service_v1,2012
https://datos.canarias.es/api/estadisticas/statistical-resources/v1.0/datasets/ISTAC/E54086A_000005/1.1.csv,1.1,0918db3dab0ede536f57176f40634e5538ecf71980d3b68649ffab36e507edda,2026-09-28T10:43:46.906341+00:00,https://www.gobiernodecanarias.org/istac/aviso_legal.html,consultations,phase6-v1,2012,tenerife,island,PEDIATRIA_AP,Servicio Pediatría AP; edad individual no publicada,consultations,_T,699459.0,consultations,OBSERVED,siap_original_service_v1,2012
https://datos.canarias.es/api/estadisticas/statistical-resources/v1.0/datasets/ISTAC/E54086A_000005/1.1.csv,1.1,0918db3dab0ede536f57176f40634e5538ecf71980d3b68649ffab36e507edda,2026-09-28T10:43:46.906341+00:00,https://www.gobiernodecanarias.org/istac/aviso_legal.html,consultations,phase6-v1,2012,tenerife,island,PEDIATRIA_AP,Servicio Pediatría AP; edad individual no publicada,consultations,CENTRO,699403.0,consultations,OBSERVED,siap_original_service_v1,2012
https://datos.canarias.es/api/estadisticas/statistical-resources/v1.0/datasets/ISTAC/E54086A_000005/1.1.csv,1.1,0918db3dab0ede536f57176f40634e5538ecf71980d3b68649ffab36e507edda,2026-09-28T10:43:46.906341+00:00,https://www.gobiernodecanarias.org/istac/aviso_legal.html,consultations,phase6-v1,2012,la-gomera,island,PEDIATRIA_AP,Servicio Pediatría AP; edad individual no publicada,consultations,DOMICILIO,,consultations,NOT_AVAILABLE,siap_original_service_v1,2012
https://datos.canarias.es/api/estadisticas/statistical-resources/v1.0/datasets/ISTAC/E54086A_000005/1.1.csv,1.1,0918db3dab0ede536f57176f40634e5538ecf71980d3b68649ffab36e507edda,2026-09-28T10:43:46.906341+00:00,https://www.gobiernodecanarias.org/istac/aviso_legal.html,consultations,phase6-v1,2012,la-gomera,island,PEDIATRIA_AP,Servicio Pediatría AP; edad individual no publicada,consultations,TELECONSULTA,,consultations,NOT_AVAILABLE,siap_original_service_v1,2012
https://datos.canarias.es/api/estadisticas/statistical-resources/v1.0/datasets/ISTAC/E54086A_000005/1.1.csv,1.1,0918db3dab0ede536f57176f40634e5538ecf71980d3b68649ffab36e507edda,2026-09-28T10:43:46.906341+00:00,https://www.gobiernodecanarias.org/istac/aviso_legal.html,consultations,phase6-v1,2012,la-gomera,island,PEDIATRIA_AP,Servicio Pediatría AP; edad individual no publicada,consultations,_T,5599.0,consultations,OBSERVED,siap_original_service_v1,2012
https://datos.canarias.es/api/estadisticas/statistical-resources/v1.0/datasets/ISTAC/E54086A_000005/1.1.csv,1.1,0918db3dab0ede536f57176f40634e5538ecf71980d3b68649ffab36e507edda,2026-09-28T10:43:46.906341+00:00,https://www.gobiernodecanarias.org/istac/aviso_legal.html,consultations,phase6-v1,2012,la-gomera,island,PEDIATRIA_AP,Servicio Pediatría AP; edad individual no publicada,consultations,CENTRO,5599.0,consultations,OBSERVED,siap_original_service_v1,2012
https://datos.canarias.es/api/estadisticas/statistical-resources/v1.0/datasets/ISTAC/E54086A_000005/1.1.csv,1.1,0918db3dab0ede536f57176f40634e5538ecf71980d3b68649ffab36e507edda,2026-09-28T10:43:46.906341+00:00,https://www.gobiernodecanarias.org/istac/aviso_legal.html,consultations,phase6-v1,2012,la-palma,island,PEDIATRIA_AP,Servicio Pediatría AP; edad individual no publicada,consultations,DOMICILIO,2.0,consultations,OBSERVED,siap_original_service_v1,2012
https://datos.canarias.es/api/estadisticas/statistical-resources/v1.0/datasets/ISTAC/E54086A_000005/1.1.csv,1.1,0918db3dab0ede536f57176f40634e5538ecf71980d3b68649ffab36e507edda,2026-09-28T10:43:46.906341+00:00,https://www.gobiernodecanarias.org/istac/aviso_legal.html,consultations,phase6-v1,2012,la-palma,island,PEDIATRIA_AP,Servicio Pediatría AP; edad individual no publicada,consultations,TELECONSULTA,,consultations,NOT_AVAILABLE,siap_original_service_v1,2012
https://datos.canarias.es/api/estadisticas/statistical-resources/v1.0/datasets/ISTAC/E54086A_000005/1.1.csv,1.1,0918db3dab0ede536f57176f40634e5538ecf71980d3b68649ffab36e507edda,2026-09-28T10:43:46.906341+00:00,https://www.gobiernodecanarias.org/istac/aviso_legal.html,consultations,phase6-v1,2012,la-palma,island,PEDIATRIA_AP,Servicio Pediatría AP; edad individual no publicada,consultations,_T,60340.0,consultations,OBSERVED,siap_original_service_v1,2012
https://datos.canarias.es/api/estadisticas/statistical-resources/v1.0/datasets/ISTAC/E54086A_000005/1.1.csv,1.1,0918db3dab0ede536f57176f40634e5538ecf71980d3b68649ffab36e507edda,2026-09-28T10:43:46.906341+00:00,https://www.gobiernodecanarias.org/istac/aviso_legal.html,consultations,phase6-v1,2012,la-palma,island,PEDIATRIA_AP,Servicio Pediatría AP; edad individual no publicada,consultations,CENTRO,60338.0,consultations,OBSERVED,siap_original_service_v1,2012
https://datos.canarias.es/api/estadisticas/statistical-resources/v1.0/datasets/ISTAC/E54086A_000005/1.1.csv,1.1,0918db3dab0ede536f57176f40634e5538ecf71980d3b68649ffab36e507edda,2026-09-28T10:43:46.906341+00:00,https://www.gobiernodecanarias.org/istac/aviso_legal.html,consultations,phase6-v1,2012,el-hierro,island,PEDIATRIA_AP,Servicio Pediatría AP; edad individual no publicada,consultations,DOMICILIO,,consultations,NOT_AVAILABLE,siap_original_service_v1,2012
https://datos.canarias.es/api/estadisticas/statistical-resources/v1.0/datasets/ISTAC/E54086A_000005/1.1.csv,1.1,0918db3dab0ede536f57176f40634e5538ecf71980d3b68649ffab36e507edda,2026-09-28T10:43:46.906341+00:00,https://www.gobiernodecanarias.org/istac/aviso_legal.html,consultations,phase6-v1,2012,el-hierro,island,PEDIATRIA_AP,Servicio Pediatría AP; edad individual no publicada,consultations,TELECONSULTA,,consultations,NOT_AVAILABLE,siap_original_service_v1,2012
https://datos.canarias.es/api/estadisticas/statistical-resources/v1.0/datasets/ISTAC/E54086A_000005/1.1.csv,1.1,0918db3dab0ede536f57176f40634e5538ecf71980d3b68649ffab36e507edda,2026-09-28T10:43:46.906341+00:00,https://www.gobiernodecanarias.org/istac/aviso_legal.html,consultations,phase6-v1,2012,el-hierro,island,PEDIATRIA_AP,Servicio Pediatría AP; edad individual no publicada,consultations,_T,6958.0,consultations,OBSERVED,siap_original_service_v1,2012
https://datos.canarias.es/api/estadisticas/statistical-resources/v1.0/datasets/ISTAC/E54086A_000005/1.1.csv,1.1,0918db3dab0ede536f57176f40634e5538ecf71980d3b68649ffab36e507edda,2026-09-28T10:43:46.906341+00:00,https://www.gobiernodecanarias.org/istac/aviso_legal.html,consultations,phase6-v1,2012,el-hierro,island,PEDIATRIA_AP,Servicio Pediatría AP; edad individual no publicada,consultations,CENTRO,6958.0,consultations,OBSERVED,siap_original_service_v1,2012
https://datos.canarias.es/api/estadisticas/statistical-resources/v1.0/datasets/ISTAC/E54086A_000005/1.1.csv,1.1,0918db3dab0ede536f57176f40634e5538ecf71980d3b68649ffab36e507edda,2026-09-28T10:43:46.906341+00:00,https://www.gobiernodecanarias.org/istac/aviso_legal.html,consultations,phase6-v1,2013,lanzarote,island,PEDIATRIA_AP,Servicio Pediatría AP; edad individual no publicada,consultations,DOMICILIO,2.0,consultations,OBSERVED,siap_original_service_v1,2013
https://datos.canarias.es/api/estadisticas/statistical-resources/v1.0/datasets/ISTAC/E54086A_000005/1.1.csv,1.1,0918db3dab0ede536f57176f40634e5538ecf71980d3b68649ffab36e507edda,2026-09-28T10:43:46.906341+00:00,https://www.gobiernodecanarias.org/istac/aviso_legal.html,consultations,phase6-v1,2013,lanzarote,island,PEDIATRIA_AP,Servicio Pediatría AP; edad individual no publicada,consultations,TELECONSULTA,,consultations,NOT_AVAILABLE,siap_original_service_v1,2013
https://datos.canarias.es/api/estadisticas/statistical-resources/v1.0/datasets/ISTAC/E54086A_000005/1.1.csv,1.1,0918db3dab0ede536f57176f40634e5538ecf71980d3b68649ffab36e507edda,2026-09-28T10:43:46.906341+00:00,https://www.gobiernodecanarias.org/istac/aviso_legal.html,consultations,phase6-v1,2013,lanzarote,island,PEDIATRIA_AP,Servicio Pediatría AP; edad individual no publicada,consultations,_T,114783.0,consultations,OBSERVED,siap_original_service_v1,2013
https://datos.canarias.es/api/estadisticas/statistical-resources/v1.0/datasets/ISTAC/E54086A_000005/1.1.csv,1.1,0918db3dab0ede536f57176f40634e5538ecf71980d3b68649ffab36e507edda,2026-09-28T10:43:46.906341+00:00,https://www.gobiernodecanarias.org/istac/aviso_legal.html,consultations,phase6-v1,2013,lanzarote,island,PEDIATRIA_AP,Servicio Pediatría AP; edad individual no publicada,consultations,CENTRO,114781.0,consultations,OBSERVED,siap_original_service_v1,2013
https://datos.canarias.es/api/estadisticas/statistical-resources/v1.0/datasets/ISTAC/E54086A_000005/1.1.csv,1.1,0918db3dab0ede536f57176f40634e5538ecf71980d3b68649ffab36e507edda,2026-09-28T10:43:46.906341+00:00,https://www.gobiernodecanarias.org/istac/aviso_legal.html,consultations,phase6-v1,2013,fuerteventura,island,PEDIATRIA_AP,Servicio Pediatría AP; edad individual no publicada,consultations,DOMICILIO,0.0,consultations,OBSERVED,siap_original_service_v1,2013
https://datos.canarias.es/api/estadisticas/statistical-resources/v1.0/datasets/ISTAC/E54086A_000005/1.1.csv,1.1,0918db3dab0ede536f57176f40634e5538ecf71980d3b68649ffab36e507edda,2026-09-28T10:43:46.906341+00:00,https://www.gobiernodecanarias.org/istac/aviso_legal.html,consultations,phase6-v1,2013,fuerteventura,island,PEDIATRIA_AP,Servicio Pediatría AP; edad individual no publicada,consultations,TELECONSULTA,,consultations,NOT_AVAILABLE,siap_original_service_v1,2013
https://datos.canarias.es/api/estadisticas/statistical-resources/v1.0/datasets/ISTAC/E54086A_000005/1.1.csv,1.1,0918db3dab0ede536f57176f40634e5538ecf71980d3b68649ffab36e507edda,2026-09-28T10:43:46.906341+00:00,https://www.gobiernodecanarias.org/istac/aviso_legal.html,consultations,phase6-v1,2013,fuerteventura,island,PEDIATRIA_AP,Servicio Pediatría AP; edad individual no publicada,consultations,_T,68131.0,consultations,OBSERVED,siap_original_service_v1,2013
https://datos.canarias.es/api/estadisticas/statistical-resources/v1.0/datasets/ISTAC/E54086A_000005/1.1.csv,1.1,0918db3dab0ede536f57176f40634e5538ecf71980d3b68649ffab36e507edda,2026-09-28T10:43:46.906341+00:00,https://www.gobiernodecanarias.org/istac/aviso_legal.html,consultations,phase6-v1,2013,fuerteventura,island,PEDIATRIA_AP,Servicio Pediatría AP; edad individual no publicada,consultations,CENTRO,68131.0,consultations,OBSERVED,siap_original_service_v1,2013
https://datos.canarias.es/api/estadisticas/statistical-resources/v1.0/datasets/ISTAC/E54086A_000005/1.1.csv,1.1,0918db3dab0ede536f57176f40634e5538ecf71980d3b68649ffab36e507edda,2026-09-28T10:43:46.906341+00:00,https://www.gobiernodecanarias.org/istac/aviso_legal.html,consultations,phase6-v1,2013,gran-canaria,island,PEDIATRIA_AP,Servicio Pediatría AP; edad individual no publicada,consultations,DOMICILIO,20.0,consultations,OBSERVED,siap_original_service_v1,2013
https://datos.canarias.es/api/estadisticas/statistical-resources/v1.0/datasets/ISTAC/E54086A_000005/1.1.csv,1.1,0918db3dab0ede536f57176f40634e5538ecf71980d3b68649ffab36e507edda,2026-09-28T10:43:46.906341+00:00,https://www.gobiernodecanarias.org/istac/aviso_legal.html,consultations,phase6-v1,2013,gran-canaria,island,PEDIATRIA_AP,Servicio Pediatría AP; edad individual no publicada,consultations,TELECONSULTA,,consultations,NOT_AVAILABLE,siap_original_service_v1,2013
https://datos.canarias.es/api/estadisticas/statistical-resources/v1.0/datasets/ISTAC/E54086A_000005/1.1.csv,1.1,0918db3dab0ede536f57176f40634e5538ecf71980d3b68649ffab36e507edda,2026-09-28T10:43:46.906341+00:00,https://www.gobiernodecanarias.org/istac/aviso_legal.html,consultations,phase6-v1,2013,gran-canaria,island,PEDIATRIA_AP,Servicio Pediatría AP; edad individual no publicada,consultations,_T,559986.0,consultations,OBSERVED,siap_original_service_v1,2013
https://datos.canarias.es/api/estadisticas/statistical-resources/v1.0/datasets/ISTAC/E54086A_000005/1.1.csv,1.1,0918db3dab0ede536f57176f40634e5538ecf71980d3b68649ffab36e507edda,2026-09-28T10:43:46.906341+00:00,https://www.gobiernodecanarias.org/istac/aviso_legal.html,consultations,phase6-v1,2013,gran-canaria,island,PEDIATRIA_AP,Servicio Pediatría AP; edad individual no publicada,consultations,CENTRO,559966.0,consultations,OBSERVED,siap_original_service_v1,2013
https://datos.canarias.es/api/estadisticas/statistical-resources/v1.0/datasets/ISTAC/E54086A_000005/1.1.csv,1.1,0918db3dab0ede536f57176f40634e5538ecf71980d3b68649ffab36e507edda,2026-09-28T10:43:46.906341+00:00,https://www.gobiernodecanarias.org/istac/aviso_legal.html,consultations,phase6-v1,2013,tenerife,island,PEDIATRIA_AP,Servicio Pediatría AP; edad individual no publicada,consultations,DOMICILIO,75.0,consultations,OBSERVED,siap_original_service_v1,2013
https://datos.canarias.es/api/estadisticas/statistical-resources/v1.0/datasets/ISTAC/E54086A_000005/1.1.csv,1.1,0918db3dab0ede536f57176f40634e5538ecf71980d3b68649ffab36e507edda,2026-09-28T10:43:46.906341+00:00,https://www.gobiernodecanarias.org/istac/aviso_legal.html,consultations,phase6-v1,2013,tenerife,island,PEDIATRIA_AP,Servicio Pediatría AP; edad individual no publicada,consultations,TELECONSULTA,,consultations,NOT_AVAILABLE,siap_original_service_v1,2013
https://datos.canarias.es/api/estadisticas/statistical-resources/v1.0/datasets/ISTAC/E54086A_000005/1.1.csv,1.1,0918db3dab0ede536f57176f40634e5538ecf71980d3b68649ffab36e507edda,2026-09-28T10:43:46.906341+00:00,https://www.gobiernodecanarias.org/istac/aviso_legal.html,consultations,phase6-v1,2013,tenerife,island,PEDIATRIA_AP,Servicio Pediatría AP; edad individual no publicada,consultations,_T,676909.0,consultations,OBSERVED,siap_original_service_v1,2013
https://datos.canarias.es/api/estadisticas/statistical-resources/v1.0/datasets/ISTAC/E54086A_000005/1.1.csv,1.1,0918db3dab0ede536f57176f40634e5538ecf71980d3b68649ffab36e507edda,2026-09-28T10:43:46.906341+00:00,https://www.gobiernodecanarias.org/istac/aviso_legal.html,consultations,phase6-v1,2013,tenerife,island,PEDIATRIA_AP,Servicio Pediatría AP; edad individual no publicada,consultations,CENTRO,676834.0,consultations,OBSERVED,siap_original_service_v1,2013
https://datos.canarias.es/api/estadisticas/statistical-resources/v1.0/datasets/ISTAC/E54086A_000005/1.1.csv,1.1,0918db3dab0ede536f57176f40634e5538ecf71980d3b68649ffab36e507edda,2026-09-28T10:43:46.906341+00:00,https://www.gobiernodecanarias.org/istac/aviso_legal.html,consultations,phase6-v1,2013,la-gomera,island,PEDIATRIA_AP,Servicio Pediatría AP; edad individual no publicada,consultations,DOMICILIO,0.0,consultations,OBSERVED,siap_original_service_v1,2013
https://datos.canarias.es/api/estadisticas/statistical-resources/v1.0/datasets/ISTAC/E54086A_000005/1.1.csv,1.1,0918db3dab0ede536f57176f40634e5538ecf71980d3b68649ffab36e507edda,2026-09-28T10:43:46.906341+00:00,https://www.gobiernodecanarias.org/istac/aviso_legal.html,consultations,phase6-v1,2013,la-gomera,island,PEDIATRIA_AP,Servicio Pediatría AP; edad individual no publicada,consultations,TELECONSULTA,,consultations,NOT_AVAILABLE,siap_original_service_v1,2013
https://datos.canarias.es/api/estadisticas/statistical-resources/v1.0/datasets/ISTAC/E54086A_000005/1.1.csv,1.1,0918db3dab0ede536f57176f40634e5538ecf71980d3b68649ffab36e507edda,2026-09-28T10:43:46.906341+00:00,https://www.gobiernodecanarias.org/istac/aviso_legal.html,consultations,phase6-v1,2013,la-gomera,island,PEDIATRIA_AP,Servicio Pediatría AP; edad individual no publicada,consultations,_T,5561.0,consultations,OBSERVED,siap_original_service_v1,2013
https://datos.canarias.es/api/estadisticas/statistical-resources/v1.0/datasets/ISTAC/E54086A_000005/1.1.csv,1.1,0918db3dab0ede536f57176f40634e5538ecf71980d3b68649ffab36e507edda,2026-09-28T10:43:46.906341+00:00,https://www.gobiernodecanarias.org/istac/aviso_legal.html,consultations,phase6-v1,2013,la-gomera,island,PEDIATRIA_AP,Servicio Pediatría AP; edad individual no publicada,consultations,CENTRO,5561.0,consultations,OBSERVED,siap_original_service_v1,2013
https://datos.canarias.es/api/estadisticas/statistical-resources/v1.0/datasets/ISTAC/E54086A_000005/1.1.csv,1.1,0918db3dab0ede536f57176f40634e5538ecf71980d3b68649ffab36e507edda,2026-09-28T10:43:46.906341+00:00,https://www.gobiernodecanarias.org/istac/aviso_legal.html,consultations,phase6-v1,2013,la-palma,island,PEDIATRIA_AP,Servicio Pediatría AP; edad individual no publicada,consultations,DOMICILIO,0.0,consultations,OBSERVED,siap_original_service_v1,2013
https://datos.canarias.es/api/estadisticas/statistical-resources/v1.0/datasets/ISTAC/E54086A_000005/1.1.csv,1.1,0918db3dab0ede536f57176f40634e5538ecf71980d3b68649ffab36e507edda,2026-09-28T10:43:46.906341+00:00,https://www.gobiernodecanarias.org/istac/aviso_legal.html,consultations,phase6-v1,2013,la-palma,island,PEDIATRIA_AP,Servicio Pediatría AP; edad individual no publicada,consultations,TELECONSULTA,,consultations,NOT_AVAILABLE,siap_original_service_v1,2013
https://datos.canarias.es/api/estadisticas/statistical-resources/v1.0/datasets/ISTAC/E54086A_000005/1.1.csv,1.1,0918db3dab0ede536f57176f40634e5538ecf71980d3b68649ffab36e507edda,2026-09-28T10:43:46.906341+00:00,https://www.gobiernodecanarias.org/istac/aviso_legal.html,consultations,phase6-v1,2013,la-palma,island,PEDIATRIA_AP,Servicio Pediatría AP; edad individual no publicada,consultations,_T,59836.0,consultations,OBSERVED,siap_original_service_v1,2013
https://datos.canarias.es/api/estadisticas/statistical-resources/v1.0/datasets/ISTAC/E54086A_000005/1.1.csv,1.1,0918db3dab0ede536f57176f40634e5538ecf71980d3b68649ffab36e507edda,2026-09-28T10:43:46.906341+00:00,https://www.gobiernodecanarias.org/istac/aviso_legal.html,consultations,phase6-v1,2013,la-palma,island,PEDIATRIA_AP,Servicio Pediatría AP; edad individual no publicada,consultations,CENTRO,59836.0,consultations,OBSERVED,siap_original_service_v1,2013
https://datos.canarias.es/api/estadisticas/statistical-resources/v1.0/datasets/ISTAC/E54086A_000005/1.1.csv,1.1,0918db3dab0ede536f57176f40634e5538ecf71980d3b68649ffab36e507edda,2026-09-28T10:43:46.906341+00:00,https://www.gobiernodecanarias.org/istac/aviso_legal.html,consultations,phase6-v1,2013,el-hierro,island,PEDIATRIA_AP,Servicio Pediatría AP; edad individual no publicada,consultations,DOMICILIO,0.0,consultations,OBSERVED,siap_original_service_v1,2013
https://datos.canarias.es/api/estadisticas/statistical-resources/v1.0/datasets/ISTAC/E54086A_000005/1.1.csv,1.1,0918db3dab0ede536f57176f40634e5538ecf71980d3b68649ffab36e507edda,2026-09-28T10:43:46.906341+00:00,https://www.gobiernodecanarias.org/istac/aviso_legal.html,consultations,phase6-v1,2013,el-hierro,island,PEDIATRIA_AP,Servicio Pediatría AP; edad individual no publicada,consultations,TELECONSULTA,,consultations,NOT_AVAILABLE,siap_original_service_v1,2013
https://datos.canarias.es/api/estadisticas/statistical-resources/v1.0/datasets/ISTAC/E54086A_000005/1.1.csv,1.1,0918db3dab0ede536f57176f40634e5538ecf71980d3b68649ffab36e507edda,2026-09-28T10:43:46.906341+00:00,https://www.gobiernodecanarias.org/istac/aviso_legal.html,consultations,phase6-v1,2013,el-hierro,island,PEDIATRIA_AP,Servicio Pediatría AP; edad individual no publicada,consultations,_T,6481.0,consultations,OBSERVED,siap_original_service_v1,2013
https://datos.canarias.es/api/estadisticas/statistical-resources/v1.0/datasets/ISTAC/E54086A_000005/1.1.csv,1.1,0918db3dab0ede536f57176f40634e5538ecf71980d3b68649ffab36e507edda,2026-09-28T10:43:46.906341+00:00,https://www.gobiernodecanarias.org/istac/aviso_legal.html,consultations,phase6-v1,2013,el-hierro,island,PEDIATRIA_AP,Servicio Pediatría AP; edad individual no publicada,consultations,CENTRO,6481.0,consultations,OBSERVED,siap_original_service_v1,2013
https://datos.canarias.es/api/estadisticas/statistical-resources/v1.0/datasets/ISTAC/E54086A_000005/1.1.csv,1.1,0918db3dab0ede536f57176f40634e5538ecf71980d3b68649ffab36e507edda,2026-09-28T10:43:46.906341+00:00,https://www.gobiernodecanarias.org/istac/aviso_legal.html,consultations,phase6-v1,2014,lanzarote,island,PEDIATRIA_AP,Servicio Pediatría AP; edad individual no publicada,consultations,DOMICILIO,0.0,consultations,OBSERVED,siap_original_service_v1,2014
https://datos.canarias.es/api/estadisticas/statistical-resources/v1.0/datasets/ISTAC/E54086A_000005/1.1.csv,1.1,0918db3dab0ede536f57176f40634e5538ecf71980d3b68649ffab36e507edda,2026-09-28T10:43:46.906341+00:00,https://www.gobiernodecanarias.org/istac/aviso_legal.html,consultations,phase6-v1,2014,lanzarote,island,PEDIATRIA_AP,Servicio Pediatría AP; edad individual no publicada,consultations,TELECONSULTA,,consultations,NOT_AVAILABLE,siap_original_service_v1,2014
https://datos.canarias.es/api/estadisticas/statistical-resources/v1.0/datasets/ISTAC/E54086A_000005/1.1.csv,1.1,0918db3dab0ede536f57176f40634e5538ecf71980d3b68649ffab36e507edda,2026-09-28T10:43:46.906341+00:00,https://www.gobiernodecanarias.org/istac/aviso_legal.html,consultations,phase6-v1,2014,lanzarote,island,PEDIATRIA_AP,Servicio Pediatría AP; edad individual no publicada,consultations,_T,117444.0,consultations,OBSERVED,siap_original_service_v1,2014
https://datos.canarias.es/api/estadisticas/statistical-resources/v1.0/datasets/ISTAC/E54086A_000005/1.1.csv,1.1,0918db3dab0ede536f57176f40634e5538ecf71980d3b68649ffab36e507edda,2026-09-28T10:43:46.906341+00:00,https://www.gobiernodecanarias.org/istac/aviso_legal.html,consultations,phase6-v1,2014,lanzarote,island,PEDIATRIA_AP,Servicio Pediatría AP; edad individual no publicada,consultations,CENTRO,117444.0,consultations,OBSERVED,siap_original_service_v1,2014
https://datos.canarias.es/api/estadisticas/statistical-resources/v1.0/datasets/ISTAC/E54086A_000005/1.1.csv,1.1,0918db3dab0ede536f57176f40634e5538ecf71980d3b68649ffab36e507edda,2026-09-28T10:43:46.906341+00:00,https://www.gobiernodecanarias.org/istac/aviso_legal.html,consultations,phase6-v1,2014,fuerteventura,island,PEDIATRIA_AP,Servicio Pediatría AP; edad individual no publicada,consultations,DOMICILIO,1.0,consultations,OBSERVED,siap_original_service_v1,2014
https://datos.canarias.es/api/estadisticas/statistical-resources/v1.0/datasets/ISTAC/E54086A_000005/1.1.csv,1.1,0918db3dab0ede536f57176f40634e5538ecf71980d3b68649ffab36e507edda,2026-09-28T10:43:46.906341+00:00,https://www.gobiernodecanarias.org/istac/aviso_legal.html,consultations,phase6-v1,2014,fuerteventura,island,PEDIATRIA_AP,Servicio Pediatría AP; edad individual no publicada,consultations,TELECONSULTA,,consultations,NOT_AVAILABLE,siap_original_service_v1,2014
https://datos.canarias.es/api/estadisticas/statistical-resources/v1.0/datasets/ISTAC/E54086A_000005/1.1.csv,1.1,0918db3dab0ede536f57176f40634e5538ecf71980d3b68649ffab36e507edda,2026-09-28T10:43:46.906341+00:00,https://www.gobiernodecanarias.org/istac/aviso_legal.html,consultations,phase6-v1,2014,fuerteventura,island,PEDIATRIA_AP,Servicio Pediatría AP; edad individual no publicada,consultations,_T,66242.0,consultations,OBSERVED,siap_original_service_v1,2014
https://datos.canarias.es/api/estadisticas/statistical-resources/v1.0/datasets/ISTAC/E54086A_000005/1.1.csv,1.1,0918db3dab0ede536f57176f40634e5538ecf71980d3b68649ffab36e507edda,2026-09-28T10:43:46.906341+00:00,https://www.gobiernodecanarias.org/istac/aviso_legal.html,consultations,phase6-v1,2014,fuerteventura,island,PEDIATRIA_AP,Servicio Pediatría AP; edad individual no publicada,consultations,CENTRO,66241.0,consultations,OBSERVED,siap_original_service_v1,2014
https://datos.canarias.es/api/estadisticas/statistical-resources/v1.0/datasets/ISTAC/E54086A_000005/1.1.csv,1.1,0918db3dab0ede536f57176f40634e5538ecf71980d3b68649ffab36e507edda,2026-09-28T10:43:46.906341+00:00,https://www.gobiernodecanarias.org/istac/aviso_legal.html,consultations,phase6-v1,2014,gran-canaria,island,PEDIATRIA_AP,Servicio Pediatría AP; edad individual no publicada,consultations,DOMICILIO,6.0,consultations,OBSERVED,siap_original_service_v1,2014
https://datos.canarias.es/api/estadisticas/statistical-resources/v1.0/datasets/ISTAC/E54086A_000005/1.1.csv,1.1,0918db3dab0ede536f57176f40634e5538ecf71980d3b68649ffab36e507edda,2026-09-28T10:43:46.906341+00:00,https://www.gobiernodecanarias.org/istac/aviso_legal.html,consultations,phase6-v1,2014,gran-canaria,island,PEDIATRIA_AP,Servicio Pediatría AP; edad individual no publicada,consultations,TELECONSULTA,,consultations,NOT_AVAILABLE,siap_original_service_v1,2014
https://datos.canarias.es/api/estadisticas/statistical-resources/v1.0/datasets/ISTAC/E54086A_000005/1.1.csv,1.1,0918db3dab0ede536f57176f40634e5538ecf71980d3b68649ffab36e507edda,2026-09-28T10:43:46.906341+00:00,https://www.gobiernodecanarias.org/istac/aviso_legal.html,consultations,phase6-v1,2014,gran-canaria,island,PEDIATRIA_AP,Servicio Pediatría AP; edad individual no publicada,consultations,_T,558475.0,consultations,OBSERVED,siap_original_service_v1,2014
https://datos.canarias.es/api/estadisticas/statistical-resources/v1.0/datasets/ISTAC/E54086A_000005/1.1.csv,1.1,0918db3dab0ede536f57176f40634e5538ecf71980d3b68649ffab36e507edda,2026-09-28T10:43:46.906341+00:00,https://www.gobiernodecanarias.org/istac/aviso_legal.html,consultations,phase6-v1,2014,gran-canaria,island,PEDIATRIA_AP,Servicio Pediatría AP; edad individual no publicada,consultations,CENTRO,558469.0,consultations,OBSERVED,siap_original_service_v1,2014
https://datos.canarias.es/api/estadisticas/statistical-resources/v1.0/datasets/ISTAC/E54086A_000005/1.1.csv,1.1,0918db3dab0ede536f57176f40634e5538ecf71980d3b68649ffab36e507edda,2026-09-28T10:43:46.906341+00:00,https://www.gobiernodecanarias.org/istac/aviso_legal.html,consultations,phase6-v1,2014,tenerife,island,PEDIATRIA_AP,Servicio Pediatría AP; edad individual no publicada,consultations,DOMICILIO,49.0,consultations,OBSERVED,siap_original_service_v1,2014
https://datos.canarias.es/api/estadisticas/statistical-resources/v1.0/datasets/ISTAC/E54086A_000005/1.1.csv,1.1,0918db3dab0ede536f57176f40634e5538ecf71980d3b68649ffab36e507edda,2026-09-28T10:43:46.906341+00:00,https://www.gobiernodecanarias.org/istac/aviso_legal.html,consultations,phase6-v1,2014,tenerife,island,PEDIATRIA_AP,Servicio Pediatría AP; edad individual no publicada,consultations,TELECONSULTA,,consultations,NOT_AVAILABLE,siap_original_service_v1,2014
https://datos.canarias.es/api/estadisticas/statistical-resources/v1.0/datasets/ISTAC/E54086A_000005/1.1.csv,1.1,0918db3dab0ede536f57176f40634e5538ecf71980d3b68649ffab36e507edda,2026-09-28T10:43:46.906341+00:00,https://www.gobiernodecanarias.org/istac/aviso_legal.html,consultations,phase6-v1,2014,tenerife,island,PEDIATRIA_AP,Servicio Pediatría AP; edad individual no publicada,consultations,_T,675416.0,consultations,OBSERVED,siap_original_service_v1,2014
https://datos.canarias.es/api/estadisticas/statistical-resources/v1.0/datasets/ISTAC/E54086A_000005/1.1.csv,1.1,0918db3dab0ede536f57176f40634e5538ecf71980d3b68649ffab36e507edda,2026-09-28T10:43:46.906341+00:00,https://www.gobiernodecanarias.org/istac/aviso_legal.html,consultations,phase6-v1,2014,tenerife,island,PEDIATRIA_AP,Servicio Pediatría AP; edad individual no publicada,consultations,CENTRO,675367.0,consultations,OBSERVED,siap_original_service_v1,2014
https://datos.canarias.es/api/estadisticas/statistical-resources/v1.0/datasets/ISTAC/E54086A_000005/1.1.csv,1.1,0918db3dab0ede536f57176f40634e5538ecf71980d3b68649ffab36e507edda,2026-09-28T10:43:46.906341+00:00,https://www.gobiernodecanarias.org/istac/aviso_legal.html,consultations,phase6-v1,2014,la-gomera,island,PEDIATRIA_AP,Servicio Pediatría AP; edad individual no publicada,consultations,DOMICILIO,0.0,consultations,OBSERVED,siap_original_service_v1,2014
https://datos.canarias.es/api/estadisticas/statistical-resources/v1.0/datasets/ISTAC/E54086A_000005/1.1.csv,1.1,0918db3dab0ede536f57176f40634e5538ecf71980d3b68649ffab36e507edda,2026-09-28T10:43:46.906341+00:00,https://www.gobiernodecanarias.org/istac/aviso_legal.html,consultations,phase6-v1,2014,la-gomera,island,PEDIATRIA_AP,Servicio Pediatría AP; edad individual no publicada,consultations,TELECONSULTA,,consultations,NOT_AVAILABLE,siap_original_service_v1,2014
https://datos.canarias.es/api/estadisticas/statistical-resources/v1.0/datasets/ISTAC/E54086A_000005/1.1.csv,1.1,0918db3dab0ede536f57176f40634e5538ecf71980d3b68649ffab36e507edda,2026-09-28T10:43:46.906341+00:00,https://www.gobiernodecanarias.org/istac/aviso_legal.html,consultations,phase6-v1,2014,la-gomera,island,PEDIATRIA_AP,Servicio Pediatría AP; edad individual no publicada,consultations,_T,5531.0,consultations,OBSERVED,siap_original_service_v1,2014
https://datos.canarias.es/api/estadisticas/statistical-resources/v1.0/datasets/ISTAC/E54086A_000005/1.1.csv,1.1,0918db3dab0ede536f57176f40634e5538ecf71980d3b68649ffab36e507edda,2026-09-28T10:43:46.906341+00:00,https://www.gobiernodecanarias.org/istac/aviso_legal.html,consultations,phase6-v1,2014,la-gomera,island,PEDIATRIA_AP,Servicio Pediatría AP; edad individual no publicada,consultations,CENTRO,5531.0,consultations,OBSERVED,siap_original_service_v1,2014
https://datos.canarias.es/api/estadisticas/statistical-resources/v1.0/datasets/ISTAC/E54086A_000005/1.1.csv,1.1,0918db3dab0ede536f57176f40634e5538ecf71980d3b68649ffab36e507edda,2026-09-28T10:43:46.906341+00:00,https://www.gobiernodecanarias.org/istac/aviso_legal.html,consultations,phase6-v1,2014,la-palma,island,PEDIATRIA_AP,Servicio Pediatría AP; edad individual no publicada,consultations,DOMICILIO,0.0,consultations,OBSERVED,siap_original_service_v1,2014
https://datos.canarias.es/api/estadisticas/statistical-resources/v1.0/datasets/ISTAC/E54086A_000005/1.1.csv,1.1,0918db3dab0ede536f57176f40634e5538ecf71980d3b68649ffab36e507edda,2026-09-28T10:43:46.906341+00:00,https://www.gobiernodecanarias.org/istac/aviso_legal.html,consultations,phase6-v1,2014,la-palma,island,PEDIATRIA_AP,Servicio Pediatría AP; edad individual no publicada,consultations,TELECONSULTA,,consultations,NOT_AVAILABLE,siap_original_service_v1,2014
https://datos.canarias.es/api/estadisticas/statistical-resources/v1.0/datasets/ISTAC/E54086A_000005/1.1.csv,1.1,0918db3dab0ede536f57176f40634e5538ecf71980d3b68649ffab36e507edda,2026-09-28T10:43:46.906341+00:00,https://www.gobiernodecanarias.org/istac/aviso_legal.html,consultations,phase6-v1,2014,la-palma,island,PEDIATRIA_AP,Servicio Pediatría AP; edad individual no publicada,consultations,_T,55705.0,consultations,OBSERVED,siap_original_service_v1,2014
https://datos.canarias.es/api/estadisticas/statistical-resources/v1.0/datasets/ISTAC/E54086A_000005/1.1.csv,1.1,0918db3dab0ede536f57176f40634e5538ecf71980d3b68649ffab36e507edda,2026-09-28T10:43:46.906341+00:00,https://www.gobiernodecanarias.org/istac/aviso_legal.html,consultations,phase6-v1,2014,la-palma,island,PEDIATRIA_AP,Servicio Pediatría AP; edad individual no publicada,consultations,CENTRO,55705.0,consultations,OBSERVED,siap_original_service_v1,2014
https://datos.canarias.es/api/estadisticas/statistical-resources/v1.0/datasets/ISTAC/E54086A_000005/1.1.csv,1.1,0918db3dab0ede536f57176f40634e5538ecf71980d3b68649ffab36e507edda,2026-09-28T10:43:46.906341+00:00,https://www.gobiernodecanarias.org/istac/aviso_legal.html,consultations,phase6-v1,2014,el-hierro,island,PEDIATRIA_AP,Servicio Pediatría AP; edad individual no publicada,consultations,DOMICILIO,0.0,consultations,OBSERVED,siap_original_service_v1,2014
https://datos.canarias.es/api/estadisticas/statistical-resources/v1.0/datasets/ISTAC/E54086A_000005/1.1.csv,1.1,0918db3dab0ede536f57176f40634e5538ecf71980d3b68649ffab36e507edda,2026-09-28T10:43:46.906341+00:00,https://www.gobiernodecanarias.org/istac/aviso_legal.html,consultations,phase6-v1,2014,el-hierro,island,PEDIATRIA_AP,Servicio Pediatría AP; edad individual no publicada,consultations,TELECONSULTA,,consultations,NOT_AVAILABLE,siap_original_service_v1,2014
https://datos.canarias.es/api/estadisticas/statistical-resources/v1.0/datasets/ISTAC/E54086A_000005/1.1.csv,1.1,0918db3dab0ede536f57176f40634e5538ecf71980d3b68649ffab36e507edda,2026-09-28T10:43:46.906341+00:00,https://www.gobiernodecanarias.org/istac/aviso_legal.html,consultations,phase6-v1,2014,el-hierro,island,PEDIATRIA_AP,Servicio Pediatría AP; edad individual no publicada,consultations,_T,6629.0,consultations,OBSERVED,siap_original_service_v1,2014
https://datos.canarias.es/api/estadisticas/statistical-resources/v1.0/datasets/ISTAC/E54086A_000005/1.1.csv,1.1,0918db3dab0ede536f57176f40634e5538ecf71980d3b68649ffab36e507edda,2026-09-28T10:43:46.906341+00:00,https://www.gobiernodecanarias.org/istac/aviso_legal.html,consultations,phase6-v1,2014,el-hierro,island,PEDIATRIA_AP,Servicio Pediatría AP; edad individual no publicada,consultations,CENTRO,6629.0,consultations,OBSERVED,siap_original_service_v1,2014
https://datos.canarias.es/api/estadisticas/statistical-resources/v1.0/datasets/ISTAC/E54086A_000005/1.1.csv,1.1,0918db3dab0ede536f57176f40634e5538ecf71980d3b68649ffab36e507edda,2026-09-28T10:43:46.906341+00:00,https://www.gobiernodecanarias.org/istac/aviso_legal.html,consultations,phase6-v1,2015,lanzarote,island,PEDIATRIA_AP,Servicio Pediatría AP; edad individual no publicada,consultations,DOMICILIO,1.0,consultations,OBSERVED,siap_original_service_v1,2015
https://datos.canarias.es/api/estadisticas/statistical-resources/v1.0/datasets/ISTAC/E54086A_000005/1.1.csv,1.1,0918db3dab0ede536f57176f40634e5538ecf71980d3b68649ffab36e507edda,2026-09-28T10:43:46.906341+00:00,https://www.gobiernodecanarias.org/istac/aviso_legal.html,consultations,phase6-v1,2015,lanzarote,island,PEDIATRIA_AP,Servicio Pediatría AP; edad individual no publicada,consultations,TELECONSULTA,,consultations,NOT_AVAILABLE,siap_original_service_v1,2015
https://datos.canarias.es/api/estadisticas/statistical-resources/v1.0/datasets/ISTAC/E54086A_000005/1.1.csv,1.1,0918db3dab0ede536f57176f40634e5538ecf71980d3b68649ffab36e507edda,2026-09-28T10:43:46.906341+00:00,https://www.gobiernodecanarias.org/istac/aviso_legal.html,consultations,phase6-v1,2015,lanzarote,island,PEDIATRIA_AP,Servicio Pediatría AP; edad individual no publicada,consultations,_T,120365.0,consultations,OBSERVED,siap_original_service_v1,2015
https://datos.canarias.es/api/estadisticas/statistical-resources/v1.0/datasets/ISTAC/E54086A_000005/1.1.csv,1.1,0918db3dab0ede536f57176f40634e5538ecf71980d3b68649ffab36e507edda,2026-09-28T10:43:46.906341+00:00,https://www.gobiernodecanarias.org/istac/aviso_legal.html,consultations,phase6-v1,2015,lanzarote,island,PEDIATRIA_AP,Servicio Pediatría AP; edad individual no publicada,consultations,CENTRO,120364.0,consultations,OBSERVED,siap_original_service_v1,2015
https://datos.canarias.es/api/estadisticas/statistical-resources/v1.0/datasets/ISTAC/E54086A_000005/1.1.csv,1.1,0918db3dab0ede536f57176f40634e5538ecf71980d3b68649ffab36e507edda,2026-09-28T10:43:46.906341+00:00,https://www.gobiernodecanarias.org/istac/aviso_legal.html,consultations,phase6-v1,2015,fuerteventura,island,PEDIATRIA_AP,Servicio Pediatría AP; edad individual no publicada,consultations,DOMICILIO,0.0,consultations,OBSERVED,siap_original_service_v1,2015
https://datos.canarias.es/api/estadisticas/statistical-resources/v1.0/datasets/ISTAC/E54086A_000005/1.1.csv,1.1,0918db3dab0ede536f57176f40634e5538ecf71980d3b68649ffab36e507edda,2026-09-28T10:43:46.906341+00:00,https://www.gobiernodecanarias.org/istac/aviso_legal.html,consultations,phase6-v1,2015,fuerteventura,island,PEDIATRIA_AP,Servicio Pediatría AP; edad individual no publicada,consultations,TELECONSULTA,,consultations,NOT_AVAILABLE,siap_original_service_v1,2015
https://datos.canarias.es/api/estadisticas/statistical-resources/v1.0/datasets/ISTAC/E54086A_000005/1.1.csv,1.1,0918db3dab0ede536f57176f40634e5538ecf71980d3b68649ffab36e507edda,2026-09-28T10:43:46.906341+00:00,https://www.gobiernodecanarias.org/istac/aviso_legal.html,consultations,phase6-v1,2015,fuerteventura,island,PEDIATRIA_AP,Servicio Pediatría AP; edad individual no publicada,consultations,_T,68623.0,consultations,OBSERVED,siap_original_service_v1,2015
https://datos.canarias.es/api/estadisticas/statistical-resources/v1.0/datasets/ISTAC/E54086A_000005/1.1.csv,1.1,0918db3dab0ede536f57176f40634e5538ecf71980d3b68649ffab36e507edda,2026-09-28T10:43:46.906341+00:00,https://www.gobiernodecanarias.org/istac/aviso_legal.html,consultations,phase6-v1,2015,fuerteventura,island,PEDIATRIA_AP,Servicio Pediatría AP; edad individual no publicada,consultations,CENTRO,68623.0,consultations,OBSERVED,siap_original_service_v1,2015
https://datos.canarias.es/api/estadisticas/statistical-resources/v1.0/datasets/ISTAC/E54086A_000005/1.1.csv,1.1,0918db3dab0ede536f57176f40634e5538ecf71980d3b68649ffab36e507edda,2026-09-28T10:43:46.906341+00:00,https://www.gobiernodecanarias.org/istac/aviso_legal.html,consultations,phase6-v1,2015,gran-canaria,island,PEDIATRIA_AP,Servicio Pediatría AP; edad individual no publicada,consultations,DOMICILIO,16.0,consultations,OBSERVED,siap_original_service_v1,2015
https://datos.canarias.es/api/estadisticas/statistical-resources/v1.0/datasets/ISTAC/E54086A_000005/1.1.csv,1.1,0918db3dab0ede536f57176f40634e5538ecf71980d3b68649ffab36e507edda,2026-09-28T10:43:46.906341+00:00,https://www.gobiernodecanarias.org/istac/aviso_legal.html,consultations,phase6-v1,2015,gran-canaria,island,PEDIATRIA_AP,Servicio Pediatría AP; edad individual no publicada,consultations,TELECONSULTA,,consultations,NOT_AVAILABLE,siap_original_service_v1,2015
https://datos.canarias.es/api/estadisticas/statistical-resources/v1.0/datasets/ISTAC/E54086A_000005/1.1.csv,1.1,0918db3dab0ede536f57176f40634e5538ecf71980d3b68649ffab36e507edda,2026-09-28T10:43:46.906341+00:00,https://www.gobiernodecanarias.org/istac/aviso_legal.html,consultations,phase6-v1,2015,gran-canaria,island,PEDIATRIA_AP,Servicio Pediatría AP; edad individual no publicada,consultations,_T,549880.0,consultations,OBSERVED,siap_original_service_v1,2015
https://datos.canarias.es/api/estadisticas/statistical-resources/v1.0/datasets/ISTAC/E54086A_000005/1.1.csv,1.1,0918db3dab0ede536f57176f40634e5538ecf71980d3b68649ffab36e507edda,2026-09-28T10:43:46.906341+00:00,https://www.gobiernodecanarias.org/istac/aviso_legal.html,consultations,phase6-v1,2015,gran-canaria,island,PEDIATRIA_AP,Servicio Pediatría AP; edad individual no publicada,consultations,CENTRO,549864.0,consultations,OBSERVED,siap_original_service_v1,2015
https://datos.canarias.es/api/estadisticas/statistical-resources/v1.0/datasets/ISTAC/E54086A_000005/1.1.csv,1.1,0918db3dab0ede536f57176f40634e5538ecf71980d3b68649ffab36e507edda,2026-09-28T10:43:46.906341+00:00,https://www.gobiernodecanarias.org/istac/aviso_legal.html,consultations,phase6-v1,2015,tenerife,island,PEDIATRIA_AP,Servicio Pediatría AP; edad individual no publicada,consultations,DOMICILIO,49.0,consultations,OBSERVED,siap_original_service_v1,2015
https://datos.canarias.es/api/estadisticas/statistical-resources/v1.0/datasets/ISTAC/E54086A_000005/1.1.csv,1.1,0918db3dab0ede536f57176f40634e5538ecf71980d3b68649ffab36e507edda,2026-09-28T10:43:46.906341+00:00,https://www.gobiernodecanarias.org/istac/aviso_legal.html,consultations,phase6-v1,2015,tenerife,island,PEDIATRIA_AP,Servicio Pediatría AP; edad individual no publicada,consultations,TELECONSULTA,,consultations,NOT_AVAILABLE,siap_original_service_v1,2015
https://datos.canarias.es/api/estadisticas/statistical-resources/v1.0/datasets/ISTAC/E54086A_000005/1.1.csv,1.1,0918db3dab0ede536f57176f40634e5538ecf71980d3b68649ffab36e507edda,2026-09-28T10:43:46.906341+00:00,https://www.gobiernodecanarias.org/istac/aviso_legal.html,consultations,phase6-v1,2015,tenerife,island,PEDIATRIA_AP,Servicio Pediatría AP; edad individual no publicada,consultations,_T,699843.0,consultations,OBSERVED,siap_original_service_v1,2015
https://datos.canarias.es/api/estadisticas/statistical-resources/v1.0/datasets/ISTAC/E54086A_000005/1.1.csv,1.1,0918db3dab0ede536f57176f40634e5538ecf71980d3b68649ffab36e507edda,2026-09-28T10:43:46.906341+00:00,https://www.gobiernodecanarias.org/istac/aviso_legal.html,consultations,phase6-v1,2015,tenerife,island,PEDIATRIA_AP,Servicio Pediatría AP; edad individual no publicada,consultations,CENTRO,699794.0,consultations,OBSERVED,siap_original_service_v1,2015
https://datos.canarias.es/api/estadisticas/statistical-resources/v1.0/datasets/ISTAC/E54086A_000005/1.1.csv,1.1,0918db3dab0ede536f57176f40634e5538ecf71980d3b68649ffab36e507edda,2026-09-28T10:43:46.906341+00:00,https://www.gobiernodecanarias.org/istac/aviso_legal.html,consultations,phase6-v1,2015,la-gomera,island,PEDIATRIA_AP,Servicio Pediatría AP; edad individual no publicada,consultations,DOMICILIO,0.0,consultations,OBSERVED,siap_original_service_v1,2015
https://datos.canarias.es/api/estadisticas/statistical-resources/v1.0/datasets/ISTAC/E54086A_000005/1.1.csv,1.1,0918db3dab0ede536f57176f40634e5538ecf71980d3b68649ffab36e507edda,2026-09-28T10:43:46.906341+00:00,https://www.gobiernodecanarias.org/istac/aviso_legal.html,consultations,phase6-v1,2015,la-gomera,island,PEDIATRIA_AP,Servicio Pediatría AP; edad individual no publicada,consultations,TELECONSULTA,,consultations,NOT_AVAILABLE,siap_original_service_v1,2015
https://datos.canarias.es/api/estadisticas/statistical-resources/v1.0/datasets/ISTAC/E54086A_000005/1.1.csv,1.1,0918db3dab0ede536f57176f40634e5538ecf71980d3b68649ffab36e507edda,2026-09-28T10:43:46.906341+00:00,https://www.gobiernodecanarias.org/istac/aviso_legal.html,consultations,phase6-v1,2015,la-gomera,island,PEDIATRIA_AP,Servicio Pediatría AP; edad individual no publicada,consultations,_T,6089.0,consultations,OBSERVED,siap_original_service_v1,2015
https://datos.canarias.es/api/estadisticas/statistical-resources/v1.0/datasets/ISTAC/E54086A_000005/1.1.csv,1.1,0918db3dab0ede536f57176f40634e5538ecf71980d3b68649ffab36e507edda,2026-09-28T10:43:46.906341+00:00,https://www.gobiernodecanarias.org/istac/aviso_legal.html,consultations,phase6-v1,2015,la-gomera,island,PEDIATRIA_AP,Servicio Pediatría AP; edad individual no publicada,consultations,CENTRO,6089.0,consultations,OBSERVED,siap_original_service_v1,2015
https://datos.canarias.es/api/estadisticas/statistical-resources/v1.0/datasets/ISTAC/E54086A_000005/1.1.csv,1.1,0918db3dab0ede536f57176f40634e5538ecf71980d3b68649ffab36e507edda,2026-09-28T10:43:46.906341+00:00,https://www.gobiernodecanarias.org/istac/aviso_legal.html,consultations,phase6-v1,2015,la-palma,island,PEDIATRIA_AP,Servicio Pediatría AP; edad individual no publicada,consultations,DOMICILIO,0.0,consultations,OBSERVED,siap_original_service_v1,2015
https://datos.canarias.es/api/estadisticas/statistical-resources/v1.0/datasets/ISTAC/E54086A_000005/1.1.csv,1.1,0918db3dab0ede536f57176f40634e5538ecf71980d3b68649ffab36e507edda,2026-09-28T10:43:46.906341+00:00,https://www.gobiernodecanarias.org/istac/aviso_legal.html,consultations,phase6-v1,2015,la-palma,island,PEDIATRIA_AP,Servicio Pediatría AP; edad individual no publicada,consultations,TELECONSULTA,,consultations,NOT_AVAILABLE,siap_original_service_v1,2015
https://datos.canarias.es/api/estadisticas/statistical-resources/v1.0/datasets/ISTAC/E54086A_000005/1.1.csv,1.1,0918db3dab0ede536f57176f40634e5538ecf71980d3b68649ffab36e507edda,2026-09-28T10:43:46.906341+00:00,https://www.gobiernodecanarias.org/istac/aviso_legal.html,consultations,phase6-v1,2015,la-palma,island,PEDIATRIA_AP,Servicio Pediatría AP; edad individual no publicada,consultations,_T,56256.0,consultations,OBSERVED,siap_original_service_v1,2015
https://datos.canarias.es/api/estadisticas/statistical-resources/v1.0/datasets/ISTAC/E54086A_000005/1.1.csv,1.1,0918db3dab0ede536f57176f40634e5538ecf71980d3b68649ffab36e507edda,2026-09-28T10:43:46.906341+00:00,https://www.gobiernodecanarias.org/istac/aviso_legal.html,consultations,phase6-v1,2015,la-palma,island,PEDIATRIA_AP,Servicio Pediatría AP; edad individual no publicada,consultations,CENTRO,56256.0,consultations,OBSERVED,siap_original_service_v1,2015
https://datos.canarias.es/api/estadisticas/statistical-resources/v1.0/datasets/ISTAC/E54086A_000005/1.1.csv,1.1,0918db3dab0ede536f57176f40634e5538ecf71980d3b68649ffab36e507edda,2026-09-28T10:43:46.906341+00:00,https://www.gobiernodecanarias.org/istac/aviso_legal.html,consultations,phase6-v1,2015,el-hierro,island,PEDIATRIA_AP,Servicio Pediatría AP; edad individual no publicada,consultations,DOMICILIO,1.0,consultations,OBSERVED,siap_original_service_v1,2015
https://datos.canarias.es/api/estadisticas/statistical-resources/v1.0/datasets/ISTAC/E54086A_000005/1.1.csv,1.1,0918db3dab0ede536f57176f40634e5538ecf71980d3b68649ffab36e507edda,2026-09-28T10:43:46.906341+00:00,https://www.gobiernodecanarias.org/istac/aviso_legal.html,consultations,phase6-v1,2015,el-hierro,island,PEDIATRIA_AP,Servicio Pediatría AP; edad individual no publicada,consultations,TELECONSULTA,,consultations,NOT_AVAILABLE,siap_original_service_v1,2015
https://datos.canarias.es/api/estadisticas/statistical-resources/v1.0/datasets/ISTAC/E54086A_000005/1.1.csv,1.1,0918db3dab0ede536f57176f40634e5538ecf71980d3b68649ffab36e507edda,2026-09-28T10:43:46.906341+00:00,https://www.gobiernodecanarias.org/istac/aviso_legal.html,consultations,phase6-v1,2015,el-hierro,island,PEDIATRIA_AP,Servicio Pediatría AP; edad individual no publicada,consultations,_T,6461.0,consultations,OBSERVED,siap_original_service_v1,2015
https://datos.canarias.es/api/estadisticas/statistical-resources/v1.0/datasets/ISTAC/E54086A_000005/1.1.csv,1.1,0918db3dab0ede536f57176f40634e5538ecf71980d3b68649ffab36e507edda,2026-09-28T10:43:46.906341+00:00,https://www.gobiernodecanarias.org/istac/aviso_legal.html,consultations,phase6-v1,2015,el-hierro,island,PEDIATRIA_AP,Servicio Pediatría AP; edad individual no publicada,consultations,CENTRO,6460.0,consultations,OBSERVED,siap_original_service_v1,2015
https://datos.canarias.es/api/estadisticas/statistical-resources/v1.0/datasets/ISTAC/E54086A_000005/1.1.csv,1.1,0918db3dab0ede536f57176f40634e5538ecf71980d3b68649ffab36e507edda,2026-09-28T10:43:46.906341+00:00,https://www.gobiernodecanarias.org/istac/aviso_legal.html,consultations,phase6-v1,2016,lanzarote,island,PEDIATRIA_AP,Servicio Pediatría AP; edad individual no publicada,consultations,DOMICILIO,2.0,consultations,OBSERVED,siap_original_service_v1,2016
https://datos.canarias.es/api/estadisticas/statistical-resources/v1.0/datasets/ISTAC/E54086A_000005/1.1.csv,1.1,0918db3dab0ede536f57176f40634e5538ecf71980d3b68649ffab36e507edda,2026-09-28T10:43:46.906341+00:00,https://www.gobiernodecanarias.org/istac/aviso_legal.html,consultations,phase6-v1,2016,lanzarote,island,PEDIATRIA_AP,Servicio Pediatría AP; edad individual no publicada,consultations,TELECONSULTA,,consultations,NOT_AVAILABLE,siap_original_service_v1,2016
https://datos.canarias.es/api/estadisticas/statistical-resources/v1.0/datasets/ISTAC/E54086A_000005/1.1.csv,1.1,0918db3dab0ede536f57176f40634e5538ecf71980d3b68649ffab36e507edda,2026-09-28T10:43:46.906341+00:00,https://www.gobiernodecanarias.org/istac/aviso_legal.html,consultations,phase6-v1,2016,lanzarote,island,PEDIATRIA_AP,Servicio Pediatría AP; edad individual no publicada,consultations,_T,121555.0,consultations,OBSERVED,siap_original_service_v1,2016
https://datos.canarias.es/api/estadisticas/statistical-resources/v1.0/datasets/ISTAC/E54086A_000005/1.1.csv,1.1,0918db3dab0ede536f57176f40634e5538ecf71980d3b68649ffab36e507edda,2026-09-28T10:43:46.906341+00:00,https://www.gobiernodecanarias.org/istac/aviso_legal.html,consultations,phase6-v1,2016,lanzarote,island,PEDIATRIA_AP,Servicio Pediatría AP; edad individual no publicada,consultations,CENTRO,121553.0,consultations,OBSERVED,siap_original_service_v1,2016
https://datos.canarias.es/api/estadisticas/statistical-resources/v1.0/datasets/ISTAC/E54086A_000005/1.1.csv,1.1,0918db3dab0ede536f57176f40634e5538ecf71980d3b68649ffab36e507edda,2026-09-28T10:43:46.906341+00:00,https://www.gobiernodecanarias.org/istac/aviso_legal.html,consultations,phase6-v1,2016,fuerteventura,island,PEDIATRIA_AP,Servicio Pediatría AP; edad individual no publicada,consultations,DOMICILIO,3.0,consultations,OBSERVED,siap_original_service_v1,2016
https://datos.canarias.es/api/estadisticas/statistical-resources/v1.0/datasets/ISTAC/E54086A_000005/1.1.csv,1.1,0918db3dab0ede536f57176f40634e5538ecf71980d3b68649ffab36e507edda,2026-09-28T10:43:46.906341+00:00,https://www.gobiernodecanarias.org/istac/aviso_legal.html,consultations,phase6-v1,2016,fuerteventura,island,PEDIATRIA_AP,Servicio Pediatría AP; edad individual no publicada,consultations,TELECONSULTA,,consultations,NOT_AVAILABLE,siap_original_service_v1,2016
https://datos.canarias.es/api/estadisticas/statistical-resources/v1.0/datasets/ISTAC/E54086A_000005/1.1.csv,1.1,0918db3dab0ede536f57176f40634e5538ecf71980d3b68649ffab36e507edda,2026-09-28T10:43:46.906341+00:00,https://www.gobiernodecanarias.org/istac/aviso_legal.html,consultations,phase6-v1,2016,fuerteventura,island,PEDIATRIA_AP,Servicio Pediatría AP; edad individual no publicada,consultations,_T,69032.0,consultations,OBSERVED,siap_original_service_v1,2016
https://datos.canarias.es/api/estadisticas/statistical-resources/v1.0/datasets/ISTAC/E54086A_000005/1.1.csv,1.1,0918db3dab0ede536f57176f40634e5538ecf71980d3b68649ffab36e507edda,2026-09-28T10:43:46.906341+00:00,https://www.gobiernodecanarias.org/istac/aviso_legal.html,consultations,phase6-v1,2016,fuerteventura,island,PEDIATRIA_AP,Servicio Pediatría AP; edad individual no publicada,consultations,CENTRO,69029.0,consultations,OBSERVED,siap_original_service_v1,2016
https://datos.canarias.es/api/estadisticas/statistical-resources/v1.0/datasets/ISTAC/E54086A_000005/1.1.csv,1.1,0918db3dab0ede536f57176f40634e5538ecf71980d3b68649ffab36e507edda,2026-09-28T10:43:46.906341+00:00,https://www.gobiernodecanarias.org/istac/aviso_legal.html,consultations,phase6-v1,2016,gran-canaria,island,PEDIATRIA_AP,Servicio Pediatría AP; edad individual no publicada,consultations,DOMICILIO,26.0,consultations,OBSERVED,siap_original_service_v1,2016
https://datos.canarias.es/api/estadisticas/statistical-resources/v1.0/datasets/ISTAC/E54086A_000005/1.1.csv,1.1,0918db3dab0ede536f57176f40634e5538ecf71980d3b68649ffab36e507edda,2026-09-28T10:43:46.906341+00:00,https://www.gobiernodecanarias.org/istac/aviso_legal.html,consultations,phase6-v1,2016,gran-canaria,island,PEDIATRIA_AP,Servicio Pediatría AP; edad individual no publicada,consultations,TELECONSULTA,,consultations,NOT_AVAILABLE,siap_original_service_v1,2016
https://datos.canarias.es/api/estadisticas/statistical-resources/v1.0/datasets/ISTAC/E54086A_000005/1.1.csv,1.1,0918db3dab0ede536f57176f40634e5538ecf71980d3b68649ffab36e507edda,2026-09-28T10:43:46.906341+00:00,https://www.gobiernodecanarias.org/istac/aviso_legal.html,consultations,phase6-v1,2016,gran-canaria,island,PEDIATRIA_AP,Servicio Pediatría AP; edad individual no publicada,consultations,_T,540398.0,consultations,OBSERVED,siap_original_service_v1,2016
https://datos.canarias.es/api/estadisticas/statistical-resources/v1.0/datasets/ISTAC/E54086A_000005/1.1.csv,1.1,0918db3dab0ede536f57176f40634e5538ecf71980d3b68649ffab36e507edda,2026-09-28T10:43:46.906341+00:00,https://www.gobiernodecanarias.org/istac/aviso_legal.html,consultations,phase6-v1,2016,gran-canaria,island,PEDIATRIA_AP,Servicio Pediatría AP; edad individual no publicada,consultations,CENTRO,540372.0,consultations,OBSERVED,siap_original_service_v1,2016
https://datos.canarias.es/api/estadisticas/statistical-resources/v1.0/datasets/ISTAC/E54086A_000005/1.1.csv,1.1,0918db3dab0ede536f57176f40634e5538ecf71980d3b68649ffab36e507edda,2026-09-28T10:43:46.906341+00:00,https://www.gobiernodecanarias.org/istac/aviso_legal.html,consultations,phase6-v1,2016,tenerife,island,PEDIATRIA_AP,Servicio Pediatría AP; edad individual no publicada,consultations,DOMICILIO,99.0,consultations,OBSERVED,siap_original_service_v1,2016
https://datos.canarias.es/api/estadisticas/statistical-resources/v1.0/datasets/ISTAC/E54086A_000005/1.1.csv,1.1,0918db3dab0ede536f57176f40634e5538ecf71980d3b68649ffab36e507edda,2026-09-28T10:43:46.906341+00:00,https://www.gobiernodecanarias.org/istac/aviso_legal.html,consultations,phase6-v1,2016,tenerife,island,PEDIATRIA_AP,Servicio Pediatría AP; edad individual no publicada,consultations,TELECONSULTA,,consultations,NOT_AVAILABLE,siap_original_service_v1,2016
https://datos.canarias.es/api/estadisticas/statistical-resources/v1.0/datasets/ISTAC/E54086A_000005/1.1.csv,1.1,0918db3dab0ede536f57176f40634e5538ecf71980d3b68649ffab36e507edda,2026-09-28T10:43:46.906341+00:00,https://www.gobiernodecanarias.org/istac/aviso_legal.html,consultations,phase6-v1,2016,tenerife,island,PEDIATRIA_AP,Servicio Pediatría AP; edad individual no publicada,consultations,_T,725120.0,consultations,OBSERVED,siap_original_service_v1,2016
https://datos.canarias.es/api/estadisticas/statistical-resources/v1.0/datasets/ISTAC/E54086A_000005/1.1.csv,1.1,0918db3dab0ede536f57176f40634e5538ecf71980d3b68649ffab36e507edda,2026-09-28T10:43:46.906341+00:00,https://www.gobiernodecanarias.org/istac/aviso_legal.html,consultations,phase6-v1,2016,tenerife,island,PEDIATRIA_AP,Servicio Pediatría AP; edad individual no publicada,consultations,CENTRO,725021.0,consultations,OBSERVED,siap_original_service_v1,2016
https://datos.canarias.es/api/estadisticas/statistical-resources/v1.0/datasets/ISTAC/E54086A_000005/1.1.csv,1.1,0918db3dab0ede536f57176f40634e5538ecf71980d3b68649ffab36e507edda,2026-09-28T10:43:46.906341+00:00,https://www.gobiernodecanarias.org/istac/aviso_legal.html,consultations,phase6-v1,2016,la-gomera,island,PEDIATRIA_AP,Servicio Pediatría AP; edad individual no publicada,consultations,DOMICILIO,0.0,consultations,OBSERVED,siap_original_service_v1,2016
https://datos.canarias.es/api/estadisticas/statistical-resources/v1.0/datasets/ISTAC/E54086A_000005/1.1.csv,1.1,0918db3dab0ede536f57176f40634e5538ecf71980d3b68649ffab36e507edda,2026-09-28T10:43:46.906341+00:00,https://www.gobiernodecanarias.org/istac/aviso_legal.html,consultations,phase6-v1,2016,la-gomera,island,PEDIATRIA_AP,Servicio Pediatría AP; edad individual no publicada,consultations,TELECONSULTA,,consultations,NOT_AVAILABLE,siap_original_service_v1,2016
https://datos.canarias.es/api/estadisticas/statistical-resources/v1.0/datasets/ISTAC/E54086A_000005/1.1.csv,1.1,0918db3dab0ede536f57176f40634e5538ecf71980d3b68649ffab36e507edda,2026-09-28T10:43:46.906341+00:00,https://www.gobiernodecanarias.org/istac/aviso_legal.html,consultations,phase6-v1,2016,la-gomera,island,PEDIATRIA_AP,Servicio Pediatría AP; edad individual no publicada,consultations,_T,6179.0,consultations,OBSERVED,siap_original_service_v1,2016
https://datos.canarias.es/api/estadisticas/statistical-resources/v1.0/datasets/ISTAC/E54086A_000005/1.1.csv,1.1,0918db3dab0ede536f57176f40634e5538ecf71980d3b68649ffab36e507edda,2026-09-28T10:43:46.906341+00:00,https://www.gobiernodecanarias.org/istac/aviso_legal.html,consultations,phase6-v1,2016,la-gomera,island,PEDIATRIA_AP,Servicio Pediatría AP; edad individual no publicada,consultations,CENTRO,6179.0,consultations,OBSERVED,siap_original_service_v1,2016
https://datos.canarias.es/api/estadisticas/statistical-resources/v1.0/datasets/ISTAC/E54086A_000005/1.1.csv,1.1,0918db3dab0ede536f57176f40634e5538ecf71980d3b68649ffab36e507edda,2026-09-28T10:43:46.906341+00:00,https://www.gobiernodecanarias.org/istac/aviso_legal.html,consultations,phase6-v1,2016,la-palma,island,PEDIATRIA_AP,Servicio Pediatría AP; edad individual no publicada,consultations,DOMICILIO,0.0,consultations,OBSERVED,siap_original_service_v1,2016
https://datos.canarias.es/api/estadisticas/statistical-resources/v1.0/datasets/ISTAC/E54086A_000005/1.1.csv,1.1,0918db3dab0ede536f57176f40634e5538ecf71980d3b68649ffab36e507edda,2026-09-28T10:43:46.906341+00:00,https://www.gobiernodecanarias.org/istac/aviso_legal.html,consultations,phase6-v1,2016,la-palma,island,PEDIATRIA_AP,Servicio Pediatría AP; edad individual no publicada,consultations,TELECONSULTA,,consultations,NOT_AVAILABLE,siap_original_service_v1,2016
https://datos.canarias.es/api/estadisticas/statistical-resources/v1.0/datasets/ISTAC/E54086A_000005/1.1.csv,1.1,0918db3dab0ede536f57176f40634e5538ecf71980d3b68649ffab36e507edda,2026-09-28T10:43:46.906341+00:00,https://www.gobiernodecanarias.org/istac/aviso_legal.html,consultations,phase6-v1,2016,la-palma,island,PEDIATRIA_AP,Servicio Pediatría AP; edad individual no publicada,consultations,_T,55989.0,consultations,OBSERVED,siap_original_service_v1,2016
https://datos.canarias.es/api/estadisticas/statistical-resources/v1.0/datasets/ISTAC/E54086A_000005/1.1.csv,1.1,0918db3dab0ede536f57176f40634e5538ecf71980d3b68649ffab36e507edda,2026-09-28T10:43:46.906341+00:00,https://www.gobiernodecanarias.org/istac/aviso_legal.html,consultations,phase6-v1,2016,la-palma,island,PEDIATRIA_AP,Servicio Pediatría AP; edad individual no publicada,consultations,CENTRO,55989.0,consultations,OBSERVED,siap_original_service_v1,2016
https://datos.canarias.es/api/estadisticas/statistical-resources/v1.0/datasets/ISTAC/E54086A_000005/1.1.csv,1.1,0918db3dab0ede536f57176f40634e5538ecf71980d3b68649ffab36e507edda,2026-09-28T10:43:46.906341+00:00,https://www.gobiernodecanarias.org/istac/aviso_legal.html,consultations,phase6-v1,2016,el-hierro,island,PEDIATRIA_AP,Servicio Pediatría AP; edad individual no publicada,consultations,DOMICILIO,0.0,consultations,OBSERVED,siap_original_service_v1,2016
https://datos.canarias.es/api/estadisticas/statistical-resources/v1.0/datasets/ISTAC/E54086A_000005/1.1.csv,1.1,0918db3dab0ede536f57176f40634e5538ecf71980d3b68649ffab36e507edda,2026-09-28T10:43:46.906341+00:00,https://www.gobiernodecanarias.org/istac/aviso_legal.html,consultations,phase6-v1,2016,el-hierro,island,PEDIATRIA_AP,Servicio Pediatría AP; edad individual no publicada,consultations,TELECONSULTA,,consultations,NOT_AVAILABLE,siap_original_service_v1,2016
https://datos.canarias.es/api/estadisticas/statistical-resources/v1.0/datasets/ISTAC/E54086A_000005/1.1.csv,1.1,0918db3dab0ede536f57176f40634e5538ecf71980d3b68649ffab36e507edda,2026-09-28T10:43:46.906341+00:00,https://www.gobiernodecanarias.org/istac/aviso_legal.html,consultations,phase6-v1,2016,el-hierro,island,PEDIATRIA_AP,Servicio Pediatría AP; edad individual no publicada,consultations,_T,6631.0,consultations,OBSERVED,siap_original_service_v1,2016
https://datos.canarias.es/api/estadisticas/statistical-resources/v1.0/datasets/ISTAC/E54086A_000005/1.1.csv,1.1,0918db3dab0ede536f57176f40634e5538ecf71980d3b68649ffab36e507edda,2026-09-28T10:43:46.906341+00:00,https://www.gobiernodecanarias.org/istac/aviso_legal.html,consultations,phase6-v1,2016,el-hierro,island,PEDIATRIA_AP,Servicio Pediatría AP; edad individual no publicada,consultations,CENTRO,6631.0,consultations,OBSERVED,siap_original_service_v1,2016
https://datos.canarias.es/api/estadisticas/statistical-resources/v1.0/datasets/ISTAC/E54086A_000005/1.1.csv,1.1,0918db3dab0ede536f57176f40634e5538ecf71980d3b68649ffab36e507edda,2026-09-28T10:43:46.906341+00:00,https://www.gobiernodecanarias.org/istac/aviso_legal.html,consultations,phase6-v1,2017,lanzarote,island,PEDIATRIA_AP,Servicio Pediatría AP; edad individual no publicada,consultations,DOMICILIO,20.0,consultations,OBSERVED,siap_original_service_v1,2017
https://datos.canarias.es/api/estadisticas/statistical-resources/v1.0/datasets/ISTAC/E54086A_000005/1.1.csv,1.1,0918db3dab0ede536f57176f40634e5538ecf71980d3b68649ffab36e507edda,2026-09-28T10:43:46.906341+00:00,https://www.gobiernodecanarias.org/istac/aviso_legal.html,consultations,phase6-v1,2017,lanzarote,island,PEDIATRIA_AP,Servicio Pediatría AP; edad individual no publicada,consultations,TELECONSULTA,,consultations,NOT_AVAILABLE,siap_original_service_v1,2017
https://datos.canarias.es/api/estadisticas/statistical-resources/v1.0/datasets/ISTAC/E54086A_000005/1.1.csv,1.1,0918db3dab0ede536f57176f40634e5538ecf71980d3b68649ffab36e507edda,2026-09-28T10:43:46.906341+00:00,https://www.gobiernodecanarias.org/istac/aviso_legal.html,consultations,phase6-v1,2017,lanzarote,island,PEDIATRIA_AP,Servicio Pediatría AP; edad individual no publicada,consultations,_T,123638.0,consultations,OBSERVED,siap_original_service_v1,2017
https://datos.canarias.es/api/estadisticas/statistical-resources/v1.0/datasets/ISTAC/E54086A_000005/1.1.csv,1.1,0918db3dab0ede536f57176f40634e5538ecf71980d3b68649ffab36e507edda,2026-09-28T10:43:46.906341+00:00,https://www.gobiernodecanarias.org/istac/aviso_legal.html,consultations,phase6-v1,2017,lanzarote,island,PEDIATRIA_AP,Servicio Pediatría AP; edad individual no publicada,consultations,CENTRO,123618.0,consultations,OBSERVED,siap_original_service_v1,2017
https://datos.canarias.es/api/estadisticas/statistical-resources/v1.0/datasets/ISTAC/E54086A_000005/1.1.csv,1.1,0918db3dab0ede536f57176f40634e5538ecf71980d3b68649ffab36e507edda,2026-09-28T10:43:46.906341+00:00,https://www.gobiernodecanarias.org/istac/aviso_legal.html,consultations,phase6-v1,2017,fuerteventura,island,PEDIATRIA_AP,Servicio Pediatría AP; edad individual no publicada,consultations,DOMICILIO,11.0,consultations,OBSERVED,siap_original_service_v1,2017
https://datos.canarias.es/api/estadisticas/statistical-resources/v1.0/datasets/ISTAC/E54086A_000005/1.1.csv,1.1,0918db3dab0ede536f57176f40634e5538ecf71980d3b68649ffab36e507edda,2026-09-28T10:43:46.906341+00:00,https://www.gobiernodecanarias.org/istac/aviso_legal.html,consultations,phase6-v1,2017,fuerteventura,island,PEDIATRIA_AP,Servicio Pediatría AP; edad individual no publicada,consultations,TELECONSULTA,,consultations,NOT_AVAILABLE,siap_original_service_v1,2017
https://datos.canarias.es/api/estadisticas/statistical-resources/v1.0/datasets/ISTAC/E54086A_000005/1.1.csv,1.1,0918db3dab0ede536f57176f40634e5538ecf71980d3b68649ffab36e507edda,2026-09-28T10:43:46.906341+00:00,https://www.gobiernodecanarias.org/istac/aviso_legal.html,consultations,phase6-v1,2017,fuerteventura,island,PEDIATRIA_AP,Servicio Pediatría AP; edad individual no publicada,consultations,_T,70787.0,consultations,OBSERVED,siap_original_service_v1,2017
https://datos.canarias.es/api/estadisticas/statistical-resources/v1.0/datasets/ISTAC/E54086A_000005/1.1.csv,1.1,0918db3dab0ede536f57176f40634e5538ecf71980d3b68649ffab36e507edda,2026-09-28T10:43:46.906341+00:00,https://www.gobiernodecanarias.org/istac/aviso_legal.html,consultations,phase6-v1,2017,fuerteventura,island,PEDIATRIA_AP,Servicio Pediatría AP; edad individual no publicada,consultations,CENTRO,70776.0,consultations,OBSERVED,siap_original_service_v1,2017
https://datos.canarias.es/api/estadisticas/statistical-resources/v1.0/datasets/ISTAC/E54086A_000005/1.1.csv,1.1,0918db3dab0ede536f57176f40634e5538ecf71980d3b68649ffab36e507edda,2026-09-28T10:43:46.906341+00:00,https://www.gobiernodecanarias.org/istac/aviso_legal.html,consultations,phase6-v1,2017,gran-canaria,island,PEDIATRIA_AP,Servicio Pediatría AP; edad individual no publicada,consultations,DOMICILIO,109.0,consultations,OBSERVED,siap_original_service_v1,2017
https://datos.canarias.es/api/estadisticas/statistical-resources/v1.0/datasets/ISTAC/E54086A_000005/1.1.csv,1.1,0918db3dab0ede536f57176f40634e5538ecf71980d3b68649ffab36e507edda,2026-09-28T10:43:46.906341+00:00,https://www.gobiernodecanarias.org/istac/aviso_legal.html,consultations,phase6-v1,2017,gran-canaria,island,PEDIATRIA_AP,Servicio Pediatría AP; edad individual no publicada,consultations,TELECONSULTA,,consultations,NOT_AVAILABLE,siap_original_service_v1,2017
https://datos.canarias.es/api/estadisticas/statistical-resources/v1.0/datasets/ISTAC/E54086A_000005/1.1.csv,1.1,0918db3dab0ede536f57176f40634e5538ecf71980d3b68649ffab36e507edda,2026-09-28T10:43:46.906341+00:00,https://www.gobiernodecanarias.org/istac/aviso_legal.html,consultations,phase6-v1,2017,gran-canaria,island,PEDIATRIA_AP,Servicio Pediatría AP; edad individual no publicada,consultations,_T,532174.0,consultations,OBSERVED,siap_original_service_v1,2017
https://datos.canarias.es/api/estadisticas/statistical-resources/v1.0/datasets/ISTAC/E54086A_000005/1.1.csv,1.1,0918db3dab0ede536f57176f40634e5538ecf71980d3b68649ffab36e507edda,2026-09-28T10:43:46.906341+00:00,https://www.gobiernodecanarias.org/istac/aviso_legal.html,consultations,phase6-v1,2017,gran-canaria,island,PEDIATRIA_AP,Servicio Pediatría AP; edad individual no publicada,consultations,CENTRO,532065.0,consultations,OBSERVED,siap_original_service_v1,2017
https://datos.canarias.es/api/estadisticas/statistical-resources/v1.0/datasets/ISTAC/E54086A_000005/1.1.csv,1.1,0918db3dab0ede536f57176f40634e5538ecf71980d3b68649ffab36e507edda,2026-09-28T10:43:46.906341+00:00,https://www.gobiernodecanarias.org/istac/aviso_legal.html,consultations,phase6-v1,2017,tenerife,island,PEDIATRIA_AP,Servicio Pediatría AP; edad individual no publicada,consultations,DOMICILIO,261.0,consultations,OBSERVED,siap_original_service_v1,2017
https://datos.canarias.es/api/estadisticas/statistical-resources/v1.0/datasets/ISTAC/E54086A_000005/1.1.csv,1.1,0918db3dab0ede536f57176f40634e5538ecf71980d3b68649ffab36e507edda,2026-09-28T10:43:46.906341+00:00,https://www.gobiernodecanarias.org/istac/aviso_legal.html,consultations,phase6-v1,2017,tenerife,island,PEDIATRIA_AP,Servicio Pediatría AP; edad individual no publicada,consultations,TELECONSULTA,,consultations,NOT_AVAILABLE,siap_original_service_v1,2017
https://datos.canarias.es/api/estadisticas/statistical-resources/v1.0/datasets/ISTAC/E54086A_000005/1.1.csv,1.1,0918db3dab0ede536f57176f40634e5538ecf71980d3b68649ffab36e507edda,2026-09-28T10:43:46.906341+00:00,https://www.gobiernodecanarias.org/istac/aviso_legal.html,consultations,phase6-v1,2017,tenerife,island,PEDIATRIA_AP,Servicio Pediatría AP; edad individual no publicada,consultations,_T,728578.0,consultations,OBSERVED,siap_original_service_v1,2017
https://datos.canarias.es/api/estadisticas/statistical-resources/v1.0/datasets/ISTAC/E54086A_000005/1.1.csv,1.1,0918db3dab0ede536f57176f40634e5538ecf71980d3b68649ffab36e507edda,2026-09-28T10:43:46.906341+00:00,https://www.gobiernodecanarias.org/istac/aviso_legal.html,consultations,phase6-v1,2017,tenerife,island,PEDIATRIA_AP,Servicio Pediatría AP; edad individual no publicada,consultations,CENTRO,728317.0,consultations,OBSERVED,siap_original_service_v1,2017
https://datos.canarias.es/api/estadisticas/statistical-resources/v1.0/datasets/ISTAC/E54086A_000005/1.1.csv,1.1,0918db3dab0ede536f57176f40634e5538ecf71980d3b68649ffab36e507edda,2026-09-28T10:43:46.906341+00:00,https://www.gobiernodecanarias.org/istac/aviso_legal.html,consultations,phase6-v1,2017,la-gomera,island,PEDIATRIA_AP,Servicio Pediatría AP; edad individual no publicada,consultations,DOMICILIO,2.0,consultations,OBSERVED,siap_original_service_v1,2017
https://datos.canarias.es/api/estadisticas/statistical-resources/v1.0/datasets/ISTAC/E54086A_000005/1.1.csv,1.1,0918db3dab0ede536f57176f40634e5538ecf71980d3b68649ffab36e507edda,2026-09-28T10:43:46.906341+00:00,https://www.gobiernodecanarias.org/istac/aviso_legal.html,consultations,phase6-v1,2017,la-gomera,island,PEDIATRIA_AP,Servicio Pediatría AP; edad individual no publicada,consultations,TELECONSULTA,,consultations,NOT_AVAILABLE,siap_original_service_v1,2017
https://datos.canarias.es/api/estadisticas/statistical-resources/v1.0/datasets/ISTAC/E54086A_000005/1.1.csv,1.1,0918db3dab0ede536f57176f40634e5538ecf71980d3b68649ffab36e507edda,2026-09-28T10:43:46.906341+00:00,https://www.gobiernodecanarias.org/istac/aviso_legal.html,consultations,phase6-v1,2017,la-gomera,island,PEDIATRIA_AP,Servicio Pediatría AP; edad individual no publicada,consultations,_T,4819.0,consultations,OBSERVED,siap_original_service_v1,2017
https://datos.canarias.es/api/estadisticas/statistical-resources/v1.0/datasets/ISTAC/E54086A_000005/1.1.csv,1.1,0918db3dab0ede536f57176f40634e5538ecf71980d3b68649ffab36e507edda,2026-09-28T10:43:46.906341+00:00,https://www.gobiernodecanarias.org/istac/aviso_legal.html,consultations,phase6-v1,2017,la-gomera,island,PEDIATRIA_AP,Servicio Pediatría AP; edad individual no publicada,consultations,CENTRO,4817.0,consultations,OBSERVED,siap_original_service_v1,2017
https://datos.canarias.es/api/estadisticas/statistical-resources/v1.0/datasets/ISTAC/E54086A_000005/1.1.csv,1.1,0918db3dab0ede536f57176f40634e5538ecf71980d3b68649ffab36e507edda,2026-09-28T10:43:46.906341+00:00,https://www.gobiernodecanarias.org/istac/aviso_legal.html,consultations,phase6-v1,2017,la-palma,island,PEDIATRIA_AP,Servicio Pediatría AP; edad individual no publicada,consultations,DOMICILIO,28.0,consultations,OBSERVED,siap_original_service_v1,2017
https://datos.canarias.es/api/estadisticas/statistical-resources/v1.0/datasets/ISTAC/E54086A_000005/1.1.csv,1.1,0918db3dab0ede536f57176f40634e5538ecf71980d3b68649ffab36e507edda,2026-09-28T10:43:46.906341+00:00,https://www.gobiernodecanarias.org/istac/aviso_legal.html,consultations,phase6-v1,2017,la-palma,island,PEDIATRIA_AP,Servicio Pediatría AP; edad individual no publicada,consultations,TELECONSULTA,,consultations,NOT_AVAILABLE,siap_original_service_v1,2017
https://datos.canarias.es/api/estadisticas/statistical-resources/v1.0/datasets/ISTAC/E54086A_000005/1.1.csv,1.1,0918db3dab0ede536f57176f40634e5538ecf71980d3b68649ffab36e507edda,2026-09-28T10:43:46.906341+00:00,https://www.gobiernodecanarias.org/istac/aviso_legal.html,consultations,phase6-v1,2017,la-palma,island,PEDIATRIA_AP,Servicio Pediatría AP; edad individual no publicada,consultations,_T,57117.0,consultations,OBSERVED,siap_original_service_v1,2017
https://datos.canarias.es/api/estadisticas/statistical-resources/v1.0/datasets/ISTAC/E54086A_000005/1.1.csv,1.1,0918db3dab0ede536f57176f40634e5538ecf71980d3b68649ffab36e507edda,2026-09-28T10:43:46.906341+00:00,https://www.gobiernodecanarias.org/istac/aviso_legal.html,consultations,phase6-v1,2017,la-palma,island,PEDIATRIA_AP,Servicio Pediatría AP; edad individual no publicada,consultations,CENTRO,57089.0,consultations,OBSERVED,siap_original_service_v1,2017
https://datos.canarias.es/api/estadisticas/statistical-resources/v1.0/datasets/ISTAC/E54086A_000005/1.1.csv,1.1,0918db3dab0ede536f57176f40634e5538ecf71980d3b68649ffab36e507edda,2026-09-28T10:43:46.906341+00:00,https://www.gobiernodecanarias.org/istac/aviso_legal.html,consultations,phase6-v1,2017,el-hierro,island,PEDIATRIA_AP,Servicio Pediatría AP; edad individual no publicada,consultations,DOMICILIO,0.0,consultations,OBSERVED,siap_original_service_v1,2017
https://datos.canarias.es/api/estadisticas/statistical-resources/v1.0/datasets/ISTAC/E54086A_000005/1.1.csv,1.1,0918db3dab0ede536f57176f40634e5538ecf71980d3b68649ffab36e507edda,2026-09-28T10:43:46.906341+00:00,https://www.gobiernodecanarias.org/istac/aviso_legal.html,consultations,phase6-v1,2017,el-hierro,island,PEDIATRIA_AP,Servicio Pediatría AP; edad individual no publicada,consultations,TELECONSULTA,,consultations,NOT_AVAILABLE,siap_original_service_v1,2017
https://datos.canarias.es/api/estadisticas/statistical-resources/v1.0/datasets/ISTAC/E54086A_000005/1.1.csv,1.1,0918db3dab0ede536f57176f40634e5538ecf71980d3b68649ffab36e507edda,2026-09-28T10:43:46.906341+00:00,https://www.gobiernodecanarias.org/istac/aviso_legal.html,consultations,phase6-v1,2017,el-hierro,island,PEDIATRIA_AP,Servicio Pediatría AP; edad individual no publicada,consultations,_T,6727.0,consultations,OBSERVED,siap_original_service_v1,2017
https://datos.canarias.es/api/estadisticas/statistical-resources/v1.0/datasets/ISTAC/E54086A_000005/1.1.csv,1.1,0918db3dab0ede536f57176f40634e5538ecf71980d3b68649ffab36e507edda,2026-09-28T10:43:46.906341+00:00,https://www.gobiernodecanarias.org/istac/aviso_legal.html,consultations,phase6-v1,2017,el-hierro,island,PEDIATRIA_AP,Servicio Pediatría AP; edad individual no publicada,consultations,CENTRO,6727.0,consultations,OBSERVED,siap_original_service_v1,2017
https://datos.canarias.es/api/estadisticas/statistical-resources/v1.0/datasets/ISTAC/E54086A_000005/1.1.csv,1.1,0918db3dab0ede536f57176f40634e5538ecf71980d3b68649ffab36e507edda,2026-09-28T10:43:46.906341+00:00,https://www.gobiernodecanarias.org/istac/aviso_legal.html,consultations,phase6-v1,2018,lanzarote,island,PEDIATRIA_AP,Servicio Pediatría AP; edad individual no publicada,consultations,DOMICILIO,20.0,consultations,OBSERVED,siap_original_service_v1,2018
https://datos.canarias.es/api/estadisticas/statistical-resources/v1.0/datasets/ISTAC/E54086A_000005/1.1.csv,1.1,0918db3dab0ede536f57176f40634e5538ecf71980d3b68649ffab36e507edda,2026-09-28T10:43:46.906341+00:00,https://www.gobiernodecanarias.org/istac/aviso_legal.html,consultations,phase6-v1,2018,lanzarote,island,PEDIATRIA_AP,Servicio Pediatría AP; edad individual no publicada,consultations,TELECONSULTA,,consultations,NOT_AVAILABLE,siap_original_service_v1,2018
https://datos.canarias.es/api/estadisticas/statistical-resources/v1.0/datasets/ISTAC/E54086A_000005/1.1.csv,1.1,0918db3dab0ede536f57176f40634e5538ecf71980d3b68649ffab36e507edda,2026-09-28T10:43:46.906341+00:00,https://www.gobiernodecanarias.org/istac/aviso_legal.html,consultations,phase6-v1,2018,lanzarote,island,PEDIATRIA_AP,Servicio Pediatría AP; edad individual no publicada,consultations,_T,117162.0,consultations,OBSERVED,siap_original_service_v1,2018
https://datos.canarias.es/api/estadisticas/statistical-resources/v1.0/datasets/ISTAC/E54086A_000005/1.1.csv,1.1,0918db3dab0ede536f57176f40634e5538ecf71980d3b68649ffab36e507edda,2026-09-28T10:43:46.906341+00:00,https://www.gobiernodecanarias.org/istac/aviso_legal.html,consultations,phase6-v1,2018,lanzarote,island,PEDIATRIA_AP,Servicio Pediatría AP; edad individual no publicada,consultations,CENTRO,117142.0,consultations,OBSERVED,siap_original_service_v1,2018
https://datos.canarias.es/api/estadisticas/statistical-resources/v1.0/datasets/ISTAC/E54086A_000005/1.1.csv,1.1,0918db3dab0ede536f57176f40634e5538ecf71980d3b68649ffab36e507edda,2026-09-28T10:43:46.906341+00:00,https://www.gobiernodecanarias.org/istac/aviso_legal.html,consultations,phase6-v1,2018,fuerteventura,island,PEDIATRIA_AP,Servicio Pediatría AP; edad individual no publicada,consultations,DOMICILIO,17.0,consultations,OBSERVED,siap_original_service_v1,2018
https://datos.canarias.es/api/estadisticas/statistical-resources/v1.0/datasets/ISTAC/E54086A_000005/1.1.csv,1.1,0918db3dab0ede536f57176f40634e5538ecf71980d3b68649ffab36e507edda,2026-09-28T10:43:46.906341+00:00,https://www.gobiernodecanarias.org/istac/aviso_legal.html,consultations,phase6-v1,2018,fuerteventura,island,PEDIATRIA_AP,Servicio Pediatría AP; edad individual no publicada,consultations,TELECONSULTA,,consultations,NOT_AVAILABLE,siap_original_service_v1,2018
https://datos.canarias.es/api/estadisticas/statistical-resources/v1.0/datasets/ISTAC/E54086A_000005/1.1.csv,1.1,0918db3dab0ede536f57176f40634e5538ecf71980d3b68649ffab36e507edda,2026-09-28T10:43:46.906341+00:00,https://www.gobiernodecanarias.org/istac/aviso_legal.html,consultations,phase6-v1,2018,fuerteventura,island,PEDIATRIA_AP,Servicio Pediatría AP; edad individual no publicada,consultations,_T,68029.0,consultations,OBSERVED,siap_original_service_v1,2018
https://datos.canarias.es/api/estadisticas/statistical-resources/v1.0/datasets/ISTAC/E54086A_000005/1.1.csv,1.1,0918db3dab0ede536f57176f40634e5538ecf71980d3b68649ffab36e507edda,2026-09-28T10:43:46.906341+00:00,https://www.gobiernodecanarias.org/istac/aviso_legal.html,consultations,phase6-v1,2018,fuerteventura,island,PEDIATRIA_AP,Servicio Pediatría AP; edad individual no publicada,consultations,CENTRO,68012.0,consultations,OBSERVED,siap_original_service_v1,2018
https://datos.canarias.es/api/estadisticas/statistical-resources/v1.0/datasets/ISTAC/E54086A_000005/1.1.csv,1.1,0918db3dab0ede536f57176f40634e5538ecf71980d3b68649ffab36e507edda,2026-09-28T10:43:46.906341+00:00,https://www.gobiernodecanarias.org/istac/aviso_legal.html,consultations,phase6-v1,2018,gran-canaria,island,PEDIATRIA_AP,Servicio Pediatría AP; edad individual no publicada,consultations,DOMICILIO,126.0,consultations,OBSERVED,siap_original_service_v1,2018
https://datos.canarias.es/api/estadisticas/statistical-resources/v1.0/datasets/ISTAC/E54086A_000005/1.1.csv,1.1,0918db3dab0ede536f57176f40634e5538ecf71980d3b68649ffab36e507edda,2026-09-28T10:43:46.906341+00:00,https://www.gobiernodecanarias.org/istac/aviso_legal.html,consultations,phase6-v1,2018,gran-canaria,island,PEDIATRIA_AP,Servicio Pediatría AP; edad individual no publicada,consultations,TELECONSULTA,,consultations,NOT_AVAILABLE,siap_original_service_v1,2018
https://datos.canarias.es/api/estadisticas/statistical-resources/v1.0/datasets/ISTAC/E54086A_000005/1.1.csv,1.1,0918db3dab0ede536f57176f40634e5538ecf71980d3b68649ffab36e507edda,2026-09-28T10:43:46.906341+00:00,https://www.gobiernodecanarias.org/istac/aviso_legal.html,consultations,phase6-v1,2018,gran-canaria,island,PEDIATRIA_AP,Servicio Pediatría AP; edad individual no publicada,consultations,_T,500273.0,consultations,OBSERVED,siap_original_service_v1,2018
https://datos.canarias.es/api/estadisticas/statistical-resources/v1.0/datasets/ISTAC/E54086A_000005/1.1.csv,1.1,0918db3dab0ede536f57176f40634e5538ecf71980d3b68649ffab36e507edda,2026-09-28T10:43:46.906341+00:00,https://www.gobiernodecanarias.org/istac/aviso_legal.html,consultations,phase6-v1,2018,gran-canaria,island,PEDIATRIA_AP,Servicio Pediatría AP; edad individual no publicada,consultations,CENTRO,500147.0,consultations,OBSERVED,siap_original_service_v1,2018
https://datos.canarias.es/api/estadisticas/statistical-resources/v1.0/datasets/ISTAC/E54086A_000005/1.1.csv,1.1,0918db3dab0ede536f57176f40634e5538ecf71980d3b68649ffab36e507edda,2026-09-28T10:43:46.906341+00:00,https://www.gobiernodecanarias.org/istac/aviso_legal.html,consultations,phase6-v1,2018,tenerife,island,PEDIATRIA_AP,Servicio Pediatría AP; edad individual no publicada,consultations,DOMICILIO,194.0,consultations,OBSERVED,siap_original_service_v1,2018
https://datos.canarias.es/api/estadisticas/statistical-resources/v1.0/datasets/ISTAC/E54086A_000005/1.1.csv,1.1,0918db3dab0ede536f57176f40634e5538ecf71980d3b68649ffab36e507edda,2026-09-28T10:43:46.906341+00:00,https://www.gobiernodecanarias.org/istac/aviso_legal.html,consultations,phase6-v1,2018,tenerife,island,PEDIATRIA_AP,Servicio Pediatría AP; edad individual no publicada,consultations,TELECONSULTA,,consultations,NOT_AVAILABLE,siap_original_service_v1,2018
https://datos.canarias.es/api/estadisticas/statistical-resources/v1.0/datasets/ISTAC/E54086A_000005/1.1.csv,1.1,0918db3dab0ede536f57176f40634e5538ecf71980d3b68649ffab36e507edda,2026-09-28T10:43:46.906341+00:00,https://www.gobiernodecanarias.org/istac/aviso_legal.html,consultations,phase6-v1,2018,tenerife,island,PEDIATRIA_AP,Servicio Pediatría AP; edad individual no publicada,consultations,_T,699393.0,consultations,OBSERVED,siap_original_service_v1,2018
https://datos.canarias.es/api/estadisticas/statistical-resources/v1.0/datasets/ISTAC/E54086A_000005/1.1.csv,1.1,0918db3dab0ede536f57176f40634e5538ecf71980d3b68649ffab36e507edda,2026-09-28T10:43:46.906341+00:00,https://www.gobiernodecanarias.org/istac/aviso_legal.html,consultations,phase6-v1,2018,tenerife,island,PEDIATRIA_AP,Servicio Pediatría AP; edad individual no publicada,consultations,CENTRO,699199.0,consultations,OBSERVED,siap_original_service_v1,2018
https://datos.canarias.es/api/estadisticas/statistical-resources/v1.0/datasets/ISTAC/E54086A_000005/1.1.csv,1.1,0918db3dab0ede536f57176f40634e5538ecf71980d3b68649ffab36e507edda,2026-09-28T10:43:46.906341+00:00,https://www.gobiernodecanarias.org/istac/aviso_legal.html,consultations,phase6-v1,2018,la-gomera,island,PEDIATRIA_AP,Servicio Pediatría AP; edad individual no publicada,consultations,DOMICILIO,1.0,consultations,OBSERVED,siap_original_service_v1,2018
https://datos.canarias.es/api/estadisticas/statistical-resources/v1.0/datasets/ISTAC/E54086A_000005/1.1.csv,1.1,0918db3dab0ede536f57176f40634e5538ecf71980d3b68649ffab36e507edda,2026-09-28T10:43:46.906341+00:00,https://www.gobiernodecanarias.org/istac/aviso_legal.html,consultations,phase6-v1,2018,la-gomera,island,PEDIATRIA_AP,Servicio Pediatría AP; edad individual no publicada,consultations,TELECONSULTA,,consultations,NOT_AVAILABLE,siap_original_service_v1,2018
https://datos.canarias.es/api/estadisticas/statistical-resources/v1.0/datasets/ISTAC/E54086A_000005/1.1.csv,1.1,0918db3dab0ede536f57176f40634e5538ecf71980d3b68649ffab36e507edda,2026-09-28T10:43:46.906341+00:00,https://www.gobiernodecanarias.org/istac/aviso_legal.html,consultations,phase6-v1,2018,la-gomera,island,PEDIATRIA_AP,Servicio Pediatría AP; edad individual no publicada,consultations,_T,5345.0,consultations,OBSERVED,siap_original_service_v1,2018
https://datos.canarias.es/api/estadisticas/statistical-resources/v1.0/datasets/ISTAC/E54086A_000005/1.1.csv,1.1,0918db3dab0ede536f57176f40634e5538ecf71980d3b68649ffab36e507edda,2026-09-28T10:43:46.906341+00:00,https://www.gobiernodecanarias.org/istac/aviso_legal.html,consultations,phase6-v1,2018,la-gomera,island,PEDIATRIA_AP,Servicio Pediatría AP; edad individual no publicada,consultations,CENTRO,5344.0,consultations,OBSERVED,siap_original_service_v1,2018
https://datos.canarias.es/api/estadisticas/statistical-resources/v1.0/datasets/ISTAC/E54086A_000005/1.1.csv,1.1,0918db3dab0ede536f57176f40634e5538ecf71980d3b68649ffab36e507edda,2026-09-28T10:43:46.906341+00:00,https://www.gobiernodecanarias.org/istac/aviso_legal.html,consultations,phase6-v1,2018,la-palma,island,PEDIATRIA_AP,Servicio Pediatría AP; edad individual no publicada,consultations,DOMICILIO,6.0,consultations,OBSERVED,siap_original_service_v1,2018
https://datos.canarias.es/api/estadisticas/statistical-resources/v1.0/datasets/ISTAC/E54086A_000005/1.1.csv,1.1,0918db3dab0ede536f57176f40634e5538ecf71980d3b68649ffab36e507edda,2026-09-28T10:43:46.906341+00:00,https://www.gobiernodecanarias.org/istac/aviso_legal.html,consultations,phase6-v1,2018,la-palma,island,PEDIATRIA_AP,Servicio Pediatría AP; edad individual no publicada,consultations,TELECONSULTA,,consultations,NOT_AVAILABLE,siap_original_service_v1,2018
https://datos.canarias.es/api/estadisticas/statistical-resources/v1.0/datasets/ISTAC/E54086A_000005/1.1.csv,1.1,0918db3dab0ede536f57176f40634e5538ecf71980d3b68649ffab36e507edda,2026-09-28T10:43:46.906341+00:00,https://www.gobiernodecanarias.org/istac/aviso_legal.html,consultations,phase6-v1,2018,la-palma,island,PEDIATRIA_AP,Servicio Pediatría AP; edad individual no publicada,consultations,_T,53758.0,consultations,OBSERVED,siap_original_service_v1,2018
https://datos.canarias.es/api/estadisticas/statistical-resources/v1.0/datasets/ISTAC/E54086A_000005/1.1.csv,1.1,0918db3dab0ede536f57176f40634e5538ecf71980d3b68649ffab36e507edda,2026-09-28T10:43:46.906341+00:00,https://www.gobiernodecanarias.org/istac/aviso_legal.html,consultations,phase6-v1,2018,la-palma,island,PEDIATRIA_AP,Servicio Pediatría AP; edad individual no publicada,consultations,CENTRO,53752.0,consultations,OBSERVED,siap_original_service_v1,2018
https://datos.canarias.es/api/estadisticas/statistical-resources/v1.0/datasets/ISTAC/E54086A_000005/1.1.csv,1.1,0918db3dab0ede536f57176f40634e5538ecf71980d3b68649ffab36e507edda,2026-09-28T10:43:46.906341+00:00,https://www.gobiernodecanarias.org/istac/aviso_legal.html,consultations,phase6-v1,2018,el-hierro,island,PEDIATRIA_AP,Servicio Pediatría AP; edad individual no publicada,consultations,DOMICILIO,3.0,consultations,OBSERVED,siap_original_service_v1,2018
https://datos.canarias.es/api/estadisticas/statistical-resources/v1.0/datasets/ISTAC/E54086A_000005/1.1.csv,1.1,0918db3dab0ede536f57176f40634e5538ecf71980d3b68649ffab36e507edda,2026-09-28T10:43:46.906341+00:00,https://www.gobiernodecanarias.org/istac/aviso_legal.html,consultations,phase6-v1,2018,el-hierro,island,PEDIATRIA_AP,Servicio Pediatría AP; edad individual no publicada,consultations,TELECONSULTA,,consultations,NOT_AVAILABLE,siap_original_service_v1,2018
https://datos.canarias.es/api/estadisticas/statistical-resources/v1.0/datasets/ISTAC/E54086A_000005/1.1.csv,1.1,0918db3dab0ede536f57176f40634e5538ecf71980d3b68649ffab36e507edda,2026-09-28T10:43:46.906341+00:00,https://www.gobiernodecanarias.org/istac/aviso_legal.html,consultations,phase6-v1,2018,el-hierro,island,PEDIATRIA_AP,Servicio Pediatría AP; edad individual no publicada,consultations,_T,6534.0,consultations,OBSERVED,siap_original_service_v1,2018
https://datos.canarias.es/api/estadisticas/statistical-resources/v1.0/datasets/ISTAC/E54086A_000005/1.1.csv,1.1,0918db3dab0ede536f57176f40634e5538ecf71980d3b68649ffab36e507edda,2026-09-28T10:43:46.906341+00:00,https://www.gobiernodecanarias.org/istac/aviso_legal.html,consultations,phase6-v1,2018,el-hierro,island,PEDIATRIA_AP,Servicio Pediatría AP; edad individual no publicada,consultations,CENTRO,6531.0,consultations,OBSERVED,siap_original_service_v1,2018
https://datos.canarias.es/api/estadisticas/statistical-resources/v1.0/datasets/ISTAC/E54086A_000005/1.1.csv,1.1,0918db3dab0ede536f57176f40634e5538ecf71980d3b68649ffab36e507edda,2026-09-28T10:43:46.906341+00:00,https://www.gobiernodecanarias.org/istac/aviso_legal.html,consultations,phase6-v1,2019,lanzarote,island,PEDIATRIA_AP,Servicio Pediatría AP; edad individual no publicada,consultations,DOMICILIO,13.0,consultations,OBSERVED,siap_original_service_v1,2019
https://datos.canarias.es/api/estadisticas/statistical-resources/v1.0/datasets/ISTAC/E54086A_000005/1.1.csv,1.1,0918db3dab0ede536f57176f40634e5538ecf71980d3b68649ffab36e507edda,2026-09-28T10:43:46.906341+00:00,https://www.gobiernodecanarias.org/istac/aviso_legal.html,consultations,phase6-v1,2019,lanzarote,island,PEDIATRIA_AP,Servicio Pediatría AP; edad individual no publicada,consultations,TELECONSULTA,1412.0,consultations,OBSERVED,siap_original_service_v1,2019
https://datos.canarias.es/api/estadisticas/statistical-resources/v1.0/datasets/ISTAC/E54086A_000005/1.1.csv,1.1,0918db3dab0ede536f57176f40634e5538ecf71980d3b68649ffab36e507edda,2026-09-28T10:43:46.906341+00:00,https://www.gobiernodecanarias.org/istac/aviso_legal.html,consultations,phase6-v1,2019,lanzarote,island,PEDIATRIA_AP,Servicio Pediatría AP; edad individual no publicada,consultations,_T,113890.0,consultations,OBSERVED,siap_original_service_v1,2019
https://datos.canarias.es/api/estadisticas/statistical-resources/v1.0/datasets/ISTAC/E54086A_000005/1.1.csv,1.1,0918db3dab0ede536f57176f40634e5538ecf71980d3b68649ffab36e507edda,2026-09-28T10:43:46.906341+00:00,https://www.gobiernodecanarias.org/istac/aviso_legal.html,consultations,phase6-v1,2019,lanzarote,island,PEDIATRIA_AP,Servicio Pediatría AP; edad individual no publicada,consultations,CENTRO,112465.0,consultations,OBSERVED,siap_original_service_v1,2019
https://datos.canarias.es/api/estadisticas/statistical-resources/v1.0/datasets/ISTAC/E54086A_000005/1.1.csv,1.1,0918db3dab0ede536f57176f40634e5538ecf71980d3b68649ffab36e507edda,2026-09-28T10:43:46.906341+00:00,https://www.gobiernodecanarias.org/istac/aviso_legal.html,consultations,phase6-v1,2019,fuerteventura,island,PEDIATRIA_AP,Servicio Pediatría AP; edad individual no publicada,consultations,DOMICILIO,18.0,consultations,OBSERVED,siap_original_service_v1,2019
https://datos.canarias.es/api/estadisticas/statistical-resources/v1.0/datasets/ISTAC/E54086A_000005/1.1.csv,1.1,0918db3dab0ede536f57176f40634e5538ecf71980d3b68649ffab36e507edda,2026-09-28T10:43:46.906341+00:00,https://www.gobiernodecanarias.org/istac/aviso_legal.html,consultations,phase6-v1,2019,fuerteventura,island,PEDIATRIA_AP,Servicio Pediatría AP; edad individual no publicada,consultations,TELECONSULTA,1083.0,consultations,OBSERVED,siap_original_service_v1,2019
https://datos.canarias.es/api/estadisticas/statistical-resources/v1.0/datasets/ISTAC/E54086A_000005/1.1.csv,1.1,0918db3dab0ede536f57176f40634e5538ecf71980d3b68649ffab36e507edda,2026-09-28T10:43:46.906341+00:00,https://www.gobiernodecanarias.org/istac/aviso_legal.html,consultations,phase6-v1,2019,fuerteventura,island,PEDIATRIA_AP,Servicio Pediatría AP; edad individual no publicada,consultations,_T,67193.0,consultations,OBSERVED,siap_original_service_v1,2019
https://datos.canarias.es/api/estadisticas/statistical-resources/v1.0/datasets/ISTAC/E54086A_000005/1.1.csv,1.1,0918db3dab0ede536f57176f40634e5538ecf71980d3b68649ffab36e507edda,2026-09-28T10:43:46.906341+00:00,https://www.gobiernodecanarias.org/istac/aviso_legal.html,consultations,phase6-v1,2019,fuerteventura,island,PEDIATRIA_AP,Servicio Pediatría AP; edad individual no publicada,consultations,CENTRO,66092.0,consultations,OBSERVED,siap_original_service_v1,2019
https://datos.canarias.es/api/estadisticas/statistical-resources/v1.0/datasets/ISTAC/E54086A_000005/1.1.csv,1.1,0918db3dab0ede536f57176f40634e5538ecf71980d3b68649ffab36e507edda,2026-09-28T10:43:46.906341+00:00,https://www.gobiernodecanarias.org/istac/aviso_legal.html,consultations,phase6-v1,2019,gran-canaria,island,PEDIATRIA_AP,Servicio Pediatría AP; edad individual no publicada,consultations,DOMICILIO,111.0,consultations,OBSERVED,siap_original_service_v1,2019
https://datos.canarias.es/api/estadisticas/statistical-resources/v1.0/datasets/ISTAC/E54086A_000005/1.1.csv,1.1,0918db3dab0ede536f57176f40634e5538ecf71980d3b68649ffab36e507edda,2026-09-28T10:43:46.906341+00:00,https://www.gobiernodecanarias.org/istac/aviso_legal.html,consultations,phase6-v1,2019,gran-canaria,island,PEDIATRIA_AP,Servicio Pediatría AP; edad individual no publicada,consultations,TELECONSULTA,22627.0,consultations,OBSERVED,siap_original_service_v1,2019
https://datos.canarias.es/api/estadisticas/statistical-resources/v1.0/datasets/ISTAC/E54086A_000005/1.1.csv,1.1,0918db3dab0ede536f57176f40634e5538ecf71980d3b68649ffab36e507edda,2026-09-28T10:43:46.906341+00:00,https://www.gobiernodecanarias.org/istac/aviso_legal.html,consultations,phase6-v1,2019,gran-canaria,island,PEDIATRIA_AP,Servicio Pediatría AP; edad individual no publicada,consultations,_T,496004.0,consultations,OBSERVED,siap_original_service_v1,2019
https://datos.canarias.es/api/estadisticas/statistical-resources/v1.0/datasets/ISTAC/E54086A_000005/1.1.csv,1.1,0918db3dab0ede536f57176f40634e5538ecf71980d3b68649ffab36e507edda,2026-09-28T10:43:46.906341+00:00,https://www.gobiernodecanarias.org/istac/aviso_legal.html,consultations,phase6-v1,2019,gran-canaria,island,PEDIATRIA_AP,Servicio Pediatría AP; edad individual no publicada,consultations,CENTRO,473266.0,consultations,OBSERVED,siap_original_service_v1,2019
https://datos.canarias.es/api/estadisticas/statistical-resources/v1.0/datasets/ISTAC/E54086A_000005/1.1.csv,1.1,0918db3dab0ede536f57176f40634e5538ecf71980d3b68649ffab36e507edda,2026-09-28T10:43:46.906341+00:00,https://www.gobiernodecanarias.org/istac/aviso_legal.html,consultations,phase6-v1,2019,tenerife,island,PEDIATRIA_AP,Servicio Pediatría AP; edad individual no publicada,consultations,DOMICILIO,188.0,consultations,OBSERVED,siap_original_service_v1,2019
https://datos.canarias.es/api/estadisticas/statistical-resources/v1.0/datasets/ISTAC/E54086A_000005/1.1.csv,1.1,0918db3dab0ede536f57176f40634e5538ecf71980d3b68649ffab36e507edda,2026-09-28T10:43:46.906341+00:00,https://www.gobiernodecanarias.org/istac/aviso_legal.html,consultations,phase6-v1,2019,tenerife,island,PEDIATRIA_AP,Servicio Pediatría AP; edad individual no publicada,consultations,TELECONSULTA,22283.0,consultations,OBSERVED,siap_original_service_v1,2019
https://datos.canarias.es/api/estadisticas/statistical-resources/v1.0/datasets/ISTAC/E54086A_000005/1.1.csv,1.1,0918db3dab0ede536f57176f40634e5538ecf71980d3b68649ffab36e507edda,2026-09-28T10:43:46.906341+00:00,https://www.gobiernodecanarias.org/istac/aviso_legal.html,consultations,phase6-v1,2019,tenerife,island,PEDIATRIA_AP,Servicio Pediatría AP; edad individual no publicada,consultations,_T,707461.0,consultations,OBSERVED,siap_original_service_v1,2019
https://datos.canarias.es/api/estadisticas/statistical-resources/v1.0/datasets/ISTAC/E54086A_000005/1.1.csv,1.1,0918db3dab0ede536f57176f40634e5538ecf71980d3b68649ffab36e507edda,2026-09-28T10:43:46.906341+00:00,https://www.gobiernodecanarias.org/istac/aviso_legal.html,consultations,phase6-v1,2019,tenerife,island,PEDIATRIA_AP,Servicio Pediatría AP; edad individual no publicada,consultations,CENTRO,684990.0,consultations,OBSERVED,siap_original_service_v1,2019
https://datos.canarias.es/api/estadisticas/statistical-resources/v1.0/datasets/ISTAC/E54086A_000005/1.1.csv,1.1,0918db3dab0ede536f57176f40634e5538ecf71980d3b68649ffab36e507edda,2026-09-28T10:43:46.906341+00:00,https://www.gobiernodecanarias.org/istac/aviso_legal.html,consultations,phase6-v1,2019,la-gomera,island,PEDIATRIA_AP,Servicio Pediatría AP; edad individual no publicada,consultations,DOMICILIO,6.0,consultations,OBSERVED,siap_original_service_v1,2019
https://datos.canarias.es/api/estadisticas/statistical-resources/v1.0/datasets/ISTAC/E54086A_000005/1.1.csv,1.1,0918db3dab0ede536f57176f40634e5538ecf71980d3b68649ffab36e507edda,2026-09-28T10:43:46.906341+00:00,https://www.gobiernodecanarias.org/istac/aviso_legal.html,consultations,phase6-v1,2019,la-gomera,island,PEDIATRIA_AP,Servicio Pediatría AP; edad individual no publicada,consultations,TELECONSULTA,160.0,consultations,OBSERVED,siap_original_service_v1,2019
https://datos.canarias.es/api/estadisticas/statistical-resources/v1.0/datasets/ISTAC/E54086A_000005/1.1.csv,1.1,0918db3dab0ede536f57176f40634e5538ecf71980d3b68649ffab36e507edda,2026-09-28T10:43:46.906341+00:00,https://www.gobiernodecanarias.org/istac/aviso_legal.html,consultations,phase6-v1,2019,la-gomera,island,PEDIATRIA_AP,Servicio Pediatría AP; edad individual no publicada,consultations,_T,5572.0,consultations,OBSERVED,siap_original_service_v1,2019
https://datos.canarias.es/api/estadisticas/statistical-resources/v1.0/datasets/ISTAC/E54086A_000005/1.1.csv,1.1,0918db3dab0ede536f57176f40634e5538ecf71980d3b68649ffab36e507edda,2026-09-28T10:43:46.906341+00:00,https://www.gobiernodecanarias.org/istac/aviso_legal.html,consultations,phase6-v1,2019,la-gomera,island,PEDIATRIA_AP,Servicio Pediatría AP; edad individual no publicada,consultations,CENTRO,5406.0,consultations,OBSERVED,siap_original_service_v1,2019
https://datos.canarias.es/api/estadisticas/statistical-resources/v1.0/datasets/ISTAC/E54086A_000005/1.1.csv,1.1,0918db3dab0ede536f57176f40634e5538ecf71980d3b68649ffab36e507edda,2026-09-28T10:43:46.906341+00:00,https://www.gobiernodecanarias.org/istac/aviso_legal.html,consultations,phase6-v1,2019,la-palma,island,PEDIATRIA_AP,Servicio Pediatría AP; edad individual no publicada,consultations,DOMICILIO,7.0,consultations,OBSERVED,siap_original_service_v1,2019
https://datos.canarias.es/api/estadisticas/statistical-resources/v1.0/datasets/ISTAC/E54086A_000005/1.1.csv,1.1,0918db3dab0ede536f57176f40634e5538ecf71980d3b68649ffab36e507edda,2026-09-28T10:43:46.906341+00:00,https://www.gobiernodecanarias.org/istac/aviso_legal.html,consultations,phase6-v1,2019,la-palma,island,PEDIATRIA_AP,Servicio Pediatría AP; edad individual no publicada,consultations,TELECONSULTA,1598.0,consultations,OBSERVED,siap_original_service_v1,2019
https://datos.canarias.es/api/estadisticas/statistical-resources/v1.0/datasets/ISTAC/E54086A_000005/1.1.csv,1.1,0918db3dab0ede536f57176f40634e5538ecf71980d3b68649ffab36e507edda,2026-09-28T10:43:46.906341+00:00,https://www.gobiernodecanarias.org/istac/aviso_legal.html,consultations,phase6-v1,2019,la-palma,island,PEDIATRIA_AP,Servicio Pediatría AP; edad individual no publicada,consultations,_T,54373.0,consultations,OBSERVED,siap_original_service_v1,2019
https://datos.canarias.es/api/estadisticas/statistical-resources/v1.0/datasets/ISTAC/E54086A_000005/1.1.csv,1.1,0918db3dab0ede536f57176f40634e5538ecf71980d3b68649ffab36e507edda,2026-09-28T10:43:46.906341+00:00,https://www.gobiernodecanarias.org/istac/aviso_legal.html,consultations,phase6-v1,2019,la-palma,island,PEDIATRIA_AP,Servicio Pediatría AP; edad individual no publicada,consultations,CENTRO,52768.0,consultations,OBSERVED,siap_original_service_v1,2019
https://datos.canarias.es/api/estadisticas/statistical-resources/v1.0/datasets/ISTAC/E54086A_000005/1.1.csv,1.1,0918db3dab0ede536f57176f40634e5538ecf71980d3b68649ffab36e507edda,2026-09-28T10:43:46.906341+00:00,https://www.gobiernodecanarias.org/istac/aviso_legal.html,consultations,phase6-v1,2019,el-hierro,island,PEDIATRIA_AP,Servicio Pediatría AP; edad individual no publicada,consultations,DOMICILIO,0.0,consultations,OBSERVED,siap_original_service_v1,2019
https://datos.canarias.es/api/estadisticas/statistical-resources/v1.0/datasets/ISTAC/E54086A_000005/1.1.csv,1.1,0918db3dab0ede536f57176f40634e5538ecf71980d3b68649ffab36e507edda,2026-09-28T10:43:46.906341+00:00,https://www.gobiernodecanarias.org/istac/aviso_legal.html,consultations,phase6-v1,2019,el-hierro,island,PEDIATRIA_AP,Servicio Pediatría AP; edad individual no publicada,consultations,TELECONSULTA,201.0,consultations,OBSERVED,siap_original_service_v1,2019
https://datos.canarias.es/api/estadisticas/statistical-resources/v1.0/datasets/ISTAC/E54086A_000005/1.1.csv,1.1,0918db3dab0ede536f57176f40634e5538ecf71980d3b68649ffab36e507edda,2026-09-28T10:43:46.906341+00:00,https://www.gobiernodecanarias.org/istac/aviso_legal.html,consultations,phase6-v1,2019,el-hierro,island,PEDIATRIA_AP,Servicio Pediatría AP; edad individual no publicada,consultations,_T,6418.0,consultations,OBSERVED,siap_original_service_v1,2019
https://datos.canarias.es/api/estadisticas/statistical-resources/v1.0/datasets/ISTAC/E54086A_000005/1.1.csv,1.1,0918db3dab0ede536f57176f40634e5538ecf71980d3b68649ffab36e507edda,2026-09-28T10:43:46.906341+00:00,https://www.gobiernodecanarias.org/istac/aviso_legal.html,consultations,phase6-v1,2019,el-hierro,island,PEDIATRIA_AP,Servicio Pediatría AP; edad individual no publicada,consultations,CENTRO,6217.0,consultations,OBSERVED,siap_original_service_v1,2019
https://datos.canarias.es/api/estadisticas/statistical-resources/v1.0/datasets/ISTAC/E54086A_000005/1.1.csv,1.1,0918db3dab0ede536f57176f40634e5538ecf71980d3b68649ffab36e507edda,2026-09-28T10:43:46.906341+00:00,https://www.gobiernodecanarias.org/istac/aviso_legal.html,consultations,phase6-v1,2020,lanzarote,island,PEDIATRIA_AP,Servicio Pediatría AP; edad individual no publicada,consultations,DOMICILIO,8.0,consultations,OBSERVED,siap_original_service_v1,2020
https://datos.canarias.es/api/estadisticas/statistical-resources/v1.0/datasets/ISTAC/E54086A_000005/1.1.csv,1.1,0918db3dab0ede536f57176f40634e5538ecf71980d3b68649ffab36e507edda,2026-09-28T10:43:46.906341+00:00,https://www.gobiernodecanarias.org/istac/aviso_legal.html,consultations,phase6-v1,2020,lanzarote,island,PEDIATRIA_AP,Servicio Pediatría AP; edad individual no publicada,consultations,TELECONSULTA,22673.0,consultations,OBSERVED,siap_original_service_v1,2020
https://datos.canarias.es/api/estadisticas/statistical-resources/v1.0/datasets/ISTAC/E54086A_000005/1.1.csv,1.1,0918db3dab0ede536f57176f40634e5538ecf71980d3b68649ffab36e507edda,2026-09-28T10:43:46.906341+00:00,https://www.gobiernodecanarias.org/istac/aviso_legal.html,consultations,phase6-v1,2020,lanzarote,island,PEDIATRIA_AP,Servicio Pediatría AP; edad individual no publicada,consultations,_T,94026.0,consultations,OBSERVED,siap_original_service_v1,2020
https://datos.canarias.es/api/estadisticas/statistical-resources/v1.0/datasets/ISTAC/E54086A_000005/1.1.csv,1.1,0918db3dab0ede536f57176f40634e5538ecf71980d3b68649ffab36e507edda,2026-09-28T10:43:46.906341+00:00,https://www.gobiernodecanarias.org/istac/aviso_legal.html,consultations,phase6-v1,2020,lanzarote,island,PEDIATRIA_AP,Servicio Pediatría AP; edad individual no publicada,consultations,CENTRO,71345.0,consultations,OBSERVED,siap_original_service_v1,2020
https://datos.canarias.es/api/estadisticas/statistical-resources/v1.0/datasets/ISTAC/E54086A_000005/1.1.csv,1.1,0918db3dab0ede536f57176f40634e5538ecf71980d3b68649ffab36e507edda,2026-09-28T10:43:46.906341+00:00,https://www.gobiernodecanarias.org/istac/aviso_legal.html,consultations,phase6-v1,2020,fuerteventura,island,PEDIATRIA_AP,Servicio Pediatría AP; edad individual no publicada,consultations,DOMICILIO,10.0,consultations,OBSERVED,siap_original_service_v1,2020
https://datos.canarias.es/api/estadisticas/statistical-resources/v1.0/datasets/ISTAC/E54086A_000005/1.1.csv,1.1,0918db3dab0ede536f57176f40634e5538ecf71980d3b68649ffab36e507edda,2026-09-28T10:43:46.906341+00:00,https://www.gobiernodecanarias.org/istac/aviso_legal.html,consultations,phase6-v1,2020,fuerteventura,island,PEDIATRIA_AP,Servicio Pediatría AP; edad individual no publicada,consultations,TELECONSULTA,17290.0,consultations,OBSERVED,siap_original_service_v1,2020
https://datos.canarias.es/api/estadisticas/statistical-resources/v1.0/datasets/ISTAC/E54086A_000005/1.1.csv,1.1,0918db3dab0ede536f57176f40634e5538ecf71980d3b68649ffab36e507edda,2026-09-28T10:43:46.906341+00:00,https://www.gobiernodecanarias.org/istac/aviso_legal.html,consultations,phase6-v1,2020,fuerteventura,island,PEDIATRIA_AP,Servicio Pediatría AP; edad individual no publicada,consultations,_T,62969.0,consultations,OBSERVED,siap_original_service_v1,2020
https://datos.canarias.es/api/estadisticas/statistical-resources/v1.0/datasets/ISTAC/E54086A_000005/1.1.csv,1.1,0918db3dab0ede536f57176f40634e5538ecf71980d3b68649ffab36e507edda,2026-09-28T10:43:46.906341+00:00,https://www.gobiernodecanarias.org/istac/aviso_legal.html,consultations,phase6-v1,2020,fuerteventura,island,PEDIATRIA_AP,Servicio Pediatría AP; edad individual no publicada,consultations,CENTRO,45669.0,consultations,OBSERVED,siap_original_service_v1,2020
https://datos.canarias.es/api/estadisticas/statistical-resources/v1.0/datasets/ISTAC/E54086A_000005/1.1.csv,1.1,0918db3dab0ede536f57176f40634e5538ecf71980d3b68649ffab36e507edda,2026-09-28T10:43:46.906341+00:00,https://www.gobiernodecanarias.org/istac/aviso_legal.html,consultations,phase6-v1,2020,gran-canaria,island,PEDIATRIA_AP,Servicio Pediatría AP; edad individual no publicada,consultations,DOMICILIO,171.0,consultations,OBSERVED,siap_original_service_v1,2020
https://datos.canarias.es/api/estadisticas/statistical-resources/v1.0/datasets/ISTAC/E54086A_000005/1.1.csv,1.1,0918db3dab0ede536f57176f40634e5538ecf71980d3b68649ffab36e507edda,2026-09-28T10:43:46.906341+00:00,https://www.gobiernodecanarias.org/istac/aviso_legal.html,consultations,phase6-v1,2020,gran-canaria,island,PEDIATRIA_AP,Servicio Pediatría AP; edad individual no publicada,consultations,TELECONSULTA,189074.0,consultations,OBSERVED,siap_original_service_v1,2020
https://datos.canarias.es/api/estadisticas/statistical-resources/v1.0/datasets/ISTAC/E54086A_000005/1.1.csv,1.1,0918db3dab0ede536f57176f40634e5538ecf71980d3b68649ffab36e507edda,2026-09-28T10:43:46.906341+00:00,https://www.gobiernodecanarias.org/istac/aviso_legal.html,consultations,phase6-v1,2020,gran-canaria,island,PEDIATRIA_AP,Servicio Pediatría AP; edad individual no publicada,consultations,_T,447800.0,consultations,OBSERVED,siap_original_service_v1,2020
https://datos.canarias.es/api/estadisticas/statistical-resources/v1.0/datasets/ISTAC/E54086A_000005/1.1.csv,1.1,0918db3dab0ede536f57176f40634e5538ecf71980d3b68649ffab36e507edda,2026-09-28T10:43:46.906341+00:00,https://www.gobiernodecanarias.org/istac/aviso_legal.html,consultations,phase6-v1,2020,gran-canaria,island,PEDIATRIA_AP,Servicio Pediatría AP; edad individual no publicada,consultations,CENTRO,258555.0,consultations,OBSERVED,siap_original_service_v1,2020
https://datos.canarias.es/api/estadisticas/statistical-resources/v1.0/datasets/ISTAC/E54086A_000005/1.1.csv,1.1,0918db3dab0ede536f57176f40634e5538ecf71980d3b68649ffab36e507edda,2026-09-28T10:43:46.906341+00:00,https://www.gobiernodecanarias.org/istac/aviso_legal.html,consultations,phase6-v1,2020,tenerife,island,PEDIATRIA_AP,Servicio Pediatría AP; edad individual no publicada,consultations,DOMICILIO,107.0,consultations,OBSERVED,siap_original_service_v1,2020
https://datos.canarias.es/api/estadisticas/statistical-resources/v1.0/datasets/ISTAC/E54086A_000005/1.1.csv,1.1,0918db3dab0ede536f57176f40634e5538ecf71980d3b68649ffab36e507edda,2026-09-28T10:43:46.906341+00:00,https://www.gobiernodecanarias.org/istac/aviso_legal.html,consultations,phase6-v1,2020,tenerife,island,PEDIATRIA_AP,Servicio Pediatría AP; edad individual no publicada,consultations,TELECONSULTA,237069.0,consultations,OBSERVED,siap_original_service_v1,2020
https://datos.canarias.es/api/estadisticas/statistical-resources/v1.0/datasets/ISTAC/E54086A_000005/1.1.csv,1.1,0918db3dab0ede536f57176f40634e5538ecf71980d3b68649ffab36e507edda,2026-09-28T10:43:46.906341+00:00,https://www.gobiernodecanarias.org/istac/aviso_legal.html,consultations,phase6-v1,2020,tenerife,island,PEDIATRIA_AP,Servicio Pediatría AP; edad individual no publicada,consultations,_T,633662.0,consultations,OBSERVED,siap_original_service_v1,2020
https://datos.canarias.es/api/estadisticas/statistical-resources/v1.0/datasets/ISTAC/E54086A_000005/1.1.csv,1.1,0918db3dab0ede536f57176f40634e5538ecf71980d3b68649ffab36e507edda,2026-09-28T10:43:46.906341+00:00,https://www.gobiernodecanarias.org/istac/aviso_legal.html,consultations,phase6-v1,2020,tenerife,island,PEDIATRIA_AP,Servicio Pediatría AP; edad individual no publicada,consultations,CENTRO,396486.0,consultations,OBSERVED,siap_original_service_v1,2020
https://datos.canarias.es/api/estadisticas/statistical-resources/v1.0/datasets/ISTAC/E54086A_000005/1.1.csv,1.1,0918db3dab0ede536f57176f40634e5538ecf71980d3b68649ffab36e507edda,2026-09-28T10:43:46.906341+00:00,https://www.gobiernodecanarias.org/istac/aviso_legal.html,consultations,phase6-v1,2020,la-gomera,island,PEDIATRIA_AP,Servicio Pediatría AP; edad individual no publicada,consultations,DOMICILIO,2.0,consultations,OBSERVED,siap_original_service_v1,2020
https://datos.canarias.es/api/estadisticas/statistical-resources/v1.0/datasets/ISTAC/E54086A_000005/1.1.csv,1.1,0918db3dab0ede536f57176f40634e5538ecf71980d3b68649ffab36e507edda,2026-09-28T10:43:46.906341+00:00,https://www.gobiernodecanarias.org/istac/aviso_legal.html,consultations,phase6-v1,2020,la-gomera,island,PEDIATRIA_AP,Servicio Pediatría AP; edad individual no publicada,consultations,TELECONSULTA,2141.0,consultations,OBSERVED,siap_original_service_v1,2020
https://datos.canarias.es/api/estadisticas/statistical-resources/v1.0/datasets/ISTAC/E54086A_000005/1.1.csv,1.1,0918db3dab0ede536f57176f40634e5538ecf71980d3b68649ffab36e507edda,2026-09-28T10:43:46.906341+00:00,https://www.gobiernodecanarias.org/istac/aviso_legal.html,consultations,phase6-v1,2020,la-gomera,island,PEDIATRIA_AP,Servicio Pediatría AP; edad individual no publicada,consultations,_T,5566.0,consultations,OBSERVED,siap_original_service_v1,2020
https://datos.canarias.es/api/estadisticas/statistical-resources/v1.0/datasets/ISTAC/E54086A_000005/1.1.csv,1.1,0918db3dab0ede536f57176f40634e5538ecf71980d3b68649ffab36e507edda,2026-09-28T10:43:46.906341+00:00,https://www.gobiernodecanarias.org/istac/aviso_legal.html,consultations,phase6-v1,2020,la-gomera,island,PEDIATRIA_AP,Servicio Pediatría AP; edad individual no publicada,consultations,CENTRO,3423.0,consultations,OBSERVED,siap_original_service_v1,2020
https://datos.canarias.es/api/estadisticas/statistical-resources/v1.0/datasets/ISTAC/E54086A_000005/1.1.csv,1.1,0918db3dab0ede536f57176f40634e5538ecf71980d3b68649ffab36e507edda,2026-09-28T10:43:46.906341+00:00,https://www.gobiernodecanarias.org/istac/aviso_legal.html,consultations,phase6-v1,2020,la-palma,island,PEDIATRIA_AP,Servicio Pediatría AP; edad individual no publicada,consultations,DOMICILIO,3.0,consultations,OBSERVED,siap_original_service_v1,2020
https://datos.canarias.es/api/estadisticas/statistical-resources/v1.0/datasets/ISTAC/E54086A_000005/1.1.csv,1.1,0918db3dab0ede536f57176f40634e5538ecf71980d3b68649ffab36e507edda,2026-09-28T10:43:46.906341+00:00,https://www.gobiernodecanarias.org/istac/aviso_legal.html,consultations,phase6-v1,2020,la-palma,island,PEDIATRIA_AP,Servicio Pediatría AP; edad individual no publicada,consultations,TELECONSULTA,10934.0,consultations,OBSERVED,siap_original_service_v1,2020
https://datos.canarias.es/api/estadisticas/statistical-resources/v1.0/datasets/ISTAC/E54086A_000005/1.1.csv,1.1,0918db3dab0ede536f57176f40634e5538ecf71980d3b68649ffab36e507edda,2026-09-28T10:43:46.906341+00:00,https://www.gobiernodecanarias.org/istac/aviso_legal.html,consultations,phase6-v1,2020,la-palma,island,PEDIATRIA_AP,Servicio Pediatría AP; edad individual no publicada,consultations,_T,42725.0,consultations,OBSERVED,siap_original_service_v1,2020
https://datos.canarias.es/api/estadisticas/statistical-resources/v1.0/datasets/ISTAC/E54086A_000005/1.1.csv,1.1,0918db3dab0ede536f57176f40634e5538ecf71980d3b68649ffab36e507edda,2026-09-28T10:43:46.906341+00:00,https://www.gobiernodecanarias.org/istac/aviso_legal.html,consultations,phase6-v1,2020,la-palma,island,PEDIATRIA_AP,Servicio Pediatría AP; edad individual no publicada,consultations,CENTRO,31788.0,consultations,OBSERVED,siap_original_service_v1,2020
https://datos.canarias.es/api/estadisticas/statistical-resources/v1.0/datasets/ISTAC/E54086A_000005/1.1.csv,1.1,0918db3dab0ede536f57176f40634e5538ecf71980d3b68649ffab36e507edda,2026-09-28T10:43:46.906341+00:00,https://www.gobiernodecanarias.org/istac/aviso_legal.html,consultations,phase6-v1,2020,el-hierro,island,PEDIATRIA_AP,Servicio Pediatría AP; edad individual no publicada,consultations,DOMICILIO,1.0,consultations,OBSERVED,siap_original_service_v1,2020
https://datos.canarias.es/api/estadisticas/statistical-resources/v1.0/datasets/ISTAC/E54086A_000005/1.1.csv,1.1,0918db3dab0ede536f57176f40634e5538ecf71980d3b68649ffab36e507edda,2026-09-28T10:43:46.906341+00:00,https://www.gobiernodecanarias.org/istac/aviso_legal.html,consultations,phase6-v1,2020,el-hierro,island,PEDIATRIA_AP,Servicio Pediatría AP; edad individual no publicada,consultations,TELECONSULTA,898.0,consultations,OBSERVED,siap_original_service_v1,2020
https://datos.canarias.es/api/estadisticas/statistical-resources/v1.0/datasets/ISTAC/E54086A_000005/1.1.csv,1.1,0918db3dab0ede536f57176f40634e5538ecf71980d3b68649ffab36e507edda,2026-09-28T10:43:46.906341+00:00,https://www.gobiernodecanarias.org/istac/aviso_legal.html,consultations,phase6-v1,2020,el-hierro,island,PEDIATRIA_AP,Servicio Pediatría AP; edad individual no publicada,consultations,_T,5354.0,consultations,OBSERVED,siap_original_service_v1,2020
https://datos.canarias.es/api/estadisticas/statistical-resources/v1.0/datasets/ISTAC/E54086A_000005/1.1.csv,1.1,0918db3dab0ede536f57176f40634e5538ecf71980d3b68649ffab36e507edda,2026-09-28T10:43:46.906341+00:00,https://www.gobiernodecanarias.org/istac/aviso_legal.html,consultations,phase6-v1,2020,el-hierro,island,PEDIATRIA_AP,Servicio Pediatría AP; edad individual no publicada,consultations,CENTRO,4455.0,consultations,OBSERVED,siap_original_service_v1,2020
https://datos.canarias.es/api/estadisticas/statistical-resources/v1.0/datasets/ISTAC/E54086A_000005/1.1.csv,1.1,0918db3dab0ede536f57176f40634e5538ecf71980d3b68649ffab36e507edda,2026-09-28T10:43:46.906341+00:00,https://www.gobiernodecanarias.org/istac/aviso_legal.html,consultations,phase6-v1,2021,lanzarote,island,PEDIATRIA_AP,Servicio Pediatría AP; edad individual no publicada,consultations,DOMICILIO,0.0,consultations,OBSERVED,siap_original_service_v1,2021
https://datos.canarias.es/api/estadisticas/statistical-resources/v1.0/datasets/ISTAC/E54086A_000005/1.1.csv,1.1,0918db3dab0ede536f57176f40634e5538ecf71980d3b68649ffab36e507edda,2026-09-28T10:43:46.906341+00:00,https://www.gobiernodecanarias.org/istac/aviso_legal.html,consultations,phase6-v1,2021,lanzarote,island,PEDIATRIA_AP,Servicio Pediatría AP; edad individual no publicada,consultations,TELECONSULTA,35965.0,consultations,OBSERVED,siap_original_service_v1,2021
https://datos.canarias.es/api/estadisticas/statistical-resources/v1.0/datasets/ISTAC/E54086A_000005/1.1.csv,1.1,0918db3dab0ede536f57176f40634e5538ecf71980d3b68649ffab36e507edda,2026-09-28T10:43:46.906341+00:00,https://www.gobiernodecanarias.org/istac/aviso_legal.html,consultations,phase6-v1,2021,lanzarote,island,PEDIATRIA_AP,Servicio Pediatría AP; edad individual no publicada,consultations,_T,104978.0,consultations,OBSERVED,siap_original_service_v1,2021
https://datos.canarias.es/api/estadisticas/statistical-resources/v1.0/datasets/ISTAC/E54086A_000005/1.1.csv,1.1,0918db3dab0ede536f57176f40634e5538ecf71980d3b68649ffab36e507edda,2026-09-28T10:43:46.906341+00:00,https://www.gobiernodecanarias.org/istac/aviso_legal.html,consultations,phase6-v1,2021,lanzarote,island,PEDIATRIA_AP,Servicio Pediatría AP; edad individual no publicada,consultations,CENTRO,69013.0,consultations,OBSERVED,siap_original_service_v1,2021
https://datos.canarias.es/api/estadisticas/statistical-resources/v1.0/datasets/ISTAC/E54086A_000005/1.1.csv,1.1,0918db3dab0ede536f57176f40634e5538ecf71980d3b68649ffab36e507edda,2026-09-28T10:43:46.906341+00:00,https://www.gobiernodecanarias.org/istac/aviso_legal.html,consultations,phase6-v1,2021,fuerteventura,island,PEDIATRIA_AP,Servicio Pediatría AP; edad individual no publicada,consultations,DOMICILIO,6.0,consultations,OBSERVED,siap_original_service_v1,2021
https://datos.canarias.es/api/estadisticas/statistical-resources/v1.0/datasets/ISTAC/E54086A_000005/1.1.csv,1.1,0918db3dab0ede536f57176f40634e5538ecf71980d3b68649ffab36e507edda,2026-09-28T10:43:46.906341+00:00,https://www.gobiernodecanarias.org/istac/aviso_legal.html,consultations,phase6-v1,2021,fuerteventura,island,PEDIATRIA_AP,Servicio Pediatría AP; edad individual no publicada,consultations,TELECONSULTA,21227.0,consultations,OBSERVED,siap_original_service_v1,2021
https://datos.canarias.es/api/estadisticas/statistical-resources/v1.0/datasets/ISTAC/E54086A_000005/1.1.csv,1.1,0918db3dab0ede536f57176f40634e5538ecf71980d3b68649ffab36e507edda,2026-09-28T10:43:46.906341+00:00,https://www.gobiernodecanarias.org/istac/aviso_legal.html,consultations,phase6-v1,2021,fuerteventura,island,PEDIATRIA_AP,Servicio Pediatría AP; edad individual no publicada,consultations,_T,69363.0,consultations,OBSERVED,siap_original_service_v1,2021
https://datos.canarias.es/api/estadisticas/statistical-resources/v1.0/datasets/ISTAC/E54086A_000005/1.1.csv,1.1,0918db3dab0ede536f57176f40634e5538ecf71980d3b68649ffab36e507edda,2026-09-28T10:43:46.906341+00:00,https://www.gobiernodecanarias.org/istac/aviso_legal.html,consultations,phase6-v1,2021,fuerteventura,island,PEDIATRIA_AP,Servicio Pediatría AP; edad individual no publicada,consultations,CENTRO,48130.0,consultations,OBSERVED,siap_original_service_v1,2021
https://datos.canarias.es/api/estadisticas/statistical-resources/v1.0/datasets/ISTAC/E54086A_000005/1.1.csv,1.1,0918db3dab0ede536f57176f40634e5538ecf71980d3b68649ffab36e507edda,2026-09-28T10:43:46.906341+00:00,https://www.gobiernodecanarias.org/istac/aviso_legal.html,consultations,phase6-v1,2021,gran-canaria,island,PEDIATRIA_AP,Servicio Pediatría AP; edad individual no publicada,consultations,DOMICILIO,120.0,consultations,OBSERVED,siap_original_service_v1,2021
https://datos.canarias.es/api/estadisticas/statistical-resources/v1.0/datasets/ISTAC/E54086A_000005/1.1.csv,1.1,0918db3dab0ede536f57176f40634e5538ecf71980d3b68649ffab36e507edda,2026-09-28T10:43:46.906341+00:00,https://www.gobiernodecanarias.org/istac/aviso_legal.html,consultations,phase6-v1,2021,gran-canaria,island,PEDIATRIA_AP,Servicio Pediatría AP; edad individual no publicada,consultations,TELECONSULTA,255685.0,consultations,OBSERVED,siap_original_service_v1,2021
https://datos.canarias.es/api/estadisticas/statistical-resources/v1.0/datasets/ISTAC/E54086A_000005/1.1.csv,1.1,0918db3dab0ede536f57176f40634e5538ecf71980d3b68649ffab36e507edda,2026-09-28T10:43:46.906341+00:00,https://www.gobiernodecanarias.org/istac/aviso_legal.html,consultations,phase6-v1,2021,gran-canaria,island,PEDIATRIA_AP,Servicio Pediatría AP; edad individual no publicada,consultations,_T,507599.0,consultations,OBSERVED,siap_original_service_v1,2021
https://datos.canarias.es/api/estadisticas/statistical-resources/v1.0/datasets/ISTAC/E54086A_000005/1.1.csv,1.1,0918db3dab0ede536f57176f40634e5538ecf71980d3b68649ffab36e507edda,2026-09-28T10:43:46.906341+00:00,https://www.gobiernodecanarias.org/istac/aviso_legal.html,consultations,phase6-v1,2021,gran-canaria,island,PEDIATRIA_AP,Servicio Pediatría AP; edad individual no publicada,consultations,CENTRO,251794.0,consultations,OBSERVED,siap_original_service_v1,2021
https://datos.canarias.es/api/estadisticas/statistical-resources/v1.0/datasets/ISTAC/E54086A_000005/1.1.csv,1.1,0918db3dab0ede536f57176f40634e5538ecf71980d3b68649ffab36e507edda,2026-09-28T10:43:46.906341+00:00,https://www.gobiernodecanarias.org/istac/aviso_legal.html,consultations,phase6-v1,2021,tenerife,island,PEDIATRIA_AP,Servicio Pediatría AP; edad individual no publicada,consultations,DOMICILIO,51.0,consultations,OBSERVED,siap_original_service_v1,2021
https://datos.canarias.es/api/estadisticas/statistical-resources/v1.0/datasets/ISTAC/E54086A_000005/1.1.csv,1.1,0918db3dab0ede536f57176f40634e5538ecf71980d3b68649ffab36e507edda,2026-09-28T10:43:46.906341+00:00,https://www.gobiernodecanarias.org/istac/aviso_legal.html,consultations,phase6-v1,2021,tenerife,island,PEDIATRIA_AP,Servicio Pediatría AP; edad individual no publicada,consultations,TELECONSULTA,310755.0,consultations,OBSERVED,siap_original_service_v1,2021
https://datos.canarias.es/api/estadisticas/statistical-resources/v1.0/datasets/ISTAC/E54086A_000005/1.1.csv,1.1,0918db3dab0ede536f57176f40634e5538ecf71980d3b68649ffab36e507edda,2026-09-28T10:43:46.906341+00:00,https://www.gobiernodecanarias.org/istac/aviso_legal.html,consultations,phase6-v1,2021,tenerife,island,PEDIATRIA_AP,Servicio Pediatría AP; edad individual no publicada,consultations,_T,733756.0,consultations,OBSERVED,siap_original_service_v1,2021
https://datos.canarias.es/api/estadisticas/statistical-resources/v1.0/datasets/ISTAC/E54086A_000005/1.1.csv,1.1,0918db3dab0ede536f57176f40634e5538ecf71980d3b68649ffab36e507edda,2026-09-28T10:43:46.906341+00:00,https://www.gobiernodecanarias.org/istac/aviso_legal.html,consultations,phase6-v1,2021,tenerife,island,PEDIATRIA_AP,Servicio Pediatría AP; edad individual no publicada,consultations,CENTRO,422950.0,consultations,OBSERVED,siap_original_service_v1,2021
https://datos.canarias.es/api/estadisticas/statistical-resources/v1.0/datasets/ISTAC/E54086A_000005/1.1.csv,1.1,0918db3dab0ede536f57176f40634e5538ecf71980d3b68649ffab36e507edda,2026-09-28T10:43:46.906341+00:00,https://www.gobiernodecanarias.org/istac/aviso_legal.html,consultations,phase6-v1,2021,la-gomera,island,PEDIATRIA_AP,Servicio Pediatría AP; edad individual no publicada,consultations,DOMICILIO,0.0,consultations,OBSERVED,siap_original_service_v1,2021
https://datos.canarias.es/api/estadisticas/statistical-resources/v1.0/datasets/ISTAC/E54086A_000005/1.1.csv,1.1,0918db3dab0ede536f57176f40634e5538ecf71980d3b68649ffab36e507edda,2026-09-28T10:43:46.906341+00:00,https://www.gobiernodecanarias.org/istac/aviso_legal.html,consultations,phase6-v1,2021,la-gomera,island,PEDIATRIA_AP,Servicio Pediatría AP; edad individual no publicada,consultations,TELECONSULTA,3374.0,consultations,OBSERVED,siap_original_service_v1,2021
https://datos.canarias.es/api/estadisticas/statistical-resources/v1.0/datasets/ISTAC/E54086A_000005/1.1.csv,1.1,0918db3dab0ede536f57176f40634e5538ecf71980d3b68649ffab36e507edda,2026-09-28T10:43:46.906341+00:00,https://www.gobiernodecanarias.org/istac/aviso_legal.html,consultations,phase6-v1,2021,la-gomera,island,PEDIATRIA_AP,Servicio Pediatría AP; edad individual no publicada,consultations,_T,6844.0,consultations,OBSERVED,siap_original_service_v1,2021
https://datos.canarias.es/api/estadisticas/statistical-resources/v1.0/datasets/ISTAC/E54086A_000005/1.1.csv,1.1,0918db3dab0ede536f57176f40634e5538ecf71980d3b68649ffab36e507edda,2026-09-28T10:43:46.906341+00:00,https://www.gobiernodecanarias.org/istac/aviso_legal.html,consultations,phase6-v1,2021,la-gomera,island,PEDIATRIA_AP,Servicio Pediatría AP; edad individual no publicada,consultations,CENTRO,3470.0,consultations,OBSERVED,siap_original_service_v1,2021
https://datos.canarias.es/api/estadisticas/statistical-resources/v1.0/datasets/ISTAC/E54086A_000005/1.1.csv,1.1,0918db3dab0ede536f57176f40634e5538ecf71980d3b68649ffab36e507edda,2026-09-28T10:43:46.906341+00:00,https://www.gobiernodecanarias.org/istac/aviso_legal.html,consultations,phase6-v1,2021,la-palma,island,PEDIATRIA_AP,Servicio Pediatría AP; edad individual no publicada,consultations,DOMICILIO,2.0,consultations,OBSERVED,siap_original_service_v1,2021
https://datos.canarias.es/api/estadisticas/statistical-resources/v1.0/datasets/ISTAC/E54086A_000005/1.1.csv,1.1,0918db3dab0ede536f57176f40634e5538ecf71980d3b68649ffab36e507edda,2026-09-28T10:43:46.906341+00:00,https://www.gobiernodecanarias.org/istac/aviso_legal.html,consultations,phase6-v1,2021,la-palma,island,PEDIATRIA_AP,Servicio Pediatría AP; edad individual no publicada,consultations,TELECONSULTA,13402.0,consultations,OBSERVED,siap_original_service_v1,2021
https://datos.canarias.es/api/estadisticas/statistical-resources/v1.0/datasets/ISTAC/E54086A_000005/1.1.csv,1.1,0918db3dab0ede536f57176f40634e5538ecf71980d3b68649ffab36e507edda,2026-09-28T10:43:46.906341+00:00,https://www.gobiernodecanarias.org/istac/aviso_legal.html,consultations,phase6-v1,2021,la-palma,island,PEDIATRIA_AP,Servicio Pediatría AP; edad individual no publicada,consultations,_T,46222.0,consultations,OBSERVED,siap_original_service_v1,2021
https://datos.canarias.es/api/estadisticas/statistical-resources/v1.0/datasets/ISTAC/E54086A_000005/1.1.csv,1.1,0918db3dab0ede536f57176f40634e5538ecf71980d3b68649ffab36e507edda,2026-09-28T10:43:46.906341+00:00,https://www.gobiernodecanarias.org/istac/aviso_legal.html,consultations,phase6-v1,2021,la-palma,island,PEDIATRIA_AP,Servicio Pediatría AP; edad individual no publicada,consultations,CENTRO,32818.0,consultations,OBSERVED,siap_original_service_v1,2021
https://datos.canarias.es/api/estadisticas/statistical-resources/v1.0/datasets/ISTAC/E54086A_000005/1.1.csv,1.1,0918db3dab0ede536f57176f40634e5538ecf71980d3b68649ffab36e507edda,2026-09-28T10:43:46.906341+00:00,https://www.gobiernodecanarias.org/istac/aviso_legal.html,consultations,phase6-v1,2021,el-hierro,island,PEDIATRIA_AP,Servicio Pediatría AP; edad individual no publicada,consultations,DOMICILIO,0.0,consultations,OBSERVED,siap_original_service_v1,2021
https://datos.canarias.es/api/estadisticas/statistical-resources/v1.0/datasets/ISTAC/E54086A_000005/1.1.csv,1.1,0918db3dab0ede536f57176f40634e5538ecf71980d3b68649ffab36e507edda,2026-09-28T10:43:46.906341+00:00,https://www.gobiernodecanarias.org/istac/aviso_legal.html,consultations,phase6-v1,2021,el-hierro,island,PEDIATRIA_AP,Servicio Pediatría AP; edad individual no publicada,consultations,TELECONSULTA,1150.0,consultations,OBSERVED,siap_original_service_v1,2021
https://datos.canarias.es/api/estadisticas/statistical-resources/v1.0/datasets/ISTAC/E54086A_000005/1.1.csv,1.1,0918db3dab0ede536f57176f40634e5538ecf71980d3b68649ffab36e507edda,2026-09-28T10:43:46.906341+00:00,https://www.gobiernodecanarias.org/istac/aviso_legal.html,consultations,phase6-v1,2021,el-hierro,island,PEDIATRIA_AP,Servicio Pediatría AP; edad individual no publicada,consultations,_T,6142.0,consultations,OBSERVED,siap_original_service_v1,2021
https://datos.canarias.es/api/estadisticas/statistical-resources/v1.0/datasets/ISTAC/E54086A_000005/1.1.csv,1.1,0918db3dab0ede536f57176f40634e5538ecf71980d3b68649ffab36e507edda,2026-09-28T10:43:46.906341+00:00,https://www.gobiernodecanarias.org/istac/aviso_legal.html,consultations,phase6-v1,2021,el-hierro,island,PEDIATRIA_AP,Servicio Pediatría AP; edad individual no publicada,consultations,CENTRO,4992.0,consultations,OBSERVED,siap_original_service_v1,2021
https://datos.canarias.es/api/estadisticas/statistical-resources/v1.0/datasets/ISTAC/E54086A_000005/1.1.csv,1.1,0918db3dab0ede536f57176f40634e5538ecf71980d3b68649ffab36e507edda,2026-09-28T10:43:46.906341+00:00,https://www.gobiernodecanarias.org/istac/aviso_legal.html,consultations,phase6-v1,2022,lanzarote,island,PEDIATRIA_AP,Servicio Pediatría AP; edad individual no publicada,consultations,DOMICILIO,5.0,consultations,OBSERVED,siap_original_service_v1,2022
https://datos.canarias.es/api/estadisticas/statistical-resources/v1.0/datasets/ISTAC/E54086A_000005/1.1.csv,1.1,0918db3dab0ede536f57176f40634e5538ecf71980d3b68649ffab36e507edda,2026-09-28T10:43:46.906341+00:00,https://www.gobiernodecanarias.org/istac/aviso_legal.html,consultations,phase6-v1,2022,lanzarote,island,PEDIATRIA_AP,Servicio Pediatría AP; edad individual no publicada,consultations,TELECONSULTA,21645.0,consultations,OBSERVED,siap_original_service_v1,2022
https://datos.canarias.es/api/estadisticas/statistical-resources/v1.0/datasets/ISTAC/E54086A_000005/1.1.csv,1.1,0918db3dab0ede536f57176f40634e5538ecf71980d3b68649ffab36e507edda,2026-09-28T10:43:46.906341+00:00,https://www.gobiernodecanarias.org/istac/aviso_legal.html,consultations,phase6-v1,2022,lanzarote,island,PEDIATRIA_AP,Servicio Pediatría AP; edad individual no publicada,consultations,_T,109055.0,consultations,OBSERVED,siap_original_service_v1,2022
https://datos.canarias.es/api/estadisticas/statistical-resources/v1.0/datasets/ISTAC/E54086A_000005/1.1.csv,1.1,0918db3dab0ede536f57176f40634e5538ecf71980d3b68649ffab36e507edda,2026-09-28T10:43:46.906341+00:00,https://www.gobiernodecanarias.org/istac/aviso_legal.html,consultations,phase6-v1,2022,lanzarote,island,PEDIATRIA_AP,Servicio Pediatría AP; edad individual no publicada,consultations,CENTRO,87405.0,consultations,OBSERVED,siap_original_service_v1,2022
https://datos.canarias.es/api/estadisticas/statistical-resources/v1.0/datasets/ISTAC/E54086A_000005/1.1.csv,1.1,0918db3dab0ede536f57176f40634e5538ecf71980d3b68649ffab36e507edda,2026-09-28T10:43:46.906341+00:00,https://www.gobiernodecanarias.org/istac/aviso_legal.html,consultations,phase6-v1,2022,fuerteventura,island,PEDIATRIA_AP,Servicio Pediatría AP; edad individual no publicada,consultations,DOMICILIO,8.0,consultations,OBSERVED,siap_original_service_v1,2022
https://datos.canarias.es/api/estadisticas/statistical-resources/v1.0/datasets/ISTAC/E54086A_000005/1.1.csv,1.1,0918db3dab0ede536f57176f40634e5538ecf71980d3b68649ffab36e507edda,2026-09-28T10:43:46.906341+00:00,https://www.gobiernodecanarias.org/istac/aviso_legal.html,consultations,phase6-v1,2022,fuerteventura,island,PEDIATRIA_AP,Servicio Pediatría AP; edad individual no publicada,consultations,TELECONSULTA,17735.0,consultations,OBSERVED,siap_original_service_v1,2022
https://datos.canarias.es/api/estadisticas/statistical-resources/v1.0/datasets/ISTAC/E54086A_000005/1.1.csv,1.1,0918db3dab0ede536f57176f40634e5538ecf71980d3b68649ffab36e507edda,2026-09-28T10:43:46.906341+00:00,https://www.gobiernodecanarias.org/istac/aviso_legal.html,consultations,phase6-v1,2022,fuerteventura,island,PEDIATRIA_AP,Servicio Pediatría AP; edad individual no publicada,consultations,_T,73002.0,consultations,OBSERVED,siap_original_service_v1,2022
https://datos.canarias.es/api/estadisticas/statistical-resources/v1.0/datasets/ISTAC/E54086A_000005/1.1.csv,1.1,0918db3dab0ede536f57176f40634e5538ecf71980d3b68649ffab36e507edda,2026-09-28T10:43:46.906341+00:00,https://www.gobiernodecanarias.org/istac/aviso_legal.html,consultations,phase6-v1,2022,fuerteventura,island,PEDIATRIA_AP,Servicio Pediatría AP; edad individual no publicada,consultations,CENTRO,55259.0,consultations,OBSERVED,siap_original_service_v1,2022
https://datos.canarias.es/api/estadisticas/statistical-resources/v1.0/datasets/ISTAC/E54086A_000005/1.1.csv,1.1,0918db3dab0ede536f57176f40634e5538ecf71980d3b68649ffab36e507edda,2026-09-28T10:43:46.906341+00:00,https://www.gobiernodecanarias.org/istac/aviso_legal.html,consultations,phase6-v1,2022,gran-canaria,island,PEDIATRIA_AP,Servicio Pediatría AP; edad individual no publicada,consultations,DOMICILIO,36.0,consultations,OBSERVED,siap_original_service_v1,2022
https://datos.canarias.es/api/estadisticas/statistical-resources/v1.0/datasets/ISTAC/E54086A_000005/1.1.csv,1.1,0918db3dab0ede536f57176f40634e5538ecf71980d3b68649ffab36e507edda,2026-09-28T10:43:46.906341+00:00,https://www.gobiernodecanarias.org/istac/aviso_legal.html,consultations,phase6-v1,2022,gran-canaria,island,PEDIATRIA_AP,Servicio Pediatría AP; edad individual no publicada,consultations,TELECONSULTA,203257.0,consultations,OBSERVED,siap_original_service_v1,2022
https://datos.canarias.es/api/estadisticas/statistical-resources/v1.0/datasets/ISTAC/E54086A_000005/1.1.csv,1.1,0918db3dab0ede536f57176f40634e5538ecf71980d3b68649ffab36e507edda,2026-09-28T10:43:46.906341+00:00,https://www.gobiernodecanarias.org/istac/aviso_legal.html,consultations,phase6-v1,2022,gran-canaria,island,PEDIATRIA_AP,Servicio Pediatría AP; edad individual no publicada,consultations,_T,521347.0,consultations,OBSERVED,siap_original_service_v1,2022
https://datos.canarias.es/api/estadisticas/statistical-resources/v1.0/datasets/ISTAC/E54086A_000005/1.1.csv,1.1,0918db3dab0ede536f57176f40634e5538ecf71980d3b68649ffab36e507edda,2026-09-28T10:43:46.906341+00:00,https://www.gobiernodecanarias.org/istac/aviso_legal.html,consultations,phase6-v1,2022,gran-canaria,island,PEDIATRIA_AP,Servicio Pediatría AP; edad individual no publicada,consultations,CENTRO,318054.0,consultations,OBSERVED,siap_original_service_v1,2022
https://datos.canarias.es/api/estadisticas/statistical-resources/v1.0/datasets/ISTAC/E54086A_000005/1.1.csv,1.1,0918db3dab0ede536f57176f40634e5538ecf71980d3b68649ffab36e507edda,2026-09-28T10:43:46.906341+00:00,https://www.gobiernodecanarias.org/istac/aviso_legal.html,consultations,phase6-v1,2022,tenerife,island,PEDIATRIA_AP,Servicio Pediatría AP; edad individual no publicada,consultations,DOMICILIO,37.0,consultations,OBSERVED,siap_original_service_v1,2022
https://datos.canarias.es/api/estadisticas/statistical-resources/v1.0/datasets/ISTAC/E54086A_000005/1.1.csv,1.1,0918db3dab0ede536f57176f40634e5538ecf71980d3b68649ffab36e507edda,2026-09-28T10:43:46.906341+00:00,https://www.gobiernodecanarias.org/istac/aviso_legal.html,consultations,phase6-v1,2022,tenerife,island,PEDIATRIA_AP,Servicio Pediatría AP; edad individual no publicada,consultations,TELECONSULTA,219086.0,consultations,OBSERVED,siap_original_service_v1,2022
https://datos.canarias.es/api/estadisticas/statistical-resources/v1.0/datasets/ISTAC/E54086A_000005/1.1.csv,1.1,0918db3dab0ede536f57176f40634e5538ecf71980d3b68649ffab36e507edda,2026-09-28T10:43:46.906341+00:00,https://www.gobiernodecanarias.org/istac/aviso_legal.html,consultations,phase6-v1,2022,tenerife,island,PEDIATRIA_AP,Servicio Pediatría AP; edad individual no publicada,consultations,_T,752165.0,consultations,OBSERVED,siap_original_service_v1,2022
https://datos.canarias.es/api/estadisticas/statistical-resources/v1.0/datasets/ISTAC/E54086A_000005/1.1.csv,1.1,0918db3dab0ede536f57176f40634e5538ecf71980d3b68649ffab36e507edda,2026-09-28T10:43:46.906341+00:00,https://www.gobiernodecanarias.org/istac/aviso_legal.html,consultations,phase6-v1,2022,tenerife,island,PEDIATRIA_AP,Servicio Pediatría AP; edad individual no publicada,consultations,CENTRO,533042.0,consultations,OBSERVED,siap_original_service_v1,2022
https://datos.canarias.es/api/estadisticas/statistical-resources/v1.0/datasets/ISTAC/E54086A_000005/1.1.csv,1.1,0918db3dab0ede536f57176f40634e5538ecf71980d3b68649ffab36e507edda,2026-09-28T10:43:46.906341+00:00,https://www.gobiernodecanarias.org/istac/aviso_legal.html,consultations,phase6-v1,2022,la-gomera,island,PEDIATRIA_AP,Servicio Pediatría AP; edad individual no publicada,consultations,DOMICILIO,0.0,consultations,OBSERVED,siap_original_service_v1,2022
https://datos.canarias.es/api/estadisticas/statistical-resources/v1.0/datasets/ISTAC/E54086A_000005/1.1.csv,1.1,0918db3dab0ede536f57176f40634e5538ecf71980d3b68649ffab36e507edda,2026-09-28T10:43:46.906341+00:00,https://www.gobiernodecanarias.org/istac/aviso_legal.html,consultations,phase6-v1,2022,la-gomera,island,PEDIATRIA_AP,Servicio Pediatría AP; edad individual no publicada,consultations,TELECONSULTA,2463.0,consultations,OBSERVED,siap_original_service_v1,2022
https://datos.canarias.es/api/estadisticas/statistical-resources/v1.0/datasets/ISTAC/E54086A_000005/1.1.csv,1.1,0918db3dab0ede536f57176f40634e5538ecf71980d3b68649ffab36e507edda,2026-09-28T10:43:46.906341+00:00,https://www.gobiernodecanarias.org/istac/aviso_legal.html,consultations,phase6-v1,2022,la-gomera,island,PEDIATRIA_AP,Servicio Pediatría AP; edad individual no publicada,consultations,_T,6751.0,consultations,OBSERVED,siap_original_service_v1,2022
https://datos.canarias.es/api/estadisticas/statistical-resources/v1.0/datasets/ISTAC/E54086A_000005/1.1.csv,1.1,0918db3dab0ede536f57176f40634e5538ecf71980d3b68649ffab36e507edda,2026-09-28T10:43:46.906341+00:00,https://www.gobiernodecanarias.org/istac/aviso_legal.html,consultations,phase6-v1,2022,la-gomera,island,PEDIATRIA_AP,Servicio Pediatría AP; edad individual no publicada,consultations,CENTRO,4288.0,consultations,OBSERVED,siap_original_service_v1,2022
https://datos.canarias.es/api/estadisticas/statistical-resources/v1.0/datasets/ISTAC/E54086A_000005/1.1.csv,1.1,0918db3dab0ede536f57176f40634e5538ecf71980d3b68649ffab36e507edda,2026-09-28T10:43:46.906341+00:00,https://www.gobiernodecanarias.org/istac/aviso_legal.html,consultations,phase6-v1,2022,la-palma,island,PEDIATRIA_AP,Servicio Pediatría AP; edad individual no publicada,consultations,DOMICILIO,0.0,consultations,OBSERVED,siap_original_service_v1,2022
https://datos.canarias.es/api/estadisticas/statistical-resources/v1.0/datasets/ISTAC/E54086A_000005/1.1.csv,1.1,0918db3dab0ede536f57176f40634e5538ecf71980d3b68649ffab36e507edda,2026-09-28T10:43:46.906341+00:00,https://www.gobiernodecanarias.org/istac/aviso_legal.html,consultations,phase6-v1,2022,la-palma,island,PEDIATRIA_AP,Servicio Pediatría AP; edad individual no publicada,consultations,TELECONSULTA,14138.0,consultations,OBSERVED,siap_original_service_v1,2022
https://datos.canarias.es/api/estadisticas/statistical-resources/v1.0/datasets/ISTAC/E54086A_000005/1.1.csv,1.1,0918db3dab0ede536f57176f40634e5538ecf71980d3b68649ffab36e507edda,2026-09-28T10:43:46.906341+00:00,https://www.gobiernodecanarias.org/istac/aviso_legal.html,consultations,phase6-v1,2022,la-palma,island,PEDIATRIA_AP,Servicio Pediatría AP; edad individual no publicada,consultations,_T,54555.0,consultations,OBSERVED,siap_original_service_v1,2022
https://datos.canarias.es/api/estadisticas/statistical-resources/v1.0/datasets/ISTAC/E54086A_000005/1.1.csv,1.1,0918db3dab0ede536f57176f40634e5538ecf71980d3b68649ffab36e507edda,2026-09-28T10:43:46.906341+00:00,https://www.gobiernodecanarias.org/istac/aviso_legal.html,consultations,phase6-v1,2022,la-palma,island,PEDIATRIA_AP,Servicio Pediatría AP; edad individual no publicada,consultations,CENTRO,40417.0,consultations,OBSERVED,siap_original_service_v1,2022
https://datos.canarias.es/api/estadisticas/statistical-resources/v1.0/datasets/ISTAC/E54086A_000005/1.1.csv,1.1,0918db3dab0ede536f57176f40634e5538ecf71980d3b68649ffab36e507edda,2026-09-28T10:43:46.906341+00:00,https://www.gobiernodecanarias.org/istac/aviso_legal.html,consultations,phase6-v1,2022,el-hierro,island,PEDIATRIA_AP,Servicio Pediatría AP; edad individual no publicada,consultations,DOMICILIO,0.0,consultations,OBSERVED,siap_original_service_v1,2022
https://datos.canarias.es/api/estadisticas/statistical-resources/v1.0/datasets/ISTAC/E54086A_000005/1.1.csv,1.1,0918db3dab0ede536f57176f40634e5538ecf71980d3b68649ffab36e507edda,2026-09-28T10:43:46.906341+00:00,https://www.gobiernodecanarias.org/istac/aviso_legal.html,consultations,phase6-v1,2022,el-hierro,island,PEDIATRIA_AP,Servicio Pediatría AP; edad individual no publicada,consultations,TELECONSULTA,1419.0,consultations,OBSERVED,siap_original_service_v1,2022
https://datos.canarias.es/api/estadisticas/statistical-resources/v1.0/datasets/ISTAC/E54086A_000005/1.1.csv,1.1,0918db3dab0ede536f57176f40634e5538ecf71980d3b68649ffab36e507edda,2026-09-28T10:43:46.906341+00:00,https://www.gobiernodecanarias.org/istac/aviso_legal.html,consultations,phase6-v1,2022,el-hierro,island,PEDIATRIA_AP,Servicio Pediatría AP; edad individual no publicada,consultations,_T,7298.0,consultations,OBSERVED,siap_original_service_v1,2022
https://datos.canarias.es/api/estadisticas/statistical-resources/v1.0/datasets/ISTAC/E54086A_000005/1.1.csv,1.1,0918db3dab0ede536f57176f40634e5538ecf71980d3b68649ffab36e507edda,2026-09-28T10:43:46.906341+00:00,https://www.gobiernodecanarias.org/istac/aviso_legal.html,consultations,phase6-v1,2022,el-hierro,island,PEDIATRIA_AP,Servicio Pediatría AP; edad individual no publicada,consultations,CENTRO,5879.0,consultations,OBSERVED,siap_original_service_v1,2022
https://datos.canarias.es/api/estadisticas/statistical-resources/v1.0/datasets/ISTAC/E54086A_000005/1.1.csv,1.1,0918db3dab0ede536f57176f40634e5538ecf71980d3b68649ffab36e507edda,2026-09-28T10:43:46.906341+00:00,https://www.gobiernodecanarias.org/istac/aviso_legal.html,consultations,phase6-v1,2023,lanzarote,island,PEDIATRIA_AP,Servicio Pediatría AP; edad individual no publicada,consultations,DOMICILIO,1.0,consultations,OBSERVED,siap_original_service_v1,2023
https://datos.canarias.es/api/estadisticas/statistical-resources/v1.0/datasets/ISTAC/E54086A_000005/1.1.csv,1.1,0918db3dab0ede536f57176f40634e5538ecf71980d3b68649ffab36e507edda,2026-09-28T10:43:46.906341+00:00,https://www.gobiernodecanarias.org/istac/aviso_legal.html,consultations,phase6-v1,2023,lanzarote,island,PEDIATRIA_AP,Servicio Pediatría AP; edad individual no publicada,consultations,TELECONSULTA,14710.0,consultations,OBSERVED,siap_original_service_v1,2023
https://datos.canarias.es/api/estadisticas/statistical-resources/v1.0/datasets/ISTAC/E54086A_000005/1.1.csv,1.1,0918db3dab0ede536f57176f40634e5538ecf71980d3b68649ffab36e507edda,2026-09-28T10:43:46.906341+00:00,https://www.gobiernodecanarias.org/istac/aviso_legal.html,consultations,phase6-v1,2023,lanzarote,island,PEDIATRIA_AP,Servicio Pediatría AP; edad individual no publicada,consultations,_T,109585.0,consultations,OBSERVED,siap_original_service_v1,2023
https://datos.canarias.es/api/estadisticas/statistical-resources/v1.0/datasets/ISTAC/E54086A_000005/1.1.csv,1.1,0918db3dab0ede536f57176f40634e5538ecf71980d3b68649ffab36e507edda,2026-09-28T10:43:46.906341+00:00,https://www.gobiernodecanarias.org/istac/aviso_legal.html,consultations,phase6-v1,2023,lanzarote,island,PEDIATRIA_AP,Servicio Pediatría AP; edad individual no publicada,consultations,CENTRO,94874.0,consultations,OBSERVED,siap_original_service_v1,2023
https://datos.canarias.es/api/estadisticas/statistical-resources/v1.0/datasets/ISTAC/E54086A_000005/1.1.csv,1.1,0918db3dab0ede536f57176f40634e5538ecf71980d3b68649ffab36e507edda,2026-09-28T10:43:46.906341+00:00,https://www.gobiernodecanarias.org/istac/aviso_legal.html,consultations,phase6-v1,2023,fuerteventura,island,PEDIATRIA_AP,Servicio Pediatría AP; edad individual no publicada,consultations,DOMICILIO,4.0,consultations,OBSERVED,siap_original_service_v1,2023
https://datos.canarias.es/api/estadisticas/statistical-resources/v1.0/datasets/ISTAC/E54086A_000005/1.1.csv,1.1,0918db3dab0ede536f57176f40634e5538ecf71980d3b68649ffab36e507edda,2026-09-28T10:43:46.906341+00:00,https://www.gobiernodecanarias.org/istac/aviso_legal.html,consultations,phase6-v1,2023,fuerteventura,island,PEDIATRIA_AP,Servicio Pediatría AP; edad individual no publicada,consultations,TELECONSULTA,11717.0,consultations,OBSERVED,siap_original_service_v1,2023
https://datos.canarias.es/api/estadisticas/statistical-resources/v1.0/datasets/ISTAC/E54086A_000005/1.1.csv,1.1,0918db3dab0ede536f57176f40634e5538ecf71980d3b68649ffab36e507edda,2026-09-28T10:43:46.906341+00:00,https://www.gobiernodecanarias.org/istac/aviso_legal.html,consultations,phase6-v1,2023,fuerteventura,island,PEDIATRIA_AP,Servicio Pediatría AP; edad individual no publicada,consultations,_T,73582.0,consultations,OBSERVED,siap_original_service_v1,2023
https://datos.canarias.es/api/estadisticas/statistical-resources/v1.0/datasets/ISTAC/E54086A_000005/1.1.csv,1.1,0918db3dab0ede536f57176f40634e5538ecf71980d3b68649ffab36e507edda,2026-09-28T10:43:46.906341+00:00,https://www.gobiernodecanarias.org/istac/aviso_legal.html,consultations,phase6-v1,2023,fuerteventura,island,PEDIATRIA_AP,Servicio Pediatría AP; edad individual no publicada,consultations,CENTRO,61861.0,consultations,OBSERVED,siap_original_service_v1,2023
https://datos.canarias.es/api/estadisticas/statistical-resources/v1.0/datasets/ISTAC/E54086A_000005/1.1.csv,1.1,0918db3dab0ede536f57176f40634e5538ecf71980d3b68649ffab36e507edda,2026-09-28T10:43:46.906341+00:00,https://www.gobiernodecanarias.org/istac/aviso_legal.html,consultations,phase6-v1,2023,gran-canaria,island,PEDIATRIA_AP,Servicio Pediatría AP; edad individual no publicada,consultations,DOMICILIO,21.0,consultations,OBSERVED,siap_original_service_v1,2023
https://datos.canarias.es/api/estadisticas/statistical-resources/v1.0/datasets/ISTAC/E54086A_000005/1.1.csv,1.1,0918db3dab0ede536f57176f40634e5538ecf71980d3b68649ffab36e507edda,2026-09-28T10:43:46.906341+00:00,https://www.gobiernodecanarias.org/istac/aviso_legal.html,consultations,phase6-v1,2023,gran-canaria,island,PEDIATRIA_AP,Servicio Pediatría AP; edad individual no publicada,consultations,TELECONSULTA,130866.0,consultations,OBSERVED,siap_original_service_v1,2023
https://datos.canarias.es/api/estadisticas/statistical-resources/v1.0/datasets/ISTAC/E54086A_000005/1.1.csv,1.1,0918db3dab0ede536f57176f40634e5538ecf71980d3b68649ffab36e507edda,2026-09-28T10:43:46.906341+00:00,https://www.gobiernodecanarias.org/istac/aviso_legal.html,consultations,phase6-v1,2023,gran-canaria,island,PEDIATRIA_AP,Servicio Pediatría AP; edad individual no publicada,consultations,_T,485049.0,consultations,OBSERVED,siap_original_service_v1,2023
https://datos.canarias.es/api/estadisticas/statistical-resources/v1.0/datasets/ISTAC/E54086A_000005/1.1.csv,1.1,0918db3dab0ede536f57176f40634e5538ecf71980d3b68649ffab36e507edda,2026-09-28T10:43:46.906341+00:00,https://www.gobiernodecanarias.org/istac/aviso_legal.html,consultations,phase6-v1,2023,gran-canaria,island,PEDIATRIA_AP,Servicio Pediatría AP; edad individual no publicada,consultations,CENTRO,354162.0,consultations,OBSERVED,siap_original_service_v1,2023
https://datos.canarias.es/api/estadisticas/statistical-resources/v1.0/datasets/ISTAC/E54086A_000005/1.1.csv,1.1,0918db3dab0ede536f57176f40634e5538ecf71980d3b68649ffab36e507edda,2026-09-28T10:43:46.906341+00:00,https://www.gobiernodecanarias.org/istac/aviso_legal.html,consultations,phase6-v1,2023,tenerife,island,PEDIATRIA_AP,Servicio Pediatría AP; edad individual no publicada,consultations,DOMICILIO,35.0,consultations,OBSERVED,siap_original_service_v1,2023
https://datos.canarias.es/api/estadisticas/statistical-resources/v1.0/datasets/ISTAC/E54086A_000005/1.1.csv,1.1,0918db3dab0ede536f57176f40634e5538ecf71980d3b68649ffab36e507edda,2026-09-28T10:43:46.906341+00:00,https://www.gobiernodecanarias.org/istac/aviso_legal.html,consultations,phase6-v1,2023,tenerife,island,PEDIATRIA_AP,Servicio Pediatría AP; edad individual no publicada,consultations,TELECONSULTA,138351.0,consultations,OBSERVED,siap_original_service_v1,2023
https://datos.canarias.es/api/estadisticas/statistical-resources/v1.0/datasets/ISTAC/E54086A_000005/1.1.csv,1.1,0918db3dab0ede536f57176f40634e5538ecf71980d3b68649ffab36e507edda,2026-09-28T10:43:46.906341+00:00,https://www.gobiernodecanarias.org/istac/aviso_legal.html,consultations,phase6-v1,2023,tenerife,island,PEDIATRIA_AP,Servicio Pediatría AP; edad individual no publicada,consultations,_T,710061.0,consultations,OBSERVED,siap_original_service_v1,2023
https://datos.canarias.es/api/estadisticas/statistical-resources/v1.0/datasets/ISTAC/E54086A_000005/1.1.csv,1.1,0918db3dab0ede536f57176f40634e5538ecf71980d3b68649ffab36e507edda,2026-09-28T10:43:46.906341+00:00,https://www.gobiernodecanarias.org/istac/aviso_legal.html,consultations,phase6-v1,2023,tenerife,island,PEDIATRIA_AP,Servicio Pediatría AP; edad individual no publicada,consultations,CENTRO,571675.0,consultations,OBSERVED,siap_original_service_v1,2023
https://datos.canarias.es/api/estadisticas/statistical-resources/v1.0/datasets/ISTAC/E54086A_000005/1.1.csv,1.1,0918db3dab0ede536f57176f40634e5538ecf71980d3b68649ffab36e507edda,2026-09-28T10:43:46.906341+00:00,https://www.gobiernodecanarias.org/istac/aviso_legal.html,consultations,phase6-v1,2023,la-gomera,island,PEDIATRIA_AP,Servicio Pediatría AP; edad individual no publicada,consultations,DOMICILIO,1.0,consultations,OBSERVED,siap_original_service_v1,2023
https://datos.canarias.es/api/estadisticas/statistical-resources/v1.0/datasets/ISTAC/E54086A_000005/1.1.csv,1.1,0918db3dab0ede536f57176f40634e5538ecf71980d3b68649ffab36e507edda,2026-09-28T10:43:46.906341+00:00,https://www.gobiernodecanarias.org/istac/aviso_legal.html,consultations,phase6-v1,2023,la-gomera,island,PEDIATRIA_AP,Servicio Pediatría AP; edad individual no publicada,consultations,TELECONSULTA,1168.0,consultations,OBSERVED,siap_original_service_v1,2023
https://datos.canarias.es/api/estadisticas/statistical-resources/v1.0/datasets/ISTAC/E54086A_000005/1.1.csv,1.1,0918db3dab0ede536f57176f40634e5538ecf71980d3b68649ffab36e507edda,2026-09-28T10:43:46.906341+00:00,https://www.gobiernodecanarias.org/istac/aviso_legal.html,consultations,phase6-v1,2023,la-gomera,island,PEDIATRIA_AP,Servicio Pediatría AP; edad individual no publicada,consultations,_T,5950.0,consultations,OBSERVED,siap_original_service_v1,2023
https://datos.canarias.es/api/estadisticas/statistical-resources/v1.0/datasets/ISTAC/E54086A_000005/1.1.csv,1.1,0918db3dab0ede536f57176f40634e5538ecf71980d3b68649ffab36e507edda,2026-09-28T10:43:46.906341+00:00,https://www.gobiernodecanarias.org/istac/aviso_legal.html,consultations,phase6-v1,2023,la-gomera,island,PEDIATRIA_AP,Servicio Pediatría AP; edad individual no publicada,consultations,CENTRO,4781.0,consultations,OBSERVED,siap_original_service_v1,2023
https://datos.canarias.es/api/estadisticas/statistical-resources/v1.0/datasets/ISTAC/E54086A_000005/1.1.csv,1.1,0918db3dab0ede536f57176f40634e5538ecf71980d3b68649ffab36e507edda,2026-09-28T10:43:46.906341+00:00,https://www.gobiernodecanarias.org/istac/aviso_legal.html,consultations,phase6-v1,2023,la-palma,island,PEDIATRIA_AP,Servicio Pediatría AP; edad individual no publicada,consultations,DOMICILIO,2.0,consultations,OBSERVED,siap_original_service_v1,2023
https://datos.canarias.es/api/estadisticas/statistical-resources/v1.0/datasets/ISTAC/E54086A_000005/1.1.csv,1.1,0918db3dab0ede536f57176f40634e5538ecf71980d3b68649ffab36e507edda,2026-09-28T10:43:46.906341+00:00,https://www.gobiernodecanarias.org/istac/aviso_legal.html,consultations,phase6-v1,2023,la-palma,island,PEDIATRIA_AP,Servicio Pediatría AP; edad individual no publicada,consultations,TELECONSULTA,9426.0,consultations,OBSERVED,siap_original_service_v1,2023
https://datos.canarias.es/api/estadisticas/statistical-resources/v1.0/datasets/ISTAC/E54086A_000005/1.1.csv,1.1,0918db3dab0ede536f57176f40634e5538ecf71980d3b68649ffab36e507edda,2026-09-28T10:43:46.906341+00:00,https://www.gobiernodecanarias.org/istac/aviso_legal.html,consultations,phase6-v1,2023,la-palma,island,PEDIATRIA_AP,Servicio Pediatría AP; edad individual no publicada,consultations,_T,51808.0,consultations,OBSERVED,siap_original_service_v1,2023
https://datos.canarias.es/api/estadisticas/statistical-resources/v1.0/datasets/ISTAC/E54086A_000005/1.1.csv,1.1,0918db3dab0ede536f57176f40634e5538ecf71980d3b68649ffab36e507edda,2026-09-28T10:43:46.906341+00:00,https://www.gobiernodecanarias.org/istac/aviso_legal.html,consultations,phase6-v1,2023,la-palma,island,PEDIATRIA_AP,Servicio Pediatría AP; edad individual no publicada,consultations,CENTRO,42380.0,consultations,OBSERVED,siap_original_service_v1,2023
https://datos.canarias.es/api/estadisticas/statistical-resources/v1.0/datasets/ISTAC/E54086A_000005/1.1.csv,1.1,0918db3dab0ede536f57176f40634e5538ecf71980d3b68649ffab36e507edda,2026-09-28T10:43:46.906341+00:00,https://www.gobiernodecanarias.org/istac/aviso_legal.html,consultations,phase6-v1,2023,el-hierro,island,PEDIATRIA_AP,Servicio Pediatría AP; edad individual no publicada,consultations,DOMICILIO,0.0,consultations,OBSERVED,siap_original_service_v1,2023
https://datos.canarias.es/api/estadisticas/statistical-resources/v1.0/datasets/ISTAC/E54086A_000005/1.1.csv,1.1,0918db3dab0ede536f57176f40634e5538ecf71980d3b68649ffab36e507edda,2026-09-28T10:43:46.906341+00:00,https://www.gobiernodecanarias.org/istac/aviso_legal.html,consultations,phase6-v1,2023,el-hierro,island,PEDIATRIA_AP,Servicio Pediatría AP; edad individual no publicada,consultations,TELECONSULTA,630.0,consultations,OBSERVED,siap_original_service_v1,2023
https://datos.canarias.es/api/estadisticas/statistical-resources/v1.0/datasets/ISTAC/E54086A_000005/1.1.csv,1.1,0918db3dab0ede536f57176f40634e5538ecf71980d3b68649ffab36e507edda,2026-09-28T10:43:46.906341+00:00,https://www.gobiernodecanarias.org/istac/aviso_legal.html,consultations,phase6-v1,2023,el-hierro,island,PEDIATRIA_AP,Servicio Pediatría AP; edad individual no publicada,consultations,_T,6884.0,consultations,OBSERVED,siap_original_service_v1,2023
https://datos.canarias.es/api/estadisticas/statistical-resources/v1.0/datasets/ISTAC/E54086A_000005/1.1.csv,1.1,0918db3dab0ede536f57176f40634e5538ecf71980d3b68649ffab36e507edda,2026-09-28T10:43:46.906341+00:00,https://www.gobiernodecanarias.org/istac/aviso_legal.html,consultations,phase6-v1,2023,el-hierro,island,PEDIATRIA_AP,Servicio Pediatría AP; edad individual no publicada,consultations,CENTRO,6254.0,consultations,OBSERVED,siap_original_service_v1,2023
https://datos.canarias.es/api/estadisticas/statistical-resources/v1.0/datasets/ISTAC/E54086A_000005/1.1.csv,1.1,0918db3dab0ede536f57176f40634e5538ecf71980d3b68649ffab36e507edda,2026-09-28T10:43:46.906341+00:00,https://www.gobiernodecanarias.org/istac/aviso_legal.html,consultations,phase6-v1,2024,lanzarote,island,PEDIATRIA_AP,Servicio Pediatría AP; edad individual no publicada,consultations,DOMICILIO,0.0,consultations,OBSERVED,siap_original_service_v1,2024
https://datos.canarias.es/api/estadisticas/statistical-resources/v1.0/datasets/ISTAC/E54086A_000005/1.1.csv,1.1,0918db3dab0ede536f57176f40634e5538ecf71980d3b68649ffab36e507edda,2026-09-28T10:43:46.906341+00:00,https://www.gobiernodecanarias.org/istac/aviso_legal.html,consultations,phase6-v1,2024,lanzarote,island,PEDIATRIA_AP,Servicio Pediatría AP; edad individual no publicada,consultations,TELECONSULTA,14503.0,consultations,OBSERVED,siap_original_service_v1,2024
https://datos.canarias.es/api/estadisticas/statistical-resources/v1.0/datasets/ISTAC/E54086A_000005/1.1.csv,1.1,0918db3dab0ede536f57176f40634e5538ecf71980d3b68649ffab36e507edda,2026-09-28T10:43:46.906341+00:00,https://www.gobiernodecanarias.org/istac/aviso_legal.html,consultations,phase6-v1,2024,lanzarote,island,PEDIATRIA_AP,Servicio Pediatría AP; edad individual no publicada,consultations,_T,111945.0,consultations,OBSERVED,siap_original_service_v1,2024
https://datos.canarias.es/api/estadisticas/statistical-resources/v1.0/datasets/ISTAC/E54086A_000005/1.1.csv,1.1,0918db3dab0ede536f57176f40634e5538ecf71980d3b68649ffab36e507edda,2026-09-28T10:43:46.906341+00:00,https://www.gobiernodecanarias.org/istac/aviso_legal.html,consultations,phase6-v1,2024,lanzarote,island,PEDIATRIA_AP,Servicio Pediatría AP; edad individual no publicada,consultations,CENTRO,97442.0,consultations,OBSERVED,siap_original_service_v1,2024
https://datos.canarias.es/api/estadisticas/statistical-resources/v1.0/datasets/ISTAC/E54086A_000005/1.1.csv,1.1,0918db3dab0ede536f57176f40634e5538ecf71980d3b68649ffab36e507edda,2026-09-28T10:43:46.906341+00:00,https://www.gobiernodecanarias.org/istac/aviso_legal.html,consultations,phase6-v1,2024,fuerteventura,island,PEDIATRIA_AP,Servicio Pediatría AP; edad individual no publicada,consultations,DOMICILIO,1.0,consultations,OBSERVED,siap_original_service_v1,2024
https://datos.canarias.es/api/estadisticas/statistical-resources/v1.0/datasets/ISTAC/E54086A_000005/1.1.csv,1.1,0918db3dab0ede536f57176f40634e5538ecf71980d3b68649ffab36e507edda,2026-09-28T10:43:46.906341+00:00,https://www.gobiernodecanarias.org/istac/aviso_legal.html,consultations,phase6-v1,2024,fuerteventura,island,PEDIATRIA_AP,Servicio Pediatría AP; edad individual no publicada,consultations,TELECONSULTA,10434.0,consultations,OBSERVED,siap_original_service_v1,2024
https://datos.canarias.es/api/estadisticas/statistical-resources/v1.0/datasets/ISTAC/E54086A_000005/1.1.csv,1.1,0918db3dab0ede536f57176f40634e5538ecf71980d3b68649ffab36e507edda,2026-09-28T10:43:46.906341+00:00,https://www.gobiernodecanarias.org/istac/aviso_legal.html,consultations,phase6-v1,2024,fuerteventura,island,PEDIATRIA_AP,Servicio Pediatría AP; edad individual no publicada,consultations,_T,71129.0,consultations,OBSERVED,siap_original_service_v1,2024
https://datos.canarias.es/api/estadisticas/statistical-resources/v1.0/datasets/ISTAC/E54086A_000005/1.1.csv,1.1,0918db3dab0ede536f57176f40634e5538ecf71980d3b68649ffab36e507edda,2026-09-28T10:43:46.906341+00:00,https://www.gobiernodecanarias.org/istac/aviso_legal.html,consultations,phase6-v1,2024,fuerteventura,island,PEDIATRIA_AP,Servicio Pediatría AP; edad individual no publicada,consultations,CENTRO,60694.0,consultations,OBSERVED,siap_original_service_v1,2024
https://datos.canarias.es/api/estadisticas/statistical-resources/v1.0/datasets/ISTAC/E54086A_000005/1.1.csv,1.1,0918db3dab0ede536f57176f40634e5538ecf71980d3b68649ffab36e507edda,2026-09-28T10:43:46.906341+00:00,https://www.gobiernodecanarias.org/istac/aviso_legal.html,consultations,phase6-v1,2024,gran-canaria,island,PEDIATRIA_AP,Servicio Pediatría AP; edad individual no publicada,consultations,DOMICILIO,13.0,consultations,OBSERVED,siap_original_service_v1,2024
https://datos.canarias.es/api/estadisticas/statistical-resources/v1.0/datasets/ISTAC/E54086A_000005/1.1.csv,1.1,0918db3dab0ede536f57176f40634e5538ecf71980d3b68649ffab36e507edda,2026-09-28T10:43:46.906341+00:00,https://www.gobiernodecanarias.org/istac/aviso_legal.html,consultations,phase6-v1,2024,gran-canaria,island,PEDIATRIA_AP,Servicio Pediatría AP; edad individual no publicada,consultations,TELECONSULTA,122936.0,consultations,OBSERVED,siap_original_service_v1,2024
https://datos.canarias.es/api/estadisticas/statistical-resources/v1.0/datasets/ISTAC/E54086A_000005/1.1.csv,1.1,0918db3dab0ede536f57176f40634e5538ecf71980d3b68649ffab36e507edda,2026-09-28T10:43:46.906341+00:00,https://www.gobiernodecanarias.org/istac/aviso_legal.html,consultations,phase6-v1,2024,gran-canaria,island,PEDIATRIA_AP,Servicio Pediatría AP; edad individual no publicada,consultations,_T,473781.0,consultations,OBSERVED,siap_original_service_v1,2024
https://datos.canarias.es/api/estadisticas/statistical-resources/v1.0/datasets/ISTAC/E54086A_000005/1.1.csv,1.1,0918db3dab0ede536f57176f40634e5538ecf71980d3b68649ffab36e507edda,2026-09-28T10:43:46.906341+00:00,https://www.gobiernodecanarias.org/istac/aviso_legal.html,consultations,phase6-v1,2024,gran-canaria,island,PEDIATRIA_AP,Servicio Pediatría AP; edad individual no publicada,consultations,CENTRO,350832.0,consultations,OBSERVED,siap_original_service_v1,2024
https://datos.canarias.es/api/estadisticas/statistical-resources/v1.0/datasets/ISTAC/E54086A_000005/1.1.csv,1.1,0918db3dab0ede536f57176f40634e5538ecf71980d3b68649ffab36e507edda,2026-09-28T10:43:46.906341+00:00,https://www.gobiernodecanarias.org/istac/aviso_legal.html,consultations,phase6-v1,2024,tenerife,island,PEDIATRIA_AP,Servicio Pediatría AP; edad individual no publicada,consultations,DOMICILIO,21.0,consultations,OBSERVED,siap_original_service_v1,2024
https://datos.canarias.es/api/estadisticas/statistical-resources/v1.0/datasets/ISTAC/E54086A_000005/1.1.csv,1.1,0918db3dab0ede536f57176f40634e5538ecf71980d3b68649ffab36e507edda,2026-09-28T10:43:46.906341+00:00,https://www.gobiernodecanarias.org/istac/aviso_legal.html,consultations,phase6-v1,2024,tenerife,island,PEDIATRIA_AP,Servicio Pediatría AP; edad individual no publicada,consultations,TELECONSULTA,123964.0,consultations,OBSERVED,siap_original_service_v1,2024
https://datos.canarias.es/api/estadisticas/statistical-resources/v1.0/datasets/ISTAC/E54086A_000005/1.1.csv,1.1,0918db3dab0ede536f57176f40634e5538ecf71980d3b68649ffab36e507edda,2026-09-28T10:43:46.906341+00:00,https://www.gobiernodecanarias.org/istac/aviso_legal.html,consultations,phase6-v1,2024,tenerife,island,PEDIATRIA_AP,Servicio Pediatría AP; edad individual no publicada,consultations,_T,687975.0,consultations,OBSERVED,siap_original_service_v1,2024
https://datos.canarias.es/api/estadisticas/statistical-resources/v1.0/datasets/ISTAC/E54086A_000005/1.1.csv,1.1,0918db3dab0ede536f57176f40634e5538ecf71980d3b68649ffab36e507edda,2026-09-28T10:43:46.906341+00:00,https://www.gobiernodecanarias.org/istac/aviso_legal.html,consultations,phase6-v1,2024,tenerife,island,PEDIATRIA_AP,Servicio Pediatría AP; edad individual no publicada,consultations,CENTRO,563990.0,consultations,OBSERVED,siap_original_service_v1,2024
https://datos.canarias.es/api/estadisticas/statistical-resources/v1.0/datasets/ISTAC/E54086A_000005/1.1.csv,1.1,0918db3dab0ede536f57176f40634e5538ecf71980d3b68649ffab36e507edda,2026-09-28T10:43:46.906341+00:00,https://www.gobiernodecanarias.org/istac/aviso_legal.html,consultations,phase6-v1,2024,la-gomera,island,PEDIATRIA_AP,Servicio Pediatría AP; edad individual no publicada,consultations,DOMICILIO,0.0,consultations,OBSERVED,siap_original_service_v1,2024
https://datos.canarias.es/api/estadisticas/statistical-resources/v1.0/datasets/ISTAC/E54086A_000005/1.1.csv,1.1,0918db3dab0ede536f57176f40634e5538ecf71980d3b68649ffab36e507edda,2026-09-28T10:43:46.906341+00:00,https://www.gobiernodecanarias.org/istac/aviso_legal.html,consultations,phase6-v1,2024,la-gomera,island,PEDIATRIA_AP,Servicio Pediatría AP; edad individual no publicada,consultations,TELECONSULTA,1062.0,consultations,OBSERVED,siap_original_service_v1,2024
https://datos.canarias.es/api/estadisticas/statistical-resources/v1.0/datasets/ISTAC/E54086A_000005/1.1.csv,1.1,0918db3dab0ede536f57176f40634e5538ecf71980d3b68649ffab36e507edda,2026-09-28T10:43:46.906341+00:00,https://www.gobiernodecanarias.org/istac/aviso_legal.html,consultations,phase6-v1,2024,la-gomera,island,PEDIATRIA_AP,Servicio Pediatría AP; edad individual no publicada,consultations,_T,6098.0,consultations,OBSERVED,siap_original_service_v1,2024
https://datos.canarias.es/api/estadisticas/statistical-resources/v1.0/datasets/ISTAC/E54086A_000005/1.1.csv,1.1,0918db3dab0ede536f57176f40634e5538ecf71980d3b68649ffab36e507edda,2026-09-28T10:43:46.906341+00:00,https://www.gobiernodecanarias.org/istac/aviso_legal.html,consultations,phase6-v1,2024,la-gomera,island,PEDIATRIA_AP,Servicio Pediatría AP; edad individual no publicada,consultations,CENTRO,5036.0,consultations,OBSERVED,siap_original_service_v1,2024
https://datos.canarias.es/api/estadisticas/statistical-resources/v1.0/datasets/ISTAC/E54086A_000005/1.1.csv,1.1,0918db3dab0ede536f57176f40634e5538ecf71980d3b68649ffab36e507edda,2026-09-28T10:43:46.906341+00:00,https://www.gobiernodecanarias.org/istac/aviso_legal.html,consultations,phase6-v1,2024,la-palma,island,PEDIATRIA_AP,Servicio Pediatría AP; edad individual no publicada,consultations,DOMICILIO,9.0,consultations,OBSERVED,siap_original_service_v1,2024
https://datos.canarias.es/api/estadisticas/statistical-resources/v1.0/datasets/ISTAC/E54086A_000005/1.1.csv,1.1,0918db3dab0ede536f57176f40634e5538ecf71980d3b68649ffab36e507edda,2026-09-28T10:43:46.906341+00:00,https://www.gobiernodecanarias.org/istac/aviso_legal.html,consultations,phase6-v1,2024,la-palma,island,PEDIATRIA_AP,Servicio Pediatría AP; edad individual no publicada,consultations,TELECONSULTA,8785.0,consultations,OBSERVED,siap_original_service_v1,2024
https://datos.canarias.es/api/estadisticas/statistical-resources/v1.0/datasets/ISTAC/E54086A_000005/1.1.csv,1.1,0918db3dab0ede536f57176f40634e5538ecf71980d3b68649ffab36e507edda,2026-09-28T10:43:46.906341+00:00,https://www.gobiernodecanarias.org/istac/aviso_legal.html,consultations,phase6-v1,2024,la-palma,island,PEDIATRIA_AP,Servicio Pediatría AP; edad individual no publicada,consultations,_T,51607.0,consultations,OBSERVED,siap_original_service_v1,2024
https://datos.canarias.es/api/estadisticas/statistical-resources/v1.0/datasets/ISTAC/E54086A_000005/1.1.csv,1.1,0918db3dab0ede536f57176f40634e5538ecf71980d3b68649ffab36e507edda,2026-09-28T10:43:46.906341+00:00,https://www.gobiernodecanarias.org/istac/aviso_legal.html,consultations,phase6-v1,2024,la-palma,island,PEDIATRIA_AP,Servicio Pediatría AP; edad individual no publicada,consultations,CENTRO,42813.0,consultations,OBSERVED,siap_original_service_v1,2024
https://datos.canarias.es/api/estadisticas/statistical-resources/v1.0/datasets/ISTAC/E54086A_000005/1.1.csv,1.1,0918db3dab0ede536f57176f40634e5538ecf71980d3b68649ffab36e507edda,2026-09-28T10:43:46.906341+00:00,https://www.gobiernodecanarias.org/istac/aviso_legal.html,consultations,phase6-v1,2024,el-hierro,island,PEDIATRIA_AP,Servicio Pediatría AP; edad individual no publicada,consultations,DOMICILIO,0.0,consultations,OBSERVED,siap_original_service_v1,2024
https://datos.canarias.es/api/estadisticas/statistical-resources/v1.0/datasets/ISTAC/E54086A_000005/1.1.csv,1.1,0918db3dab0ede536f57176f40634e5538ecf71980d3b68649ffab36e507edda,2026-09-28T10:43:46.906341+00:00,https://www.gobiernodecanarias.org/istac/aviso_legal.html,consultations,phase6-v1,2024,el-hierro,island,PEDIATRIA_AP,Servicio Pediatría AP; edad individual no publicada,consultations,TELECONSULTA,761.0,consultations,OBSERVED,siap_original_service_v1,2024
https://datos.canarias.es/api/estadisticas/statistical-resources/v1.0/datasets/ISTAC/E54086A_000005/1.1.csv,1.1,0918db3dab0ede536f57176f40634e5538ecf71980d3b68649ffab36e507edda,2026-09-28T10:43:46.906341+00:00,https://www.gobiernodecanarias.org/istac/aviso_legal.html,consultations,phase6-v1,2024,el-hierro,island,PEDIATRIA_AP,Servicio Pediatría AP; edad individual no publicada,consultations,_T,6805.0,consultations,OBSERVED,siap_original_service_v1,2024
https://datos.canarias.es/api/estadisticas/statistical-resources/v1.0/datasets/ISTAC/E54086A_000005/1.1.csv,1.1,0918db3dab0ede536f57176f40634e5538ecf71980d3b68649ffab36e507edda,2026-09-28T10:43:46.906341+00:00,https://www.gobiernodecanarias.org/istac/aviso_legal.html,consultations,phase6-v1,2024,el-hierro,island,PEDIATRIA_AP,Servicio Pediatría AP; edad individual no publicada,consultations,CENTRO,6044.0,consultations,OBSERVED,siap_original_service_v1,2024
https://datos.canarias.es/api/estadisticas/statistical-resources/v1.0/datasets/ISTAC/E54086A_000007/1.1.csv,1.1,9e648085116b93f93f6b1b1bebe2cfb01993c4f41102fde53e6ce8e368064eca,2026-09-28T10:43:46.907221+00:00,https://www.gobiernodecanarias.org/istac/aviso_legal.html,distinct_persons,phase6-v1,2007,lanzarote,island,PEDIATRIA_AP,Servicio Pediatría AP; edad individual no publicada,distinct_persons,DOMICILIO,0.0,persons,OBSERVED,siap_original_service_v1,2007
https://datos.canarias.es/api/estadisticas/statistical-resources/v1.0/datasets/ISTAC/E54086A_000007/1.1.csv,1.1,9e648085116b93f93f6b1b1bebe2cfb01993c4f41102fde53e6ce8e368064eca,2026-09-28T10:43:46.907221+00:00,https://www.gobiernodecanarias.org/istac/aviso_legal.html,distinct_persons,phase6-v1,2007,lanzarote,island,PEDIATRIA_AP,Servicio Pediatría AP; edad individual no publicada,distinct_persons,TELECONSULTA,,persons,NOT_AVAILABLE,siap_original_service_v1,2007
https://datos.canarias.es/api/estadisticas/statistical-resources/v1.0/datasets/ISTAC/E54086A_000007/1.1.csv,1.1,9e648085116b93f93f6b1b1bebe2cfb01993c4f41102fde53e6ce8e368064eca,2026-09-28T10:43:46.907221+00:00,https://www.gobiernodecanarias.org/istac/aviso_legal.html,distinct_persons,phase6-v1,2007,lanzarote,island,PEDIATRIA_AP,Servicio Pediatría AP; edad individual no publicada,distinct_persons,_T,18127.0,persons,OBSERVED,siap_original_service_v1,2007
https://datos.canarias.es/api/estadisticas/statistical-resources/v1.0/datasets/ISTAC/E54086A_000007/1.1.csv,1.1,9e648085116b93f93f6b1b1bebe2cfb01993c4f41102fde53e6ce8e368064eca,2026-09-28T10:43:46.907221+00:00,https://www.gobiernodecanarias.org/istac/aviso_legal.html,distinct_persons,phase6-v1,2007,lanzarote,island,PEDIATRIA_AP,Servicio Pediatría AP; edad individual no publicada,distinct_persons,CENTRO,18127.0,persons,OBSERVED,siap_original_service_v1,2007
https://datos.canarias.es/api/estadisticas/statistical-resources/v1.0/datasets/ISTAC/E54086A_000007/1.1.csv,1.1,9e648085116b93f93f6b1b1bebe2cfb01993c4f41102fde53e6ce8e368064eca,2026-09-28T10:43:46.907221+00:00,https://www.gobiernodecanarias.org/istac/aviso_legal.html,distinct_persons,phase6-v1,2007,fuerteventura,island,PEDIATRIA_AP,Servicio Pediatría AP; edad individual no publicada,distinct_persons,DOMICILIO,4.0,persons,OBSERVED,siap_original_service_v1,2007
https://datos.canarias.es/api/estadisticas/statistical-resources/v1.0/datasets/ISTAC/E54086A_000007/1.1.csv,1.1,9e648085116b93f93f6b1b1bebe2cfb01993c4f41102fde53e6ce8e368064eca,2026-09-28T10:43:46.907221+00:00,https://www.gobiernodecanarias.org/istac/aviso_legal.html,distinct_persons,phase6-v1,2007,fuerteventura,island,PEDIATRIA_AP,Servicio Pediatría AP; edad individual no publicada,distinct_persons,TELECONSULTA,,persons,NOT_AVAILABLE,siap_original_service_v1,2007
https://datos.canarias.es/api/estadisticas/statistical-resources/v1.0/datasets/ISTAC/E54086A_000007/1.1.csv,1.1,9e648085116b93f93f6b1b1bebe2cfb01993c4f41102fde53e6ce8e368064eca,2026-09-28T10:43:46.907221+00:00,https://www.gobiernodecanarias.org/istac/aviso_legal.html,distinct_persons,phase6-v1,2007,fuerteventura,island,PEDIATRIA_AP,Servicio Pediatría AP; edad individual no publicada,distinct_persons,_T,13207.0,persons,OBSERVED,siap_original_service_v1,2007
https://datos.canarias.es/api/estadisticas/statistical-resources/v1.0/datasets/ISTAC/E54086A_000007/1.1.csv,1.1,9e648085116b93f93f6b1b1bebe2cfb01993c4f41102fde53e6ce8e368064eca,2026-09-28T10:43:46.907221+00:00,https://www.gobiernodecanarias.org/istac/aviso_legal.html,distinct_persons,phase6-v1,2007,fuerteventura,island,PEDIATRIA_AP,Servicio Pediatría AP; edad individual no publicada,distinct_persons,CENTRO,13203.0,persons,OBSERVED,siap_original_service_v1,2007
https://datos.canarias.es/api/estadisticas/statistical-resources/v1.0/datasets/ISTAC/E54086A_000007/1.1.csv,1.1,9e648085116b93f93f6b1b1bebe2cfb01993c4f41102fde53e6ce8e368064eca,2026-09-28T10:43:46.907221+00:00,https://www.gobiernodecanarias.org/istac/aviso_legal.html,distinct_persons,phase6-v1,2007,gran-canaria,island,PEDIATRIA_AP,Servicio Pediatría AP; edad individual no publicada,distinct_persons,DOMICILIO,15.0,persons,OBSERVED,siap_original_service_v1,2007
https://datos.canarias.es/api/estadisticas/statistical-resources/v1.0/datasets/ISTAC/E54086A_000007/1.1.csv,1.1,9e648085116b93f93f6b1b1bebe2cfb01993c4f41102fde53e6ce8e368064eca,2026-09-28T10:43:46.907221+00:00,https://www.gobiernodecanarias.org/istac/aviso_legal.html,distinct_persons,phase6-v1,2007,gran-canaria,island,PEDIATRIA_AP,Servicio Pediatría AP; edad individual no publicada,distinct_persons,TELECONSULTA,,persons,NOT_AVAILABLE,siap_original_service_v1,2007
https://datos.canarias.es/api/estadisticas/statistical-resources/v1.0/datasets/ISTAC/E54086A_000007/1.1.csv,1.1,9e648085116b93f93f6b1b1bebe2cfb01993c4f41102fde53e6ce8e368064eca,2026-09-28T10:43:46.907221+00:00,https://www.gobiernodecanarias.org/istac/aviso_legal.html,distinct_persons,phase6-v1,2007,gran-canaria,island,PEDIATRIA_AP,Servicio Pediatría AP; edad individual no publicada,distinct_persons,_T,95973.0,persons,OBSERVED,siap_original_service_v1,2007
https://datos.canarias.es/api/estadisticas/statistical-resources/v1.0/datasets/ISTAC/E54086A_000007/1.1.csv,1.1,9e648085116b93f93f6b1b1bebe2cfb01993c4f41102fde53e6ce8e368064eca,2026-09-28T10:43:46.907221+00:00,https://www.gobiernodecanarias.org/istac/aviso_legal.html,distinct_persons,phase6-v1,2007,gran-canaria,island,PEDIATRIA_AP,Servicio Pediatría AP; edad individual no publicada,distinct_persons,CENTRO,95958.0,persons,OBSERVED,siap_original_service_v1,2007
https://datos.canarias.es/api/estadisticas/statistical-resources/v1.0/datasets/ISTAC/E54086A_000007/1.1.csv,1.1,9e648085116b93f93f6b1b1bebe2cfb01993c4f41102fde53e6ce8e368064eca,2026-09-28T10:43:46.907221+00:00,https://www.gobiernodecanarias.org/istac/aviso_legal.html,distinct_persons,phase6-v1,2007,tenerife,island,PEDIATRIA_AP,Servicio Pediatría AP; edad individual no publicada,distinct_persons,DOMICILIO,23.0,persons,OBSERVED,siap_original_service_v1,2007
https://datos.canarias.es/api/estadisticas/statistical-resources/v1.0/datasets/ISTAC/E54086A_000007/1.1.csv,1.1,9e648085116b93f93f6b1b1bebe2cfb01993c4f41102fde53e6ce8e368064eca,2026-09-28T10:43:46.907221+00:00,https://www.gobiernodecanarias.org/istac/aviso_legal.html,distinct_persons,phase6-v1,2007,tenerife,island,PEDIATRIA_AP,Servicio Pediatría AP; edad individual no publicada,distinct_persons,TELECONSULTA,,persons,NOT_AVAILABLE,siap_original_service_v1,2007
https://datos.canarias.es/api/estadisticas/statistical-resources/v1.0/datasets/ISTAC/E54086A_000007/1.1.csv,1.1,9e648085116b93f93f6b1b1bebe2cfb01993c4f41102fde53e6ce8e368064eca,2026-09-28T10:43:46.907221+00:00,https://www.gobiernodecanarias.org/istac/aviso_legal.html,distinct_persons,phase6-v1,2007,tenerife,island,PEDIATRIA_AP,Servicio Pediatría AP; edad individual no publicada,distinct_persons,_T,101710.0,persons,OBSERVED,siap_original_service_v1,2007
https://datos.canarias.es/api/estadisticas/statistical-resources/v1.0/datasets/ISTAC/E54086A_000007/1.1.csv,1.1,9e648085116b93f93f6b1b1bebe2cfb01993c4f41102fde53e6ce8e368064eca,2026-09-28T10:43:46.907221+00:00,https://www.gobiernodecanarias.org/istac/aviso_legal.html,distinct_persons,phase6-v1,2007,tenerife,island,PEDIATRIA_AP,Servicio Pediatría AP; edad individual no publicada,distinct_persons,CENTRO,101687.0,persons,OBSERVED,siap_original_service_v1,2007
https://datos.canarias.es/api/estadisticas/statistical-resources/v1.0/datasets/ISTAC/E54086A_000007/1.1.csv,1.1,9e648085116b93f93f6b1b1bebe2cfb01993c4f41102fde53e6ce8e368064eca,2026-09-28T10:43:46.907221+00:00,https://www.gobiernodecanarias.org/istac/aviso_legal.html,distinct_persons,phase6-v1,2007,la-gomera,island,PEDIATRIA_AP,Servicio Pediatría AP; edad individual no publicada,distinct_persons,DOMICILIO,1.0,persons,OBSERVED,siap_original_service_v1,2007
https://datos.canarias.es/api/estadisticas/statistical-resources/v1.0/datasets/ISTAC/E54086A_000007/1.1.csv,1.1,9e648085116b93f93f6b1b1bebe2cfb01993c4f41102fde53e6ce8e368064eca,2026-09-28T10:43:46.907221+00:00,https://www.gobiernodecanarias.org/istac/aviso_legal.html,distinct_persons,phase6-v1,2007,la-gomera,island,PEDIATRIA_AP,Servicio Pediatría AP; edad individual no publicada,distinct_persons,TELECONSULTA,,persons,NOT_AVAILABLE,siap_original_service_v1,2007
https://datos.canarias.es/api/estadisticas/statistical-resources/v1.0/datasets/ISTAC/E54086A_000007/1.1.csv,1.1,9e648085116b93f93f6b1b1bebe2cfb01993c4f41102fde53e6ce8e368064eca,2026-09-28T10:43:46.907221+00:00,https://www.gobiernodecanarias.org/istac/aviso_legal.html,distinct_persons,phase6-v1,2007,la-gomera,island,PEDIATRIA_AP,Servicio Pediatría AP; edad individual no publicada,distinct_persons,_T,1049.0,persons,OBSERVED,siap_original_service_v1,2007
https://datos.canarias.es/api/estadisticas/statistical-resources/v1.0/datasets/ISTAC/E54086A_000007/1.1.csv,1.1,9e648085116b93f93f6b1b1bebe2cfb01993c4f41102fde53e6ce8e368064eca,2026-09-28T10:43:46.907221+00:00,https://www.gobiernodecanarias.org/istac/aviso_legal.html,distinct_persons,phase6-v1,2007,la-gomera,island,PEDIATRIA_AP,Servicio Pediatría AP; edad individual no publicada,distinct_persons,CENTRO,1048.0,persons,OBSERVED,siap_original_service_v1,2007
https://datos.canarias.es/api/estadisticas/statistical-resources/v1.0/datasets/ISTAC/E54086A_000007/1.1.csv,1.1,9e648085116b93f93f6b1b1bebe2cfb01993c4f41102fde53e6ce8e368064eca,2026-09-28T10:43:46.907221+00:00,https://www.gobiernodecanarias.org/istac/aviso_legal.html,distinct_persons,phase6-v1,2007,la-palma,island,PEDIATRIA_AP,Servicio Pediatría AP; edad individual no publicada,distinct_persons,DOMICILIO,6.0,persons,OBSERVED,siap_original_service_v1,2007
https://datos.canarias.es/api/estadisticas/statistical-resources/v1.0/datasets/ISTAC/E54086A_000007/1.1.csv,1.1,9e648085116b93f93f6b1b1bebe2cfb01993c4f41102fde53e6ce8e368064eca,2026-09-28T10:43:46.907221+00:00,https://www.gobiernodecanarias.org/istac/aviso_legal.html,distinct_persons,phase6-v1,2007,la-palma,island,PEDIATRIA_AP,Servicio Pediatría AP; edad individual no publicada,distinct_persons,TELECONSULTA,,persons,NOT_AVAILABLE,siap_original_service_v1,2007
https://datos.canarias.es/api/estadisticas/statistical-resources/v1.0/datasets/ISTAC/E54086A_000007/1.1.csv,1.1,9e648085116b93f93f6b1b1bebe2cfb01993c4f41102fde53e6ce8e368064eca,2026-09-28T10:43:46.907221+00:00,https://www.gobiernodecanarias.org/istac/aviso_legal.html,distinct_persons,phase6-v1,2007,la-palma,island,PEDIATRIA_AP,Servicio Pediatría AP; edad individual no publicada,distinct_persons,_T,10106.0,persons,OBSERVED,siap_original_service_v1,2007
https://datos.canarias.es/api/estadisticas/statistical-resources/v1.0/datasets/ISTAC/E54086A_000007/1.1.csv,1.1,9e648085116b93f93f6b1b1bebe2cfb01993c4f41102fde53e6ce8e368064eca,2026-09-28T10:43:46.907221+00:00,https://www.gobiernodecanarias.org/istac/aviso_legal.html,distinct_persons,phase6-v1,2007,la-palma,island,PEDIATRIA_AP,Servicio Pediatría AP; edad individual no publicada,distinct_persons,CENTRO,10100.0,persons,OBSERVED,siap_original_service_v1,2007
https://datos.canarias.es/api/estadisticas/statistical-resources/v1.0/datasets/ISTAC/E54086A_000007/1.1.csv,1.1,9e648085116b93f93f6b1b1bebe2cfb01993c4f41102fde53e6ce8e368064eca,2026-09-28T10:43:46.907221+00:00,https://www.gobiernodecanarias.org/istac/aviso_legal.html,distinct_persons,phase6-v1,2007,el-hierro,island,PEDIATRIA_AP,Servicio Pediatría AP; edad individual no publicada,distinct_persons,DOMICILIO,0.0,persons,OBSERVED,siap_original_service_v1,2007
https://datos.canarias.es/api/estadisticas/statistical-resources/v1.0/datasets/ISTAC/E54086A_000007/1.1.csv,1.1,9e648085116b93f93f6b1b1bebe2cfb01993c4f41102fde53e6ce8e368064eca,2026-09-28T10:43:46.907221+00:00,https://www.gobiernodecanarias.org/istac/aviso_legal.html,distinct_persons,phase6-v1,2007,el-hierro,island,PEDIATRIA_AP,Servicio Pediatría AP; edad individual no publicada,distinct_persons,TELECONSULTA,,persons,NOT_AVAILABLE,siap_original_service_v1,2007
https://datos.canarias.es/api/estadisticas/statistical-resources/v1.0/datasets/ISTAC/E54086A_000007/1.1.csv,1.1,9e648085116b93f93f6b1b1bebe2cfb01993c4f41102fde53e6ce8e368064eca,2026-09-28T10:43:46.907221+00:00,https://www.gobiernodecanarias.org/istac/aviso_legal.html,distinct_persons,phase6-v1,2007,el-hierro,island,PEDIATRIA_AP,Servicio Pediatría AP; edad individual no publicada,distinct_persons,_T,1227.0,persons,OBSERVED,siap_original_service_v1,2007
https://datos.canarias.es/api/estadisticas/statistical-resources/v1.0/datasets/ISTAC/E54086A_000007/1.1.csv,1.1,9e648085116b93f93f6b1b1bebe2cfb01993c4f41102fde53e6ce8e368064eca,2026-09-28T10:43:46.907221+00:00,https://www.gobiernodecanarias.org/istac/aviso_legal.html,distinct_persons,phase6-v1,2007,el-hierro,island,PEDIATRIA_AP,Servicio Pediatría AP; edad individual no publicada,distinct_persons,CENTRO,1227.0,persons,OBSERVED,siap_original_service_v1,2007
https://datos.canarias.es/api/estadisticas/statistical-resources/v1.0/datasets/ISTAC/E54086A_000007/1.1.csv,1.1,9e648085116b93f93f6b1b1bebe2cfb01993c4f41102fde53e6ce8e368064eca,2026-09-28T10:43:46.907221+00:00,https://www.gobiernodecanarias.org/istac/aviso_legal.html,distinct_persons,phase6-v1,2008,lanzarote,island,PEDIATRIA_AP,Servicio Pediatría AP; edad individual no publicada,distinct_persons,DOMICILIO,1.0,persons,OBSERVED,siap_original_service_v1,2008
https://datos.canarias.es/api/estadisticas/statistical-resources/v1.0/datasets/ISTAC/E54086A_000007/1.1.csv,1.1,9e648085116b93f93f6b1b1bebe2cfb01993c4f41102fde53e6ce8e368064eca,2026-09-28T10:43:46.907221+00:00,https://www.gobiernodecanarias.org/istac/aviso_legal.html,distinct_persons,phase6-v1,2008,lanzarote,island,PEDIATRIA_AP,Servicio Pediatría AP; edad individual no publicada,distinct_persons,TELECONSULTA,,persons,NOT_AVAILABLE,siap_original_service_v1,2008
https://datos.canarias.es/api/estadisticas/statistical-resources/v1.0/datasets/ISTAC/E54086A_000007/1.1.csv,1.1,9e648085116b93f93f6b1b1bebe2cfb01993c4f41102fde53e6ce8e368064eca,2026-09-28T10:43:46.907221+00:00,https://www.gobiernodecanarias.org/istac/aviso_legal.html,distinct_persons,phase6-v1,2008,lanzarote,island,PEDIATRIA_AP,Servicio Pediatría AP; edad individual no publicada,distinct_persons,_T,18629.0,persons,OBSERVED,siap_original_service_v1,2008
https://datos.canarias.es/api/estadisticas/statistical-resources/v1.0/datasets/ISTAC/E54086A_000007/1.1.csv,1.1,9e648085116b93f93f6b1b1bebe2cfb01993c4f41102fde53e6ce8e368064eca,2026-09-28T10:43:46.907221+00:00,https://www.gobiernodecanarias.org/istac/aviso_legal.html,distinct_persons,phase6-v1,2008,lanzarote,island,PEDIATRIA_AP,Servicio Pediatría AP; edad individual no publicada,distinct_persons,CENTRO,18628.0,persons,OBSERVED,siap_original_service_v1,2008
https://datos.canarias.es/api/estadisticas/statistical-resources/v1.0/datasets/ISTAC/E54086A_000007/1.1.csv,1.1,9e648085116b93f93f6b1b1bebe2cfb01993c4f41102fde53e6ce8e368064eca,2026-09-28T10:43:46.907221+00:00,https://www.gobiernodecanarias.org/istac/aviso_legal.html,distinct_persons,phase6-v1,2008,fuerteventura,island,PEDIATRIA_AP,Servicio Pediatría AP; edad individual no publicada,distinct_persons,DOMICILIO,8.0,persons,OBSERVED,siap_original_service_v1,2008
https://datos.canarias.es/api/estadisticas/statistical-resources/v1.0/datasets/ISTAC/E54086A_000007/1.1.csv,1.1,9e648085116b93f93f6b1b1bebe2cfb01993c4f41102fde53e6ce8e368064eca,2026-09-28T10:43:46.907221+00:00,https://www.gobiernodecanarias.org/istac/aviso_legal.html,distinct_persons,phase6-v1,2008,fuerteventura,island,PEDIATRIA_AP,Servicio Pediatría AP; edad individual no publicada,distinct_persons,TELECONSULTA,,persons,NOT_AVAILABLE,siap_original_service_v1,2008
https://datos.canarias.es/api/estadisticas/statistical-resources/v1.0/datasets/ISTAC/E54086A_000007/1.1.csv,1.1,9e648085116b93f93f6b1b1bebe2cfb01993c4f41102fde53e6ce8e368064eca,2026-09-28T10:43:46.907221+00:00,https://www.gobiernodecanarias.org/istac/aviso_legal.html,distinct_persons,phase6-v1,2008,fuerteventura,island,PEDIATRIA_AP,Servicio Pediatría AP; edad individual no publicada,distinct_persons,_T,18953.0,persons,OBSERVED,siap_original_service_v1,2008
https://datos.canarias.es/api/estadisticas/statistical-resources/v1.0/datasets/ISTAC/E54086A_000007/1.1.csv,1.1,9e648085116b93f93f6b1b1bebe2cfb01993c4f41102fde53e6ce8e368064eca,2026-09-28T10:43:46.907221+00:00,https://www.gobiernodecanarias.org/istac/aviso_legal.html,distinct_persons,phase6-v1,2008,fuerteventura,island,PEDIATRIA_AP,Servicio Pediatría AP; edad individual no publicada,distinct_persons,CENTRO,18945.0,persons,OBSERVED,siap_original_service_v1,2008
https://datos.canarias.es/api/estadisticas/statistical-resources/v1.0/datasets/ISTAC/E54086A_000007/1.1.csv,1.1,9e648085116b93f93f6b1b1bebe2cfb01993c4f41102fde53e6ce8e368064eca,2026-09-28T10:43:46.907221+00:00,https://www.gobiernodecanarias.org/istac/aviso_legal.html,distinct_persons,phase6-v1,2008,gran-canaria,island,PEDIATRIA_AP,Servicio Pediatría AP; edad individual no publicada,distinct_persons,DOMICILIO,12.0,persons,OBSERVED,siap_original_service_v1,2008
https://datos.canarias.es/api/estadisticas/statistical-resources/v1.0/datasets/ISTAC/E54086A_000007/1.1.csv,1.1,9e648085116b93f93f6b1b1bebe2cfb01993c4f41102fde53e6ce8e368064eca,2026-09-28T10:43:46.907221+00:00,https://www.gobiernodecanarias.org/istac/aviso_legal.html,distinct_persons,phase6-v1,2008,gran-canaria,island,PEDIATRIA_AP,Servicio Pediatría AP; edad individual no publicada,distinct_persons,TELECONSULTA,,persons,NOT_AVAILABLE,siap_original_service_v1,2008
https://datos.canarias.es/api/estadisticas/statistical-resources/v1.0/datasets/ISTAC/E54086A_000007/1.1.csv,1.1,9e648085116b93f93f6b1b1bebe2cfb01993c4f41102fde53e6ce8e368064eca,2026-09-28T10:43:46.907221+00:00,https://www.gobiernodecanarias.org/istac/aviso_legal.html,distinct_persons,phase6-v1,2008,gran-canaria,island,PEDIATRIA_AP,Servicio Pediatría AP; edad individual no publicada,distinct_persons,_T,96967.0,persons,OBSERVED,siap_original_service_v1,2008
https://datos.canarias.es/api/estadisticas/statistical-resources/v1.0/datasets/ISTAC/E54086A_000007/1.1.csv,1.1,9e648085116b93f93f6b1b1bebe2cfb01993c4f41102fde53e6ce8e368064eca,2026-09-28T10:43:46.907221+00:00,https://www.gobiernodecanarias.org/istac/aviso_legal.html,distinct_persons,phase6-v1,2008,gran-canaria,island,PEDIATRIA_AP,Servicio Pediatría AP; edad individual no publicada,distinct_persons,CENTRO,96955.0,persons,OBSERVED,siap_original_service_v1,2008
https://datos.canarias.es/api/estadisticas/statistical-resources/v1.0/datasets/ISTAC/E54086A_000007/1.1.csv,1.1,9e648085116b93f93f6b1b1bebe2cfb01993c4f41102fde53e6ce8e368064eca,2026-09-28T10:43:46.907221+00:00,https://www.gobiernodecanarias.org/istac/aviso_legal.html,distinct_persons,phase6-v1,2008,tenerife,island,PEDIATRIA_AP,Servicio Pediatría AP; edad individual no publicada,distinct_persons,DOMICILIO,34.0,persons,OBSERVED,siap_original_service_v1,2008
https://datos.canarias.es/api/estadisticas/statistical-resources/v1.0/datasets/ISTAC/E54086A_000007/1.1.csv,1.1,9e648085116b93f93f6b1b1bebe2cfb01993c4f41102fde53e6ce8e368064eca,2026-09-28T10:43:46.907221+00:00,https://www.gobiernodecanarias.org/istac/aviso_legal.html,distinct_persons,phase6-v1,2008,tenerife,island,PEDIATRIA_AP,Servicio Pediatría AP; edad individual no publicada,distinct_persons,TELECONSULTA,,persons,NOT_AVAILABLE,siap_original_service_v1,2008
https://datos.canarias.es/api/estadisticas/statistical-resources/v1.0/datasets/ISTAC/E54086A_000007/1.1.csv,1.1,9e648085116b93f93f6b1b1bebe2cfb01993c4f41102fde53e6ce8e368064eca,2026-09-28T10:43:46.907221+00:00,https://www.gobiernodecanarias.org/istac/aviso_legal.html,distinct_persons,phase6-v1,2008,tenerife,island,PEDIATRIA_AP,Servicio Pediatría AP; edad individual no publicada,distinct_persons,_T,103285.0,persons,OBSERVED,siap_original_service_v1,2008
https://datos.canarias.es/api/estadisticas/statistical-resources/v1.0/datasets/ISTAC/E54086A_000007/1.1.csv,1.1,9e648085116b93f93f6b1b1bebe2cfb01993c4f41102fde53e6ce8e368064eca,2026-09-28T10:43:46.907221+00:00,https://www.gobiernodecanarias.org/istac/aviso_legal.html,distinct_persons,phase6-v1,2008,tenerife,island,PEDIATRIA_AP,Servicio Pediatría AP; edad individual no publicada,distinct_persons,CENTRO,103251.0,persons,OBSERVED,siap_original_service_v1,2008
https://datos.canarias.es/api/estadisticas/statistical-resources/v1.0/datasets/ISTAC/E54086A_000007/1.1.csv,1.1,9e648085116b93f93f6b1b1bebe2cfb01993c4f41102fde53e6ce8e368064eca,2026-09-28T10:43:46.907221+00:00,https://www.gobiernodecanarias.org/istac/aviso_legal.html,distinct_persons,phase6-v1,2008,la-gomera,island,PEDIATRIA_AP,Servicio Pediatría AP; edad individual no publicada,distinct_persons,DOMICILIO,0.0,persons,OBSERVED,siap_original_service_v1,2008
https://datos.canarias.es/api/estadisticas/statistical-resources/v1.0/datasets/ISTAC/E54086A_000007/1.1.csv,1.1,9e648085116b93f93f6b1b1bebe2cfb01993c4f41102fde53e6ce8e368064eca,2026-09-28T10:43:46.907221+00:00,https://www.gobiernodecanarias.org/istac/aviso_legal.html,distinct_persons,phase6-v1,2008,la-gomera,island,PEDIATRIA_AP,Servicio Pediatría AP; edad individual no publicada,distinct_persons,TELECONSULTA,,persons,NOT_AVAILABLE,siap_original_service_v1,2008
https://datos.canarias.es/api/estadisticas/statistical-resources/v1.0/datasets/ISTAC/E54086A_000007/1.1.csv,1.1,9e648085116b93f93f6b1b1bebe2cfb01993c4f41102fde53e6ce8e368064eca,2026-09-28T10:43:46.907221+00:00,https://www.gobiernodecanarias.org/istac/aviso_legal.html,distinct_persons,phase6-v1,2008,la-gomera,island,PEDIATRIA_AP,Servicio Pediatría AP; edad individual no publicada,distinct_persons,_T,1087.0,persons,OBSERVED,siap_original_service_v1,2008
https://datos.canarias.es/api/estadisticas/statistical-resources/v1.0/datasets/ISTAC/E54086A_000007/1.1.csv,1.1,9e648085116b93f93f6b1b1bebe2cfb01993c4f41102fde53e6ce8e368064eca,2026-09-28T10:43:46.907221+00:00,https://www.gobiernodecanarias.org/istac/aviso_legal.html,distinct_persons,phase6-v1,2008,la-gomera,island,PEDIATRIA_AP,Servicio Pediatría AP; edad individual no publicada,distinct_persons,CENTRO,1087.0,persons,OBSERVED,siap_original_service_v1,2008
https://datos.canarias.es/api/estadisticas/statistical-resources/v1.0/datasets/ISTAC/E54086A_000007/1.1.csv,1.1,9e648085116b93f93f6b1b1bebe2cfb01993c4f41102fde53e6ce8e368064eca,2026-09-28T10:43:46.907221+00:00,https://www.gobiernodecanarias.org/istac/aviso_legal.html,distinct_persons,phase6-v1,2008,la-palma,island,PEDIATRIA_AP,Servicio Pediatría AP; edad individual no publicada,distinct_persons,DOMICILIO,2.0,persons,OBSERVED,siap_original_service_v1,2008
https://datos.canarias.es/api/estadisticas/statistical-resources/v1.0/datasets/ISTAC/E54086A_000007/1.1.csv,1.1,9e648085116b93f93f6b1b1bebe2cfb01993c4f41102fde53e6ce8e368064eca,2026-09-28T10:43:46.907221+00:00,https://www.gobiernodecanarias.org/istac/aviso_legal.html,distinct_persons,phase6-v1,2008,la-palma,island,PEDIATRIA_AP,Servicio Pediatría AP; edad individual no publicada,distinct_persons,TELECONSULTA,,persons,NOT_AVAILABLE,siap_original_service_v1,2008
https://datos.canarias.es/api/estadisticas/statistical-resources/v1.0/datasets/ISTAC/E54086A_000007/1.1.csv,1.1,9e648085116b93f93f6b1b1bebe2cfb01993c4f41102fde53e6ce8e368064eca,2026-09-28T10:43:46.907221+00:00,https://www.gobiernodecanarias.org/istac/aviso_legal.html,distinct_persons,phase6-v1,2008,la-palma,island,PEDIATRIA_AP,Servicio Pediatría AP; edad individual no publicada,distinct_persons,_T,9928.0,persons,OBSERVED,siap_original_service_v1,2008
https://datos.canarias.es/api/estadisticas/statistical-resources/v1.0/datasets/ISTAC/E54086A_000007/1.1.csv,1.1,9e648085116b93f93f6b1b1bebe2cfb01993c4f41102fde53e6ce8e368064eca,2026-09-28T10:43:46.907221+00:00,https://www.gobiernodecanarias.org/istac/aviso_legal.html,distinct_persons,phase6-v1,2008,la-palma,island,PEDIATRIA_AP,Servicio Pediatría AP; edad individual no publicada,distinct_persons,CENTRO,9926.0,persons,OBSERVED,siap_original_service_v1,2008
https://datos.canarias.es/api/estadisticas/statistical-resources/v1.0/datasets/ISTAC/E54086A_000007/1.1.csv,1.1,9e648085116b93f93f6b1b1bebe2cfb01993c4f41102fde53e6ce8e368064eca,2026-09-28T10:43:46.907221+00:00,https://www.gobiernodecanarias.org/istac/aviso_legal.html,distinct_persons,phase6-v1,2008,el-hierro,island,PEDIATRIA_AP,Servicio Pediatría AP; edad individual no publicada,distinct_persons,DOMICILIO,0.0,persons,OBSERVED,siap_original_service_v1,2008
https://datos.canarias.es/api/estadisticas/statistical-resources/v1.0/datasets/ISTAC/E54086A_000007/1.1.csv,1.1,9e648085116b93f93f6b1b1bebe2cfb01993c4f41102fde53e6ce8e368064eca,2026-09-28T10:43:46.907221+00:00,https://www.gobiernodecanarias.org/istac/aviso_legal.html,distinct_persons,phase6-v1,2008,el-hierro,island,PEDIATRIA_AP,Servicio Pediatría AP; edad individual no publicada,distinct_persons,TELECONSULTA,,persons,NOT_AVAILABLE,siap_original_service_v1,2008
https://datos.canarias.es/api/estadisticas/statistical-resources/v1.0/datasets/ISTAC/E54086A_000007/1.1.csv,1.1,9e648085116b93f93f6b1b1bebe2cfb01993c4f41102fde53e6ce8e368064eca,2026-09-28T10:43:46.907221+00:00,https://www.gobiernodecanarias.org/istac/aviso_legal.html,distinct_persons,phase6-v1,2008,el-hierro,island,PEDIATRIA_AP,Servicio Pediatría AP; edad individual no publicada,distinct_persons,_T,1302.0,persons,OBSERVED,siap_original_service_v1,2008
https://datos.canarias.es/api/estadisticas/statistical-resources/v1.0/datasets/ISTAC/E54086A_000007/1.1.csv,1.1,9e648085116b93f93f6b1b1bebe2cfb01993c4f41102fde53e6ce8e368064eca,2026-09-28T10:43:46.907221+00:00,https://www.gobiernodecanarias.org/istac/aviso_legal.html,distinct_persons,phase6-v1,2008,el-hierro,island,PEDIATRIA_AP,Servicio Pediatría AP; edad individual no publicada,distinct_persons,CENTRO,1302.0,persons,OBSERVED,siap_original_service_v1,2008
https://datos.canarias.es/api/estadisticas/statistical-resources/v1.0/datasets/ISTAC/E54086A_000007/1.1.csv,1.1,9e648085116b93f93f6b1b1bebe2cfb01993c4f41102fde53e6ce8e368064eca,2026-09-28T10:43:46.907221+00:00,https://www.gobiernodecanarias.org/istac/aviso_legal.html,distinct_persons,phase6-v1,2009,lanzarote,island,PEDIATRIA_AP,Servicio Pediatría AP; edad individual no publicada,distinct_persons,DOMICILIO,8.0,persons,OBSERVED,siap_original_service_v1,2009
https://datos.canarias.es/api/estadisticas/statistical-resources/v1.0/datasets/ISTAC/E54086A_000007/1.1.csv,1.1,9e648085116b93f93f6b1b1bebe2cfb01993c4f41102fde53e6ce8e368064eca,2026-09-28T10:43:46.907221+00:00,https://www.gobiernodecanarias.org/istac/aviso_legal.html,distinct_persons,phase6-v1,2009,lanzarote,island,PEDIATRIA_AP,Servicio Pediatría AP; edad individual no publicada,distinct_persons,TELECONSULTA,,persons,NOT_AVAILABLE,siap_original_service_v1,2009
https://datos.canarias.es/api/estadisticas/statistical-resources/v1.0/datasets/ISTAC/E54086A_000007/1.1.csv,1.1,9e648085116b93f93f6b1b1bebe2cfb01993c4f41102fde53e6ce8e368064eca,2026-09-28T10:43:46.907221+00:00,https://www.gobiernodecanarias.org/istac/aviso_legal.html,distinct_persons,phase6-v1,2009,lanzarote,island,PEDIATRIA_AP,Servicio Pediatría AP; edad individual no publicada,distinct_persons,_T,19281.0,persons,OBSERVED,siap_original_service_v1,2009
https://datos.canarias.es/api/estadisticas/statistical-resources/v1.0/datasets/ISTAC/E54086A_000007/1.1.csv,1.1,9e648085116b93f93f6b1b1bebe2cfb01993c4f41102fde53e6ce8e368064eca,2026-09-28T10:43:46.907221+00:00,https://www.gobiernodecanarias.org/istac/aviso_legal.html,distinct_persons,phase6-v1,2009,lanzarote,island,PEDIATRIA_AP,Servicio Pediatría AP; edad individual no publicada,distinct_persons,CENTRO,19273.0,persons,OBSERVED,siap_original_service_v1,2009
https://datos.canarias.es/api/estadisticas/statistical-resources/v1.0/datasets/ISTAC/E54086A_000007/1.1.csv,1.1,9e648085116b93f93f6b1b1bebe2cfb01993c4f41102fde53e6ce8e368064eca,2026-09-28T10:43:46.907221+00:00,https://www.gobiernodecanarias.org/istac/aviso_legal.html,distinct_persons,phase6-v1,2009,fuerteventura,island,PEDIATRIA_AP,Servicio Pediatría AP; edad individual no publicada,distinct_persons,DOMICILIO,2.0,persons,OBSERVED,siap_original_service_v1,2009
https://datos.canarias.es/api/estadisticas/statistical-resources/v1.0/datasets/ISTAC/E54086A_000007/1.1.csv,1.1,9e648085116b93f93f6b1b1bebe2cfb01993c4f41102fde53e6ce8e368064eca,2026-09-28T10:43:46.907221+00:00,https://www.gobiernodecanarias.org/istac/aviso_legal.html,distinct_persons,phase6-v1,2009,fuerteventura,island,PEDIATRIA_AP,Servicio Pediatría AP; edad individual no publicada,distinct_persons,TELECONSULTA,,persons,NOT_AVAILABLE,siap_original_service_v1,2009
https://datos.canarias.es/api/estadisticas/statistical-resources/v1.0/datasets/ISTAC/E54086A_000007/1.1.csv,1.1,9e648085116b93f93f6b1b1bebe2cfb01993c4f41102fde53e6ce8e368064eca,2026-09-28T10:43:46.907221+00:00,https://www.gobiernodecanarias.org/istac/aviso_legal.html,distinct_persons,phase6-v1,2009,fuerteventura,island,PEDIATRIA_AP,Servicio Pediatría AP; edad individual no publicada,distinct_persons,_T,13526.0,persons,OBSERVED,siap_original_service_v1,2009
https://datos.canarias.es/api/estadisticas/statistical-resources/v1.0/datasets/ISTAC/E54086A_000007/1.1.csv,1.1,9e648085116b93f93f6b1b1bebe2cfb01993c4f41102fde53e6ce8e368064eca,2026-09-28T10:43:46.907221+00:00,https://www.gobiernodecanarias.org/istac/aviso_legal.html,distinct_persons,phase6-v1,2009,fuerteventura,island,PEDIATRIA_AP,Servicio Pediatría AP; edad individual no publicada,distinct_persons,CENTRO,13524.0,persons,OBSERVED,siap_original_service_v1,2009
https://datos.canarias.es/api/estadisticas/statistical-resources/v1.0/datasets/ISTAC/E54086A_000007/1.1.csv,1.1,9e648085116b93f93f6b1b1bebe2cfb01993c4f41102fde53e6ce8e368064eca,2026-09-28T10:43:46.907221+00:00,https://www.gobiernodecanarias.org/istac/aviso_legal.html,distinct_persons,phase6-v1,2009,gran-canaria,island,PEDIATRIA_AP,Servicio Pediatría AP; edad individual no publicada,distinct_persons,DOMICILIO,17.0,persons,OBSERVED,siap_original_service_v1,2009
https://datos.canarias.es/api/estadisticas/statistical-resources/v1.0/datasets/ISTAC/E54086A_000007/1.1.csv,1.1,9e648085116b93f93f6b1b1bebe2cfb01993c4f41102fde53e6ce8e368064eca,2026-09-28T10:43:46.907221+00:00,https://www.gobiernodecanarias.org/istac/aviso_legal.html,distinct_persons,phase6-v1,2009,gran-canaria,island,PEDIATRIA_AP,Servicio Pediatría AP; edad individual no publicada,distinct_persons,TELECONSULTA,,persons,NOT_AVAILABLE,siap_original_service_v1,2009
https://datos.canarias.es/api/estadisticas/statistical-resources/v1.0/datasets/ISTAC/E54086A_000007/1.1.csv,1.1,9e648085116b93f93f6b1b1bebe2cfb01993c4f41102fde53e6ce8e368064eca,2026-09-28T10:43:46.907221+00:00,https://www.gobiernodecanarias.org/istac/aviso_legal.html,distinct_persons,phase6-v1,2009,gran-canaria,island,PEDIATRIA_AP,Servicio Pediatría AP; edad individual no publicada,distinct_persons,_T,98872.0,persons,OBSERVED,siap_original_service_v1,2009
https://datos.canarias.es/api/estadisticas/statistical-resources/v1.0/datasets/ISTAC/E54086A_000007/1.1.csv,1.1,9e648085116b93f93f6b1b1bebe2cfb01993c4f41102fde53e6ce8e368064eca,2026-09-28T10:43:46.907221+00:00,https://www.gobiernodecanarias.org/istac/aviso_legal.html,distinct_persons,phase6-v1,2009,gran-canaria,island,PEDIATRIA_AP,Servicio Pediatría AP; edad individual no publicada,distinct_persons,CENTRO,98855.0,persons,OBSERVED,siap_original_service_v1,2009
https://datos.canarias.es/api/estadisticas/statistical-resources/v1.0/datasets/ISTAC/E54086A_000007/1.1.csv,1.1,9e648085116b93f93f6b1b1bebe2cfb01993c4f41102fde53e6ce8e368064eca,2026-09-28T10:43:46.907221+00:00,https://www.gobiernodecanarias.org/istac/aviso_legal.html,distinct_persons,phase6-v1,2009,tenerife,island,PEDIATRIA_AP,Servicio Pediatría AP; edad individual no publicada,distinct_persons,DOMICILIO,37.0,persons,OBSERVED,siap_original_service_v1,2009
https://datos.canarias.es/api/estadisticas/statistical-resources/v1.0/datasets/ISTAC/E54086A_000007/1.1.csv,1.1,9e648085116b93f93f6b1b1bebe2cfb01993c4f41102fde53e6ce8e368064eca,2026-09-28T10:43:46.907221+00:00,https://www.gobiernodecanarias.org/istac/aviso_legal.html,distinct_persons,phase6-v1,2009,tenerife,island,PEDIATRIA_AP,Servicio Pediatría AP; edad individual no publicada,distinct_persons,TELECONSULTA,,persons,NOT_AVAILABLE,siap_original_service_v1,2009
https://datos.canarias.es/api/estadisticas/statistical-resources/v1.0/datasets/ISTAC/E54086A_000007/1.1.csv,1.1,9e648085116b93f93f6b1b1bebe2cfb01993c4f41102fde53e6ce8e368064eca,2026-09-28T10:43:46.907221+00:00,https://www.gobiernodecanarias.org/istac/aviso_legal.html,distinct_persons,phase6-v1,2009,tenerife,island,PEDIATRIA_AP,Servicio Pediatría AP; edad individual no publicada,distinct_persons,_T,106227.0,persons,OBSERVED,siap_original_service_v1,2009
https://datos.canarias.es/api/estadisticas/statistical-resources/v1.0/datasets/ISTAC/E54086A_000007/1.1.csv,1.1,9e648085116b93f93f6b1b1bebe2cfb01993c4f41102fde53e6ce8e368064eca,2026-09-28T10:43:46.907221+00:00,https://www.gobiernodecanarias.org/istac/aviso_legal.html,distinct_persons,phase6-v1,2009,tenerife,island,PEDIATRIA_AP,Servicio Pediatría AP; edad individual no publicada,distinct_persons,CENTRO,106190.0,persons,OBSERVED,siap_original_service_v1,2009
https://datos.canarias.es/api/estadisticas/statistical-resources/v1.0/datasets/ISTAC/E54086A_000007/1.1.csv,1.1,9e648085116b93f93f6b1b1bebe2cfb01993c4f41102fde53e6ce8e368064eca,2026-09-28T10:43:46.907221+00:00,https://www.gobiernodecanarias.org/istac/aviso_legal.html,distinct_persons,phase6-v1,2009,la-gomera,island,PEDIATRIA_AP,Servicio Pediatría AP; edad individual no publicada,distinct_persons,DOMICILIO,0.0,persons,OBSERVED,siap_original_service_v1,2009
https://datos.canarias.es/api/estadisticas/statistical-resources/v1.0/datasets/ISTAC/E54086A_000007/1.1.csv,1.1,9e648085116b93f93f6b1b1bebe2cfb01993c4f41102fde53e6ce8e368064eca,2026-09-28T10:43:46.907221+00:00,https://www.gobiernodecanarias.org/istac/aviso_legal.html,distinct_persons,phase6-v1,2009,la-gomera,island,PEDIATRIA_AP,Servicio Pediatría AP; edad individual no publicada,distinct_persons,TELECONSULTA,,persons,NOT_AVAILABLE,siap_original_service_v1,2009
https://datos.canarias.es/api/estadisticas/statistical-resources/v1.0/datasets/ISTAC/E54086A_000007/1.1.csv,1.1,9e648085116b93f93f6b1b1bebe2cfb01993c4f41102fde53e6ce8e368064eca,2026-09-28T10:43:46.907221+00:00,https://www.gobiernodecanarias.org/istac/aviso_legal.html,distinct_persons,phase6-v1,2009,la-gomera,island,PEDIATRIA_AP,Servicio Pediatría AP; edad individual no publicada,distinct_persons,_T,1094.0,persons,OBSERVED,siap_original_service_v1,2009
https://datos.canarias.es/api/estadisticas/statistical-resources/v1.0/datasets/ISTAC/E54086A_000007/1.1.csv,1.1,9e648085116b93f93f6b1b1bebe2cfb01993c4f41102fde53e6ce8e368064eca,2026-09-28T10:43:46.907221+00:00,https://www.gobiernodecanarias.org/istac/aviso_legal.html,distinct_persons,phase6-v1,2009,la-gomera,island,PEDIATRIA_AP,Servicio Pediatría AP; edad individual no publicada,distinct_persons,CENTRO,1094.0,persons,OBSERVED,siap_original_service_v1,2009
https://datos.canarias.es/api/estadisticas/statistical-resources/v1.0/datasets/ISTAC/E54086A_000007/1.1.csv,1.1,9e648085116b93f93f6b1b1bebe2cfb01993c4f41102fde53e6ce8e368064eca,2026-09-28T10:43:46.907221+00:00,https://www.gobiernodecanarias.org/istac/aviso_legal.html,distinct_persons,phase6-v1,2009,la-palma,island,PEDIATRIA_AP,Servicio Pediatría AP; edad individual no publicada,distinct_persons,DOMICILIO,2.0,persons,OBSERVED,siap_original_service_v1,2009
https://datos.canarias.es/api/estadisticas/statistical-resources/v1.0/datasets/ISTAC/E54086A_000007/1.1.csv,1.1,9e648085116b93f93f6b1b1bebe2cfb01993c4f41102fde53e6ce8e368064eca,2026-09-28T10:43:46.907221+00:00,https://www.gobiernodecanarias.org/istac/aviso_legal.html,distinct_persons,phase6-v1,2009,la-palma,island,PEDIATRIA_AP,Servicio Pediatría AP; edad individual no publicada,distinct_persons,TELECONSULTA,,persons,NOT_AVAILABLE,siap_original_service_v1,2009
https://datos.canarias.es/api/estadisticas/statistical-resources/v1.0/datasets/ISTAC/E54086A_000007/1.1.csv,1.1,9e648085116b93f93f6b1b1bebe2cfb01993c4f41102fde53e6ce8e368064eca,2026-09-28T10:43:46.907221+00:00,https://www.gobiernodecanarias.org/istac/aviso_legal.html,distinct_persons,phase6-v1,2009,la-palma,island,PEDIATRIA_AP,Servicio Pediatría AP; edad individual no publicada,distinct_persons,_T,9677.0,persons,OBSERVED,siap_original_service_v1,2009
https://datos.canarias.es/api/estadisticas/statistical-resources/v1.0/datasets/ISTAC/E54086A_000007/1.1.csv,1.1,9e648085116b93f93f6b1b1bebe2cfb01993c4f41102fde53e6ce8e368064eca,2026-09-28T10:43:46.907221+00:00,https://www.gobiernodecanarias.org/istac/aviso_legal.html,distinct_persons,phase6-v1,2009,la-palma,island,PEDIATRIA_AP,Servicio Pediatría AP; edad individual no publicada,distinct_persons,CENTRO,9675.0,persons,OBSERVED,siap_original_service_v1,2009
https://datos.canarias.es/api/estadisticas/statistical-resources/v1.0/datasets/ISTAC/E54086A_000007/1.1.csv,1.1,9e648085116b93f93f6b1b1bebe2cfb01993c4f41102fde53e6ce8e368064eca,2026-09-28T10:43:46.907221+00:00,https://www.gobiernodecanarias.org/istac/aviso_legal.html,distinct_persons,phase6-v1,2009,el-hierro,island,PEDIATRIA_AP,Servicio Pediatría AP; edad individual no publicada,distinct_persons,DOMICILIO,0.0,persons,OBSERVED,siap_original_service_v1,2009
https://datos.canarias.es/api/estadisticas/statistical-resources/v1.0/datasets/ISTAC/E54086A_000007/1.1.csv,1.1,9e648085116b93f93f6b1b1bebe2cfb01993c4f41102fde53e6ce8e368064eca,2026-09-28T10:43:46.907221+00:00,https://www.gobiernodecanarias.org/istac/aviso_legal.html,distinct_persons,phase6-v1,2009,el-hierro,island,PEDIATRIA_AP,Servicio Pediatría AP; edad individual no publicada,distinct_persons,TELECONSULTA,,persons,NOT_AVAILABLE,siap_original_service_v1,2009
https://datos.canarias.es/api/estadisticas/statistical-resources/v1.0/datasets/ISTAC/E54086A_000007/1.1.csv,1.1,9e648085116b93f93f6b1b1bebe2cfb01993c4f41102fde53e6ce8e368064eca,2026-09-28T10:43:46.907221+00:00,https://www.gobiernodecanarias.org/istac/aviso_legal.html,distinct_persons,phase6-v1,2009,el-hierro,island,PEDIATRIA_AP,Servicio Pediatría AP; edad individual no publicada,distinct_persons,_T,1188.0,persons,OBSERVED,siap_original_service_v1,2009
https://datos.canarias.es/api/estadisticas/statistical-resources/v1.0/datasets/ISTAC/E54086A_000007/1.1.csv,1.1,9e648085116b93f93f6b1b1bebe2cfb01993c4f41102fde53e6ce8e368064eca,2026-09-28T10:43:46.907221+00:00,https://www.gobiernodecanarias.org/istac/aviso_legal.html,distinct_persons,phase6-v1,2009,el-hierro,island,PEDIATRIA_AP,Servicio Pediatría AP; edad individual no publicada,distinct_persons,CENTRO,1188.0,persons,OBSERVED,siap_original_service_v1,2009
https://datos.canarias.es/api/estadisticas/statistical-resources/v1.0/datasets/ISTAC/E54086A_000007/1.1.csv,1.1,9e648085116b93f93f6b1b1bebe2cfb01993c4f41102fde53e6ce8e368064eca,2026-09-28T10:43:46.907221+00:00,https://www.gobiernodecanarias.org/istac/aviso_legal.html,distinct_persons,phase6-v1,2010,lanzarote,island,PEDIATRIA_AP,Servicio Pediatría AP; edad individual no publicada,distinct_persons,DOMICILIO,10.0,persons,OBSERVED,siap_original_service_v1,2010
https://datos.canarias.es/api/estadisticas/statistical-resources/v1.0/datasets/ISTAC/E54086A_000007/1.1.csv,1.1,9e648085116b93f93f6b1b1bebe2cfb01993c4f41102fde53e6ce8e368064eca,2026-09-28T10:43:46.907221+00:00,https://www.gobiernodecanarias.org/istac/aviso_legal.html,distinct_persons,phase6-v1,2010,lanzarote,island,PEDIATRIA_AP,Servicio Pediatría AP; edad individual no publicada,distinct_persons,TELECONSULTA,,persons,NOT_AVAILABLE,siap_original_service_v1,2010
https://datos.canarias.es/api/estadisticas/statistical-resources/v1.0/datasets/ISTAC/E54086A_000007/1.1.csv,1.1,9e648085116b93f93f6b1b1bebe2cfb01993c4f41102fde53e6ce8e368064eca,2026-09-28T10:43:46.907221+00:00,https://www.gobiernodecanarias.org/istac/aviso_legal.html,distinct_persons,phase6-v1,2010,lanzarote,island,PEDIATRIA_AP,Servicio Pediatría AP; edad individual no publicada,distinct_persons,_T,18622.0,persons,OBSERVED,siap_original_service_v1,2010
https://datos.canarias.es/api/estadisticas/statistical-resources/v1.0/datasets/ISTAC/E54086A_000007/1.1.csv,1.1,9e648085116b93f93f6b1b1bebe2cfb01993c4f41102fde53e6ce8e368064eca,2026-09-28T10:43:46.907221+00:00,https://www.gobiernodecanarias.org/istac/aviso_legal.html,distinct_persons,phase6-v1,2010,lanzarote,island,PEDIATRIA_AP,Servicio Pediatría AP; edad individual no publicada,distinct_persons,CENTRO,18612.0,persons,OBSERVED,siap_original_service_v1,2010
https://datos.canarias.es/api/estadisticas/statistical-resources/v1.0/datasets/ISTAC/E54086A_000007/1.1.csv,1.1,9e648085116b93f93f6b1b1bebe2cfb01993c4f41102fde53e6ce8e368064eca,2026-09-28T10:43:46.907221+00:00,https://www.gobiernodecanarias.org/istac/aviso_legal.html,distinct_persons,phase6-v1,2010,fuerteventura,island,PEDIATRIA_AP,Servicio Pediatría AP; edad individual no publicada,distinct_persons,DOMICILIO,5.0,persons,OBSERVED,siap_original_service_v1,2010
https://datos.canarias.es/api/estadisticas/statistical-resources/v1.0/datasets/ISTAC/E54086A_000007/1.1.csv,1.1,9e648085116b93f93f6b1b1bebe2cfb01993c4f41102fde53e6ce8e368064eca,2026-09-28T10:43:46.907221+00:00,https://www.gobiernodecanarias.org/istac/aviso_legal.html,distinct_persons,phase6-v1,2010,fuerteventura,island,PEDIATRIA_AP,Servicio Pediatría AP; edad individual no publicada,distinct_persons,TELECONSULTA,,persons,NOT_AVAILABLE,siap_original_service_v1,2010
https://datos.canarias.es/api/estadisticas/statistical-resources/v1.0/datasets/ISTAC/E54086A_000007/1.1.csv,1.1,9e648085116b93f93f6b1b1bebe2cfb01993c4f41102fde53e6ce8e368064eca,2026-09-28T10:43:46.907221+00:00,https://www.gobiernodecanarias.org/istac/aviso_legal.html,distinct_persons,phase6-v1,2010,fuerteventura,island,PEDIATRIA_AP,Servicio Pediatría AP; edad individual no publicada,distinct_persons,_T,12957.0,persons,OBSERVED,siap_original_service_v1,2010
https://datos.canarias.es/api/estadisticas/statistical-resources/v1.0/datasets/ISTAC/E54086A_000007/1.1.csv,1.1,9e648085116b93f93f6b1b1bebe2cfb01993c4f41102fde53e6ce8e368064eca,2026-09-28T10:43:46.907221+00:00,https://www.gobiernodecanarias.org/istac/aviso_legal.html,distinct_persons,phase6-v1,2010,fuerteventura,island,PEDIATRIA_AP,Servicio Pediatría AP; edad individual no publicada,distinct_persons,CENTRO,12952.0,persons,OBSERVED,siap_original_service_v1,2010
https://datos.canarias.es/api/estadisticas/statistical-resources/v1.0/datasets/ISTAC/E54086A_000007/1.1.csv,1.1,9e648085116b93f93f6b1b1bebe2cfb01993c4f41102fde53e6ce8e368064eca,2026-09-28T10:43:46.907221+00:00,https://www.gobiernodecanarias.org/istac/aviso_legal.html,distinct_persons,phase6-v1,2010,gran-canaria,island,PEDIATRIA_AP,Servicio Pediatría AP; edad individual no publicada,distinct_persons,DOMICILIO,24.0,persons,OBSERVED,siap_original_service_v1,2010
https://datos.canarias.es/api/estadisticas/statistical-resources/v1.0/datasets/ISTAC/E54086A_000007/1.1.csv,1.1,9e648085116b93f93f6b1b1bebe2cfb01993c4f41102fde53e6ce8e368064eca,2026-09-28T10:43:46.907221+00:00,https://www.gobiernodecanarias.org/istac/aviso_legal.html,distinct_persons,phase6-v1,2010,gran-canaria,island,PEDIATRIA_AP,Servicio Pediatría AP; edad individual no publicada,distinct_persons,TELECONSULTA,,persons,NOT_AVAILABLE,siap_original_service_v1,2010
https://datos.canarias.es/api/estadisticas/statistical-resources/v1.0/datasets/ISTAC/E54086A_000007/1.1.csv,1.1,9e648085116b93f93f6b1b1bebe2cfb01993c4f41102fde53e6ce8e368064eca,2026-09-28T10:43:46.907221+00:00,https://www.gobiernodecanarias.org/istac/aviso_legal.html,distinct_persons,phase6-v1,2010,gran-canaria,island,PEDIATRIA_AP,Servicio Pediatría AP; edad individual no publicada,distinct_persons,_T,94890.0,persons,OBSERVED,siap_original_service_v1,2010
https://datos.canarias.es/api/estadisticas/statistical-resources/v1.0/datasets/ISTAC/E54086A_000007/1.1.csv,1.1,9e648085116b93f93f6b1b1bebe2cfb01993c4f41102fde53e6ce8e368064eca,2026-09-28T10:43:46.907221+00:00,https://www.gobiernodecanarias.org/istac/aviso_legal.html,distinct_persons,phase6-v1,2010,gran-canaria,island,PEDIATRIA_AP,Servicio Pediatría AP; edad individual no publicada,distinct_persons,CENTRO,94866.0,persons,OBSERVED,siap_original_service_v1,2010
https://datos.canarias.es/api/estadisticas/statistical-resources/v1.0/datasets/ISTAC/E54086A_000007/1.1.csv,1.1,9e648085116b93f93f6b1b1bebe2cfb01993c4f41102fde53e6ce8e368064eca,2026-09-28T10:43:46.907221+00:00,https://www.gobiernodecanarias.org/istac/aviso_legal.html,distinct_persons,phase6-v1,2010,tenerife,island,PEDIATRIA_AP,Servicio Pediatría AP; edad individual no publicada,distinct_persons,DOMICILIO,26.0,persons,OBSERVED,siap_original_service_v1,2010
https://datos.canarias.es/api/estadisticas/statistical-resources/v1.0/datasets/ISTAC/E54086A_000007/1.1.csv,1.1,9e648085116b93f93f6b1b1bebe2cfb01993c4f41102fde53e6ce8e368064eca,2026-09-28T10:43:46.907221+00:00,https://www.gobiernodecanarias.org/istac/aviso_legal.html,distinct_persons,phase6-v1,2010,tenerife,island,PEDIATRIA_AP,Servicio Pediatría AP; edad individual no publicada,distinct_persons,TELECONSULTA,,persons,NOT_AVAILABLE,siap_original_service_v1,2010
https://datos.canarias.es/api/estadisticas/statistical-resources/v1.0/datasets/ISTAC/E54086A_000007/1.1.csv,1.1,9e648085116b93f93f6b1b1bebe2cfb01993c4f41102fde53e6ce8e368064eca,2026-09-28T10:43:46.907221+00:00,https://www.gobiernodecanarias.org/istac/aviso_legal.html,distinct_persons,phase6-v1,2010,tenerife,island,PEDIATRIA_AP,Servicio Pediatría AP; edad individual no publicada,distinct_persons,_T,103680.0,persons,OBSERVED,siap_original_service_v1,2010
https://datos.canarias.es/api/estadisticas/statistical-resources/v1.0/datasets/ISTAC/E54086A_000007/1.1.csv,1.1,9e648085116b93f93f6b1b1bebe2cfb01993c4f41102fde53e6ce8e368064eca,2026-09-28T10:43:46.907221+00:00,https://www.gobiernodecanarias.org/istac/aviso_legal.html,distinct_persons,phase6-v1,2010,tenerife,island,PEDIATRIA_AP,Servicio Pediatría AP; edad individual no publicada,distinct_persons,CENTRO,103654.0,persons,OBSERVED,siap_original_service_v1,2010
https://datos.canarias.es/api/estadisticas/statistical-resources/v1.0/datasets/ISTAC/E54086A_000007/1.1.csv,1.1,9e648085116b93f93f6b1b1bebe2cfb01993c4f41102fde53e6ce8e368064eca,2026-09-28T10:43:46.907221+00:00,https://www.gobiernodecanarias.org/istac/aviso_legal.html,distinct_persons,phase6-v1,2010,la-gomera,island,PEDIATRIA_AP,Servicio Pediatría AP; edad individual no publicada,distinct_persons,DOMICILIO,1.0,persons,OBSERVED,siap_original_service_v1,2010
https://datos.canarias.es/api/estadisticas/statistical-resources/v1.0/datasets/ISTAC/E54086A_000007/1.1.csv,1.1,9e648085116b93f93f6b1b1bebe2cfb01993c4f41102fde53e6ce8e368064eca,2026-09-28T10:43:46.907221+00:00,https://www.gobiernodecanarias.org/istac/aviso_legal.html,distinct_persons,phase6-v1,2010,la-gomera,island,PEDIATRIA_AP,Servicio Pediatría AP; edad individual no publicada,distinct_persons,TELECONSULTA,,persons,NOT_AVAILABLE,siap_original_service_v1,2010
https://datos.canarias.es/api/estadisticas/statistical-resources/v1.0/datasets/ISTAC/E54086A_000007/1.1.csv,1.1,9e648085116b93f93f6b1b1bebe2cfb01993c4f41102fde53e6ce8e368064eca,2026-09-28T10:43:46.907221+00:00,https://www.gobiernodecanarias.org/istac/aviso_legal.html,distinct_persons,phase6-v1,2010,la-gomera,island,PEDIATRIA_AP,Servicio Pediatría AP; edad individual no publicada,distinct_persons,_T,1050.0,persons,OBSERVED,siap_original_service_v1,2010
https://datos.canarias.es/api/estadisticas/statistical-resources/v1.0/datasets/ISTAC/E54086A_000007/1.1.csv,1.1,9e648085116b93f93f6b1b1bebe2cfb01993c4f41102fde53e6ce8e368064eca,2026-09-28T10:43:46.907221+00:00,https://www.gobiernodecanarias.org/istac/aviso_legal.html,distinct_persons,phase6-v1,2010,la-gomera,island,PEDIATRIA_AP,Servicio Pediatría AP; edad individual no publicada,distinct_persons,CENTRO,1049.0,persons,OBSERVED,siap_original_service_v1,2010
https://datos.canarias.es/api/estadisticas/statistical-resources/v1.0/datasets/ISTAC/E54086A_000007/1.1.csv,1.1,9e648085116b93f93f6b1b1bebe2cfb01993c4f41102fde53e6ce8e368064eca,2026-09-28T10:43:46.907221+00:00,https://www.gobiernodecanarias.org/istac/aviso_legal.html,distinct_persons,phase6-v1,2010,la-palma,island,PEDIATRIA_AP,Servicio Pediatría AP; edad individual no publicada,distinct_persons,DOMICILIO,1.0,persons,OBSERVED,siap_original_service_v1,2010
https://datos.canarias.es/api/estadisticas/statistical-resources/v1.0/datasets/ISTAC/E54086A_000007/1.1.csv,1.1,9e648085116b93f93f6b1b1bebe2cfb01993c4f41102fde53e6ce8e368064eca,2026-09-28T10:43:46.907221+00:00,https://www.gobiernodecanarias.org/istac/aviso_legal.html,distinct_persons,phase6-v1,2010,la-palma,island,PEDIATRIA_AP,Servicio Pediatría AP; edad individual no publicada,distinct_persons,TELECONSULTA,,persons,NOT_AVAILABLE,siap_original_service_v1,2010
https://datos.canarias.es/api/estadisticas/statistical-resources/v1.0/datasets/ISTAC/E54086A_000007/1.1.csv,1.1,9e648085116b93f93f6b1b1bebe2cfb01993c4f41102fde53e6ce8e368064eca,2026-09-28T10:43:46.907221+00:00,https://www.gobiernodecanarias.org/istac/aviso_legal.html,distinct_persons,phase6-v1,2010,la-palma,island,PEDIATRIA_AP,Servicio Pediatría AP; edad individual no publicada,distinct_persons,_T,9348.0,persons,OBSERVED,siap_original_service_v1,2010
https://datos.canarias.es/api/estadisticas/statistical-resources/v1.0/datasets/ISTAC/E54086A_000007/1.1.csv,1.1,9e648085116b93f93f6b1b1bebe2cfb01993c4f41102fde53e6ce8e368064eca,2026-09-28T10:43:46.907221+00:00,https://www.gobiernodecanarias.org/istac/aviso_legal.html,distinct_persons,phase6-v1,2010,la-palma,island,PEDIATRIA_AP,Servicio Pediatría AP; edad individual no publicada,distinct_persons,CENTRO,9347.0,persons,OBSERVED,siap_original_service_v1,2010
https://datos.canarias.es/api/estadisticas/statistical-resources/v1.0/datasets/ISTAC/E54086A_000007/1.1.csv,1.1,9e648085116b93f93f6b1b1bebe2cfb01993c4f41102fde53e6ce8e368064eca,2026-09-28T10:43:46.907221+00:00,https://www.gobiernodecanarias.org/istac/aviso_legal.html,distinct_persons,phase6-v1,2010,el-hierro,island,PEDIATRIA_AP,Servicio Pediatría AP; edad individual no publicada,distinct_persons,DOMICILIO,1.0,persons,OBSERVED,siap_original_service_v1,2010
https://datos.canarias.es/api/estadisticas/statistical-resources/v1.0/datasets/ISTAC/E54086A_000007/1.1.csv,1.1,9e648085116b93f93f6b1b1bebe2cfb01993c4f41102fde53e6ce8e368064eca,2026-09-28T10:43:46.907221+00:00,https://www.gobiernodecanarias.org/istac/aviso_legal.html,distinct_persons,phase6-v1,2010,el-hierro,island,PEDIATRIA_AP,Servicio Pediatría AP; edad individual no publicada,distinct_persons,TELECONSULTA,,persons,NOT_AVAILABLE,siap_original_service_v1,2010
https://datos.canarias.es/api/estadisticas/statistical-resources/v1.0/datasets/ISTAC/E54086A_000007/1.1.csv,1.1,9e648085116b93f93f6b1b1bebe2cfb01993c4f41102fde53e6ce8e368064eca,2026-09-28T10:43:46.907221+00:00,https://www.gobiernodecanarias.org/istac/aviso_legal.html,distinct_persons,phase6-v1,2010,el-hierro,island,PEDIATRIA_AP,Servicio Pediatría AP; edad individual no publicada,distinct_persons,_T,1177.0,persons,OBSERVED,siap_original_service_v1,2010
https://datos.canarias.es/api/estadisticas/statistical-resources/v1.0/datasets/ISTAC/E54086A_000007/1.1.csv,1.1,9e648085116b93f93f6b1b1bebe2cfb01993c4f41102fde53e6ce8e368064eca,2026-09-28T10:43:46.907221+00:00,https://www.gobiernodecanarias.org/istac/aviso_legal.html,distinct_persons,phase6-v1,2010,el-hierro,island,PEDIATRIA_AP,Servicio Pediatría AP; edad individual no publicada,distinct_persons,CENTRO,1176.0,persons,OBSERVED,siap_original_service_v1,2010
https://datos.canarias.es/api/estadisticas/statistical-resources/v1.0/datasets/ISTAC/E54086A_000007/1.1.csv,1.1,9e648085116b93f93f6b1b1bebe2cfb01993c4f41102fde53e6ce8e368064eca,2026-09-28T10:43:46.907221+00:00,https://www.gobiernodecanarias.org/istac/aviso_legal.html,distinct_persons,phase6-v1,2011,lanzarote,island,PEDIATRIA_AP,Servicio Pediatría AP; edad individual no publicada,distinct_persons,DOMICILIO,11.0,persons,OBSERVED,siap_original_service_v1,2011
https://datos.canarias.es/api/estadisticas/statistical-resources/v1.0/datasets/ISTAC/E54086A_000007/1.1.csv,1.1,9e648085116b93f93f6b1b1bebe2cfb01993c4f41102fde53e6ce8e368064eca,2026-09-28T10:43:46.907221+00:00,https://www.gobiernodecanarias.org/istac/aviso_legal.html,distinct_persons,phase6-v1,2011,lanzarote,island,PEDIATRIA_AP,Servicio Pediatría AP; edad individual no publicada,distinct_persons,TELECONSULTA,,persons,NOT_AVAILABLE,siap_original_service_v1,2011
https://datos.canarias.es/api/estadisticas/statistical-resources/v1.0/datasets/ISTAC/E54086A_000007/1.1.csv,1.1,9e648085116b93f93f6b1b1bebe2cfb01993c4f41102fde53e6ce8e368064eca,2026-09-28T10:43:46.907221+00:00,https://www.gobiernodecanarias.org/istac/aviso_legal.html,distinct_persons,phase6-v1,2011,lanzarote,island,PEDIATRIA_AP,Servicio Pediatría AP; edad individual no publicada,distinct_persons,_T,19032.0,persons,OBSERVED,siap_original_service_v1,2011
https://datos.canarias.es/api/estadisticas/statistical-resources/v1.0/datasets/ISTAC/E54086A_000007/1.1.csv,1.1,9e648085116b93f93f6b1b1bebe2cfb01993c4f41102fde53e6ce8e368064eca,2026-09-28T10:43:46.907221+00:00,https://www.gobiernodecanarias.org/istac/aviso_legal.html,distinct_persons,phase6-v1,2011,lanzarote,island,PEDIATRIA_AP,Servicio Pediatría AP; edad individual no publicada,distinct_persons,CENTRO,19021.0,persons,OBSERVED,siap_original_service_v1,2011
https://datos.canarias.es/api/estadisticas/statistical-resources/v1.0/datasets/ISTAC/E54086A_000007/1.1.csv,1.1,9e648085116b93f93f6b1b1bebe2cfb01993c4f41102fde53e6ce8e368064eca,2026-09-28T10:43:46.907221+00:00,https://www.gobiernodecanarias.org/istac/aviso_legal.html,distinct_persons,phase6-v1,2011,fuerteventura,island,PEDIATRIA_AP,Servicio Pediatría AP; edad individual no publicada,distinct_persons,DOMICILIO,2.0,persons,OBSERVED,siap_original_service_v1,2011
https://datos.canarias.es/api/estadisticas/statistical-resources/v1.0/datasets/ISTAC/E54086A_000007/1.1.csv,1.1,9e648085116b93f93f6b1b1bebe2cfb01993c4f41102fde53e6ce8e368064eca,2026-09-28T10:43:46.907221+00:00,https://www.gobiernodecanarias.org/istac/aviso_legal.html,distinct_persons,phase6-v1,2011,fuerteventura,island,PEDIATRIA_AP,Servicio Pediatría AP; edad individual no publicada,distinct_persons,TELECONSULTA,,persons,NOT_AVAILABLE,siap_original_service_v1,2011
https://datos.canarias.es/api/estadisticas/statistical-resources/v1.0/datasets/ISTAC/E54086A_000007/1.1.csv,1.1,9e648085116b93f93f6b1b1bebe2cfb01993c4f41102fde53e6ce8e368064eca,2026-09-28T10:43:46.907221+00:00,https://www.gobiernodecanarias.org/istac/aviso_legal.html,distinct_persons,phase6-v1,2011,fuerteventura,island,PEDIATRIA_AP,Servicio Pediatría AP; edad individual no publicada,distinct_persons,_T,13178.0,persons,OBSERVED,siap_original_service_v1,2011
https://datos.canarias.es/api/estadisticas/statistical-resources/v1.0/datasets/ISTAC/E54086A_000007/1.1.csv,1.1,9e648085116b93f93f6b1b1bebe2cfb01993c4f41102fde53e6ce8e368064eca,2026-09-28T10:43:46.907221+00:00,https://www.gobiernodecanarias.org/istac/aviso_legal.html,distinct_persons,phase6-v1,2011,fuerteventura,island,PEDIATRIA_AP,Servicio Pediatría AP; edad individual no publicada,distinct_persons,CENTRO,13176.0,persons,OBSERVED,siap_original_service_v1,2011
https://datos.canarias.es/api/estadisticas/statistical-resources/v1.0/datasets/ISTAC/E54086A_000007/1.1.csv,1.1,9e648085116b93f93f6b1b1bebe2cfb01993c4f41102fde53e6ce8e368064eca,2026-09-28T10:43:46.907221+00:00,https://www.gobiernodecanarias.org/istac/aviso_legal.html,distinct_persons,phase6-v1,2011,gran-canaria,island,PEDIATRIA_AP,Servicio Pediatría AP; edad individual no publicada,distinct_persons,DOMICILIO,18.0,persons,OBSERVED,siap_original_service_v1,2011
https://datos.canarias.es/api/estadisticas/statistical-resources/v1.0/datasets/ISTAC/E54086A_000007/1.1.csv,1.1,9e648085116b93f93f6b1b1bebe2cfb01993c4f41102fde53e6ce8e368064eca,2026-09-28T10:43:46.907221+00:00,https://www.gobiernodecanarias.org/istac/aviso_legal.html,distinct_persons,phase6-v1,2011,gran-canaria,island,PEDIATRIA_AP,Servicio Pediatría AP; edad individual no publicada,distinct_persons,TELECONSULTA,,persons,NOT_AVAILABLE,siap_original_service_v1,2011
https://datos.canarias.es/api/estadisticas/statistical-resources/v1.0/datasets/ISTAC/E54086A_000007/1.1.csv,1.1,9e648085116b93f93f6b1b1bebe2cfb01993c4f41102fde53e6ce8e368064eca,2026-09-28T10:43:46.907221+00:00,https://www.gobiernodecanarias.org/istac/aviso_legal.html,distinct_persons,phase6-v1,2011,gran-canaria,island,PEDIATRIA_AP,Servicio Pediatría AP; edad individual no publicada,distinct_persons,_T,95279.0,persons,OBSERVED,siap_original_service_v1,2011
https://datos.canarias.es/api/estadisticas/statistical-resources/v1.0/datasets/ISTAC/E54086A_000007/1.1.csv,1.1,9e648085116b93f93f6b1b1bebe2cfb01993c4f41102fde53e6ce8e368064eca,2026-09-28T10:43:46.907221+00:00,https://www.gobiernodecanarias.org/istac/aviso_legal.html,distinct_persons,phase6-v1,2011,gran-canaria,island,PEDIATRIA_AP,Servicio Pediatría AP; edad individual no publicada,distinct_persons,CENTRO,95261.0,persons,OBSERVED,siap_original_service_v1,2011
https://datos.canarias.es/api/estadisticas/statistical-resources/v1.0/datasets/ISTAC/E54086A_000007/1.1.csv,1.1,9e648085116b93f93f6b1b1bebe2cfb01993c4f41102fde53e6ce8e368064eca,2026-09-28T10:43:46.907221+00:00,https://www.gobiernodecanarias.org/istac/aviso_legal.html,distinct_persons,phase6-v1,2011,tenerife,island,PEDIATRIA_AP,Servicio Pediatría AP; edad individual no publicada,distinct_persons,DOMICILIO,31.0,persons,OBSERVED,siap_original_service_v1,2011
https://datos.canarias.es/api/estadisticas/statistical-resources/v1.0/datasets/ISTAC/E54086A_000007/1.1.csv,1.1,9e648085116b93f93f6b1b1bebe2cfb01993c4f41102fde53e6ce8e368064eca,2026-09-28T10:43:46.907221+00:00,https://www.gobiernodecanarias.org/istac/aviso_legal.html,distinct_persons,phase6-v1,2011,tenerife,island,PEDIATRIA_AP,Servicio Pediatría AP; edad individual no publicada,distinct_persons,TELECONSULTA,,persons,NOT_AVAILABLE,siap_original_service_v1,2011
https://datos.canarias.es/api/estadisticas/statistical-resources/v1.0/datasets/ISTAC/E54086A_000007/1.1.csv,1.1,9e648085116b93f93f6b1b1bebe2cfb01993c4f41102fde53e6ce8e368064eca,2026-09-28T10:43:46.907221+00:00,https://www.gobiernodecanarias.org/istac/aviso_legal.html,distinct_persons,phase6-v1,2011,tenerife,island,PEDIATRIA_AP,Servicio Pediatría AP; edad individual no publicada,distinct_persons,_T,103694.0,persons,OBSERVED,siap_original_service_v1,2011
https://datos.canarias.es/api/estadisticas/statistical-resources/v1.0/datasets/ISTAC/E54086A_000007/1.1.csv,1.1,9e648085116b93f93f6b1b1bebe2cfb01993c4f41102fde53e6ce8e368064eca,2026-09-28T10:43:46.907221+00:00,https://www.gobiernodecanarias.org/istac/aviso_legal.html,distinct_persons,phase6-v1,2011,tenerife,island,PEDIATRIA_AP,Servicio Pediatría AP; edad individual no publicada,distinct_persons,CENTRO,103663.0,persons,OBSERVED,siap_original_service_v1,2011
https://datos.canarias.es/api/estadisticas/statistical-resources/v1.0/datasets/ISTAC/E54086A_000007/1.1.csv,1.1,9e648085116b93f93f6b1b1bebe2cfb01993c4f41102fde53e6ce8e368064eca,2026-09-28T10:43:46.907221+00:00,https://www.gobiernodecanarias.org/istac/aviso_legal.html,distinct_persons,phase6-v1,2011,la-gomera,island,PEDIATRIA_AP,Servicio Pediatría AP; edad individual no publicada,distinct_persons,DOMICILIO,,persons,NOT_AVAILABLE,siap_original_service_v1,2011
https://datos.canarias.es/api/estadisticas/statistical-resources/v1.0/datasets/ISTAC/E54086A_000007/1.1.csv,1.1,9e648085116b93f93f6b1b1bebe2cfb01993c4f41102fde53e6ce8e368064eca,2026-09-28T10:43:46.907221+00:00,https://www.gobiernodecanarias.org/istac/aviso_legal.html,distinct_persons,phase6-v1,2011,la-gomera,island,PEDIATRIA_AP,Servicio Pediatría AP; edad individual no publicada,distinct_persons,TELECONSULTA,,persons,NOT_AVAILABLE,siap_original_service_v1,2011
https://datos.canarias.es/api/estadisticas/statistical-resources/v1.0/datasets/ISTAC/E54086A_000007/1.1.csv,1.1,9e648085116b93f93f6b1b1bebe2cfb01993c4f41102fde53e6ce8e368064eca,2026-09-28T10:43:46.907221+00:00,https://www.gobiernodecanarias.org/istac/aviso_legal.html,distinct_persons,phase6-v1,2011,la-gomera,island,PEDIATRIA_AP,Servicio Pediatría AP; edad individual no publicada,distinct_persons,_T,1094.0,persons,OBSERVED,siap_original_service_v1,2011
https://datos.canarias.es/api/estadisticas/statistical-resources/v1.0/datasets/ISTAC/E54086A_000007/1.1.csv,1.1,9e648085116b93f93f6b1b1bebe2cfb01993c4f41102fde53e6ce8e368064eca,2026-09-28T10:43:46.907221+00:00,https://www.gobiernodecanarias.org/istac/aviso_legal.html,distinct_persons,phase6-v1,2011,la-gomera,island,PEDIATRIA_AP,Servicio Pediatría AP; edad individual no publicada,distinct_persons,CENTRO,1094.0,persons,OBSERVED,siap_original_service_v1,2011
https://datos.canarias.es/api/estadisticas/statistical-resources/v1.0/datasets/ISTAC/E54086A_000007/1.1.csv,1.1,9e648085116b93f93f6b1b1bebe2cfb01993c4f41102fde53e6ce8e368064eca,2026-09-28T10:43:46.907221+00:00,https://www.gobiernodecanarias.org/istac/aviso_legal.html,distinct_persons,phase6-v1,2011,la-palma,island,PEDIATRIA_AP,Servicio Pediatría AP; edad individual no publicada,distinct_persons,DOMICILIO,1.0,persons,OBSERVED,siap_original_service_v1,2011
https://datos.canarias.es/api/estadisticas/statistical-resources/v1.0/datasets/ISTAC/E54086A_000007/1.1.csv,1.1,9e648085116b93f93f6b1b1bebe2cfb01993c4f41102fde53e6ce8e368064eca,2026-09-28T10:43:46.907221+00:00,https://www.gobiernodecanarias.org/istac/aviso_legal.html,distinct_persons,phase6-v1,2011,la-palma,island,PEDIATRIA_AP,Servicio Pediatría AP; edad individual no publicada,distinct_persons,TELECONSULTA,,persons,NOT_AVAILABLE,siap_original_service_v1,2011
https://datos.canarias.es/api/estadisticas/statistical-resources/v1.0/datasets/ISTAC/E54086A_000007/1.1.csv,1.1,9e648085116b93f93f6b1b1bebe2cfb01993c4f41102fde53e6ce8e368064eca,2026-09-28T10:43:46.907221+00:00,https://www.gobiernodecanarias.org/istac/aviso_legal.html,distinct_persons,phase6-v1,2011,la-palma,island,PEDIATRIA_AP,Servicio Pediatría AP; edad individual no publicada,distinct_persons,_T,9335.0,persons,OBSERVED,siap_original_service_v1,2011
https://datos.canarias.es/api/estadisticas/statistical-resources/v1.0/datasets/ISTAC/E54086A_000007/1.1.csv,1.1,9e648085116b93f93f6b1b1bebe2cfb01993c4f41102fde53e6ce8e368064eca,2026-09-28T10:43:46.907221+00:00,https://www.gobiernodecanarias.org/istac/aviso_legal.html,distinct_persons,phase6-v1,2011,la-palma,island,PEDIATRIA_AP,Servicio Pediatría AP; edad individual no publicada,distinct_persons,CENTRO,9334.0,persons,OBSERVED,siap_original_service_v1,2011
https://datos.canarias.es/api/estadisticas/statistical-resources/v1.0/datasets/ISTAC/E54086A_000007/1.1.csv,1.1,9e648085116b93f93f6b1b1bebe2cfb01993c4f41102fde53e6ce8e368064eca,2026-09-28T10:43:46.907221+00:00,https://www.gobiernodecanarias.org/istac/aviso_legal.html,distinct_persons,phase6-v1,2011,el-hierro,island,PEDIATRIA_AP,Servicio Pediatría AP; edad individual no publicada,distinct_persons,DOMICILIO,,persons,NOT_AVAILABLE,siap_original_service_v1,2011
https://datos.canarias.es/api/estadisticas/statistical-resources/v1.0/datasets/ISTAC/E54086A_000007/1.1.csv,1.1,9e648085116b93f93f6b1b1bebe2cfb01993c4f41102fde53e6ce8e368064eca,2026-09-28T10:43:46.907221+00:00,https://www.gobiernodecanarias.org/istac/aviso_legal.html,distinct_persons,phase6-v1,2011,el-hierro,island,PEDIATRIA_AP,Servicio Pediatría AP; edad individual no publicada,distinct_persons,TELECONSULTA,,persons,NOT_AVAILABLE,siap_original_service_v1,2011
https://datos.canarias.es/api/estadisticas/statistical-resources/v1.0/datasets/ISTAC/E54086A_000007/1.1.csv,1.1,9e648085116b93f93f6b1b1bebe2cfb01993c4f41102fde53e6ce8e368064eca,2026-09-28T10:43:46.907221+00:00,https://www.gobiernodecanarias.org/istac/aviso_legal.html,distinct_persons,phase6-v1,2011,el-hierro,island,PEDIATRIA_AP,Servicio Pediatría AP; edad individual no publicada,distinct_persons,_T,1147.0,persons,OBSERVED,siap_original_service_v1,2011
https://datos.canarias.es/api/estadisticas/statistical-resources/v1.0/datasets/ISTAC/E54086A_000007/1.1.csv,1.1,9e648085116b93f93f6b1b1bebe2cfb01993c4f41102fde53e6ce8e368064eca,2026-09-28T10:43:46.907221+00:00,https://www.gobiernodecanarias.org/istac/aviso_legal.html,distinct_persons,phase6-v1,2011,el-hierro,island,PEDIATRIA_AP,Servicio Pediatría AP; edad individual no publicada,distinct_persons,CENTRO,1147.0,persons,OBSERVED,siap_original_service_v1,2011
https://datos.canarias.es/api/estadisticas/statistical-resources/v1.0/datasets/ISTAC/E54086A_000007/1.1.csv,1.1,9e648085116b93f93f6b1b1bebe2cfb01993c4f41102fde53e6ce8e368064eca,2026-09-28T10:43:46.907221+00:00,https://www.gobiernodecanarias.org/istac/aviso_legal.html,distinct_persons,phase6-v1,2012,lanzarote,island,PEDIATRIA_AP,Servicio Pediatría AP; edad individual no publicada,distinct_persons,DOMICILIO,,persons,NOT_AVAILABLE,siap_original_service_v1,2012
https://datos.canarias.es/api/estadisticas/statistical-resources/v1.0/datasets/ISTAC/E54086A_000007/1.1.csv,1.1,9e648085116b93f93f6b1b1bebe2cfb01993c4f41102fde53e6ce8e368064eca,2026-09-28T10:43:46.907221+00:00,https://www.gobiernodecanarias.org/istac/aviso_legal.html,distinct_persons,phase6-v1,2012,lanzarote,island,PEDIATRIA_AP,Servicio Pediatría AP; edad individual no publicada,distinct_persons,TELECONSULTA,,persons,NOT_AVAILABLE,siap_original_service_v1,2012
https://datos.canarias.es/api/estadisticas/statistical-resources/v1.0/datasets/ISTAC/E54086A_000007/1.1.csv,1.1,9e648085116b93f93f6b1b1bebe2cfb01993c4f41102fde53e6ce8e368064eca,2026-09-28T10:43:46.907221+00:00,https://www.gobiernodecanarias.org/istac/aviso_legal.html,distinct_persons,phase6-v1,2012,lanzarote,island,PEDIATRIA_AP,Servicio Pediatría AP; edad individual no publicada,distinct_persons,_T,19145.0,persons,OBSERVED,siap_original_service_v1,2012
https://datos.canarias.es/api/estadisticas/statistical-resources/v1.0/datasets/ISTAC/E54086A_000007/1.1.csv,1.1,9e648085116b93f93f6b1b1bebe2cfb01993c4f41102fde53e6ce8e368064eca,2026-09-28T10:43:46.907221+00:00,https://www.gobiernodecanarias.org/istac/aviso_legal.html,distinct_persons,phase6-v1,2012,lanzarote,island,PEDIATRIA_AP,Servicio Pediatría AP; edad individual no publicada,distinct_persons,CENTRO,19145.0,persons,OBSERVED,siap_original_service_v1,2012
https://datos.canarias.es/api/estadisticas/statistical-resources/v1.0/datasets/ISTAC/E54086A_000007/1.1.csv,1.1,9e648085116b93f93f6b1b1bebe2cfb01993c4f41102fde53e6ce8e368064eca,2026-09-28T10:43:46.907221+00:00,https://www.gobiernodecanarias.org/istac/aviso_legal.html,distinct_persons,phase6-v1,2012,fuerteventura,island,PEDIATRIA_AP,Servicio Pediatría AP; edad individual no publicada,distinct_persons,DOMICILIO,1.0,persons,OBSERVED,siap_original_service_v1,2012
https://datos.canarias.es/api/estadisticas/statistical-resources/v1.0/datasets/ISTAC/E54086A_000007/1.1.csv,1.1,9e648085116b93f93f6b1b1bebe2cfb01993c4f41102fde53e6ce8e368064eca,2026-09-28T10:43:46.907221+00:00,https://www.gobiernodecanarias.org/istac/aviso_legal.html,distinct_persons,phase6-v1,2012,fuerteventura,island,PEDIATRIA_AP,Servicio Pediatría AP; edad individual no publicada,distinct_persons,TELECONSULTA,,persons,NOT_AVAILABLE,siap_original_service_v1,2012
https://datos.canarias.es/api/estadisticas/statistical-resources/v1.0/datasets/ISTAC/E54086A_000007/1.1.csv,1.1,9e648085116b93f93f6b1b1bebe2cfb01993c4f41102fde53e6ce8e368064eca,2026-09-28T10:43:46.907221+00:00,https://www.gobiernodecanarias.org/istac/aviso_legal.html,distinct_persons,phase6-v1,2012,fuerteventura,island,PEDIATRIA_AP,Servicio Pediatría AP; edad individual no publicada,distinct_persons,_T,13410.0,persons,OBSERVED,siap_original_service_v1,2012
https://datos.canarias.es/api/estadisticas/statistical-resources/v1.0/datasets/ISTAC/E54086A_000007/1.1.csv,1.1,9e648085116b93f93f6b1b1bebe2cfb01993c4f41102fde53e6ce8e368064eca,2026-09-28T10:43:46.907221+00:00,https://www.gobiernodecanarias.org/istac/aviso_legal.html,distinct_persons,phase6-v1,2012,fuerteventura,island,PEDIATRIA_AP,Servicio Pediatría AP; edad individual no publicada,distinct_persons,CENTRO,13409.0,persons,OBSERVED,siap_original_service_v1,2012
https://datos.canarias.es/api/estadisticas/statistical-resources/v1.0/datasets/ISTAC/E54086A_000007/1.1.csv,1.1,9e648085116b93f93f6b1b1bebe2cfb01993c4f41102fde53e6ce8e368064eca,2026-09-28T10:43:46.907221+00:00,https://www.gobiernodecanarias.org/istac/aviso_legal.html,distinct_persons,phase6-v1,2012,gran-canaria,island,PEDIATRIA_AP,Servicio Pediatría AP; edad individual no publicada,distinct_persons,DOMICILIO,15.0,persons,OBSERVED,siap_original_service_v1,2012
https://datos.canarias.es/api/estadisticas/statistical-resources/v1.0/datasets/ISTAC/E54086A_000007/1.1.csv,1.1,9e648085116b93f93f6b1b1bebe2cfb01993c4f41102fde53e6ce8e368064eca,2026-09-28T10:43:46.907221+00:00,https://www.gobiernodecanarias.org/istac/aviso_legal.html,distinct_persons,phase6-v1,2012,gran-canaria,island,PEDIATRIA_AP,Servicio Pediatría AP; edad individual no publicada,distinct_persons,TELECONSULTA,,persons,NOT_AVAILABLE,siap_original_service_v1,2012
https://datos.canarias.es/api/estadisticas/statistical-resources/v1.0/datasets/ISTAC/E54086A_000007/1.1.csv,1.1,9e648085116b93f93f6b1b1bebe2cfb01993c4f41102fde53e6ce8e368064eca,2026-09-28T10:43:46.907221+00:00,https://www.gobiernodecanarias.org/istac/aviso_legal.html,distinct_persons,phase6-v1,2012,gran-canaria,island,PEDIATRIA_AP,Servicio Pediatría AP; edad individual no publicada,distinct_persons,_T,93891.0,persons,OBSERVED,siap_original_service_v1,2012
https://datos.canarias.es/api/estadisticas/statistical-resources/v1.0/datasets/ISTAC/E54086A_000007/1.1.csv,1.1,9e648085116b93f93f6b1b1bebe2cfb01993c4f41102fde53e6ce8e368064eca,2026-09-28T10:43:46.907221+00:00,https://www.gobiernodecanarias.org/istac/aviso_legal.html,distinct_persons,phase6-v1,2012,gran-canaria,island,PEDIATRIA_AP,Servicio Pediatría AP; edad individual no publicada,distinct_persons,CENTRO,93876.0,persons,OBSERVED,siap_original_service_v1,2012
https://datos.canarias.es/api/estadisticas/statistical-resources/v1.0/datasets/ISTAC/E54086A_000007/1.1.csv,1.1,9e648085116b93f93f6b1b1bebe2cfb01993c4f41102fde53e6ce8e368064eca,2026-09-28T10:43:46.907221+00:00,https://www.gobiernodecanarias.org/istac/aviso_legal.html,distinct_persons,phase6-v1,2012,tenerife,island,PEDIATRIA_AP,Servicio Pediatría AP; edad individual no publicada,distinct_persons,DOMICILIO,12.0,persons,OBSERVED,siap_original_service_v1,2012
https://datos.canarias.es/api/estadisticas/statistical-resources/v1.0/datasets/ISTAC/E54086A_000007/1.1.csv,1.1,9e648085116b93f93f6b1b1bebe2cfb01993c4f41102fde53e6ce8e368064eca,2026-09-28T10:43:46.907221+00:00,https://www.gobiernodecanarias.org/istac/aviso_legal.html,distinct_persons,phase6-v1,2012,tenerife,island,PEDIATRIA_AP,Servicio Pediatría AP; edad individual no publicada,distinct_persons,TELECONSULTA,,persons,NOT_AVAILABLE,siap_original_service_v1,2012
https://datos.canarias.es/api/estadisticas/statistical-resources/v1.0/datasets/ISTAC/E54086A_000007/1.1.csv,1.1,9e648085116b93f93f6b1b1bebe2cfb01993c4f41102fde53e6ce8e368064eca,2026-09-28T10:43:46.907221+00:00,https://www.gobiernodecanarias.org/istac/aviso_legal.html,distinct_persons,phase6-v1,2012,tenerife,island,PEDIATRIA_AP,Servicio Pediatría AP; edad individual no publicada,distinct_persons,_T,102666.0,persons,OBSERVED,siap_original_service_v1,2012
https://datos.canarias.es/api/estadisticas/statistical-resources/v1.0/datasets/ISTAC/E54086A_000007/1.1.csv,1.1,9e648085116b93f93f6b1b1bebe2cfb01993c4f41102fde53e6ce8e368064eca,2026-09-28T10:43:46.907221+00:00,https://www.gobiernodecanarias.org/istac/aviso_legal.html,distinct_persons,phase6-v1,2012,tenerife,island,PEDIATRIA_AP,Servicio Pediatría AP; edad individual no publicada,distinct_persons,CENTRO,102654.0,persons,OBSERVED,siap_original_service_v1,2012
https://datos.canarias.es/api/estadisticas/statistical-resources/v1.0/datasets/ISTAC/E54086A_000007/1.1.csv,1.1,9e648085116b93f93f6b1b1bebe2cfb01993c4f41102fde53e6ce8e368064eca,2026-09-28T10:43:46.907221+00:00,https://www.gobiernodecanarias.org/istac/aviso_legal.html,distinct_persons,phase6-v1,2012,la-gomera,island,PEDIATRIA_AP,Servicio Pediatría AP; edad individual no publicada,distinct_persons,DOMICILIO,,persons,NOT_AVAILABLE,siap_original_service_v1,2012
https://datos.canarias.es/api/estadisticas/statistical-resources/v1.0/datasets/ISTAC/E54086A_000007/1.1.csv,1.1,9e648085116b93f93f6b1b1bebe2cfb01993c4f41102fde53e6ce8e368064eca,2026-09-28T10:43:46.907221+00:00,https://www.gobiernodecanarias.org/istac/aviso_legal.html,distinct_persons,phase6-v1,2012,la-gomera,island,PEDIATRIA_AP,Servicio Pediatría AP; edad individual no publicada,distinct_persons,TELECONSULTA,,persons,NOT_AVAILABLE,siap_original_service_v1,2012
https://datos.canarias.es/api/estadisticas/statistical-resources/v1.0/datasets/ISTAC/E54086A_000007/1.1.csv,1.1,9e648085116b93f93f6b1b1bebe2cfb01993c4f41102fde53e6ce8e368064eca,2026-09-28T10:43:46.907221+00:00,https://www.gobiernodecanarias.org/istac/aviso_legal.html,distinct_persons,phase6-v1,2012,la-gomera,island,PEDIATRIA_AP,Servicio Pediatría AP; edad individual no publicada,distinct_persons,_T,1073.0,persons,OBSERVED,siap_original_service_v1,2012
https://datos.canarias.es/api/estadisticas/statistical-resources/v1.0/datasets/ISTAC/E54086A_000007/1.1.csv,1.1,9e648085116b93f93f6b1b1bebe2cfb01993c4f41102fde53e6ce8e368064eca,2026-09-28T10:43:46.907221+00:00,https://www.gobiernodecanarias.org/istac/aviso_legal.html,distinct_persons,phase6-v1,2012,la-gomera,island,PEDIATRIA_AP,Servicio Pediatría AP; edad individual no publicada,distinct_persons,CENTRO,1073.0,persons,OBSERVED,siap_original_service_v1,2012
https://datos.canarias.es/api/estadisticas/statistical-resources/v1.0/datasets/ISTAC/E54086A_000007/1.1.csv,1.1,9e648085116b93f93f6b1b1bebe2cfb01993c4f41102fde53e6ce8e368064eca,2026-09-28T10:43:46.907221+00:00,https://www.gobiernodecanarias.org/istac/aviso_legal.html,distinct_persons,phase6-v1,2012,la-palma,island,PEDIATRIA_AP,Servicio Pediatría AP; edad individual no publicada,distinct_persons,DOMICILIO,2.0,persons,OBSERVED,siap_original_service_v1,2012
https://datos.canarias.es/api/estadisticas/statistical-resources/v1.0/datasets/ISTAC/E54086A_000007/1.1.csv,1.1,9e648085116b93f93f6b1b1bebe2cfb01993c4f41102fde53e6ce8e368064eca,2026-09-28T10:43:46.907221+00:00,https://www.gobiernodecanarias.org/istac/aviso_legal.html,distinct_persons,phase6-v1,2012,la-palma,island,PEDIATRIA_AP,Servicio Pediatría AP; edad individual no publicada,distinct_persons,TELECONSULTA,,persons,NOT_AVAILABLE,siap_original_service_v1,2012
https://datos.canarias.es/api/estadisticas/statistical-resources/v1.0/datasets/ISTAC/E54086A_000007/1.1.csv,1.1,9e648085116b93f93f6b1b1bebe2cfb01993c4f41102fde53e6ce8e368064eca,2026-09-28T10:43:46.907221+00:00,https://www.gobiernodecanarias.org/istac/aviso_legal.html,distinct_persons,phase6-v1,2012,la-palma,island,PEDIATRIA_AP,Servicio Pediatría AP; edad individual no publicada,distinct_persons,_T,9077.0,persons,OBSERVED,siap_original_service_v1,2012
https://datos.canarias.es/api/estadisticas/statistical-resources/v1.0/datasets/ISTAC/E54086A_000007/1.1.csv,1.1,9e648085116b93f93f6b1b1bebe2cfb01993c4f41102fde53e6ce8e368064eca,2026-09-28T10:43:46.907221+00:00,https://www.gobiernodecanarias.org/istac/aviso_legal.html,distinct_persons,phase6-v1,2012,la-palma,island,PEDIATRIA_AP,Servicio Pediatría AP; edad individual no publicada,distinct_persons,CENTRO,9075.0,persons,OBSERVED,siap_original_service_v1,2012
https://datos.canarias.es/api/estadisticas/statistical-resources/v1.0/datasets/ISTAC/E54086A_000007/1.1.csv,1.1,9e648085116b93f93f6b1b1bebe2cfb01993c4f41102fde53e6ce8e368064eca,2026-09-28T10:43:46.907221+00:00,https://www.gobiernodecanarias.org/istac/aviso_legal.html,distinct_persons,phase6-v1,2012,el-hierro,island,PEDIATRIA_AP,Servicio Pediatría AP; edad individual no publicada,distinct_persons,DOMICILIO,,persons,NOT_AVAILABLE,siap_original_service_v1,2012
https://datos.canarias.es/api/estadisticas/statistical-resources/v1.0/datasets/ISTAC/E54086A_000007/1.1.csv,1.1,9e648085116b93f93f6b1b1bebe2cfb01993c4f41102fde53e6ce8e368064eca,2026-09-28T10:43:46.907221+00:00,https://www.gobiernodecanarias.org/istac/aviso_legal.html,distinct_persons,phase6-v1,2012,el-hierro,island,PEDIATRIA_AP,Servicio Pediatría AP; edad individual no publicada,distinct_persons,TELECONSULTA,,persons,NOT_AVAILABLE,siap_original_service_v1,2012
https://datos.canarias.es/api/estadisticas/statistical-resources/v1.0/datasets/ISTAC/E54086A_000007/1.1.csv,1.1,9e648085116b93f93f6b1b1bebe2cfb01993c4f41102fde53e6ce8e368064eca,2026-09-28T10:43:46.907221+00:00,https://www.gobiernodecanarias.org/istac/aviso_legal.html,distinct_persons,phase6-v1,2012,el-hierro,island,PEDIATRIA_AP,Servicio Pediatría AP; edad individual no publicada,distinct_persons,_T,1114.0,persons,OBSERVED,siap_original_service_v1,2012
https://datos.canarias.es/api/estadisticas/statistical-resources/v1.0/datasets/ISTAC/E54086A_000007/1.1.csv,1.1,9e648085116b93f93f6b1b1bebe2cfb01993c4f41102fde53e6ce8e368064eca,2026-09-28T10:43:46.907221+00:00,https://www.gobiernodecanarias.org/istac/aviso_legal.html,distinct_persons,phase6-v1,2012,el-hierro,island,PEDIATRIA_AP,Servicio Pediatría AP; edad individual no publicada,distinct_persons,CENTRO,1114.0,persons,OBSERVED,siap_original_service_v1,2012
https://datos.canarias.es/api/estadisticas/statistical-resources/v1.0/datasets/ISTAC/E54086A_000007/1.1.csv,1.1,9e648085116b93f93f6b1b1bebe2cfb01993c4f41102fde53e6ce8e368064eca,2026-09-28T10:43:46.907221+00:00,https://www.gobiernodecanarias.org/istac/aviso_legal.html,distinct_persons,phase6-v1,2013,lanzarote,island,PEDIATRIA_AP,Servicio Pediatría AP; edad individual no publicada,distinct_persons,DOMICILIO,2.0,persons,OBSERVED,siap_original_service_v1,2013
https://datos.canarias.es/api/estadisticas/statistical-resources/v1.0/datasets/ISTAC/E54086A_000007/1.1.csv,1.1,9e648085116b93f93f6b1b1bebe2cfb01993c4f41102fde53e6ce8e368064eca,2026-09-28T10:43:46.907221+00:00,https://www.gobiernodecanarias.org/istac/aviso_legal.html,distinct_persons,phase6-v1,2013,lanzarote,island,PEDIATRIA_AP,Servicio Pediatría AP; edad individual no publicada,distinct_persons,TELECONSULTA,,persons,NOT_AVAILABLE,siap_original_service_v1,2013
https://datos.canarias.es/api/estadisticas/statistical-resources/v1.0/datasets/ISTAC/E54086A_000007/1.1.csv,1.1,9e648085116b93f93f6b1b1bebe2cfb01993c4f41102fde53e6ce8e368064eca,2026-09-28T10:43:46.907221+00:00,https://www.gobiernodecanarias.org/istac/aviso_legal.html,distinct_persons,phase6-v1,2013,lanzarote,island,PEDIATRIA_AP,Servicio Pediatría AP; edad individual no publicada,distinct_persons,_T,19105.0,persons,OBSERVED,siap_original_service_v1,2013
https://datos.canarias.es/api/estadisticas/statistical-resources/v1.0/datasets/ISTAC/E54086A_000007/1.1.csv,1.1,9e648085116b93f93f6b1b1bebe2cfb01993c4f41102fde53e6ce8e368064eca,2026-09-28T10:43:46.907221+00:00,https://www.gobiernodecanarias.org/istac/aviso_legal.html,distinct_persons,phase6-v1,2013,lanzarote,island,PEDIATRIA_AP,Servicio Pediatría AP; edad individual no publicada,distinct_persons,CENTRO,19103.0,persons,OBSERVED,siap_original_service_v1,2013
https://datos.canarias.es/api/estadisticas/statistical-resources/v1.0/datasets/ISTAC/E54086A_000007/1.1.csv,1.1,9e648085116b93f93f6b1b1bebe2cfb01993c4f41102fde53e6ce8e368064eca,2026-09-28T10:43:46.907221+00:00,https://www.gobiernodecanarias.org/istac/aviso_legal.html,distinct_persons,phase6-v1,2013,fuerteventura,island,PEDIATRIA_AP,Servicio Pediatría AP; edad individual no publicada,distinct_persons,DOMICILIO,0.0,persons,OBSERVED,siap_original_service_v1,2013
https://datos.canarias.es/api/estadisticas/statistical-resources/v1.0/datasets/ISTAC/E54086A_000007/1.1.csv,1.1,9e648085116b93f93f6b1b1bebe2cfb01993c4f41102fde53e6ce8e368064eca,2026-09-28T10:43:46.907221+00:00,https://www.gobiernodecanarias.org/istac/aviso_legal.html,distinct_persons,phase6-v1,2013,fuerteventura,island,PEDIATRIA_AP,Servicio Pediatría AP; edad individual no publicada,distinct_persons,TELECONSULTA,,persons,NOT_AVAILABLE,siap_original_service_v1,2013
https://datos.canarias.es/api/estadisticas/statistical-resources/v1.0/datasets/ISTAC/E54086A_000007/1.1.csv,1.1,9e648085116b93f93f6b1b1bebe2cfb01993c4f41102fde53e6ce8e368064eca,2026-09-28T10:43:46.907221+00:00,https://www.gobiernodecanarias.org/istac/aviso_legal.html,distinct_persons,phase6-v1,2013,fuerteventura,island,PEDIATRIA_AP,Servicio Pediatría AP; edad individual no publicada,distinct_persons,_T,13304.0,persons,OBSERVED,siap_original_service_v1,2013
https://datos.canarias.es/api/estadisticas/statistical-resources/v1.0/datasets/ISTAC/E54086A_000007/1.1.csv,1.1,9e648085116b93f93f6b1b1bebe2cfb01993c4f41102fde53e6ce8e368064eca,2026-09-28T10:43:46.907221+00:00,https://www.gobiernodecanarias.org/istac/aviso_legal.html,distinct_persons,phase6-v1,2013,fuerteventura,island,PEDIATRIA_AP,Servicio Pediatría AP; edad individual no publicada,distinct_persons,CENTRO,13304.0,persons,OBSERVED,siap_original_service_v1,2013
https://datos.canarias.es/api/estadisticas/statistical-resources/v1.0/datasets/ISTAC/E54086A_000007/1.1.csv,1.1,9e648085116b93f93f6b1b1bebe2cfb01993c4f41102fde53e6ce8e368064eca,2026-09-28T10:43:46.907221+00:00,https://www.gobiernodecanarias.org/istac/aviso_legal.html,distinct_persons,phase6-v1,2013,gran-canaria,island,PEDIATRIA_AP,Servicio Pediatría AP; edad individual no publicada,distinct_persons,DOMICILIO,13.0,persons,OBSERVED,siap_original_service_v1,2013
https://datos.canarias.es/api/estadisticas/statistical-resources/v1.0/datasets/ISTAC/E54086A_000007/1.1.csv,1.1,9e648085116b93f93f6b1b1bebe2cfb01993c4f41102fde53e6ce8e368064eca,2026-09-28T10:43:46.907221+00:00,https://www.gobiernodecanarias.org/istac/aviso_legal.html,distinct_persons,phase6-v1,2013,gran-canaria,island,PEDIATRIA_AP,Servicio Pediatría AP; edad individual no publicada,distinct_persons,TELECONSULTA,,persons,NOT_AVAILABLE,siap_original_service_v1,2013
https://datos.canarias.es/api/estadisticas/statistical-resources/v1.0/datasets/ISTAC/E54086A_000007/1.1.csv,1.1,9e648085116b93f93f6b1b1bebe2cfb01993c4f41102fde53e6ce8e368064eca,2026-09-28T10:43:46.907221+00:00,https://www.gobiernodecanarias.org/istac/aviso_legal.html,distinct_persons,phase6-v1,2013,gran-canaria,island,PEDIATRIA_AP,Servicio Pediatría AP; edad individual no publicada,distinct_persons,_T,92007.0,persons,OBSERVED,siap_original_service_v1,2013
https://datos.canarias.es/api/estadisticas/statistical-resources/v1.0/datasets/ISTAC/E54086A_000007/1.1.csv,1.1,9e648085116b93f93f6b1b1bebe2cfb01993c4f41102fde53e6ce8e368064eca,2026-09-28T10:43:46.907221+00:00,https://www.gobiernodecanarias.org/istac/aviso_legal.html,distinct_persons,phase6-v1,2013,gran-canaria,island,PEDIATRIA_AP,Servicio Pediatría AP; edad individual no publicada,distinct_persons,CENTRO,91994.0,persons,OBSERVED,siap_original_service_v1,2013
https://datos.canarias.es/api/estadisticas/statistical-resources/v1.0/datasets/ISTAC/E54086A_000007/1.1.csv,1.1,9e648085116b93f93f6b1b1bebe2cfb01993c4f41102fde53e6ce8e368064eca,2026-09-28T10:43:46.907221+00:00,https://www.gobiernodecanarias.org/istac/aviso_legal.html,distinct_persons,phase6-v1,2013,tenerife,island,PEDIATRIA_AP,Servicio Pediatría AP; edad individual no publicada,distinct_persons,DOMICILIO,9.0,persons,OBSERVED,siap_original_service_v1,2013
https://datos.canarias.es/api/estadisticas/statistical-resources/v1.0/datasets/ISTAC/E54086A_000007/1.1.csv,1.1,9e648085116b93f93f6b1b1bebe2cfb01993c4f41102fde53e6ce8e368064eca,2026-09-28T10:43:46.907221+00:00,https://www.gobiernodecanarias.org/istac/aviso_legal.html,distinct_persons,phase6-v1,2013,tenerife,island,PEDIATRIA_AP,Servicio Pediatría AP; edad individual no publicada,distinct_persons,TELECONSULTA,,persons,NOT_AVAILABLE,siap_original_service_v1,2013
https://datos.canarias.es/api/estadisticas/statistical-resources/v1.0/datasets/ISTAC/E54086A_000007/1.1.csv,1.1,9e648085116b93f93f6b1b1bebe2cfb01993c4f41102fde53e6ce8e368064eca,2026-09-28T10:43:46.907221+00:00,https://www.gobiernodecanarias.org/istac/aviso_legal.html,distinct_persons,phase6-v1,2013,tenerife,island,PEDIATRIA_AP,Servicio Pediatría AP; edad individual no publicada,distinct_persons,_T,100989.0,persons,OBSERVED,siap_original_service_v1,2013
https://datos.canarias.es/api/estadisticas/statistical-resources/v1.0/datasets/ISTAC/E54086A_000007/1.1.csv,1.1,9e648085116b93f93f6b1b1bebe2cfb01993c4f41102fde53e6ce8e368064eca,2026-09-28T10:43:46.907221+00:00,https://www.gobiernodecanarias.org/istac/aviso_legal.html,distinct_persons,phase6-v1,2013,tenerife,island,PEDIATRIA_AP,Servicio Pediatría AP; edad individual no publicada,distinct_persons,CENTRO,100980.0,persons,OBSERVED,siap_original_service_v1,2013
https://datos.canarias.es/api/estadisticas/statistical-resources/v1.0/datasets/ISTAC/E54086A_000007/1.1.csv,1.1,9e648085116b93f93f6b1b1bebe2cfb01993c4f41102fde53e6ce8e368064eca,2026-09-28T10:43:46.907221+00:00,https://www.gobiernodecanarias.org/istac/aviso_legal.html,distinct_persons,phase6-v1,2013,la-gomera,island,PEDIATRIA_AP,Servicio Pediatría AP; edad individual no publicada,distinct_persons,DOMICILIO,0.0,persons,OBSERVED,siap_original_service_v1,2013
https://datos.canarias.es/api/estadisticas/statistical-resources/v1.0/datasets/ISTAC/E54086A_000007/1.1.csv,1.1,9e648085116b93f93f6b1b1bebe2cfb01993c4f41102fde53e6ce8e368064eca,2026-09-28T10:43:46.907221+00:00,https://www.gobiernodecanarias.org/istac/aviso_legal.html,distinct_persons,phase6-v1,2013,la-gomera,island,PEDIATRIA_AP,Servicio Pediatría AP; edad individual no publicada,distinct_persons,TELECONSULTA,,persons,NOT_AVAILABLE,siap_original_service_v1,2013
https://datos.canarias.es/api/estadisticas/statistical-resources/v1.0/datasets/ISTAC/E54086A_000007/1.1.csv,1.1,9e648085116b93f93f6b1b1bebe2cfb01993c4f41102fde53e6ce8e368064eca,2026-09-28T10:43:46.907221+00:00,https://www.gobiernodecanarias.org/istac/aviso_legal.html,distinct_persons,phase6-v1,2013,la-gomera,island,PEDIATRIA_AP,Servicio Pediatría AP; edad individual no publicada,distinct_persons,_T,1039.0,persons,OBSERVED,siap_original_service_v1,2013
https://datos.canarias.es/api/estadisticas/statistical-resources/v1.0/datasets/ISTAC/E54086A_000007/1.1.csv,1.1,9e648085116b93f93f6b1b1bebe2cfb01993c4f41102fde53e6ce8e368064eca,2026-09-28T10:43:46.907221+00:00,https://www.gobiernodecanarias.org/istac/aviso_legal.html,distinct_persons,phase6-v1,2013,la-gomera,island,PEDIATRIA_AP,Servicio Pediatría AP; edad individual no publicada,distinct_persons,CENTRO,1039.0,persons,OBSERVED,siap_original_service_v1,2013
https://datos.canarias.es/api/estadisticas/statistical-resources/v1.0/datasets/ISTAC/E54086A_000007/1.1.csv,1.1,9e648085116b93f93f6b1b1bebe2cfb01993c4f41102fde53e6ce8e368064eca,2026-09-28T10:43:46.907221+00:00,https://www.gobiernodecanarias.org/istac/aviso_legal.html,distinct_persons,phase6-v1,2013,la-palma,island,PEDIATRIA_AP,Servicio Pediatría AP; edad individual no publicada,distinct_persons,DOMICILIO,0.0,persons,OBSERVED,siap_original_service_v1,2013
https://datos.canarias.es/api/estadisticas/statistical-resources/v1.0/datasets/ISTAC/E54086A_000007/1.1.csv,1.1,9e648085116b93f93f6b1b1bebe2cfb01993c4f41102fde53e6ce8e368064eca,2026-09-28T10:43:46.907221+00:00,https://www.gobiernodecanarias.org/istac/aviso_legal.html,distinct_persons,phase6-v1,2013,la-palma,island,PEDIATRIA_AP,Servicio Pediatría AP; edad individual no publicada,distinct_persons,TELECONSULTA,,persons,NOT_AVAILABLE,siap_original_service_v1,2013
https://datos.canarias.es/api/estadisticas/statistical-resources/v1.0/datasets/ISTAC/E54086A_000007/1.1.csv,1.1,9e648085116b93f93f6b1b1bebe2cfb01993c4f41102fde53e6ce8e368064eca,2026-09-28T10:43:46.907221+00:00,https://www.gobiernodecanarias.org/istac/aviso_legal.html,distinct_persons,phase6-v1,2013,la-palma,island,PEDIATRIA_AP,Servicio Pediatría AP; edad individual no publicada,distinct_persons,_T,8883.0,persons,OBSERVED,siap_original_service_v1,2013
https://datos.canarias.es/api/estadisticas/statistical-resources/v1.0/datasets/ISTAC/E54086A_000007/1.1.csv,1.1,9e648085116b93f93f6b1b1bebe2cfb01993c4f41102fde53e6ce8e368064eca,2026-09-28T10:43:46.907221+00:00,https://www.gobiernodecanarias.org/istac/aviso_legal.html,distinct_persons,phase6-v1,2013,la-palma,island,PEDIATRIA_AP,Servicio Pediatría AP; edad individual no publicada,distinct_persons,CENTRO,8883.0,persons,OBSERVED,siap_original_service_v1,2013
https://datos.canarias.es/api/estadisticas/statistical-resources/v1.0/datasets/ISTAC/E54086A_000007/1.1.csv,1.1,9e648085116b93f93f6b1b1bebe2cfb01993c4f41102fde53e6ce8e368064eca,2026-09-28T10:43:46.907221+00:00,https://www.gobiernodecanarias.org/istac/aviso_legal.html,distinct_persons,phase6-v1,2013,el-hierro,island,PEDIATRIA_AP,Servicio Pediatría AP; edad individual no publicada,distinct_persons,DOMICILIO,0.0,persons,OBSERVED,siap_original_service_v1,2013
https://datos.canarias.es/api/estadisticas/statistical-resources/v1.0/datasets/ISTAC/E54086A_000007/1.1.csv,1.1,9e648085116b93f93f6b1b1bebe2cfb01993c4f41102fde53e6ce8e368064eca,2026-09-28T10:43:46.907221+00:00,https://www.gobiernodecanarias.org/istac/aviso_legal.html,distinct_persons,phase6-v1,2013,el-hierro,island,PEDIATRIA_AP,Servicio Pediatría AP; edad individual no publicada,distinct_persons,TELECONSULTA,,persons,NOT_AVAILABLE,siap_original_service_v1,2013
https://datos.canarias.es/api/estadisticas/statistical-resources/v1.0/datasets/ISTAC/E54086A_000007/1.1.csv,1.1,9e648085116b93f93f6b1b1bebe2cfb01993c4f41102fde53e6ce8e368064eca,2026-09-28T10:43:46.907221+00:00,https://www.gobiernodecanarias.org/istac/aviso_legal.html,distinct_persons,phase6-v1,2013,el-hierro,island,PEDIATRIA_AP,Servicio Pediatría AP; edad individual no publicada,distinct_persons,_T,1091.0,persons,OBSERVED,siap_original_service_v1,2013
https://datos.canarias.es/api/estadisticas/statistical-resources/v1.0/datasets/ISTAC/E54086A_000007/1.1.csv,1.1,9e648085116b93f93f6b1b1bebe2cfb01993c4f41102fde53e6ce8e368064eca,2026-09-28T10:43:46.907221+00:00,https://www.gobiernodecanarias.org/istac/aviso_legal.html,distinct_persons,phase6-v1,2013,el-hierro,island,PEDIATRIA_AP,Servicio Pediatría AP; edad individual no publicada,distinct_persons,CENTRO,1091.0,persons,OBSERVED,siap_original_service_v1,2013
https://datos.canarias.es/api/estadisticas/statistical-resources/v1.0/datasets/ISTAC/E54086A_000007/1.1.csv,1.1,9e648085116b93f93f6b1b1bebe2cfb01993c4f41102fde53e6ce8e368064eca,2026-09-28T10:43:46.907221+00:00,https://www.gobiernodecanarias.org/istac/aviso_legal.html,distinct_persons,phase6-v1,2014,lanzarote,island,PEDIATRIA_AP,Servicio Pediatría AP; edad individual no publicada,distinct_persons,DOMICILIO,0.0,persons,OBSERVED,siap_original_service_v1,2014
https://datos.canarias.es/api/estadisticas/statistical-resources/v1.0/datasets/ISTAC/E54086A_000007/1.1.csv,1.1,9e648085116b93f93f6b1b1bebe2cfb01993c4f41102fde53e6ce8e368064eca,2026-09-28T10:43:46.907221+00:00,https://www.gobiernodecanarias.org/istac/aviso_legal.html,distinct_persons,phase6-v1,2014,lanzarote,island,PEDIATRIA_AP,Servicio Pediatría AP; edad individual no publicada,distinct_persons,TELECONSULTA,,persons,NOT_AVAILABLE,siap_original_service_v1,2014
https://datos.canarias.es/api/estadisticas/statistical-resources/v1.0/datasets/ISTAC/E54086A_000007/1.1.csv,1.1,9e648085116b93f93f6b1b1bebe2cfb01993c4f41102fde53e6ce8e368064eca,2026-09-28T10:43:46.907221+00:00,https://www.gobiernodecanarias.org/istac/aviso_legal.html,distinct_persons,phase6-v1,2014,lanzarote,island,PEDIATRIA_AP,Servicio Pediatría AP; edad individual no publicada,distinct_persons,_T,19047.0,persons,OBSERVED,siap_original_service_v1,2014
https://datos.canarias.es/api/estadisticas/statistical-resources/v1.0/datasets/ISTAC/E54086A_000007/1.1.csv,1.1,9e648085116b93f93f6b1b1bebe2cfb01993c4f41102fde53e6ce8e368064eca,2026-09-28T10:43:46.907221+00:00,https://www.gobiernodecanarias.org/istac/aviso_legal.html,distinct_persons,phase6-v1,2014,lanzarote,island,PEDIATRIA_AP,Servicio Pediatría AP; edad individual no publicada,distinct_persons,CENTRO,19047.0,persons,OBSERVED,siap_original_service_v1,2014
https://datos.canarias.es/api/estadisticas/statistical-resources/v1.0/datasets/ISTAC/E54086A_000007/1.1.csv,1.1,9e648085116b93f93f6b1b1bebe2cfb01993c4f41102fde53e6ce8e368064eca,2026-09-28T10:43:46.907221+00:00,https://www.gobiernodecanarias.org/istac/aviso_legal.html,distinct_persons,phase6-v1,2014,fuerteventura,island,PEDIATRIA_AP,Servicio Pediatría AP; edad individual no publicada,distinct_persons,DOMICILIO,1.0,persons,OBSERVED,siap_original_service_v1,2014
https://datos.canarias.es/api/estadisticas/statistical-resources/v1.0/datasets/ISTAC/E54086A_000007/1.1.csv,1.1,9e648085116b93f93f6b1b1bebe2cfb01993c4f41102fde53e6ce8e368064eca,2026-09-28T10:43:46.907221+00:00,https://www.gobiernodecanarias.org/istac/aviso_legal.html,distinct_persons,phase6-v1,2014,fuerteventura,island,PEDIATRIA_AP,Servicio Pediatría AP; edad individual no publicada,distinct_persons,TELECONSULTA,,persons,NOT_AVAILABLE,siap_original_service_v1,2014
https://datos.canarias.es/api/estadisticas/statistical-resources/v1.0/datasets/ISTAC/E54086A_000007/1.1.csv,1.1,9e648085116b93f93f6b1b1bebe2cfb01993c4f41102fde53e6ce8e368064eca,2026-09-28T10:43:46.907221+00:00,https://www.gobiernodecanarias.org/istac/aviso_legal.html,distinct_persons,phase6-v1,2014,fuerteventura,island,PEDIATRIA_AP,Servicio Pediatría AP; edad individual no publicada,distinct_persons,_T,13171.0,persons,OBSERVED,siap_original_service_v1,2014
https://datos.canarias.es/api/estadisticas/statistical-resources/v1.0/datasets/ISTAC/E54086A_000007/1.1.csv,1.1,9e648085116b93f93f6b1b1bebe2cfb01993c4f41102fde53e6ce8e368064eca,2026-09-28T10:43:46.907221+00:00,https://www.gobiernodecanarias.org/istac/aviso_legal.html,distinct_persons,phase6-v1,2014,fuerteventura,island,PEDIATRIA_AP,Servicio Pediatría AP; edad individual no publicada,distinct_persons,CENTRO,13170.0,persons,OBSERVED,siap_original_service_v1,2014
https://datos.canarias.es/api/estadisticas/statistical-resources/v1.0/datasets/ISTAC/E54086A_000007/1.1.csv,1.1,9e648085116b93f93f6b1b1bebe2cfb01993c4f41102fde53e6ce8e368064eca,2026-09-28T10:43:46.907221+00:00,https://www.gobiernodecanarias.org/istac/aviso_legal.html,distinct_persons,phase6-v1,2014,gran-canaria,island,PEDIATRIA_AP,Servicio Pediatría AP; edad individual no publicada,distinct_persons,DOMICILIO,3.0,persons,OBSERVED,siap_original_service_v1,2014
https://datos.canarias.es/api/estadisticas/statistical-resources/v1.0/datasets/ISTAC/E54086A_000007/1.1.csv,1.1,9e648085116b93f93f6b1b1bebe2cfb01993c4f41102fde53e6ce8e368064eca,2026-09-28T10:43:46.907221+00:00,https://www.gobiernodecanarias.org/istac/aviso_legal.html,distinct_persons,phase6-v1,2014,gran-canaria,island,PEDIATRIA_AP,Servicio Pediatría AP; edad individual no publicada,distinct_persons,TELECONSULTA,,persons,NOT_AVAILABLE,siap_original_service_v1,2014
https://datos.canarias.es/api/estadisticas/statistical-resources/v1.0/datasets/ISTAC/E54086A_000007/1.1.csv,1.1,9e648085116b93f93f6b1b1bebe2cfb01993c4f41102fde53e6ce8e368064eca,2026-09-28T10:43:46.907221+00:00,https://www.gobiernodecanarias.org/istac/aviso_legal.html,distinct_persons,phase6-v1,2014,gran-canaria,island,PEDIATRIA_AP,Servicio Pediatría AP; edad individual no publicada,distinct_persons,_T,90584.0,persons,OBSERVED,siap_original_service_v1,2014
https://datos.canarias.es/api/estadisticas/statistical-resources/v1.0/datasets/ISTAC/E54086A_000007/1.1.csv,1.1,9e648085116b93f93f6b1b1bebe2cfb01993c4f41102fde53e6ce8e368064eca,2026-09-28T10:43:46.907221+00:00,https://www.gobiernodecanarias.org/istac/aviso_legal.html,distinct_persons,phase6-v1,2014,gran-canaria,island,PEDIATRIA_AP,Servicio Pediatría AP; edad individual no publicada,distinct_persons,CENTRO,90581.0,persons,OBSERVED,siap_original_service_v1,2014
https://datos.canarias.es/api/estadisticas/statistical-resources/v1.0/datasets/ISTAC/E54086A_000007/1.1.csv,1.1,9e648085116b93f93f6b1b1bebe2cfb01993c4f41102fde53e6ce8e368064eca,2026-09-28T10:43:46.907221+00:00,https://www.gobiernodecanarias.org/istac/aviso_legal.html,distinct_persons,phase6-v1,2014,tenerife,island,PEDIATRIA_AP,Servicio Pediatría AP; edad individual no publicada,distinct_persons,DOMICILIO,16.0,persons,OBSERVED,siap_original_service_v1,2014
https://datos.canarias.es/api/estadisticas/statistical-resources/v1.0/datasets/ISTAC/E54086A_000007/1.1.csv,1.1,9e648085116b93f93f6b1b1bebe2cfb01993c4f41102fde53e6ce8e368064eca,2026-09-28T10:43:46.907221+00:00,https://www.gobiernodecanarias.org/istac/aviso_legal.html,distinct_persons,phase6-v1,2014,tenerife,island,PEDIATRIA_AP,Servicio Pediatría AP; edad individual no publicada,distinct_persons,TELECONSULTA,,persons,NOT_AVAILABLE,siap_original_service_v1,2014
https://datos.canarias.es/api/estadisticas/statistical-resources/v1.0/datasets/ISTAC/E54086A_000007/1.1.csv,1.1,9e648085116b93f93f6b1b1bebe2cfb01993c4f41102fde53e6ce8e368064eca,2026-09-28T10:43:46.907221+00:00,https://www.gobiernodecanarias.org/istac/aviso_legal.html,distinct_persons,phase6-v1,2014,tenerife,island,PEDIATRIA_AP,Servicio Pediatría AP; edad individual no publicada,distinct_persons,_T,99977.0,persons,OBSERVED,siap_original_service_v1,2014
https://datos.canarias.es/api/estadisticas/statistical-resources/v1.0/datasets/ISTAC/E54086A_000007/1.1.csv,1.1,9e648085116b93f93f6b1b1bebe2cfb01993c4f41102fde53e6ce8e368064eca,2026-09-28T10:43:46.907221+00:00,https://www.gobiernodecanarias.org/istac/aviso_legal.html,distinct_persons,phase6-v1,2014,tenerife,island,PEDIATRIA_AP,Servicio Pediatría AP; edad individual no publicada,distinct_persons,CENTRO,99961.0,persons,OBSERVED,siap_original_service_v1,2014
https://datos.canarias.es/api/estadisticas/statistical-resources/v1.0/datasets/ISTAC/E54086A_000007/1.1.csv,1.1,9e648085116b93f93f6b1b1bebe2cfb01993c4f41102fde53e6ce8e368064eca,2026-09-28T10:43:46.907221+00:00,https://www.gobiernodecanarias.org/istac/aviso_legal.html,distinct_persons,phase6-v1,2014,la-gomera,island,PEDIATRIA_AP,Servicio Pediatría AP; edad individual no publicada,distinct_persons,DOMICILIO,0.0,persons,OBSERVED,siap_original_service_v1,2014
https://datos.canarias.es/api/estadisticas/statistical-resources/v1.0/datasets/ISTAC/E54086A_000007/1.1.csv,1.1,9e648085116b93f93f6b1b1bebe2cfb01993c4f41102fde53e6ce8e368064eca,2026-09-28T10:43:46.907221+00:00,https://www.gobiernodecanarias.org/istac/aviso_legal.html,distinct_persons,phase6-v1,2014,la-gomera,island,PEDIATRIA_AP,Servicio Pediatría AP; edad individual no publicada,distinct_persons,TELECONSULTA,,persons,NOT_AVAILABLE,siap_original_service_v1,2014
https://datos.canarias.es/api/estadisticas/statistical-resources/v1.0/datasets/ISTAC/E54086A_000007/1.1.csv,1.1,9e648085116b93f93f6b1b1bebe2cfb01993c4f41102fde53e6ce8e368064eca,2026-09-28T10:43:46.907221+00:00,https://www.gobiernodecanarias.org/istac/aviso_legal.html,distinct_persons,phase6-v1,2014,la-gomera,island,PEDIATRIA_AP,Servicio Pediatría AP; edad individual no publicada,distinct_persons,_T,1077.0,persons,OBSERVED,siap_original_service_v1,2014
https://datos.canarias.es/api/estadisticas/statistical-resources/v1.0/datasets/ISTAC/E54086A_000007/1.1.csv,1.1,9e648085116b93f93f6b1b1bebe2cfb01993c4f41102fde53e6ce8e368064eca,2026-09-28T10:43:46.907221+00:00,https://www.gobiernodecanarias.org/istac/aviso_legal.html,distinct_persons,phase6-v1,2014,la-gomera,island,PEDIATRIA_AP,Servicio Pediatría AP; edad individual no publicada,distinct_persons,CENTRO,1077.0,persons,OBSERVED,siap_original_service_v1,2014
https://datos.canarias.es/api/estadisticas/statistical-resources/v1.0/datasets/ISTAC/E54086A_000007/1.1.csv,1.1,9e648085116b93f93f6b1b1bebe2cfb01993c4f41102fde53e6ce8e368064eca,2026-09-28T10:43:46.907221+00:00,https://www.gobiernodecanarias.org/istac/aviso_legal.html,distinct_persons,phase6-v1,2014,la-palma,island,PEDIATRIA_AP,Servicio Pediatría AP; edad individual no publicada,distinct_persons,DOMICILIO,0.0,persons,OBSERVED,siap_original_service_v1,2014
https://datos.canarias.es/api/estadisticas/statistical-resources/v1.0/datasets/ISTAC/E54086A_000007/1.1.csv,1.1,9e648085116b93f93f6b1b1bebe2cfb01993c4f41102fde53e6ce8e368064eca,2026-09-28T10:43:46.907221+00:00,https://www.gobiernodecanarias.org/istac/aviso_legal.html,distinct_persons,phase6-v1,2014,la-palma,island,PEDIATRIA_AP,Servicio Pediatría AP; edad individual no publicada,distinct_persons,TELECONSULTA,,persons,NOT_AVAILABLE,siap_original_service_v1,2014
https://datos.canarias.es/api/estadisticas/statistical-resources/v1.0/datasets/ISTAC/E54086A_000007/1.1.csv,1.1,9e648085116b93f93f6b1b1bebe2cfb01993c4f41102fde53e6ce8e368064eca,2026-09-28T10:43:46.907221+00:00,https://www.gobiernodecanarias.org/istac/aviso_legal.html,distinct_persons,phase6-v1,2014,la-palma,island,PEDIATRIA_AP,Servicio Pediatría AP; edad individual no publicada,distinct_persons,_T,8648.0,persons,OBSERVED,siap_original_service_v1,2014
https://datos.canarias.es/api/estadisticas/statistical-resources/v1.0/datasets/ISTAC/E54086A_000007/1.1.csv,1.1,9e648085116b93f93f6b1b1bebe2cfb01993c4f41102fde53e6ce8e368064eca,2026-09-28T10:43:46.907221+00:00,https://www.gobiernodecanarias.org/istac/aviso_legal.html,distinct_persons,phase6-v1,2014,la-palma,island,PEDIATRIA_AP,Servicio Pediatría AP; edad individual no publicada,distinct_persons,CENTRO,8648.0,persons,OBSERVED,siap_original_service_v1,2014
https://datos.canarias.es/api/estadisticas/statistical-resources/v1.0/datasets/ISTAC/E54086A_000007/1.1.csv,1.1,9e648085116b93f93f6b1b1bebe2cfb01993c4f41102fde53e6ce8e368064eca,2026-09-28T10:43:46.907221+00:00,https://www.gobiernodecanarias.org/istac/aviso_legal.html,distinct_persons,phase6-v1,2014,el-hierro,island,PEDIATRIA_AP,Servicio Pediatría AP; edad individual no publicada,distinct_persons,DOMICILIO,0.0,persons,OBSERVED,siap_original_service_v1,2014
https://datos.canarias.es/api/estadisticas/statistical-resources/v1.0/datasets/ISTAC/E54086A_000007/1.1.csv,1.1,9e648085116b93f93f6b1b1bebe2cfb01993c4f41102fde53e6ce8e368064eca,2026-09-28T10:43:46.907221+00:00,https://www.gobiernodecanarias.org/istac/aviso_legal.html,distinct_persons,phase6-v1,2014,el-hierro,island,PEDIATRIA_AP,Servicio Pediatría AP; edad individual no publicada,distinct_persons,TELECONSULTA,,persons,NOT_AVAILABLE,siap_original_service_v1,2014
https://datos.canarias.es/api/estadisticas/statistical-resources/v1.0/datasets/ISTAC/E54086A_000007/1.1.csv,1.1,9e648085116b93f93f6b1b1bebe2cfb01993c4f41102fde53e6ce8e368064eca,2026-09-28T10:43:46.907221+00:00,https://www.gobiernodecanarias.org/istac/aviso_legal.html,distinct_persons,phase6-v1,2014,el-hierro,island,PEDIATRIA_AP,Servicio Pediatría AP; edad individual no publicada,distinct_persons,_T,1088.0,persons,OBSERVED,siap_original_service_v1,2014
https://datos.canarias.es/api/estadisticas/statistical-resources/v1.0/datasets/ISTAC/E54086A_000007/1.1.csv,1.1,9e648085116b93f93f6b1b1bebe2cfb01993c4f41102fde53e6ce8e368064eca,2026-09-28T10:43:46.907221+00:00,https://www.gobiernodecanarias.org/istac/aviso_legal.html,distinct_persons,phase6-v1,2014,el-hierro,island,PEDIATRIA_AP,Servicio Pediatría AP; edad individual no publicada,distinct_persons,CENTRO,1088.0,persons,OBSERVED,siap_original_service_v1,2014
https://datos.canarias.es/api/estadisticas/statistical-resources/v1.0/datasets/ISTAC/E54086A_000007/1.1.csv,1.1,9e648085116b93f93f6b1b1bebe2cfb01993c4f41102fde53e6ce8e368064eca,2026-09-28T10:43:46.907221+00:00,https://www.gobiernodecanarias.org/istac/aviso_legal.html,distinct_persons,phase6-v1,2015,lanzarote,island,PEDIATRIA_AP,Servicio Pediatría AP; edad individual no publicada,distinct_persons,DOMICILIO,1.0,persons,OBSERVED,siap_original_service_v1,2015
https://datos.canarias.es/api/estadisticas/statistical-resources/v1.0/datasets/ISTAC/E54086A_000007/1.1.csv,1.1,9e648085116b93f93f6b1b1bebe2cfb01993c4f41102fde53e6ce8e368064eca,2026-09-28T10:43:46.907221+00:00,https://www.gobiernodecanarias.org/istac/aviso_legal.html,distinct_persons,phase6-v1,2015,lanzarote,island,PEDIATRIA_AP,Servicio Pediatría AP; edad individual no publicada,distinct_persons,TELECONSULTA,,persons,NOT_AVAILABLE,siap_original_service_v1,2015
https://datos.canarias.es/api/estadisticas/statistical-resources/v1.0/datasets/ISTAC/E54086A_000007/1.1.csv,1.1,9e648085116b93f93f6b1b1bebe2cfb01993c4f41102fde53e6ce8e368064eca,2026-09-28T10:43:46.907221+00:00,https://www.gobiernodecanarias.org/istac/aviso_legal.html,distinct_persons,phase6-v1,2015,lanzarote,island,PEDIATRIA_AP,Servicio Pediatría AP; edad individual no publicada,distinct_persons,_T,21372.0,persons,OBSERVED,siap_original_service_v1,2015
https://datos.canarias.es/api/estadisticas/statistical-resources/v1.0/datasets/ISTAC/E54086A_000007/1.1.csv,1.1,9e648085116b93f93f6b1b1bebe2cfb01993c4f41102fde53e6ce8e368064eca,2026-09-28T10:43:46.907221+00:00,https://www.gobiernodecanarias.org/istac/aviso_legal.html,distinct_persons,phase6-v1,2015,lanzarote,island,PEDIATRIA_AP,Servicio Pediatría AP; edad individual no publicada,distinct_persons,CENTRO,21371.0,persons,OBSERVED,siap_original_service_v1,2015
https://datos.canarias.es/api/estadisticas/statistical-resources/v1.0/datasets/ISTAC/E54086A_000007/1.1.csv,1.1,9e648085116b93f93f6b1b1bebe2cfb01993c4f41102fde53e6ce8e368064eca,2026-09-28T10:43:46.907221+00:00,https://www.gobiernodecanarias.org/istac/aviso_legal.html,distinct_persons,phase6-v1,2015,fuerteventura,island,PEDIATRIA_AP,Servicio Pediatría AP; edad individual no publicada,distinct_persons,DOMICILIO,0.0,persons,OBSERVED,siap_original_service_v1,2015
https://datos.canarias.es/api/estadisticas/statistical-resources/v1.0/datasets/ISTAC/E54086A_000007/1.1.csv,1.1,9e648085116b93f93f6b1b1bebe2cfb01993c4f41102fde53e6ce8e368064eca,2026-09-28T10:43:46.907221+00:00,https://www.gobiernodecanarias.org/istac/aviso_legal.html,distinct_persons,phase6-v1,2015,fuerteventura,island,PEDIATRIA_AP,Servicio Pediatría AP; edad individual no publicada,distinct_persons,TELECONSULTA,,persons,NOT_AVAILABLE,siap_original_service_v1,2015
https://datos.canarias.es/api/estadisticas/statistical-resources/v1.0/datasets/ISTAC/E54086A_000007/1.1.csv,1.1,9e648085116b93f93f6b1b1bebe2cfb01993c4f41102fde53e6ce8e368064eca,2026-09-28T10:43:46.907221+00:00,https://www.gobiernodecanarias.org/istac/aviso_legal.html,distinct_persons,phase6-v1,2015,fuerteventura,island,PEDIATRIA_AP,Servicio Pediatría AP; edad individual no publicada,distinct_persons,_T,13920.0,persons,OBSERVED,siap_original_service_v1,2015
https://datos.canarias.es/api/estadisticas/statistical-resources/v1.0/datasets/ISTAC/E54086A_000007/1.1.csv,1.1,9e648085116b93f93f6b1b1bebe2cfb01993c4f41102fde53e6ce8e368064eca,2026-09-28T10:43:46.907221+00:00,https://www.gobiernodecanarias.org/istac/aviso_legal.html,distinct_persons,phase6-v1,2015,fuerteventura,island,PEDIATRIA_AP,Servicio Pediatría AP; edad individual no publicada,distinct_persons,CENTRO,13920.0,persons,OBSERVED,siap_original_service_v1,2015
https://datos.canarias.es/api/estadisticas/statistical-resources/v1.0/datasets/ISTAC/E54086A_000007/1.1.csv,1.1,9e648085116b93f93f6b1b1bebe2cfb01993c4f41102fde53e6ce8e368064eca,2026-09-28T10:43:46.907221+00:00,https://www.gobiernodecanarias.org/istac/aviso_legal.html,distinct_persons,phase6-v1,2015,gran-canaria,island,PEDIATRIA_AP,Servicio Pediatría AP; edad individual no publicada,distinct_persons,DOMICILIO,12.0,persons,OBSERVED,siap_original_service_v1,2015
https://datos.canarias.es/api/estadisticas/statistical-resources/v1.0/datasets/ISTAC/E54086A_000007/1.1.csv,1.1,9e648085116b93f93f6b1b1bebe2cfb01993c4f41102fde53e6ce8e368064eca,2026-09-28T10:43:46.907221+00:00,https://www.gobiernodecanarias.org/istac/aviso_legal.html,distinct_persons,phase6-v1,2015,gran-canaria,island,PEDIATRIA_AP,Servicio Pediatría AP; edad individual no publicada,distinct_persons,TELECONSULTA,,persons,NOT_AVAILABLE,siap_original_service_v1,2015
https://datos.canarias.es/api/estadisticas/statistical-resources/v1.0/datasets/ISTAC/E54086A_000007/1.1.csv,1.1,9e648085116b93f93f6b1b1bebe2cfb01993c4f41102fde53e6ce8e368064eca,2026-09-28T10:43:46.907221+00:00,https://www.gobiernodecanarias.org/istac/aviso_legal.html,distinct_persons,phase6-v1,2015,gran-canaria,island,PEDIATRIA_AP,Servicio Pediatría AP; edad individual no publicada,distinct_persons,_T,91723.0,persons,OBSERVED,siap_original_service_v1,2015
https://datos.canarias.es/api/estadisticas/statistical-resources/v1.0/datasets/ISTAC/E54086A_000007/1.1.csv,1.1,9e648085116b93f93f6b1b1bebe2cfb01993c4f41102fde53e6ce8e368064eca,2026-09-28T10:43:46.907221+00:00,https://www.gobiernodecanarias.org/istac/aviso_legal.html,distinct_persons,phase6-v1,2015,gran-canaria,island,PEDIATRIA_AP,Servicio Pediatría AP; edad individual no publicada,distinct_persons,CENTRO,91711.0,persons,OBSERVED,siap_original_service_v1,2015
https://datos.canarias.es/api/estadisticas/statistical-resources/v1.0/datasets/ISTAC/E54086A_000007/1.1.csv,1.1,9e648085116b93f93f6b1b1bebe2cfb01993c4f41102fde53e6ce8e368064eca,2026-09-28T10:43:46.907221+00:00,https://www.gobiernodecanarias.org/istac/aviso_legal.html,distinct_persons,phase6-v1,2015,tenerife,island,PEDIATRIA_AP,Servicio Pediatría AP; edad individual no publicada,distinct_persons,DOMICILIO,8.0,persons,OBSERVED,siap_original_service_v1,2015
https://datos.canarias.es/api/estadisticas/statistical-resources/v1.0/datasets/ISTAC/E54086A_000007/1.1.csv,1.1,9e648085116b93f93f6b1b1bebe2cfb01993c4f41102fde53e6ce8e368064eca,2026-09-28T10:43:46.907221+00:00,https://www.gobiernodecanarias.org/istac/aviso_legal.html,distinct_persons,phase6-v1,2015,tenerife,island,PEDIATRIA_AP,Servicio Pediatría AP; edad individual no publicada,distinct_persons,TELECONSULTA,,persons,NOT_AVAILABLE,siap_original_service_v1,2015
https://datos.canarias.es/api/estadisticas/statistical-resources/v1.0/datasets/ISTAC/E54086A_000007/1.1.csv,1.1,9e648085116b93f93f6b1b1bebe2cfb01993c4f41102fde53e6ce8e368064eca,2026-09-28T10:43:46.907221+00:00,https://www.gobiernodecanarias.org/istac/aviso_legal.html,distinct_persons,phase6-v1,2015,tenerife,island,PEDIATRIA_AP,Servicio Pediatría AP; edad individual no publicada,distinct_persons,_T,102837.0,persons,OBSERVED,siap_original_service_v1,2015
https://datos.canarias.es/api/estadisticas/statistical-resources/v1.0/datasets/ISTAC/E54086A_000007/1.1.csv,1.1,9e648085116b93f93f6b1b1bebe2cfb01993c4f41102fde53e6ce8e368064eca,2026-09-28T10:43:46.907221+00:00,https://www.gobiernodecanarias.org/istac/aviso_legal.html,distinct_persons,phase6-v1,2015,tenerife,island,PEDIATRIA_AP,Servicio Pediatría AP; edad individual no publicada,distinct_persons,CENTRO,102829.0,persons,OBSERVED,siap_original_service_v1,2015
https://datos.canarias.es/api/estadisticas/statistical-resources/v1.0/datasets/ISTAC/E54086A_000007/1.1.csv,1.1,9e648085116b93f93f6b1b1bebe2cfb01993c4f41102fde53e6ce8e368064eca,2026-09-28T10:43:46.907221+00:00,https://www.gobiernodecanarias.org/istac/aviso_legal.html,distinct_persons,phase6-v1,2015,la-gomera,island,PEDIATRIA_AP,Servicio Pediatría AP; edad individual no publicada,distinct_persons,DOMICILIO,0.0,persons,OBSERVED,siap_original_service_v1,2015
https://datos.canarias.es/api/estadisticas/statistical-resources/v1.0/datasets/ISTAC/E54086A_000007/1.1.csv,1.1,9e648085116b93f93f6b1b1bebe2cfb01993c4f41102fde53e6ce8e368064eca,2026-09-28T10:43:46.907221+00:00,https://www.gobiernodecanarias.org/istac/aviso_legal.html,distinct_persons,phase6-v1,2015,la-gomera,island,PEDIATRIA_AP,Servicio Pediatría AP; edad individual no publicada,distinct_persons,TELECONSULTA,,persons,NOT_AVAILABLE,siap_original_service_v1,2015
https://datos.canarias.es/api/estadisticas/statistical-resources/v1.0/datasets/ISTAC/E54086A_000007/1.1.csv,1.1,9e648085116b93f93f6b1b1bebe2cfb01993c4f41102fde53e6ce8e368064eca,2026-09-28T10:43:46.907221+00:00,https://www.gobiernodecanarias.org/istac/aviso_legal.html,distinct_persons,phase6-v1,2015,la-gomera,island,PEDIATRIA_AP,Servicio Pediatría AP; edad individual no publicada,distinct_persons,_T,1044.0,persons,OBSERVED,siap_original_service_v1,2015
https://datos.canarias.es/api/estadisticas/statistical-resources/v1.0/datasets/ISTAC/E54086A_000007/1.1.csv,1.1,9e648085116b93f93f6b1b1bebe2cfb01993c4f41102fde53e6ce8e368064eca,2026-09-28T10:43:46.907221+00:00,https://www.gobiernodecanarias.org/istac/aviso_legal.html,distinct_persons,phase6-v1,2015,la-gomera,island,PEDIATRIA_AP,Servicio Pediatría AP; edad individual no publicada,distinct_persons,CENTRO,1044.0,persons,OBSERVED,siap_original_service_v1,2015
https://datos.canarias.es/api/estadisticas/statistical-resources/v1.0/datasets/ISTAC/E54086A_000007/1.1.csv,1.1,9e648085116b93f93f6b1b1bebe2cfb01993c4f41102fde53e6ce8e368064eca,2026-09-28T10:43:46.907221+00:00,https://www.gobiernodecanarias.org/istac/aviso_legal.html,distinct_persons,phase6-v1,2015,la-palma,island,PEDIATRIA_AP,Servicio Pediatría AP; edad individual no publicada,distinct_persons,DOMICILIO,0.0,persons,OBSERVED,siap_original_service_v1,2015
https://datos.canarias.es/api/estadisticas/statistical-resources/v1.0/datasets/ISTAC/E54086A_000007/1.1.csv,1.1,9e648085116b93f93f6b1b1bebe2cfb01993c4f41102fde53e6ce8e368064eca,2026-09-28T10:43:46.907221+00:00,https://www.gobiernodecanarias.org/istac/aviso_legal.html,distinct_persons,phase6-v1,2015,la-palma,island,PEDIATRIA_AP,Servicio Pediatría AP; edad individual no publicada,distinct_persons,TELECONSULTA,,persons,NOT_AVAILABLE,siap_original_service_v1,2015
https://datos.canarias.es/api/estadisticas/statistical-resources/v1.0/datasets/ISTAC/E54086A_000007/1.1.csv,1.1,9e648085116b93f93f6b1b1bebe2cfb01993c4f41102fde53e6ce8e368064eca,2026-09-28T10:43:46.907221+00:00,https://www.gobiernodecanarias.org/istac/aviso_legal.html,distinct_persons,phase6-v1,2015,la-palma,island,PEDIATRIA_AP,Servicio Pediatría AP; edad individual no publicada,distinct_persons,_T,9168.0,persons,OBSERVED,siap_original_service_v1,2015
https://datos.canarias.es/api/estadisticas/statistical-resources/v1.0/datasets/ISTAC/E54086A_000007/1.1.csv,1.1,9e648085116b93f93f6b1b1bebe2cfb01993c4f41102fde53e6ce8e368064eca,2026-09-28T10:43:46.907221+00:00,https://www.gobiernodecanarias.org/istac/aviso_legal.html,distinct_persons,phase6-v1,2015,la-palma,island,PEDIATRIA_AP,Servicio Pediatría AP; edad individual no publicada,distinct_persons,CENTRO,9168.0,persons,OBSERVED,siap_original_service_v1,2015
https://datos.canarias.es/api/estadisticas/statistical-resources/v1.0/datasets/ISTAC/E54086A_000007/1.1.csv,1.1,9e648085116b93f93f6b1b1bebe2cfb01993c4f41102fde53e6ce8e368064eca,2026-09-28T10:43:46.907221+00:00,https://www.gobiernodecanarias.org/istac/aviso_legal.html,distinct_persons,phase6-v1,2015,el-hierro,island,PEDIATRIA_AP,Servicio Pediatría AP; edad individual no publicada,distinct_persons,DOMICILIO,1.0,persons,OBSERVED,siap_original_service_v1,2015
https://datos.canarias.es/api/estadisticas/statistical-resources/v1.0/datasets/ISTAC/E54086A_000007/1.1.csv,1.1,9e648085116b93f93f6b1b1bebe2cfb01993c4f41102fde53e6ce8e368064eca,2026-09-28T10:43:46.907221+00:00,https://www.gobiernodecanarias.org/istac/aviso_legal.html,distinct_persons,phase6-v1,2015,el-hierro,island,PEDIATRIA_AP,Servicio Pediatría AP; edad individual no publicada,distinct_persons,TELECONSULTA,,persons,NOT_AVAILABLE,siap_original_service_v1,2015
https://datos.canarias.es/api/estadisticas/statistical-resources/v1.0/datasets/ISTAC/E54086A_000007/1.1.csv,1.1,9e648085116b93f93f6b1b1bebe2cfb01993c4f41102fde53e6ce8e368064eca,2026-09-28T10:43:46.907221+00:00,https://www.gobiernodecanarias.org/istac/aviso_legal.html,distinct_persons,phase6-v1,2015,el-hierro,island,PEDIATRIA_AP,Servicio Pediatría AP; edad individual no publicada,distinct_persons,_T,1193.0,persons,OBSERVED,siap_original_service_v1,2015
https://datos.canarias.es/api/estadisticas/statistical-resources/v1.0/datasets/ISTAC/E54086A_000007/1.1.csv,1.1,9e648085116b93f93f6b1b1bebe2cfb01993c4f41102fde53e6ce8e368064eca,2026-09-28T10:43:46.907221+00:00,https://www.gobiernodecanarias.org/istac/aviso_legal.html,distinct_persons,phase6-v1,2015,el-hierro,island,PEDIATRIA_AP,Servicio Pediatría AP; edad individual no publicada,distinct_persons,CENTRO,1192.0,persons,OBSERVED,siap_original_service_v1,2015
https://datos.canarias.es/api/estadisticas/statistical-resources/v1.0/datasets/ISTAC/E54086A_000007/1.1.csv,1.1,9e648085116b93f93f6b1b1bebe2cfb01993c4f41102fde53e6ce8e368064eca,2026-09-28T10:43:46.907221+00:00,https://www.gobiernodecanarias.org/istac/aviso_legal.html,distinct_persons,phase6-v1,2016,lanzarote,island,PEDIATRIA_AP,Servicio Pediatría AP; edad individual no publicada,distinct_persons,DOMICILIO,1.0,persons,OBSERVED,siap_original_service_v1,2016
https://datos.canarias.es/api/estadisticas/statistical-resources/v1.0/datasets/ISTAC/E54086A_000007/1.1.csv,1.1,9e648085116b93f93f6b1b1bebe2cfb01993c4f41102fde53e6ce8e368064eca,2026-09-28T10:43:46.907221+00:00,https://www.gobiernodecanarias.org/istac/aviso_legal.html,distinct_persons,phase6-v1,2016,lanzarote,island,PEDIATRIA_AP,Servicio Pediatría AP; edad individual no publicada,distinct_persons,TELECONSULTA,,persons,NOT_AVAILABLE,siap_original_service_v1,2016
https://datos.canarias.es/api/estadisticas/statistical-resources/v1.0/datasets/ISTAC/E54086A_000007/1.1.csv,1.1,9e648085116b93f93f6b1b1bebe2cfb01993c4f41102fde53e6ce8e368064eca,2026-09-28T10:43:46.907221+00:00,https://www.gobiernodecanarias.org/istac/aviso_legal.html,distinct_persons,phase6-v1,2016,lanzarote,island,PEDIATRIA_AP,Servicio Pediatría AP; edad individual no publicada,distinct_persons,_T,21447.0,persons,OBSERVED,siap_original_service_v1,2016
https://datos.canarias.es/api/estadisticas/statistical-resources/v1.0/datasets/ISTAC/E54086A_000007/1.1.csv,1.1,9e648085116b93f93f6b1b1bebe2cfb01993c4f41102fde53e6ce8e368064eca,2026-09-28T10:43:46.907221+00:00,https://www.gobiernodecanarias.org/istac/aviso_legal.html,distinct_persons,phase6-v1,2016,lanzarote,island,PEDIATRIA_AP,Servicio Pediatría AP; edad individual no publicada,distinct_persons,CENTRO,21446.0,persons,OBSERVED,siap_original_service_v1,2016
https://datos.canarias.es/api/estadisticas/statistical-resources/v1.0/datasets/ISTAC/E54086A_000007/1.1.csv,1.1,9e648085116b93f93f6b1b1bebe2cfb01993c4f41102fde53e6ce8e368064eca,2026-09-28T10:43:46.907221+00:00,https://www.gobiernodecanarias.org/istac/aviso_legal.html,distinct_persons,phase6-v1,2016,fuerteventura,island,PEDIATRIA_AP,Servicio Pediatría AP; edad individual no publicada,distinct_persons,DOMICILIO,2.0,persons,OBSERVED,siap_original_service_v1,2016
https://datos.canarias.es/api/estadisticas/statistical-resources/v1.0/datasets/ISTAC/E54086A_000007/1.1.csv,1.1,9e648085116b93f93f6b1b1bebe2cfb01993c4f41102fde53e6ce8e368064eca,2026-09-28T10:43:46.907221+00:00,https://www.gobiernodecanarias.org/istac/aviso_legal.html,distinct_persons,phase6-v1,2016,fuerteventura,island,PEDIATRIA_AP,Servicio Pediatría AP; edad individual no publicada,distinct_persons,TELECONSULTA,,persons,NOT_AVAILABLE,siap_original_service_v1,2016
https://datos.canarias.es/api/estadisticas/statistical-resources/v1.0/datasets/ISTAC/E54086A_000007/1.1.csv,1.1,9e648085116b93f93f6b1b1bebe2cfb01993c4f41102fde53e6ce8e368064eca,2026-09-28T10:43:46.907221+00:00,https://www.gobiernodecanarias.org/istac/aviso_legal.html,distinct_persons,phase6-v1,2016,fuerteventura,island,PEDIATRIA_AP,Servicio Pediatría AP; edad individual no publicada,distinct_persons,_T,14165.0,persons,OBSERVED,siap_original_service_v1,2016
https://datos.canarias.es/api/estadisticas/statistical-resources/v1.0/datasets/ISTAC/E54086A_000007/1.1.csv,1.1,9e648085116b93f93f6b1b1bebe2cfb01993c4f41102fde53e6ce8e368064eca,2026-09-28T10:43:46.907221+00:00,https://www.gobiernodecanarias.org/istac/aviso_legal.html,distinct_persons,phase6-v1,2016,fuerteventura,island,PEDIATRIA_AP,Servicio Pediatría AP; edad individual no publicada,distinct_persons,CENTRO,14163.0,persons,OBSERVED,siap_original_service_v1,2016
https://datos.canarias.es/api/estadisticas/statistical-resources/v1.0/datasets/ISTAC/E54086A_000007/1.1.csv,1.1,9e648085116b93f93f6b1b1bebe2cfb01993c4f41102fde53e6ce8e368064eca,2026-09-28T10:43:46.907221+00:00,https://www.gobiernodecanarias.org/istac/aviso_legal.html,distinct_persons,phase6-v1,2016,gran-canaria,island,PEDIATRIA_AP,Servicio Pediatría AP; edad individual no publicada,distinct_persons,DOMICILIO,23.0,persons,OBSERVED,siap_original_service_v1,2016
https://datos.canarias.es/api/estadisticas/statistical-resources/v1.0/datasets/ISTAC/E54086A_000007/1.1.csv,1.1,9e648085116b93f93f6b1b1bebe2cfb01993c4f41102fde53e6ce8e368064eca,2026-09-28T10:43:46.907221+00:00,https://www.gobiernodecanarias.org/istac/aviso_legal.html,distinct_persons,phase6-v1,2016,gran-canaria,island,PEDIATRIA_AP,Servicio Pediatría AP; edad individual no publicada,distinct_persons,TELECONSULTA,,persons,NOT_AVAILABLE,siap_original_service_v1,2016
https://datos.canarias.es/api/estadisticas/statistical-resources/v1.0/datasets/ISTAC/E54086A_000007/1.1.csv,1.1,9e648085116b93f93f6b1b1bebe2cfb01993c4f41102fde53e6ce8e368064eca,2026-09-28T10:43:46.907221+00:00,https://www.gobiernodecanarias.org/istac/aviso_legal.html,distinct_persons,phase6-v1,2016,gran-canaria,island,PEDIATRIA_AP,Servicio Pediatría AP; edad individual no publicada,distinct_persons,_T,91179.0,persons,OBSERVED,siap_original_service_v1,2016
https://datos.canarias.es/api/estadisticas/statistical-resources/v1.0/datasets/ISTAC/E54086A_000007/1.1.csv,1.1,9e648085116b93f93f6b1b1bebe2cfb01993c4f41102fde53e6ce8e368064eca,2026-09-28T10:43:46.907221+00:00,https://www.gobiernodecanarias.org/istac/aviso_legal.html,distinct_persons,phase6-v1,2016,gran-canaria,island,PEDIATRIA_AP,Servicio Pediatría AP; edad individual no publicada,distinct_persons,CENTRO,91156.0,persons,OBSERVED,siap_original_service_v1,2016
https://datos.canarias.es/api/estadisticas/statistical-resources/v1.0/datasets/ISTAC/E54086A_000007/1.1.csv,1.1,9e648085116b93f93f6b1b1bebe2cfb01993c4f41102fde53e6ce8e368064eca,2026-09-28T10:43:46.907221+00:00,https://www.gobiernodecanarias.org/istac/aviso_legal.html,distinct_persons,phase6-v1,2016,tenerife,island,PEDIATRIA_AP,Servicio Pediatría AP; edad individual no publicada,distinct_persons,DOMICILIO,16.0,persons,OBSERVED,siap_original_service_v1,2016
https://datos.canarias.es/api/estadisticas/statistical-resources/v1.0/datasets/ISTAC/E54086A_000007/1.1.csv,1.1,9e648085116b93f93f6b1b1bebe2cfb01993c4f41102fde53e6ce8e368064eca,2026-09-28T10:43:46.907221+00:00,https://www.gobiernodecanarias.org/istac/aviso_legal.html,distinct_persons,phase6-v1,2016,tenerife,island,PEDIATRIA_AP,Servicio Pediatría AP; edad individual no publicada,distinct_persons,TELECONSULTA,,persons,NOT_AVAILABLE,siap_original_service_v1,2016
https://datos.canarias.es/api/estadisticas/statistical-resources/v1.0/datasets/ISTAC/E54086A_000007/1.1.csv,1.1,9e648085116b93f93f6b1b1bebe2cfb01993c4f41102fde53e6ce8e368064eca,2026-09-28T10:43:46.907221+00:00,https://www.gobiernodecanarias.org/istac/aviso_legal.html,distinct_persons,phase6-v1,2016,tenerife,island,PEDIATRIA_AP,Servicio Pediatría AP; edad individual no publicada,distinct_persons,_T,104210.0,persons,OBSERVED,siap_original_service_v1,2016
https://datos.canarias.es/api/estadisticas/statistical-resources/v1.0/datasets/ISTAC/E54086A_000007/1.1.csv,1.1,9e648085116b93f93f6b1b1bebe2cfb01993c4f41102fde53e6ce8e368064eca,2026-09-28T10:43:46.907221+00:00,https://www.gobiernodecanarias.org/istac/aviso_legal.html,distinct_persons,phase6-v1,2016,tenerife,island,PEDIATRIA_AP,Servicio Pediatría AP; edad individual no publicada,distinct_persons,CENTRO,104194.0,persons,OBSERVED,siap_original_service_v1,2016
https://datos.canarias.es/api/estadisticas/statistical-resources/v1.0/datasets/ISTAC/E54086A_000007/1.1.csv,1.1,9e648085116b93f93f6b1b1bebe2cfb01993c4f41102fde53e6ce8e368064eca,2026-09-28T10:43:46.907221+00:00,https://www.gobiernodecanarias.org/istac/aviso_legal.html,distinct_persons,phase6-v1,2016,la-gomera,island,PEDIATRIA_AP,Servicio Pediatría AP; edad individual no publicada,distinct_persons,DOMICILIO,0.0,persons,OBSERVED,siap_original_service_v1,2016
https://datos.canarias.es/api/estadisticas/statistical-resources/v1.0/datasets/ISTAC/E54086A_000007/1.1.csv,1.1,9e648085116b93f93f6b1b1bebe2cfb01993c4f41102fde53e6ce8e368064eca,2026-09-28T10:43:46.907221+00:00,https://www.gobiernodecanarias.org/istac/aviso_legal.html,distinct_persons,phase6-v1,2016,la-gomera,island,PEDIATRIA_AP,Servicio Pediatría AP; edad individual no publicada,distinct_persons,TELECONSULTA,,persons,NOT_AVAILABLE,siap_original_service_v1,2016
https://datos.canarias.es/api/estadisticas/statistical-resources/v1.0/datasets/ISTAC/E54086A_000007/1.1.csv,1.1,9e648085116b93f93f6b1b1bebe2cfb01993c4f41102fde53e6ce8e368064eca,2026-09-28T10:43:46.907221+00:00,https://www.gobiernodecanarias.org/istac/aviso_legal.html,distinct_persons,phase6-v1,2016,la-gomera,island,PEDIATRIA_AP,Servicio Pediatría AP; edad individual no publicada,distinct_persons,_T,1091.0,persons,OBSERVED,siap_original_service_v1,2016
https://datos.canarias.es/api/estadisticas/statistical-resources/v1.0/datasets/ISTAC/E54086A_000007/1.1.csv,1.1,9e648085116b93f93f6b1b1bebe2cfb01993c4f41102fde53e6ce8e368064eca,2026-09-28T10:43:46.907221+00:00,https://www.gobiernodecanarias.org/istac/aviso_legal.html,distinct_persons,phase6-v1,2016,la-gomera,island,PEDIATRIA_AP,Servicio Pediatría AP; edad individual no publicada,distinct_persons,CENTRO,1091.0,persons,OBSERVED,siap_original_service_v1,2016
https://datos.canarias.es/api/estadisticas/statistical-resources/v1.0/datasets/ISTAC/E54086A_000007/1.1.csv,1.1,9e648085116b93f93f6b1b1bebe2cfb01993c4f41102fde53e6ce8e368064eca,2026-09-28T10:43:46.907221+00:00,https://www.gobiernodecanarias.org/istac/aviso_legal.html,distinct_persons,phase6-v1,2016,la-palma,island,PEDIATRIA_AP,Servicio Pediatría AP; edad individual no publicada,distinct_persons,DOMICILIO,0.0,persons,OBSERVED,siap_original_service_v1,2016
https://datos.canarias.es/api/estadisticas/statistical-resources/v1.0/datasets/ISTAC/E54086A_000007/1.1.csv,1.1,9e648085116b93f93f6b1b1bebe2cfb01993c4f41102fde53e6ce8e368064eca,2026-09-28T10:43:46.907221+00:00,https://www.gobiernodecanarias.org/istac/aviso_legal.html,distinct_persons,phase6-v1,2016,la-palma,island,PEDIATRIA_AP,Servicio Pediatría AP; edad individual no publicada,distinct_persons,TELECONSULTA,,persons,NOT_AVAILABLE,siap_original_service_v1,2016
https://datos.canarias.es/api/estadisticas/statistical-resources/v1.0/datasets/ISTAC/E54086A_000007/1.1.csv,1.1,9e648085116b93f93f6b1b1bebe2cfb01993c4f41102fde53e6ce8e368064eca,2026-09-28T10:43:46.907221+00:00,https://www.gobiernodecanarias.org/istac/aviso_legal.html,distinct_persons,phase6-v1,2016,la-palma,island,PEDIATRIA_AP,Servicio Pediatría AP; edad individual no publicada,distinct_persons,_T,8960.0,persons,OBSERVED,siap_original_service_v1,2016
https://datos.canarias.es/api/estadisticas/statistical-resources/v1.0/datasets/ISTAC/E54086A_000007/1.1.csv,1.1,9e648085116b93f93f6b1b1bebe2cfb01993c4f41102fde53e6ce8e368064eca,2026-09-28T10:43:46.907221+00:00,https://www.gobiernodecanarias.org/istac/aviso_legal.html,distinct_persons,phase6-v1,2016,la-palma,island,PEDIATRIA_AP,Servicio Pediatría AP; edad individual no publicada,distinct_persons,CENTRO,8960.0,persons,OBSERVED,siap_original_service_v1,2016
https://datos.canarias.es/api/estadisticas/statistical-resources/v1.0/datasets/ISTAC/E54086A_000007/1.1.csv,1.1,9e648085116b93f93f6b1b1bebe2cfb01993c4f41102fde53e6ce8e368064eca,2026-09-28T10:43:46.907221+00:00,https://www.gobiernodecanarias.org/istac/aviso_legal.html,distinct_persons,phase6-v1,2016,el-hierro,island,PEDIATRIA_AP,Servicio Pediatría AP; edad individual no publicada,distinct_persons,DOMICILIO,0.0,persons,OBSERVED,siap_original_service_v1,2016
https://datos.canarias.es/api/estadisticas/statistical-resources/v1.0/datasets/ISTAC/E54086A_000007/1.1.csv,1.1,9e648085116b93f93f6b1b1bebe2cfb01993c4f41102fde53e6ce8e368064eca,2026-09-28T10:43:46.907221+00:00,https://www.gobiernodecanarias.org/istac/aviso_legal.html,distinct_persons,phase6-v1,2016,el-hierro,island,PEDIATRIA_AP,Servicio Pediatría AP; edad individual no publicada,distinct_persons,TELECONSULTA,,persons,NOT_AVAILABLE,siap_original_service_v1,2016
https://datos.canarias.es/api/estadisticas/statistical-resources/v1.0/datasets/ISTAC/E54086A_000007/1.1.csv,1.1,9e648085116b93f93f6b1b1bebe2cfb01993c4f41102fde53e6ce8e368064eca,2026-09-28T10:43:46.907221+00:00,https://www.gobiernodecanarias.org/istac/aviso_legal.html,distinct_persons,phase6-v1,2016,el-hierro,island,PEDIATRIA_AP,Servicio Pediatría AP; edad individual no publicada,distinct_persons,_T,1136.0,persons,OBSERVED,siap_original_service_v1,2016
https://datos.canarias.es/api/estadisticas/statistical-resources/v1.0/datasets/ISTAC/E54086A_000007/1.1.csv,1.1,9e648085116b93f93f6b1b1bebe2cfb01993c4f41102fde53e6ce8e368064eca,2026-09-28T10:43:46.907221+00:00,https://www.gobiernodecanarias.org/istac/aviso_legal.html,distinct_persons,phase6-v1,2016,el-hierro,island,PEDIATRIA_AP,Servicio Pediatría AP; edad individual no publicada,distinct_persons,CENTRO,1136.0,persons,OBSERVED,siap_original_service_v1,2016
https://datos.canarias.es/api/estadisticas/statistical-resources/v1.0/datasets/ISTAC/E54086A_000007/1.1.csv,1.1,9e648085116b93f93f6b1b1bebe2cfb01993c4f41102fde53e6ce8e368064eca,2026-09-28T10:43:46.907221+00:00,https://www.gobiernodecanarias.org/istac/aviso_legal.html,distinct_persons,phase6-v1,2017,lanzarote,island,PEDIATRIA_AP,Servicio Pediatría AP; edad individual no publicada,distinct_persons,DOMICILIO,18.0,persons,OBSERVED,siap_original_service_v1,2017
https://datos.canarias.es/api/estadisticas/statistical-resources/v1.0/datasets/ISTAC/E54086A_000007/1.1.csv,1.1,9e648085116b93f93f6b1b1bebe2cfb01993c4f41102fde53e6ce8e368064eca,2026-09-28T10:43:46.907221+00:00,https://www.gobiernodecanarias.org/istac/aviso_legal.html,distinct_persons,phase6-v1,2017,lanzarote,island,PEDIATRIA_AP,Servicio Pediatría AP; edad individual no publicada,distinct_persons,TELECONSULTA,,persons,NOT_AVAILABLE,siap_original_service_v1,2017
https://datos.canarias.es/api/estadisticas/statistical-resources/v1.0/datasets/ISTAC/E54086A_000007/1.1.csv,1.1,9e648085116b93f93f6b1b1bebe2cfb01993c4f41102fde53e6ce8e368064eca,2026-09-28T10:43:46.907221+00:00,https://www.gobiernodecanarias.org/istac/aviso_legal.html,distinct_persons,phase6-v1,2017,lanzarote,island,PEDIATRIA_AP,Servicio Pediatría AP; edad individual no publicada,distinct_persons,_T,21482.0,persons,OBSERVED,siap_original_service_v1,2017
https://datos.canarias.es/api/estadisticas/statistical-resources/v1.0/datasets/ISTAC/E54086A_000007/1.1.csv,1.1,9e648085116b93f93f6b1b1bebe2cfb01993c4f41102fde53e6ce8e368064eca,2026-09-28T10:43:46.907221+00:00,https://www.gobiernodecanarias.org/istac/aviso_legal.html,distinct_persons,phase6-v1,2017,lanzarote,island,PEDIATRIA_AP,Servicio Pediatría AP; edad individual no publicada,distinct_persons,CENTRO,21464.0,persons,OBSERVED,siap_original_service_v1,2017
https://datos.canarias.es/api/estadisticas/statistical-resources/v1.0/datasets/ISTAC/E54086A_000007/1.1.csv,1.1,9e648085116b93f93f6b1b1bebe2cfb01993c4f41102fde53e6ce8e368064eca,2026-09-28T10:43:46.907221+00:00,https://www.gobiernodecanarias.org/istac/aviso_legal.html,distinct_persons,phase6-v1,2017,fuerteventura,island,PEDIATRIA_AP,Servicio Pediatría AP; edad individual no publicada,distinct_persons,DOMICILIO,10.0,persons,OBSERVED,siap_original_service_v1,2017
https://datos.canarias.es/api/estadisticas/statistical-resources/v1.0/datasets/ISTAC/E54086A_000007/1.1.csv,1.1,9e648085116b93f93f6b1b1bebe2cfb01993c4f41102fde53e6ce8e368064eca,2026-09-28T10:43:46.907221+00:00,https://www.gobiernodecanarias.org/istac/aviso_legal.html,distinct_persons,phase6-v1,2017,fuerteventura,island,PEDIATRIA_AP,Servicio Pediatría AP; edad individual no publicada,distinct_persons,TELECONSULTA,,persons,NOT_AVAILABLE,siap_original_service_v1,2017
https://datos.canarias.es/api/estadisticas/statistical-resources/v1.0/datasets/ISTAC/E54086A_000007/1.1.csv,1.1,9e648085116b93f93f6b1b1bebe2cfb01993c4f41102fde53e6ce8e368064eca,2026-09-28T10:43:46.907221+00:00,https://www.gobiernodecanarias.org/istac/aviso_legal.html,distinct_persons,phase6-v1,2017,fuerteventura,island,PEDIATRIA_AP,Servicio Pediatría AP; edad individual no publicada,distinct_persons,_T,14402.0,persons,OBSERVED,siap_original_service_v1,2017
https://datos.canarias.es/api/estadisticas/statistical-resources/v1.0/datasets/ISTAC/E54086A_000007/1.1.csv,1.1,9e648085116b93f93f6b1b1bebe2cfb01993c4f41102fde53e6ce8e368064eca,2026-09-28T10:43:46.907221+00:00,https://www.gobiernodecanarias.org/istac/aviso_legal.html,distinct_persons,phase6-v1,2017,fuerteventura,island,PEDIATRIA_AP,Servicio Pediatría AP; edad individual no publicada,distinct_persons,CENTRO,14392.0,persons,OBSERVED,siap_original_service_v1,2017
https://datos.canarias.es/api/estadisticas/statistical-resources/v1.0/datasets/ISTAC/E54086A_000007/1.1.csv,1.1,9e648085116b93f93f6b1b1bebe2cfb01993c4f41102fde53e6ce8e368064eca,2026-09-28T10:43:46.907221+00:00,https://www.gobiernodecanarias.org/istac/aviso_legal.html,distinct_persons,phase6-v1,2017,gran-canaria,island,PEDIATRIA_AP,Servicio Pediatría AP; edad individual no publicada,distinct_persons,DOMICILIO,96.0,persons,OBSERVED,siap_original_service_v1,2017
https://datos.canarias.es/api/estadisticas/statistical-resources/v1.0/datasets/ISTAC/E54086A_000007/1.1.csv,1.1,9e648085116b93f93f6b1b1bebe2cfb01993c4f41102fde53e6ce8e368064eca,2026-09-28T10:43:46.907221+00:00,https://www.gobiernodecanarias.org/istac/aviso_legal.html,distinct_persons,phase6-v1,2017,gran-canaria,island,PEDIATRIA_AP,Servicio Pediatría AP; edad individual no publicada,distinct_persons,TELECONSULTA,,persons,NOT_AVAILABLE,siap_original_service_v1,2017
https://datos.canarias.es/api/estadisticas/statistical-resources/v1.0/datasets/ISTAC/E54086A_000007/1.1.csv,1.1,9e648085116b93f93f6b1b1bebe2cfb01993c4f41102fde53e6ce8e368064eca,2026-09-28T10:43:46.907221+00:00,https://www.gobiernodecanarias.org/istac/aviso_legal.html,distinct_persons,phase6-v1,2017,gran-canaria,island,PEDIATRIA_AP,Servicio Pediatría AP; edad individual no publicada,distinct_persons,_T,88824.0,persons,OBSERVED,siap_original_service_v1,2017
https://datos.canarias.es/api/estadisticas/statistical-resources/v1.0/datasets/ISTAC/E54086A_000007/1.1.csv,1.1,9e648085116b93f93f6b1b1bebe2cfb01993c4f41102fde53e6ce8e368064eca,2026-09-28T10:43:46.907221+00:00,https://www.gobiernodecanarias.org/istac/aviso_legal.html,distinct_persons,phase6-v1,2017,gran-canaria,island,PEDIATRIA_AP,Servicio Pediatría AP; edad individual no publicada,distinct_persons,CENTRO,88728.0,persons,OBSERVED,siap_original_service_v1,2017
https://datos.canarias.es/api/estadisticas/statistical-resources/v1.0/datasets/ISTAC/E54086A_000007/1.1.csv,1.1,9e648085116b93f93f6b1b1bebe2cfb01993c4f41102fde53e6ce8e368064eca,2026-09-28T10:43:46.907221+00:00,https://www.gobiernodecanarias.org/istac/aviso_legal.html,distinct_persons,phase6-v1,2017,tenerife,island,PEDIATRIA_AP,Servicio Pediatría AP; edad individual no publicada,distinct_persons,DOMICILIO,185.0,persons,OBSERVED,siap_original_service_v1,2017
https://datos.canarias.es/api/estadisticas/statistical-resources/v1.0/datasets/ISTAC/E54086A_000007/1.1.csv,1.1,9e648085116b93f93f6b1b1bebe2cfb01993c4f41102fde53e6ce8e368064eca,2026-09-28T10:43:46.907221+00:00,https://www.gobiernodecanarias.org/istac/aviso_legal.html,distinct_persons,phase6-v1,2017,tenerife,island,PEDIATRIA_AP,Servicio Pediatría AP; edad individual no publicada,distinct_persons,TELECONSULTA,,persons,NOT_AVAILABLE,siap_original_service_v1,2017
https://datos.canarias.es/api/estadisticas/statistical-resources/v1.0/datasets/ISTAC/E54086A_000007/1.1.csv,1.1,9e648085116b93f93f6b1b1bebe2cfb01993c4f41102fde53e6ce8e368064eca,2026-09-28T10:43:46.907221+00:00,https://www.gobiernodecanarias.org/istac/aviso_legal.html,distinct_persons,phase6-v1,2017,tenerife,island,PEDIATRIA_AP,Servicio Pediatría AP; edad individual no publicada,distinct_persons,_T,105308.0,persons,OBSERVED,siap_original_service_v1,2017
https://datos.canarias.es/api/estadisticas/statistical-resources/v1.0/datasets/ISTAC/E54086A_000007/1.1.csv,1.1,9e648085116b93f93f6b1b1bebe2cfb01993c4f41102fde53e6ce8e368064eca,2026-09-28T10:43:46.907221+00:00,https://www.gobiernodecanarias.org/istac/aviso_legal.html,distinct_persons,phase6-v1,2017,tenerife,island,PEDIATRIA_AP,Servicio Pediatría AP; edad individual no publicada,distinct_persons,CENTRO,105123.0,persons,OBSERVED,siap_original_service_v1,2017
https://datos.canarias.es/api/estadisticas/statistical-resources/v1.0/datasets/ISTAC/E54086A_000007/1.1.csv,1.1,9e648085116b93f93f6b1b1bebe2cfb01993c4f41102fde53e6ce8e368064eca,2026-09-28T10:43:46.907221+00:00,https://www.gobiernodecanarias.org/istac/aviso_legal.html,distinct_persons,phase6-v1,2017,la-gomera,island,PEDIATRIA_AP,Servicio Pediatría AP; edad individual no publicada,distinct_persons,DOMICILIO,2.0,persons,OBSERVED,siap_original_service_v1,2017
https://datos.canarias.es/api/estadisticas/statistical-resources/v1.0/datasets/ISTAC/E54086A_000007/1.1.csv,1.1,9e648085116b93f93f6b1b1bebe2cfb01993c4f41102fde53e6ce8e368064eca,2026-09-28T10:43:46.907221+00:00,https://www.gobiernodecanarias.org/istac/aviso_legal.html,distinct_persons,phase6-v1,2017,la-gomera,island,PEDIATRIA_AP,Servicio Pediatría AP; edad individual no publicada,distinct_persons,TELECONSULTA,,persons,NOT_AVAILABLE,siap_original_service_v1,2017
https://datos.canarias.es/api/estadisticas/statistical-resources/v1.0/datasets/ISTAC/E54086A_000007/1.1.csv,1.1,9e648085116b93f93f6b1b1bebe2cfb01993c4f41102fde53e6ce8e368064eca,2026-09-28T10:43:46.907221+00:00,https://www.gobiernodecanarias.org/istac/aviso_legal.html,distinct_persons,phase6-v1,2017,la-gomera,island,PEDIATRIA_AP,Servicio Pediatría AP; edad individual no publicada,distinct_persons,_T,1042.0,persons,OBSERVED,siap_original_service_v1,2017
https://datos.canarias.es/api/estadisticas/statistical-resources/v1.0/datasets/ISTAC/E54086A_000007/1.1.csv,1.1,9e648085116b93f93f6b1b1bebe2cfb01993c4f41102fde53e6ce8e368064eca,2026-09-28T10:43:46.907221+00:00,https://www.gobiernodecanarias.org/istac/aviso_legal.html,distinct_persons,phase6-v1,2017,la-gomera,island,PEDIATRIA_AP,Servicio Pediatría AP; edad individual no publicada,distinct_persons,CENTRO,1040.0,persons,OBSERVED,siap_original_service_v1,2017
https://datos.canarias.es/api/estadisticas/statistical-resources/v1.0/datasets/ISTAC/E54086A_000007/1.1.csv,1.1,9e648085116b93f93f6b1b1bebe2cfb01993c4f41102fde53e6ce8e368064eca,2026-09-28T10:43:46.907221+00:00,https://www.gobiernodecanarias.org/istac/aviso_legal.html,distinct_persons,phase6-v1,2017,la-palma,island,PEDIATRIA_AP,Servicio Pediatría AP; edad individual no publicada,distinct_persons,DOMICILIO,23.0,persons,OBSERVED,siap_original_service_v1,2017
https://datos.canarias.es/api/estadisticas/statistical-resources/v1.0/datasets/ISTAC/E54086A_000007/1.1.csv,1.1,9e648085116b93f93f6b1b1bebe2cfb01993c4f41102fde53e6ce8e368064eca,2026-09-28T10:43:46.907221+00:00,https://www.gobiernodecanarias.org/istac/aviso_legal.html,distinct_persons,phase6-v1,2017,la-palma,island,PEDIATRIA_AP,Servicio Pediatría AP; edad individual no publicada,distinct_persons,TELECONSULTA,,persons,NOT_AVAILABLE,siap_original_service_v1,2017
https://datos.canarias.es/api/estadisticas/statistical-resources/v1.0/datasets/ISTAC/E54086A_000007/1.1.csv,1.1,9e648085116b93f93f6b1b1bebe2cfb01993c4f41102fde53e6ce8e368064eca,2026-09-28T10:43:46.907221+00:00,https://www.gobiernodecanarias.org/istac/aviso_legal.html,distinct_persons,phase6-v1,2017,la-palma,island,PEDIATRIA_AP,Servicio Pediatría AP; edad individual no publicada,distinct_persons,_T,8891.0,persons,OBSERVED,siap_original_service_v1,2017
https://datos.canarias.es/api/estadisticas/statistical-resources/v1.0/datasets/ISTAC/E54086A_000007/1.1.csv,1.1,9e648085116b93f93f6b1b1bebe2cfb01993c4f41102fde53e6ce8e368064eca,2026-09-28T10:43:46.907221+00:00,https://www.gobiernodecanarias.org/istac/aviso_legal.html,distinct_persons,phase6-v1,2017,la-palma,island,PEDIATRIA_AP,Servicio Pediatría AP; edad individual no publicada,distinct_persons,CENTRO,8868.0,persons,OBSERVED,siap_original_service_v1,2017
https://datos.canarias.es/api/estadisticas/statistical-resources/v1.0/datasets/ISTAC/E54086A_000007/1.1.csv,1.1,9e648085116b93f93f6b1b1bebe2cfb01993c4f41102fde53e6ce8e368064eca,2026-09-28T10:43:46.907221+00:00,https://www.gobiernodecanarias.org/istac/aviso_legal.html,distinct_persons,phase6-v1,2017,el-hierro,island,PEDIATRIA_AP,Servicio Pediatría AP; edad individual no publicada,distinct_persons,DOMICILIO,0.0,persons,OBSERVED,siap_original_service_v1,2017
https://datos.canarias.es/api/estadisticas/statistical-resources/v1.0/datasets/ISTAC/E54086A_000007/1.1.csv,1.1,9e648085116b93f93f6b1b1bebe2cfb01993c4f41102fde53e6ce8e368064eca,2026-09-28T10:43:46.907221+00:00,https://www.gobiernodecanarias.org/istac/aviso_legal.html,distinct_persons,phase6-v1,2017,el-hierro,island,PEDIATRIA_AP,Servicio Pediatría AP; edad individual no publicada,distinct_persons,TELECONSULTA,,persons,NOT_AVAILABLE,siap_original_service_v1,2017
https://datos.canarias.es/api/estadisticas/statistical-resources/v1.0/datasets/ISTAC/E54086A_000007/1.1.csv,1.1,9e648085116b93f93f6b1b1bebe2cfb01993c4f41102fde53e6ce8e368064eca,2026-09-28T10:43:46.907221+00:00,https://www.gobiernodecanarias.org/istac/aviso_legal.html,distinct_persons,phase6-v1,2017,el-hierro,island,PEDIATRIA_AP,Servicio Pediatría AP; edad individual no publicada,distinct_persons,_T,1237.0,persons,OBSERVED,siap_original_service_v1,2017
https://datos.canarias.es/api/estadisticas/statistical-resources/v1.0/datasets/ISTAC/E54086A_000007/1.1.csv,1.1,9e648085116b93f93f6b1b1bebe2cfb01993c4f41102fde53e6ce8e368064eca,2026-09-28T10:43:46.907221+00:00,https://www.gobiernodecanarias.org/istac/aviso_legal.html,distinct_persons,phase6-v1,2017,el-hierro,island,PEDIATRIA_AP,Servicio Pediatría AP; edad individual no publicada,distinct_persons,CENTRO,1237.0,persons,OBSERVED,siap_original_service_v1,2017
https://datos.canarias.es/api/estadisticas/statistical-resources/v1.0/datasets/ISTAC/E54086A_000007/1.1.csv,1.1,9e648085116b93f93f6b1b1bebe2cfb01993c4f41102fde53e6ce8e368064eca,2026-09-28T10:43:46.907221+00:00,https://www.gobiernodecanarias.org/istac/aviso_legal.html,distinct_persons,phase6-v1,2018,lanzarote,island,PEDIATRIA_AP,Servicio Pediatría AP; edad individual no publicada,distinct_persons,DOMICILIO,16.0,persons,OBSERVED,siap_original_service_v1,2018
https://datos.canarias.es/api/estadisticas/statistical-resources/v1.0/datasets/ISTAC/E54086A_000007/1.1.csv,1.1,9e648085116b93f93f6b1b1bebe2cfb01993c4f41102fde53e6ce8e368064eca,2026-09-28T10:43:46.907221+00:00,https://www.gobiernodecanarias.org/istac/aviso_legal.html,distinct_persons,phase6-v1,2018,lanzarote,island,PEDIATRIA_AP,Servicio Pediatría AP; edad individual no publicada,distinct_persons,TELECONSULTA,,persons,NOT_AVAILABLE,siap_original_service_v1,2018
https://datos.canarias.es/api/estadisticas/statistical-resources/v1.0/datasets/ISTAC/E54086A_000007/1.1.csv,1.1,9e648085116b93f93f6b1b1bebe2cfb01993c4f41102fde53e6ce8e368064eca,2026-09-28T10:43:46.907221+00:00,https://www.gobiernodecanarias.org/istac/aviso_legal.html,distinct_persons,phase6-v1,2018,lanzarote,island,PEDIATRIA_AP,Servicio Pediatría AP; edad individual no publicada,distinct_persons,_T,21099.0,persons,OBSERVED,siap_original_service_v1,2018
https://datos.canarias.es/api/estadisticas/statistical-resources/v1.0/datasets/ISTAC/E54086A_000007/1.1.csv,1.1,9e648085116b93f93f6b1b1bebe2cfb01993c4f41102fde53e6ce8e368064eca,2026-09-28T10:43:46.907221+00:00,https://www.gobiernodecanarias.org/istac/aviso_legal.html,distinct_persons,phase6-v1,2018,lanzarote,island,PEDIATRIA_AP,Servicio Pediatría AP; edad individual no publicada,distinct_persons,CENTRO,21083.0,persons,OBSERVED,siap_original_service_v1,2018
https://datos.canarias.es/api/estadisticas/statistical-resources/v1.0/datasets/ISTAC/E54086A_000007/1.1.csv,1.1,9e648085116b93f93f6b1b1bebe2cfb01993c4f41102fde53e6ce8e368064eca,2026-09-28T10:43:46.907221+00:00,https://www.gobiernodecanarias.org/istac/aviso_legal.html,distinct_persons,phase6-v1,2018,fuerteventura,island,PEDIATRIA_AP,Servicio Pediatría AP; edad individual no publicada,distinct_persons,DOMICILIO,17.0,persons,OBSERVED,siap_original_service_v1,2018
https://datos.canarias.es/api/estadisticas/statistical-resources/v1.0/datasets/ISTAC/E54086A_000007/1.1.csv,1.1,9e648085116b93f93f6b1b1bebe2cfb01993c4f41102fde53e6ce8e368064eca,2026-09-28T10:43:46.907221+00:00,https://www.gobiernodecanarias.org/istac/aviso_legal.html,distinct_persons,phase6-v1,2018,fuerteventura,island,PEDIATRIA_AP,Servicio Pediatría AP; edad individual no publicada,distinct_persons,TELECONSULTA,,persons,NOT_AVAILABLE,siap_original_service_v1,2018
https://datos.canarias.es/api/estadisticas/statistical-resources/v1.0/datasets/ISTAC/E54086A_000007/1.1.csv,1.1,9e648085116b93f93f6b1b1bebe2cfb01993c4f41102fde53e6ce8e368064eca,2026-09-28T10:43:46.907221+00:00,https://www.gobiernodecanarias.org/istac/aviso_legal.html,distinct_persons,phase6-v1,2018,fuerteventura,island,PEDIATRIA_AP,Servicio Pediatría AP; edad individual no publicada,distinct_persons,_T,14193.0,persons,OBSERVED,siap_original_service_v1,2018
https://datos.canarias.es/api/estadisticas/statistical-resources/v1.0/datasets/ISTAC/E54086A_000007/1.1.csv,1.1,9e648085116b93f93f6b1b1bebe2cfb01993c4f41102fde53e6ce8e368064eca,2026-09-28T10:43:46.907221+00:00,https://www.gobiernodecanarias.org/istac/aviso_legal.html,distinct_persons,phase6-v1,2018,fuerteventura,island,PEDIATRIA_AP,Servicio Pediatría AP; edad individual no publicada,distinct_persons,CENTRO,14176.0,persons,OBSERVED,siap_original_service_v1,2018
https://datos.canarias.es/api/estadisticas/statistical-resources/v1.0/datasets/ISTAC/E54086A_000007/1.1.csv,1.1,9e648085116b93f93f6b1b1bebe2cfb01993c4f41102fde53e6ce8e368064eca,2026-09-28T10:43:46.907221+00:00,https://www.gobiernodecanarias.org/istac/aviso_legal.html,distinct_persons,phase6-v1,2018,gran-canaria,island,PEDIATRIA_AP,Servicio Pediatría AP; edad individual no publicada,distinct_persons,DOMICILIO,114.0,persons,OBSERVED,siap_original_service_v1,2018
https://datos.canarias.es/api/estadisticas/statistical-resources/v1.0/datasets/ISTAC/E54086A_000007/1.1.csv,1.1,9e648085116b93f93f6b1b1bebe2cfb01993c4f41102fde53e6ce8e368064eca,2026-09-28T10:43:46.907221+00:00,https://www.gobiernodecanarias.org/istac/aviso_legal.html,distinct_persons,phase6-v1,2018,gran-canaria,island,PEDIATRIA_AP,Servicio Pediatría AP; edad individual no publicada,distinct_persons,TELECONSULTA,,persons,NOT_AVAILABLE,siap_original_service_v1,2018
https://datos.canarias.es/api/estadisticas/statistical-resources/v1.0/datasets/ISTAC/E54086A_000007/1.1.csv,1.1,9e648085116b93f93f6b1b1bebe2cfb01993c4f41102fde53e6ce8e368064eca,2026-09-28T10:43:46.907221+00:00,https://www.gobiernodecanarias.org/istac/aviso_legal.html,distinct_persons,phase6-v1,2018,gran-canaria,island,PEDIATRIA_AP,Servicio Pediatría AP; edad individual no publicada,distinct_persons,_T,86815.0,persons,OBSERVED,siap_original_service_v1,2018
https://datos.canarias.es/api/estadisticas/statistical-resources/v1.0/datasets/ISTAC/E54086A_000007/1.1.csv,1.1,9e648085116b93f93f6b1b1bebe2cfb01993c4f41102fde53e6ce8e368064eca,2026-09-28T10:43:46.907221+00:00,https://www.gobiernodecanarias.org/istac/aviso_legal.html,distinct_persons,phase6-v1,2018,gran-canaria,island,PEDIATRIA_AP,Servicio Pediatría AP; edad individual no publicada,distinct_persons,CENTRO,86701.0,persons,OBSERVED,siap_original_service_v1,2018
https://datos.canarias.es/api/estadisticas/statistical-resources/v1.0/datasets/ISTAC/E54086A_000007/1.1.csv,1.1,9e648085116b93f93f6b1b1bebe2cfb01993c4f41102fde53e6ce8e368064eca,2026-09-28T10:43:46.907221+00:00,https://www.gobiernodecanarias.org/istac/aviso_legal.html,distinct_persons,phase6-v1,2018,tenerife,island,PEDIATRIA_AP,Servicio Pediatría AP; edad individual no publicada,distinct_persons,DOMICILIO,120.0,persons,OBSERVED,siap_original_service_v1,2018
https://datos.canarias.es/api/estadisticas/statistical-resources/v1.0/datasets/ISTAC/E54086A_000007/1.1.csv,1.1,9e648085116b93f93f6b1b1bebe2cfb01993c4f41102fde53e6ce8e368064eca,2026-09-28T10:43:46.907221+00:00,https://www.gobiernodecanarias.org/istac/aviso_legal.html,distinct_persons,phase6-v1,2018,tenerife,island,PEDIATRIA_AP,Servicio Pediatría AP; edad individual no publicada,distinct_persons,TELECONSULTA,,persons,NOT_AVAILABLE,siap_original_service_v1,2018
https://datos.canarias.es/api/estadisticas/statistical-resources/v1.0/datasets/ISTAC/E54086A_000007/1.1.csv,1.1,9e648085116b93f93f6b1b1bebe2cfb01993c4f41102fde53e6ce8e368064eca,2026-09-28T10:43:46.907221+00:00,https://www.gobiernodecanarias.org/istac/aviso_legal.html,distinct_persons,phase6-v1,2018,tenerife,island,PEDIATRIA_AP,Servicio Pediatría AP; edad individual no publicada,distinct_persons,_T,104915.0,persons,OBSERVED,siap_original_service_v1,2018
https://datos.canarias.es/api/estadisticas/statistical-resources/v1.0/datasets/ISTAC/E54086A_000007/1.1.csv,1.1,9e648085116b93f93f6b1b1bebe2cfb01993c4f41102fde53e6ce8e368064eca,2026-09-28T10:43:46.907221+00:00,https://www.gobiernodecanarias.org/istac/aviso_legal.html,distinct_persons,phase6-v1,2018,tenerife,island,PEDIATRIA_AP,Servicio Pediatría AP; edad individual no publicada,distinct_persons,CENTRO,104795.0,persons,OBSERVED,siap_original_service_v1,2018
https://datos.canarias.es/api/estadisticas/statistical-resources/v1.0/datasets/ISTAC/E54086A_000007/1.1.csv,1.1,9e648085116b93f93f6b1b1bebe2cfb01993c4f41102fde53e6ce8e368064eca,2026-09-28T10:43:46.907221+00:00,https://www.gobiernodecanarias.org/istac/aviso_legal.html,distinct_persons,phase6-v1,2018,la-gomera,island,PEDIATRIA_AP,Servicio Pediatría AP; edad individual no publicada,distinct_persons,DOMICILIO,1.0,persons,OBSERVED,siap_original_service_v1,2018
https://datos.canarias.es/api/estadisticas/statistical-resources/v1.0/datasets/ISTAC/E54086A_000007/1.1.csv,1.1,9e648085116b93f93f6b1b1bebe2cfb01993c4f41102fde53e6ce8e368064eca,2026-09-28T10:43:46.907221+00:00,https://www.gobiernodecanarias.org/istac/aviso_legal.html,distinct_persons,phase6-v1,2018,la-gomera,island,PEDIATRIA_AP,Servicio Pediatría AP; edad individual no publicada,distinct_persons,TELECONSULTA,,persons,NOT_AVAILABLE,siap_original_service_v1,2018
https://datos.canarias.es/api/estadisticas/statistical-resources/v1.0/datasets/ISTAC/E54086A_000007/1.1.csv,1.1,9e648085116b93f93f6b1b1bebe2cfb01993c4f41102fde53e6ce8e368064eca,2026-09-28T10:43:46.907221+00:00,https://www.gobiernodecanarias.org/istac/aviso_legal.html,distinct_persons,phase6-v1,2018,la-gomera,island,PEDIATRIA_AP,Servicio Pediatría AP; edad individual no publicada,distinct_persons,_T,1057.0,persons,OBSERVED,siap_original_service_v1,2018
https://datos.canarias.es/api/estadisticas/statistical-resources/v1.0/datasets/ISTAC/E54086A_000007/1.1.csv,1.1,9e648085116b93f93f6b1b1bebe2cfb01993c4f41102fde53e6ce8e368064eca,2026-09-28T10:43:46.907221+00:00,https://www.gobiernodecanarias.org/istac/aviso_legal.html,distinct_persons,phase6-v1,2018,la-gomera,island,PEDIATRIA_AP,Servicio Pediatría AP; edad individual no publicada,distinct_persons,CENTRO,1056.0,persons,OBSERVED,siap_original_service_v1,2018
https://datos.canarias.es/api/estadisticas/statistical-resources/v1.0/datasets/ISTAC/E54086A_000007/1.1.csv,1.1,9e648085116b93f93f6b1b1bebe2cfb01993c4f41102fde53e6ce8e368064eca,2026-09-28T10:43:46.907221+00:00,https://www.gobiernodecanarias.org/istac/aviso_legal.html,distinct_persons,phase6-v1,2018,la-palma,island,PEDIATRIA_AP,Servicio Pediatría AP; edad individual no publicada,distinct_persons,DOMICILIO,6.0,persons,OBSERVED,siap_original_service_v1,2018
https://datos.canarias.es/api/estadisticas/statistical-resources/v1.0/datasets/ISTAC/E54086A_000007/1.1.csv,1.1,9e648085116b93f93f6b1b1bebe2cfb01993c4f41102fde53e6ce8e368064eca,2026-09-28T10:43:46.907221+00:00,https://www.gobiernodecanarias.org/istac/aviso_legal.html,distinct_persons,phase6-v1,2018,la-palma,island,PEDIATRIA_AP,Servicio Pediatría AP; edad individual no publicada,distinct_persons,TELECONSULTA,,persons,NOT_AVAILABLE,siap_original_service_v1,2018
https://datos.canarias.es/api/estadisticas/statistical-resources/v1.0/datasets/ISTAC/E54086A_000007/1.1.csv,1.1,9e648085116b93f93f6b1b1bebe2cfb01993c4f41102fde53e6ce8e368064eca,2026-09-28T10:43:46.907221+00:00,https://www.gobiernodecanarias.org/istac/aviso_legal.html,distinct_persons,phase6-v1,2018,la-palma,island,PEDIATRIA_AP,Servicio Pediatría AP; edad individual no publicada,distinct_persons,_T,8823.0,persons,OBSERVED,siap_original_service_v1,2018
https://datos.canarias.es/api/estadisticas/statistical-resources/v1.0/datasets/ISTAC/E54086A_000007/1.1.csv,1.1,9e648085116b93f93f6b1b1bebe2cfb01993c4f41102fde53e6ce8e368064eca,2026-09-28T10:43:46.907221+00:00,https://www.gobiernodecanarias.org/istac/aviso_legal.html,distinct_persons,phase6-v1,2018,la-palma,island,PEDIATRIA_AP,Servicio Pediatría AP; edad individual no publicada,distinct_persons,CENTRO,8817.0,persons,OBSERVED,siap_original_service_v1,2018
https://datos.canarias.es/api/estadisticas/statistical-resources/v1.0/datasets/ISTAC/E54086A_000007/1.1.csv,1.1,9e648085116b93f93f6b1b1bebe2cfb01993c4f41102fde53e6ce8e368064eca,2026-09-28T10:43:46.907221+00:00,https://www.gobiernodecanarias.org/istac/aviso_legal.html,distinct_persons,phase6-v1,2018,el-hierro,island,PEDIATRIA_AP,Servicio Pediatría AP; edad individual no publicada,distinct_persons,DOMICILIO,3.0,persons,OBSERVED,siap_original_service_v1,2018
https://datos.canarias.es/api/estadisticas/statistical-resources/v1.0/datasets/ISTAC/E54086A_000007/1.1.csv,1.1,9e648085116b93f93f6b1b1bebe2cfb01993c4f41102fde53e6ce8e368064eca,2026-09-28T10:43:46.907221+00:00,https://www.gobiernodecanarias.org/istac/aviso_legal.html,distinct_persons,phase6-v1,2018,el-hierro,island,PEDIATRIA_AP,Servicio Pediatría AP; edad individual no publicada,distinct_persons,TELECONSULTA,,persons,NOT_AVAILABLE,siap_original_service_v1,2018
https://datos.canarias.es/api/estadisticas/statistical-resources/v1.0/datasets/ISTAC/E54086A_000007/1.1.csv,1.1,9e648085116b93f93f6b1b1bebe2cfb01993c4f41102fde53e6ce8e368064eca,2026-09-28T10:43:46.907221+00:00,https://www.gobiernodecanarias.org/istac/aviso_legal.html,distinct_persons,phase6-v1,2018,el-hierro,island,PEDIATRIA_AP,Servicio Pediatría AP; edad individual no publicada,distinct_persons,_T,1228.0,persons,OBSERVED,siap_original_service_v1,2018
https://datos.canarias.es/api/estadisticas/statistical-resources/v1.0/datasets/ISTAC/E54086A_000007/1.1.csv,1.1,9e648085116b93f93f6b1b1bebe2cfb01993c4f41102fde53e6ce8e368064eca,2026-09-28T10:43:46.907221+00:00,https://www.gobiernodecanarias.org/istac/aviso_legal.html,distinct_persons,phase6-v1,2018,el-hierro,island,PEDIATRIA_AP,Servicio Pediatría AP; edad individual no publicada,distinct_persons,CENTRO,1225.0,persons,OBSERVED,siap_original_service_v1,2018
https://datos.canarias.es/api/estadisticas/statistical-resources/v1.0/datasets/ISTAC/E54086A_000007/1.1.csv,1.1,9e648085116b93f93f6b1b1bebe2cfb01993c4f41102fde53e6ce8e368064eca,2026-09-28T10:43:46.907221+00:00,https://www.gobiernodecanarias.org/istac/aviso_legal.html,distinct_persons,phase6-v1,2019,lanzarote,island,PEDIATRIA_AP,Servicio Pediatría AP; edad individual no publicada,distinct_persons,DOMICILIO,13.0,persons,OBSERVED,siap_original_service_v1,2019
https://datos.canarias.es/api/estadisticas/statistical-resources/v1.0/datasets/ISTAC/E54086A_000007/1.1.csv,1.1,9e648085116b93f93f6b1b1bebe2cfb01993c4f41102fde53e6ce8e368064eca,2026-09-28T10:43:46.907221+00:00,https://www.gobiernodecanarias.org/istac/aviso_legal.html,distinct_persons,phase6-v1,2019,lanzarote,island,PEDIATRIA_AP,Servicio Pediatría AP; edad individual no publicada,distinct_persons,TELECONSULTA,946.0,persons,OBSERVED,siap_original_service_v1,2019
https://datos.canarias.es/api/estadisticas/statistical-resources/v1.0/datasets/ISTAC/E54086A_000007/1.1.csv,1.1,9e648085116b93f93f6b1b1bebe2cfb01993c4f41102fde53e6ce8e368064eca,2026-09-28T10:43:46.907221+00:00,https://www.gobiernodecanarias.org/istac/aviso_legal.html,distinct_persons,phase6-v1,2019,lanzarote,island,PEDIATRIA_AP,Servicio Pediatría AP; edad individual no publicada,distinct_persons,_T,21761.0,persons,OBSERVED,siap_original_service_v1,2019
https://datos.canarias.es/api/estadisticas/statistical-resources/v1.0/datasets/ISTAC/E54086A_000007/1.1.csv,1.1,9e648085116b93f93f6b1b1bebe2cfb01993c4f41102fde53e6ce8e368064eca,2026-09-28T10:43:46.907221+00:00,https://www.gobiernodecanarias.org/istac/aviso_legal.html,distinct_persons,phase6-v1,2019,lanzarote,island,PEDIATRIA_AP,Servicio Pediatría AP; edad individual no publicada,distinct_persons,CENTRO,20802.0,persons,OBSERVED,siap_original_service_v1,2019
https://datos.canarias.es/api/estadisticas/statistical-resources/v1.0/datasets/ISTAC/E54086A_000007/1.1.csv,1.1,9e648085116b93f93f6b1b1bebe2cfb01993c4f41102fde53e6ce8e368064eca,2026-09-28T10:43:46.907221+00:00,https://www.gobiernodecanarias.org/istac/aviso_legal.html,distinct_persons,phase6-v1,2019,fuerteventura,island,PEDIATRIA_AP,Servicio Pediatría AP; edad individual no publicada,distinct_persons,DOMICILIO,17.0,persons,OBSERVED,siap_original_service_v1,2019
https://datos.canarias.es/api/estadisticas/statistical-resources/v1.0/datasets/ISTAC/E54086A_000007/1.1.csv,1.1,9e648085116b93f93f6b1b1bebe2cfb01993c4f41102fde53e6ce8e368064eca,2026-09-28T10:43:46.907221+00:00,https://www.gobiernodecanarias.org/istac/aviso_legal.html,distinct_persons,phase6-v1,2019,fuerteventura,island,PEDIATRIA_AP,Servicio Pediatría AP; edad individual no publicada,distinct_persons,TELECONSULTA,695.0,persons,OBSERVED,siap_original_service_v1,2019
https://datos.canarias.es/api/estadisticas/statistical-resources/v1.0/datasets/ISTAC/E54086A_000007/1.1.csv,1.1,9e648085116b93f93f6b1b1bebe2cfb01993c4f41102fde53e6ce8e368064eca,2026-09-28T10:43:46.907221+00:00,https://www.gobiernodecanarias.org/istac/aviso_legal.html,distinct_persons,phase6-v1,2019,fuerteventura,island,PEDIATRIA_AP,Servicio Pediatría AP; edad individual no publicada,distinct_persons,_T,14834.0,persons,OBSERVED,siap_original_service_v1,2019
https://datos.canarias.es/api/estadisticas/statistical-resources/v1.0/datasets/ISTAC/E54086A_000007/1.1.csv,1.1,9e648085116b93f93f6b1b1bebe2cfb01993c4f41102fde53e6ce8e368064eca,2026-09-28T10:43:46.907221+00:00,https://www.gobiernodecanarias.org/istac/aviso_legal.html,distinct_persons,phase6-v1,2019,fuerteventura,island,PEDIATRIA_AP,Servicio Pediatría AP; edad individual no publicada,distinct_persons,CENTRO,14122.0,persons,OBSERVED,siap_original_service_v1,2019
https://datos.canarias.es/api/estadisticas/statistical-resources/v1.0/datasets/ISTAC/E54086A_000007/1.1.csv,1.1,9e648085116b93f93f6b1b1bebe2cfb01993c4f41102fde53e6ce8e368064eca,2026-09-28T10:43:46.907221+00:00,https://www.gobiernodecanarias.org/istac/aviso_legal.html,distinct_persons,phase6-v1,2019,gran-canaria,island,PEDIATRIA_AP,Servicio Pediatría AP; edad individual no publicada,distinct_persons,DOMICILIO,103.0,persons,OBSERVED,siap_original_service_v1,2019
https://datos.canarias.es/api/estadisticas/statistical-resources/v1.0/datasets/ISTAC/E54086A_000007/1.1.csv,1.1,9e648085116b93f93f6b1b1bebe2cfb01993c4f41102fde53e6ce8e368064eca,2026-09-28T10:43:46.907221+00:00,https://www.gobiernodecanarias.org/istac/aviso_legal.html,distinct_persons,phase6-v1,2019,gran-canaria,island,PEDIATRIA_AP,Servicio Pediatría AP; edad individual no publicada,distinct_persons,TELECONSULTA,12320.0,persons,OBSERVED,siap_original_service_v1,2019
https://datos.canarias.es/api/estadisticas/statistical-resources/v1.0/datasets/ISTAC/E54086A_000007/1.1.csv,1.1,9e648085116b93f93f6b1b1bebe2cfb01993c4f41102fde53e6ce8e368064eca,2026-09-28T10:43:46.907221+00:00,https://www.gobiernodecanarias.org/istac/aviso_legal.html,distinct_persons,phase6-v1,2019,gran-canaria,island,PEDIATRIA_AP,Servicio Pediatría AP; edad individual no publicada,distinct_persons,_T,96461.0,persons,OBSERVED,siap_original_service_v1,2019
https://datos.canarias.es/api/estadisticas/statistical-resources/v1.0/datasets/ISTAC/E54086A_000007/1.1.csv,1.1,9e648085116b93f93f6b1b1bebe2cfb01993c4f41102fde53e6ce8e368064eca,2026-09-28T10:43:46.907221+00:00,https://www.gobiernodecanarias.org/istac/aviso_legal.html,distinct_persons,phase6-v1,2019,gran-canaria,island,PEDIATRIA_AP,Servicio Pediatría AP; edad individual no publicada,distinct_persons,CENTRO,84038.0,persons,OBSERVED,siap_original_service_v1,2019
https://datos.canarias.es/api/estadisticas/statistical-resources/v1.0/datasets/ISTAC/E54086A_000007/1.1.csv,1.1,9e648085116b93f93f6b1b1bebe2cfb01993c4f41102fde53e6ce8e368064eca,2026-09-28T10:43:46.907221+00:00,https://www.gobiernodecanarias.org/istac/aviso_legal.html,distinct_persons,phase6-v1,2019,tenerife,island,PEDIATRIA_AP,Servicio Pediatría AP; edad individual no publicada,distinct_persons,DOMICILIO,111.0,persons,OBSERVED,siap_original_service_v1,2019
https://datos.canarias.es/api/estadisticas/statistical-resources/v1.0/datasets/ISTAC/E54086A_000007/1.1.csv,1.1,9e648085116b93f93f6b1b1bebe2cfb01993c4f41102fde53e6ce8e368064eca,2026-09-28T10:43:46.907221+00:00,https://www.gobiernodecanarias.org/istac/aviso_legal.html,distinct_persons,phase6-v1,2019,tenerife,island,PEDIATRIA_AP,Servicio Pediatría AP; edad individual no publicada,distinct_persons,TELECONSULTA,12797.0,persons,OBSERVED,siap_original_service_v1,2019
https://datos.canarias.es/api/estadisticas/statistical-resources/v1.0/datasets/ISTAC/E54086A_000007/1.1.csv,1.1,9e648085116b93f93f6b1b1bebe2cfb01993c4f41102fde53e6ce8e368064eca,2026-09-28T10:43:46.907221+00:00,https://www.gobiernodecanarias.org/istac/aviso_legal.html,distinct_persons,phase6-v1,2019,tenerife,island,PEDIATRIA_AP,Servicio Pediatría AP; edad individual no publicada,distinct_persons,_T,116807.0,persons,OBSERVED,siap_original_service_v1,2019
https://datos.canarias.es/api/estadisticas/statistical-resources/v1.0/datasets/ISTAC/E54086A_000007/1.1.csv,1.1,9e648085116b93f93f6b1b1bebe2cfb01993c4f41102fde53e6ce8e368064eca,2026-09-28T10:43:46.907221+00:00,https://www.gobiernodecanarias.org/istac/aviso_legal.html,distinct_persons,phase6-v1,2019,tenerife,island,PEDIATRIA_AP,Servicio Pediatría AP; edad individual no publicada,distinct_persons,CENTRO,103899.0,persons,OBSERVED,siap_original_service_v1,2019
https://datos.canarias.es/api/estadisticas/statistical-resources/v1.0/datasets/ISTAC/E54086A_000007/1.1.csv,1.1,9e648085116b93f93f6b1b1bebe2cfb01993c4f41102fde53e6ce8e368064eca,2026-09-28T10:43:46.907221+00:00,https://www.gobiernodecanarias.org/istac/aviso_legal.html,distinct_persons,phase6-v1,2019,la-gomera,island,PEDIATRIA_AP,Servicio Pediatría AP; edad individual no publicada,distinct_persons,DOMICILIO,2.0,persons,OBSERVED,siap_original_service_v1,2019
https://datos.canarias.es/api/estadisticas/statistical-resources/v1.0/datasets/ISTAC/E54086A_000007/1.1.csv,1.1,9e648085116b93f93f6b1b1bebe2cfb01993c4f41102fde53e6ce8e368064eca,2026-09-28T10:43:46.907221+00:00,https://www.gobiernodecanarias.org/istac/aviso_legal.html,distinct_persons,phase6-v1,2019,la-gomera,island,PEDIATRIA_AP,Servicio Pediatría AP; edad individual no publicada,distinct_persons,TELECONSULTA,106.0,persons,OBSERVED,siap_original_service_v1,2019
https://datos.canarias.es/api/estadisticas/statistical-resources/v1.0/datasets/ISTAC/E54086A_000007/1.1.csv,1.1,9e648085116b93f93f6b1b1bebe2cfb01993c4f41102fde53e6ce8e368064eca,2026-09-28T10:43:46.907221+00:00,https://www.gobiernodecanarias.org/istac/aviso_legal.html,distinct_persons,phase6-v1,2019,la-gomera,island,PEDIATRIA_AP,Servicio Pediatría AP; edad individual no publicada,distinct_persons,_T,1197.0,persons,OBSERVED,siap_original_service_v1,2019
https://datos.canarias.es/api/estadisticas/statistical-resources/v1.0/datasets/ISTAC/E54086A_000007/1.1.csv,1.1,9e648085116b93f93f6b1b1bebe2cfb01993c4f41102fde53e6ce8e368064eca,2026-09-28T10:43:46.907221+00:00,https://www.gobiernodecanarias.org/istac/aviso_legal.html,distinct_persons,phase6-v1,2019,la-gomera,island,PEDIATRIA_AP,Servicio Pediatría AP; edad individual no publicada,distinct_persons,CENTRO,1089.0,persons,OBSERVED,siap_original_service_v1,2019
https://datos.canarias.es/api/estadisticas/statistical-resources/v1.0/datasets/ISTAC/E54086A_000007/1.1.csv,1.1,9e648085116b93f93f6b1b1bebe2cfb01993c4f41102fde53e6ce8e368064eca,2026-09-28T10:43:46.907221+00:00,https://www.gobiernodecanarias.org/istac/aviso_legal.html,distinct_persons,phase6-v1,2019,la-palma,island,PEDIATRIA_AP,Servicio Pediatría AP; edad individual no publicada,distinct_persons,DOMICILIO,7.0,persons,OBSERVED,siap_original_service_v1,2019
https://datos.canarias.es/api/estadisticas/statistical-resources/v1.0/datasets/ISTAC/E54086A_000007/1.1.csv,1.1,9e648085116b93f93f6b1b1bebe2cfb01993c4f41102fde53e6ce8e368064eca,2026-09-28T10:43:46.907221+00:00,https://www.gobiernodecanarias.org/istac/aviso_legal.html,distinct_persons,phase6-v1,2019,la-palma,island,PEDIATRIA_AP,Servicio Pediatría AP; edad individual no publicada,distinct_persons,TELECONSULTA,947.0,persons,OBSERVED,siap_original_service_v1,2019
https://datos.canarias.es/api/estadisticas/statistical-resources/v1.0/datasets/ISTAC/E54086A_000007/1.1.csv,1.1,9e648085116b93f93f6b1b1bebe2cfb01993c4f41102fde53e6ce8e368064eca,2026-09-28T10:43:46.907221+00:00,https://www.gobiernodecanarias.org/istac/aviso_legal.html,distinct_persons,phase6-v1,2019,la-palma,island,PEDIATRIA_AP,Servicio Pediatría AP; edad individual no publicada,distinct_persons,_T,9645.0,persons,OBSERVED,siap_original_service_v1,2019
https://datos.canarias.es/api/estadisticas/statistical-resources/v1.0/datasets/ISTAC/E54086A_000007/1.1.csv,1.1,9e648085116b93f93f6b1b1bebe2cfb01993c4f41102fde53e6ce8e368064eca,2026-09-28T10:43:46.907221+00:00,https://www.gobiernodecanarias.org/istac/aviso_legal.html,distinct_persons,phase6-v1,2019,la-palma,island,PEDIATRIA_AP,Servicio Pediatría AP; edad individual no publicada,distinct_persons,CENTRO,8691.0,persons,OBSERVED,siap_original_service_v1,2019
https://datos.canarias.es/api/estadisticas/statistical-resources/v1.0/datasets/ISTAC/E54086A_000007/1.1.csv,1.1,9e648085116b93f93f6b1b1bebe2cfb01993c4f41102fde53e6ce8e368064eca,2026-09-28T10:43:46.907221+00:00,https://www.gobiernodecanarias.org/istac/aviso_legal.html,distinct_persons,phase6-v1,2019,el-hierro,island,PEDIATRIA_AP,Servicio Pediatría AP; edad individual no publicada,distinct_persons,DOMICILIO,0.0,persons,OBSERVED,siap_original_service_v1,2019
https://datos.canarias.es/api/estadisticas/statistical-resources/v1.0/datasets/ISTAC/E54086A_000007/1.1.csv,1.1,9e648085116b93f93f6b1b1bebe2cfb01993c4f41102fde53e6ce8e368064eca,2026-09-28T10:43:46.907221+00:00,https://www.gobiernodecanarias.org/istac/aviso_legal.html,distinct_persons,phase6-v1,2019,el-hierro,island,PEDIATRIA_AP,Servicio Pediatría AP; edad individual no publicada,distinct_persons,TELECONSULTA,136.0,persons,OBSERVED,siap_original_service_v1,2019
https://datos.canarias.es/api/estadisticas/statistical-resources/v1.0/datasets/ISTAC/E54086A_000007/1.1.csv,1.1,9e648085116b93f93f6b1b1bebe2cfb01993c4f41102fde53e6ce8e368064eca,2026-09-28T10:43:46.907221+00:00,https://www.gobiernodecanarias.org/istac/aviso_legal.html,distinct_persons,phase6-v1,2019,el-hierro,island,PEDIATRIA_AP,Servicio Pediatría AP; edad individual no publicada,distinct_persons,_T,1345.0,persons,OBSERVED,siap_original_service_v1,2019
https://datos.canarias.es/api/estadisticas/statistical-resources/v1.0/datasets/ISTAC/E54086A_000007/1.1.csv,1.1,9e648085116b93f93f6b1b1bebe2cfb01993c4f41102fde53e6ce8e368064eca,2026-09-28T10:43:46.907221+00:00,https://www.gobiernodecanarias.org/istac/aviso_legal.html,distinct_persons,phase6-v1,2019,el-hierro,island,PEDIATRIA_AP,Servicio Pediatría AP; edad individual no publicada,distinct_persons,CENTRO,1209.0,persons,OBSERVED,siap_original_service_v1,2019
https://datos.canarias.es/api/estadisticas/statistical-resources/v1.0/datasets/ISTAC/E54086A_000007/1.1.csv,1.1,9e648085116b93f93f6b1b1bebe2cfb01993c4f41102fde53e6ce8e368064eca,2026-09-28T10:43:46.907221+00:00,https://www.gobiernodecanarias.org/istac/aviso_legal.html,distinct_persons,phase6-v1,2020,lanzarote,island,PEDIATRIA_AP,Servicio Pediatría AP; edad individual no publicada,distinct_persons,DOMICILIO,7.0,persons,OBSERVED,siap_original_service_v1,2020
https://datos.canarias.es/api/estadisticas/statistical-resources/v1.0/datasets/ISTAC/E54086A_000007/1.1.csv,1.1,9e648085116b93f93f6b1b1bebe2cfb01993c4f41102fde53e6ce8e368064eca,2026-09-28T10:43:46.907221+00:00,https://www.gobiernodecanarias.org/istac/aviso_legal.html,distinct_persons,phase6-v1,2020,lanzarote,island,PEDIATRIA_AP,Servicio Pediatría AP; edad individual no publicada,distinct_persons,TELECONSULTA,9376.0,persons,OBSERVED,siap_original_service_v1,2020
https://datos.canarias.es/api/estadisticas/statistical-resources/v1.0/datasets/ISTAC/E54086A_000007/1.1.csv,1.1,9e648085116b93f93f6b1b1bebe2cfb01993c4f41102fde53e6ce8e368064eca,2026-09-28T10:43:46.907221+00:00,https://www.gobiernodecanarias.org/istac/aviso_legal.html,distinct_persons,phase6-v1,2020,lanzarote,island,PEDIATRIA_AP,Servicio Pediatría AP; edad individual no publicada,distinct_persons,_T,27193.0,persons,OBSERVED,siap_original_service_v1,2020
https://datos.canarias.es/api/estadisticas/statistical-resources/v1.0/datasets/ISTAC/E54086A_000007/1.1.csv,1.1,9e648085116b93f93f6b1b1bebe2cfb01993c4f41102fde53e6ce8e368064eca,2026-09-28T10:43:46.907221+00:00,https://www.gobiernodecanarias.org/istac/aviso_legal.html,distinct_persons,phase6-v1,2020,lanzarote,island,PEDIATRIA_AP,Servicio Pediatría AP; edad individual no publicada,distinct_persons,CENTRO,17810.0,persons,OBSERVED,siap_original_service_v1,2020
https://datos.canarias.es/api/estadisticas/statistical-resources/v1.0/datasets/ISTAC/E54086A_000007/1.1.csv,1.1,9e648085116b93f93f6b1b1bebe2cfb01993c4f41102fde53e6ce8e368064eca,2026-09-28T10:43:46.907221+00:00,https://www.gobiernodecanarias.org/istac/aviso_legal.html,distinct_persons,phase6-v1,2020,fuerteventura,island,PEDIATRIA_AP,Servicio Pediatría AP; edad individual no publicada,distinct_persons,DOMICILIO,7.0,persons,OBSERVED,siap_original_service_v1,2020
https://datos.canarias.es/api/estadisticas/statistical-resources/v1.0/datasets/ISTAC/E54086A_000007/1.1.csv,1.1,9e648085116b93f93f6b1b1bebe2cfb01993c4f41102fde53e6ce8e368064eca,2026-09-28T10:43:46.907221+00:00,https://www.gobiernodecanarias.org/istac/aviso_legal.html,distinct_persons,phase6-v1,2020,fuerteventura,island,PEDIATRIA_AP,Servicio Pediatría AP; edad individual no publicada,distinct_persons,TELECONSULTA,6914.0,persons,OBSERVED,siap_original_service_v1,2020
https://datos.canarias.es/api/estadisticas/statistical-resources/v1.0/datasets/ISTAC/E54086A_000007/1.1.csv,1.1,9e648085116b93f93f6b1b1bebe2cfb01993c4f41102fde53e6ce8e368064eca,2026-09-28T10:43:46.907221+00:00,https://www.gobiernodecanarias.org/istac/aviso_legal.html,distinct_persons,phase6-v1,2020,fuerteventura,island,PEDIATRIA_AP,Servicio Pediatría AP; edad individual no publicada,distinct_persons,_T,19722.0,persons,OBSERVED,siap_original_service_v1,2020
https://datos.canarias.es/api/estadisticas/statistical-resources/v1.0/datasets/ISTAC/E54086A_000007/1.1.csv,1.1,9e648085116b93f93f6b1b1bebe2cfb01993c4f41102fde53e6ce8e368064eca,2026-09-28T10:43:46.907221+00:00,https://www.gobiernodecanarias.org/istac/aviso_legal.html,distinct_persons,phase6-v1,2020,fuerteventura,island,PEDIATRIA_AP,Servicio Pediatría AP; edad individual no publicada,distinct_persons,CENTRO,12801.0,persons,OBSERVED,siap_original_service_v1,2020
https://datos.canarias.es/api/estadisticas/statistical-resources/v1.0/datasets/ISTAC/E54086A_000007/1.1.csv,1.1,9e648085116b93f93f6b1b1bebe2cfb01993c4f41102fde53e6ce8e368064eca,2026-09-28T10:43:46.907221+00:00,https://www.gobiernodecanarias.org/istac/aviso_legal.html,distinct_persons,phase6-v1,2020,gran-canaria,island,PEDIATRIA_AP,Servicio Pediatría AP; edad individual no publicada,distinct_persons,DOMICILIO,142.0,persons,OBSERVED,siap_original_service_v1,2020
https://datos.canarias.es/api/estadisticas/statistical-resources/v1.0/datasets/ISTAC/E54086A_000007/1.1.csv,1.1,9e648085116b93f93f6b1b1bebe2cfb01993c4f41102fde53e6ce8e368064eca,2026-09-28T10:43:46.907221+00:00,https://www.gobiernodecanarias.org/istac/aviso_legal.html,distinct_persons,phase6-v1,2020,gran-canaria,island,PEDIATRIA_AP,Servicio Pediatría AP; edad individual no publicada,distinct_persons,TELECONSULTA,57389.0,persons,OBSERVED,siap_original_service_v1,2020
https://datos.canarias.es/api/estadisticas/statistical-resources/v1.0/datasets/ISTAC/E54086A_000007/1.1.csv,1.1,9e648085116b93f93f6b1b1bebe2cfb01993c4f41102fde53e6ce8e368064eca,2026-09-28T10:43:46.907221+00:00,https://www.gobiernodecanarias.org/istac/aviso_legal.html,distinct_persons,phase6-v1,2020,gran-canaria,island,PEDIATRIA_AP,Servicio Pediatría AP; edad individual no publicada,distinct_persons,_T,130683.0,persons,OBSERVED,siap_original_service_v1,2020
https://datos.canarias.es/api/estadisticas/statistical-resources/v1.0/datasets/ISTAC/E54086A_000007/1.1.csv,1.1,9e648085116b93f93f6b1b1bebe2cfb01993c4f41102fde53e6ce8e368064eca,2026-09-28T10:43:46.907221+00:00,https://www.gobiernodecanarias.org/istac/aviso_legal.html,distinct_persons,phase6-v1,2020,gran-canaria,island,PEDIATRIA_AP,Servicio Pediatría AP; edad individual no publicada,distinct_persons,CENTRO,73152.0,persons,OBSERVED,siap_original_service_v1,2020
https://datos.canarias.es/api/estadisticas/statistical-resources/v1.0/datasets/ISTAC/E54086A_000007/1.1.csv,1.1,9e648085116b93f93f6b1b1bebe2cfb01993c4f41102fde53e6ce8e368064eca,2026-09-28T10:43:46.907221+00:00,https://www.gobiernodecanarias.org/istac/aviso_legal.html,distinct_persons,phase6-v1,2020,tenerife,island,PEDIATRIA_AP,Servicio Pediatría AP; edad individual no publicada,distinct_persons,DOMICILIO,98.0,persons,OBSERVED,siap_original_service_v1,2020
https://datos.canarias.es/api/estadisticas/statistical-resources/v1.0/datasets/ISTAC/E54086A_000007/1.1.csv,1.1,9e648085116b93f93f6b1b1bebe2cfb01993c4f41102fde53e6ce8e368064eca,2026-09-28T10:43:46.907221+00:00,https://www.gobiernodecanarias.org/istac/aviso_legal.html,distinct_persons,phase6-v1,2020,tenerife,island,PEDIATRIA_AP,Servicio Pediatría AP; edad individual no publicada,distinct_persons,TELECONSULTA,67549.0,persons,OBSERVED,siap_original_service_v1,2020
https://datos.canarias.es/api/estadisticas/statistical-resources/v1.0/datasets/ISTAC/E54086A_000007/1.1.csv,1.1,9e648085116b93f93f6b1b1bebe2cfb01993c4f41102fde53e6ce8e368064eca,2026-09-28T10:43:46.907221+00:00,https://www.gobiernodecanarias.org/istac/aviso_legal.html,distinct_persons,phase6-v1,2020,tenerife,island,PEDIATRIA_AP,Servicio Pediatría AP; edad individual no publicada,distinct_persons,_T,159081.0,persons,OBSERVED,siap_original_service_v1,2020
https://datos.canarias.es/api/estadisticas/statistical-resources/v1.0/datasets/ISTAC/E54086A_000007/1.1.csv,1.1,9e648085116b93f93f6b1b1bebe2cfb01993c4f41102fde53e6ce8e368064eca,2026-09-28T10:43:46.907221+00:00,https://www.gobiernodecanarias.org/istac/aviso_legal.html,distinct_persons,phase6-v1,2020,tenerife,island,PEDIATRIA_AP,Servicio Pediatría AP; edad individual no publicada,distinct_persons,CENTRO,91434.0,persons,OBSERVED,siap_original_service_v1,2020
https://datos.canarias.es/api/estadisticas/statistical-resources/v1.0/datasets/ISTAC/E54086A_000007/1.1.csv,1.1,9e648085116b93f93f6b1b1bebe2cfb01993c4f41102fde53e6ce8e368064eca,2026-09-28T10:43:46.907221+00:00,https://www.gobiernodecanarias.org/istac/aviso_legal.html,distinct_persons,phase6-v1,2020,la-gomera,island,PEDIATRIA_AP,Servicio Pediatría AP; edad individual no publicada,distinct_persons,DOMICILIO,2.0,persons,OBSERVED,siap_original_service_v1,2020
https://datos.canarias.es/api/estadisticas/statistical-resources/v1.0/datasets/ISTAC/E54086A_000007/1.1.csv,1.1,9e648085116b93f93f6b1b1bebe2cfb01993c4f41102fde53e6ce8e368064eca,2026-09-28T10:43:46.907221+00:00,https://www.gobiernodecanarias.org/istac/aviso_legal.html,distinct_persons,phase6-v1,2020,la-gomera,island,PEDIATRIA_AP,Servicio Pediatría AP; edad individual no publicada,distinct_persons,TELECONSULTA,653.0,persons,OBSERVED,siap_original_service_v1,2020
https://datos.canarias.es/api/estadisticas/statistical-resources/v1.0/datasets/ISTAC/E54086A_000007/1.1.csv,1.1,9e648085116b93f93f6b1b1bebe2cfb01993c4f41102fde53e6ce8e368064eca,2026-09-28T10:43:46.907221+00:00,https://www.gobiernodecanarias.org/istac/aviso_legal.html,distinct_persons,phase6-v1,2020,la-gomera,island,PEDIATRIA_AP,Servicio Pediatría AP; edad individual no publicada,distinct_persons,_T,1607.0,persons,OBSERVED,siap_original_service_v1,2020
https://datos.canarias.es/api/estadisticas/statistical-resources/v1.0/datasets/ISTAC/E54086A_000007/1.1.csv,1.1,9e648085116b93f93f6b1b1bebe2cfb01993c4f41102fde53e6ce8e368064eca,2026-09-28T10:43:46.907221+00:00,https://www.gobiernodecanarias.org/istac/aviso_legal.html,distinct_persons,phase6-v1,2020,la-gomera,island,PEDIATRIA_AP,Servicio Pediatría AP; edad individual no publicada,distinct_persons,CENTRO,952.0,persons,OBSERVED,siap_original_service_v1,2020
https://datos.canarias.es/api/estadisticas/statistical-resources/v1.0/datasets/ISTAC/E54086A_000007/1.1.csv,1.1,9e648085116b93f93f6b1b1bebe2cfb01993c4f41102fde53e6ce8e368064eca,2026-09-28T10:43:46.907221+00:00,https://www.gobiernodecanarias.org/istac/aviso_legal.html,distinct_persons,phase6-v1,2020,la-palma,island,PEDIATRIA_AP,Servicio Pediatría AP; edad individual no publicada,distinct_persons,DOMICILIO,3.0,persons,OBSERVED,siap_original_service_v1,2020
https://datos.canarias.es/api/estadisticas/statistical-resources/v1.0/datasets/ISTAC/E54086A_000007/1.1.csv,1.1,9e648085116b93f93f6b1b1bebe2cfb01993c4f41102fde53e6ce8e368064eca,2026-09-28T10:43:46.907221+00:00,https://www.gobiernodecanarias.org/istac/aviso_legal.html,distinct_persons,phase6-v1,2020,la-palma,island,PEDIATRIA_AP,Servicio Pediatría AP; edad individual no publicada,distinct_persons,TELECONSULTA,4243.0,persons,OBSERVED,siap_original_service_v1,2020
https://datos.canarias.es/api/estadisticas/statistical-resources/v1.0/datasets/ISTAC/E54086A_000007/1.1.csv,1.1,9e648085116b93f93f6b1b1bebe2cfb01993c4f41102fde53e6ce8e368064eca,2026-09-28T10:43:46.907221+00:00,https://www.gobiernodecanarias.org/istac/aviso_legal.html,distinct_persons,phase6-v1,2020,la-palma,island,PEDIATRIA_AP,Servicio Pediatría AP; edad individual no publicada,distinct_persons,_T,12031.0,persons,OBSERVED,siap_original_service_v1,2020
https://datos.canarias.es/api/estadisticas/statistical-resources/v1.0/datasets/ISTAC/E54086A_000007/1.1.csv,1.1,9e648085116b93f93f6b1b1bebe2cfb01993c4f41102fde53e6ce8e368064eca,2026-09-28T10:43:46.907221+00:00,https://www.gobiernodecanarias.org/istac/aviso_legal.html,distinct_persons,phase6-v1,2020,la-palma,island,PEDIATRIA_AP,Servicio Pediatría AP; edad individual no publicada,distinct_persons,CENTRO,7785.0,persons,OBSERVED,siap_original_service_v1,2020
https://datos.canarias.es/api/estadisticas/statistical-resources/v1.0/datasets/ISTAC/E54086A_000007/1.1.csv,1.1,9e648085116b93f93f6b1b1bebe2cfb01993c4f41102fde53e6ce8e368064eca,2026-09-28T10:43:46.907221+00:00,https://www.gobiernodecanarias.org/istac/aviso_legal.html,distinct_persons,phase6-v1,2020,el-hierro,island,PEDIATRIA_AP,Servicio Pediatría AP; edad individual no publicada,distinct_persons,DOMICILIO,1.0,persons,OBSERVED,siap_original_service_v1,2020
https://datos.canarias.es/api/estadisticas/statistical-resources/v1.0/datasets/ISTAC/E54086A_000007/1.1.csv,1.1,9e648085116b93f93f6b1b1bebe2cfb01993c4f41102fde53e6ce8e368064eca,2026-09-28T10:43:46.907221+00:00,https://www.gobiernodecanarias.org/istac/aviso_legal.html,distinct_persons,phase6-v1,2020,el-hierro,island,PEDIATRIA_AP,Servicio Pediatría AP; edad individual no publicada,distinct_persons,TELECONSULTA,487.0,persons,OBSERVED,siap_original_service_v1,2020
https://datos.canarias.es/api/estadisticas/statistical-resources/v1.0/datasets/ISTAC/E54086A_000007/1.1.csv,1.1,9e648085116b93f93f6b1b1bebe2cfb01993c4f41102fde53e6ce8e368064eca,2026-09-28T10:43:46.907221+00:00,https://www.gobiernodecanarias.org/istac/aviso_legal.html,distinct_persons,phase6-v1,2020,el-hierro,island,PEDIATRIA_AP,Servicio Pediatría AP; edad individual no publicada,distinct_persons,_T,1604.0,persons,OBSERVED,siap_original_service_v1,2020
https://datos.canarias.es/api/estadisticas/statistical-resources/v1.0/datasets/ISTAC/E54086A_000007/1.1.csv,1.1,9e648085116b93f93f6b1b1bebe2cfb01993c4f41102fde53e6ce8e368064eca,2026-09-28T10:43:46.907221+00:00,https://www.gobiernodecanarias.org/istac/aviso_legal.html,distinct_persons,phase6-v1,2020,el-hierro,island,PEDIATRIA_AP,Servicio Pediatría AP; edad individual no publicada,distinct_persons,CENTRO,1116.0,persons,OBSERVED,siap_original_service_v1,2020
https://datos.canarias.es/api/estadisticas/statistical-resources/v1.0/datasets/ISTAC/E54086A_000007/1.1.csv,1.1,9e648085116b93f93f6b1b1bebe2cfb01993c4f41102fde53e6ce8e368064eca,2026-09-28T10:43:46.907221+00:00,https://www.gobiernodecanarias.org/istac/aviso_legal.html,distinct_persons,phase6-v1,2021,lanzarote,island,PEDIATRIA_AP,Servicio Pediatría AP; edad individual no publicada,distinct_persons,DOMICILIO,0.0,persons,OBSERVED,siap_original_service_v1,2021
https://datos.canarias.es/api/estadisticas/statistical-resources/v1.0/datasets/ISTAC/E54086A_000007/1.1.csv,1.1,9e648085116b93f93f6b1b1bebe2cfb01993c4f41102fde53e6ce8e368064eca,2026-09-28T10:43:46.907221+00:00,https://www.gobiernodecanarias.org/istac/aviso_legal.html,distinct_persons,phase6-v1,2021,lanzarote,island,PEDIATRIA_AP,Servicio Pediatría AP; edad individual no publicada,distinct_persons,TELECONSULTA,11850.0,persons,OBSERVED,siap_original_service_v1,2021
https://datos.canarias.es/api/estadisticas/statistical-resources/v1.0/datasets/ISTAC/E54086A_000007/1.1.csv,1.1,9e648085116b93f93f6b1b1bebe2cfb01993c4f41102fde53e6ce8e368064eca,2026-09-28T10:43:46.907221+00:00,https://www.gobiernodecanarias.org/istac/aviso_legal.html,distinct_persons,phase6-v1,2021,lanzarote,island,PEDIATRIA_AP,Servicio Pediatría AP; edad individual no publicada,distinct_persons,_T,28965.0,persons,OBSERVED,siap_original_service_v1,2021
https://datos.canarias.es/api/estadisticas/statistical-resources/v1.0/datasets/ISTAC/E54086A_000007/1.1.csv,1.1,9e648085116b93f93f6b1b1bebe2cfb01993c4f41102fde53e6ce8e368064eca,2026-09-28T10:43:46.907221+00:00,https://www.gobiernodecanarias.org/istac/aviso_legal.html,distinct_persons,phase6-v1,2021,lanzarote,island,PEDIATRIA_AP,Servicio Pediatría AP; edad individual no publicada,distinct_persons,CENTRO,17115.0,persons,OBSERVED,siap_original_service_v1,2021
https://datos.canarias.es/api/estadisticas/statistical-resources/v1.0/datasets/ISTAC/E54086A_000007/1.1.csv,1.1,9e648085116b93f93f6b1b1bebe2cfb01993c4f41102fde53e6ce8e368064eca,2026-09-28T10:43:46.907221+00:00,https://www.gobiernodecanarias.org/istac/aviso_legal.html,distinct_persons,phase6-v1,2021,fuerteventura,island,PEDIATRIA_AP,Servicio Pediatría AP; edad individual no publicada,distinct_persons,DOMICILIO,5.0,persons,OBSERVED,siap_original_service_v1,2021
https://datos.canarias.es/api/estadisticas/statistical-resources/v1.0/datasets/ISTAC/E54086A_000007/1.1.csv,1.1,9e648085116b93f93f6b1b1bebe2cfb01993c4f41102fde53e6ce8e368064eca,2026-09-28T10:43:46.907221+00:00,https://www.gobiernodecanarias.org/istac/aviso_legal.html,distinct_persons,phase6-v1,2021,fuerteventura,island,PEDIATRIA_AP,Servicio Pediatría AP; edad individual no publicada,distinct_persons,TELECONSULTA,7861.0,persons,OBSERVED,siap_original_service_v1,2021
https://datos.canarias.es/api/estadisticas/statistical-resources/v1.0/datasets/ISTAC/E54086A_000007/1.1.csv,1.1,9e648085116b93f93f6b1b1bebe2cfb01993c4f41102fde53e6ce8e368064eca,2026-09-28T10:43:46.907221+00:00,https://www.gobiernodecanarias.org/istac/aviso_legal.html,distinct_persons,phase6-v1,2021,fuerteventura,island,PEDIATRIA_AP,Servicio Pediatría AP; edad individual no publicada,distinct_persons,_T,20593.0,persons,OBSERVED,siap_original_service_v1,2021
https://datos.canarias.es/api/estadisticas/statistical-resources/v1.0/datasets/ISTAC/E54086A_000007/1.1.csv,1.1,9e648085116b93f93f6b1b1bebe2cfb01993c4f41102fde53e6ce8e368064eca,2026-09-28T10:43:46.907221+00:00,https://www.gobiernodecanarias.org/istac/aviso_legal.html,distinct_persons,phase6-v1,2021,fuerteventura,island,PEDIATRIA_AP,Servicio Pediatría AP; edad individual no publicada,distinct_persons,CENTRO,12727.0,persons,OBSERVED,siap_original_service_v1,2021
https://datos.canarias.es/api/estadisticas/statistical-resources/v1.0/datasets/ISTAC/E54086A_000007/1.1.csv,1.1,9e648085116b93f93f6b1b1bebe2cfb01993c4f41102fde53e6ce8e368064eca,2026-09-28T10:43:46.907221+00:00,https://www.gobiernodecanarias.org/istac/aviso_legal.html,distinct_persons,phase6-v1,2021,gran-canaria,island,PEDIATRIA_AP,Servicio Pediatría AP; edad individual no publicada,distinct_persons,DOMICILIO,98.0,persons,OBSERVED,siap_original_service_v1,2021
https://datos.canarias.es/api/estadisticas/statistical-resources/v1.0/datasets/ISTAC/E54086A_000007/1.1.csv,1.1,9e648085116b93f93f6b1b1bebe2cfb01993c4f41102fde53e6ce8e368064eca,2026-09-28T10:43:46.907221+00:00,https://www.gobiernodecanarias.org/istac/aviso_legal.html,distinct_persons,phase6-v1,2021,gran-canaria,island,PEDIATRIA_AP,Servicio Pediatría AP; edad individual no publicada,distinct_persons,TELECONSULTA,63157.0,persons,OBSERVED,siap_original_service_v1,2021
https://datos.canarias.es/api/estadisticas/statistical-resources/v1.0/datasets/ISTAC/E54086A_000007/1.1.csv,1.1,9e648085116b93f93f6b1b1bebe2cfb01993c4f41102fde53e6ce8e368064eca,2026-09-28T10:43:46.907221+00:00,https://www.gobiernodecanarias.org/istac/aviso_legal.html,distinct_persons,phase6-v1,2021,gran-canaria,island,PEDIATRIA_AP,Servicio Pediatría AP; edad individual no publicada,distinct_persons,_T,132628.0,persons,OBSERVED,siap_original_service_v1,2021
https://datos.canarias.es/api/estadisticas/statistical-resources/v1.0/datasets/ISTAC/E54086A_000007/1.1.csv,1.1,9e648085116b93f93f6b1b1bebe2cfb01993c4f41102fde53e6ce8e368064eca,2026-09-28T10:43:46.907221+00:00,https://www.gobiernodecanarias.org/istac/aviso_legal.html,distinct_persons,phase6-v1,2021,gran-canaria,island,PEDIATRIA_AP,Servicio Pediatría AP; edad individual no publicada,distinct_persons,CENTRO,69373.0,persons,OBSERVED,siap_original_service_v1,2021
https://datos.canarias.es/api/estadisticas/statistical-resources/v1.0/datasets/ISTAC/E54086A_000007/1.1.csv,1.1,9e648085116b93f93f6b1b1bebe2cfb01993c4f41102fde53e6ce8e368064eca,2026-09-28T10:43:46.907221+00:00,https://www.gobiernodecanarias.org/istac/aviso_legal.html,distinct_persons,phase6-v1,2021,tenerife,island,PEDIATRIA_AP,Servicio Pediatría AP; edad individual no publicada,distinct_persons,DOMICILIO,40.0,persons,OBSERVED,siap_original_service_v1,2021
https://datos.canarias.es/api/estadisticas/statistical-resources/v1.0/datasets/ISTAC/E54086A_000007/1.1.csv,1.1,9e648085116b93f93f6b1b1bebe2cfb01993c4f41102fde53e6ce8e368064eca,2026-09-28T10:43:46.907221+00:00,https://www.gobiernodecanarias.org/istac/aviso_legal.html,distinct_persons,phase6-v1,2021,tenerife,island,PEDIATRIA_AP,Servicio Pediatría AP; edad individual no publicada,distinct_persons,TELECONSULTA,73809.0,persons,OBSERVED,siap_original_service_v1,2021
https://datos.canarias.es/api/estadisticas/statistical-resources/v1.0/datasets/ISTAC/E54086A_000007/1.1.csv,1.1,9e648085116b93f93f6b1b1bebe2cfb01993c4f41102fde53e6ce8e368064eca,2026-09-28T10:43:46.907221+00:00,https://www.gobiernodecanarias.org/istac/aviso_legal.html,distinct_persons,phase6-v1,2021,tenerife,island,PEDIATRIA_AP,Servicio Pediatría AP; edad individual no publicada,distinct_persons,_T,163829.0,persons,OBSERVED,siap_original_service_v1,2021
https://datos.canarias.es/api/estadisticas/statistical-resources/v1.0/datasets/ISTAC/E54086A_000007/1.1.csv,1.1,9e648085116b93f93f6b1b1bebe2cfb01993c4f41102fde53e6ce8e368064eca,2026-09-28T10:43:46.907221+00:00,https://www.gobiernodecanarias.org/istac/aviso_legal.html,distinct_persons,phase6-v1,2021,tenerife,island,PEDIATRIA_AP,Servicio Pediatría AP; edad individual no publicada,distinct_persons,CENTRO,89980.0,persons,OBSERVED,siap_original_service_v1,2021
https://datos.canarias.es/api/estadisticas/statistical-resources/v1.0/datasets/ISTAC/E54086A_000007/1.1.csv,1.1,9e648085116b93f93f6b1b1bebe2cfb01993c4f41102fde53e6ce8e368064eca,2026-09-28T10:43:46.907221+00:00,https://www.gobiernodecanarias.org/istac/aviso_legal.html,distinct_persons,phase6-v1,2021,la-gomera,island,PEDIATRIA_AP,Servicio Pediatría AP; edad individual no publicada,distinct_persons,DOMICILIO,0.0,persons,OBSERVED,siap_original_service_v1,2021
https://datos.canarias.es/api/estadisticas/statistical-resources/v1.0/datasets/ISTAC/E54086A_000007/1.1.csv,1.1,9e648085116b93f93f6b1b1bebe2cfb01993c4f41102fde53e6ce8e368064eca,2026-09-28T10:43:46.907221+00:00,https://www.gobiernodecanarias.org/istac/aviso_legal.html,distinct_persons,phase6-v1,2021,la-gomera,island,PEDIATRIA_AP,Servicio Pediatría AP; edad individual no publicada,distinct_persons,TELECONSULTA,796.0,persons,OBSERVED,siap_original_service_v1,2021
https://datos.canarias.es/api/estadisticas/statistical-resources/v1.0/datasets/ISTAC/E54086A_000007/1.1.csv,1.1,9e648085116b93f93f6b1b1bebe2cfb01993c4f41102fde53e6ce8e368064eca,2026-09-28T10:43:46.907221+00:00,https://www.gobiernodecanarias.org/istac/aviso_legal.html,distinct_persons,phase6-v1,2021,la-gomera,island,PEDIATRIA_AP,Servicio Pediatría AP; edad individual no publicada,distinct_persons,_T,1719.0,persons,OBSERVED,siap_original_service_v1,2021
https://datos.canarias.es/api/estadisticas/statistical-resources/v1.0/datasets/ISTAC/E54086A_000007/1.1.csv,1.1,9e648085116b93f93f6b1b1bebe2cfb01993c4f41102fde53e6ce8e368064eca,2026-09-28T10:43:46.907221+00:00,https://www.gobiernodecanarias.org/istac/aviso_legal.html,distinct_persons,phase6-v1,2021,la-gomera,island,PEDIATRIA_AP,Servicio Pediatría AP; edad individual no publicada,distinct_persons,CENTRO,923.0,persons,OBSERVED,siap_original_service_v1,2021
https://datos.canarias.es/api/estadisticas/statistical-resources/v1.0/datasets/ISTAC/E54086A_000007/1.1.csv,1.1,9e648085116b93f93f6b1b1bebe2cfb01993c4f41102fde53e6ce8e368064eca,2026-09-28T10:43:46.907221+00:00,https://www.gobiernodecanarias.org/istac/aviso_legal.html,distinct_persons,phase6-v1,2021,la-palma,island,PEDIATRIA_AP,Servicio Pediatría AP; edad individual no publicada,distinct_persons,DOMICILIO,2.0,persons,OBSERVED,siap_original_service_v1,2021
https://datos.canarias.es/api/estadisticas/statistical-resources/v1.0/datasets/ISTAC/E54086A_000007/1.1.csv,1.1,9e648085116b93f93f6b1b1bebe2cfb01993c4f41102fde53e6ce8e368064eca,2026-09-28T10:43:46.907221+00:00,https://www.gobiernodecanarias.org/istac/aviso_legal.html,distinct_persons,phase6-v1,2021,la-palma,island,PEDIATRIA_AP,Servicio Pediatría AP; edad individual no publicada,distinct_persons,TELECONSULTA,4662.0,persons,OBSERVED,siap_original_service_v1,2021
https://datos.canarias.es/api/estadisticas/statistical-resources/v1.0/datasets/ISTAC/E54086A_000007/1.1.csv,1.1,9e648085116b93f93f6b1b1bebe2cfb01993c4f41102fde53e6ce8e368064eca,2026-09-28T10:43:46.907221+00:00,https://www.gobiernodecanarias.org/istac/aviso_legal.html,distinct_persons,phase6-v1,2021,la-palma,island,PEDIATRIA_AP,Servicio Pediatría AP; edad individual no publicada,distinct_persons,_T,12132.0,persons,OBSERVED,siap_original_service_v1,2021
https://datos.canarias.es/api/estadisticas/statistical-resources/v1.0/datasets/ISTAC/E54086A_000007/1.1.csv,1.1,9e648085116b93f93f6b1b1bebe2cfb01993c4f41102fde53e6ce8e368064eca,2026-09-28T10:43:46.907221+00:00,https://www.gobiernodecanarias.org/istac/aviso_legal.html,distinct_persons,phase6-v1,2021,la-palma,island,PEDIATRIA_AP,Servicio Pediatría AP; edad individual no publicada,distinct_persons,CENTRO,7468.0,persons,OBSERVED,siap_original_service_v1,2021
https://datos.canarias.es/api/estadisticas/statistical-resources/v1.0/datasets/ISTAC/E54086A_000007/1.1.csv,1.1,9e648085116b93f93f6b1b1bebe2cfb01993c4f41102fde53e6ce8e368064eca,2026-09-28T10:43:46.907221+00:00,https://www.gobiernodecanarias.org/istac/aviso_legal.html,distinct_persons,phase6-v1,2021,el-hierro,island,PEDIATRIA_AP,Servicio Pediatría AP; edad individual no publicada,distinct_persons,DOMICILIO,0.0,persons,OBSERVED,siap_original_service_v1,2021
https://datos.canarias.es/api/estadisticas/statistical-resources/v1.0/datasets/ISTAC/E54086A_000007/1.1.csv,1.1,9e648085116b93f93f6b1b1bebe2cfb01993c4f41102fde53e6ce8e368064eca,2026-09-28T10:43:46.907221+00:00,https://www.gobiernodecanarias.org/istac/aviso_legal.html,distinct_persons,phase6-v1,2021,el-hierro,island,PEDIATRIA_AP,Servicio Pediatría AP; edad individual no publicada,distinct_persons,TELECONSULTA,489.0,persons,OBSERVED,siap_original_service_v1,2021
https://datos.canarias.es/api/estadisticas/statistical-resources/v1.0/datasets/ISTAC/E54086A_000007/1.1.csv,1.1,9e648085116b93f93f6b1b1bebe2cfb01993c4f41102fde53e6ce8e368064eca,2026-09-28T10:43:46.907221+00:00,https://www.gobiernodecanarias.org/istac/aviso_legal.html,distinct_persons,phase6-v1,2021,el-hierro,island,PEDIATRIA_AP,Servicio Pediatría AP; edad individual no publicada,distinct_persons,_T,1617.0,persons,OBSERVED,siap_original_service_v1,2021
https://datos.canarias.es/api/estadisticas/statistical-resources/v1.0/datasets/ISTAC/E54086A_000007/1.1.csv,1.1,9e648085116b93f93f6b1b1bebe2cfb01993c4f41102fde53e6ce8e368064eca,2026-09-28T10:43:46.907221+00:00,https://www.gobiernodecanarias.org/istac/aviso_legal.html,distinct_persons,phase6-v1,2021,el-hierro,island,PEDIATRIA_AP,Servicio Pediatría AP; edad individual no publicada,distinct_persons,CENTRO,1128.0,persons,OBSERVED,siap_original_service_v1,2021
https://datos.canarias.es/api/estadisticas/statistical-resources/v1.0/datasets/ISTAC/E54086A_000007/1.1.csv,1.1,9e648085116b93f93f6b1b1bebe2cfb01993c4f41102fde53e6ce8e368064eca,2026-09-28T10:43:46.907221+00:00,https://www.gobiernodecanarias.org/istac/aviso_legal.html,distinct_persons,phase6-v1,2022,lanzarote,island,PEDIATRIA_AP,Servicio Pediatría AP; edad individual no publicada,distinct_persons,DOMICILIO,4.0,persons,OBSERVED,siap_original_service_v1,2022
https://datos.canarias.es/api/estadisticas/statistical-resources/v1.0/datasets/ISTAC/E54086A_000007/1.1.csv,1.1,9e648085116b93f93f6b1b1bebe2cfb01993c4f41102fde53e6ce8e368064eca,2026-09-28T10:43:46.907221+00:00,https://www.gobiernodecanarias.org/istac/aviso_legal.html,distinct_persons,phase6-v1,2022,lanzarote,island,PEDIATRIA_AP,Servicio Pediatría AP; edad individual no publicada,distinct_persons,TELECONSULTA,8900.0,persons,OBSERVED,siap_original_service_v1,2022
https://datos.canarias.es/api/estadisticas/statistical-resources/v1.0/datasets/ISTAC/E54086A_000007/1.1.csv,1.1,9e648085116b93f93f6b1b1bebe2cfb01993c4f41102fde53e6ce8e368064eca,2026-09-28T10:43:46.907221+00:00,https://www.gobiernodecanarias.org/istac/aviso_legal.html,distinct_persons,phase6-v1,2022,lanzarote,island,PEDIATRIA_AP,Servicio Pediatría AP; edad individual no publicada,distinct_persons,_T,26631.0,persons,OBSERVED,siap_original_service_v1,2022
https://datos.canarias.es/api/estadisticas/statistical-resources/v1.0/datasets/ISTAC/E54086A_000007/1.1.csv,1.1,9e648085116b93f93f6b1b1bebe2cfb01993c4f41102fde53e6ce8e368064eca,2026-09-28T10:43:46.907221+00:00,https://www.gobiernodecanarias.org/istac/aviso_legal.html,distinct_persons,phase6-v1,2022,lanzarote,island,PEDIATRIA_AP,Servicio Pediatría AP; edad individual no publicada,distinct_persons,CENTRO,17727.0,persons,OBSERVED,siap_original_service_v1,2022
https://datos.canarias.es/api/estadisticas/statistical-resources/v1.0/datasets/ISTAC/E54086A_000007/1.1.csv,1.1,9e648085116b93f93f6b1b1bebe2cfb01993c4f41102fde53e6ce8e368064eca,2026-09-28T10:43:46.907221+00:00,https://www.gobiernodecanarias.org/istac/aviso_legal.html,distinct_persons,phase6-v1,2022,fuerteventura,island,PEDIATRIA_AP,Servicio Pediatría AP; edad individual no publicada,distinct_persons,DOMICILIO,7.0,persons,OBSERVED,siap_original_service_v1,2022
https://datos.canarias.es/api/estadisticas/statistical-resources/v1.0/datasets/ISTAC/E54086A_000007/1.1.csv,1.1,9e648085116b93f93f6b1b1bebe2cfb01993c4f41102fde53e6ce8e368064eca,2026-09-28T10:43:46.907221+00:00,https://www.gobiernodecanarias.org/istac/aviso_legal.html,distinct_persons,phase6-v1,2022,fuerteventura,island,PEDIATRIA_AP,Servicio Pediatría AP; edad individual no publicada,distinct_persons,TELECONSULTA,7314.0,persons,OBSERVED,siap_original_service_v1,2022
https://datos.canarias.es/api/estadisticas/statistical-resources/v1.0/datasets/ISTAC/E54086A_000007/1.1.csv,1.1,9e648085116b93f93f6b1b1bebe2cfb01993c4f41102fde53e6ce8e368064eca,2026-09-28T10:43:46.907221+00:00,https://www.gobiernodecanarias.org/istac/aviso_legal.html,distinct_persons,phase6-v1,2022,fuerteventura,island,PEDIATRIA_AP,Servicio Pediatría AP; edad individual no publicada,distinct_persons,_T,20397.0,persons,OBSERVED,siap_original_service_v1,2022
https://datos.canarias.es/api/estadisticas/statistical-resources/v1.0/datasets/ISTAC/E54086A_000007/1.1.csv,1.1,9e648085116b93f93f6b1b1bebe2cfb01993c4f41102fde53e6ce8e368064eca,2026-09-28T10:43:46.907221+00:00,https://www.gobiernodecanarias.org/istac/aviso_legal.html,distinct_persons,phase6-v1,2022,fuerteventura,island,PEDIATRIA_AP,Servicio Pediatría AP; edad individual no publicada,distinct_persons,CENTRO,13076.0,persons,OBSERVED,siap_original_service_v1,2022
https://datos.canarias.es/api/estadisticas/statistical-resources/v1.0/datasets/ISTAC/E54086A_000007/1.1.csv,1.1,9e648085116b93f93f6b1b1bebe2cfb01993c4f41102fde53e6ce8e368064eca,2026-09-28T10:43:46.907221+00:00,https://www.gobiernodecanarias.org/istac/aviso_legal.html,distinct_persons,phase6-v1,2022,gran-canaria,island,PEDIATRIA_AP,Servicio Pediatría AP; edad individual no publicada,distinct_persons,DOMICILIO,32.0,persons,OBSERVED,siap_original_service_v1,2022
https://datos.canarias.es/api/estadisticas/statistical-resources/v1.0/datasets/ISTAC/E54086A_000007/1.1.csv,1.1,9e648085116b93f93f6b1b1bebe2cfb01993c4f41102fde53e6ce8e368064eca,2026-09-28T10:43:46.907221+00:00,https://www.gobiernodecanarias.org/istac/aviso_legal.html,distinct_persons,phase6-v1,2022,gran-canaria,island,PEDIATRIA_AP,Servicio Pediatría AP; edad individual no publicada,distinct_persons,TELECONSULTA,58824.0,persons,OBSERVED,siap_original_service_v1,2022
https://datos.canarias.es/api/estadisticas/statistical-resources/v1.0/datasets/ISTAC/E54086A_000007/1.1.csv,1.1,9e648085116b93f93f6b1b1bebe2cfb01993c4f41102fde53e6ce8e368064eca,2026-09-28T10:43:46.907221+00:00,https://www.gobiernodecanarias.org/istac/aviso_legal.html,distinct_persons,phase6-v1,2022,gran-canaria,island,PEDIATRIA_AP,Servicio Pediatría AP; edad individual no publicada,distinct_persons,_T,132024.0,persons,OBSERVED,siap_original_service_v1,2022
https://datos.canarias.es/api/estadisticas/statistical-resources/v1.0/datasets/ISTAC/E54086A_000007/1.1.csv,1.1,9e648085116b93f93f6b1b1bebe2cfb01993c4f41102fde53e6ce8e368064eca,2026-09-28T10:43:46.907221+00:00,https://www.gobiernodecanarias.org/istac/aviso_legal.html,distinct_persons,phase6-v1,2022,gran-canaria,island,PEDIATRIA_AP,Servicio Pediatría AP; edad individual no publicada,distinct_persons,CENTRO,73168.0,persons,OBSERVED,siap_original_service_v1,2022
https://datos.canarias.es/api/estadisticas/statistical-resources/v1.0/datasets/ISTAC/E54086A_000007/1.1.csv,1.1,9e648085116b93f93f6b1b1bebe2cfb01993c4f41102fde53e6ce8e368064eca,2026-09-28T10:43:46.907221+00:00,https://www.gobiernodecanarias.org/istac/aviso_legal.html,distinct_persons,phase6-v1,2022,tenerife,island,PEDIATRIA_AP,Servicio Pediatría AP; edad individual no publicada,distinct_persons,DOMICILIO,21.0,persons,OBSERVED,siap_original_service_v1,2022
https://datos.canarias.es/api/estadisticas/statistical-resources/v1.0/datasets/ISTAC/E54086A_000007/1.1.csv,1.1,9e648085116b93f93f6b1b1bebe2cfb01993c4f41102fde53e6ce8e368064eca,2026-09-28T10:43:46.907221+00:00,https://www.gobiernodecanarias.org/istac/aviso_legal.html,distinct_persons,phase6-v1,2022,tenerife,island,PEDIATRIA_AP,Servicio Pediatría AP; edad individual no publicada,distinct_persons,TELECONSULTA,63579.0,persons,OBSERVED,siap_original_service_v1,2022
https://datos.canarias.es/api/estadisticas/statistical-resources/v1.0/datasets/ISTAC/E54086A_000007/1.1.csv,1.1,9e648085116b93f93f6b1b1bebe2cfb01993c4f41102fde53e6ce8e368064eca,2026-09-28T10:43:46.907221+00:00,https://www.gobiernodecanarias.org/istac/aviso_legal.html,distinct_persons,phase6-v1,2022,tenerife,island,PEDIATRIA_AP,Servicio Pediatría AP; edad individual no publicada,distinct_persons,_T,157155.0,persons,OBSERVED,siap_original_service_v1,2022
https://datos.canarias.es/api/estadisticas/statistical-resources/v1.0/datasets/ISTAC/E54086A_000007/1.1.csv,1.1,9e648085116b93f93f6b1b1bebe2cfb01993c4f41102fde53e6ce8e368064eca,2026-09-28T10:43:46.907221+00:00,https://www.gobiernodecanarias.org/istac/aviso_legal.html,distinct_persons,phase6-v1,2022,tenerife,island,PEDIATRIA_AP,Servicio Pediatría AP; edad individual no publicada,distinct_persons,CENTRO,93555.0,persons,OBSERVED,siap_original_service_v1,2022
https://datos.canarias.es/api/estadisticas/statistical-resources/v1.0/datasets/ISTAC/E54086A_000007/1.1.csv,1.1,9e648085116b93f93f6b1b1bebe2cfb01993c4f41102fde53e6ce8e368064eca,2026-09-28T10:43:46.907221+00:00,https://www.gobiernodecanarias.org/istac/aviso_legal.html,distinct_persons,phase6-v1,2022,la-gomera,island,PEDIATRIA_AP,Servicio Pediatría AP; edad individual no publicada,distinct_persons,DOMICILIO,0.0,persons,OBSERVED,siap_original_service_v1,2022
https://datos.canarias.es/api/estadisticas/statistical-resources/v1.0/datasets/ISTAC/E54086A_000007/1.1.csv,1.1,9e648085116b93f93f6b1b1bebe2cfb01993c4f41102fde53e6ce8e368064eca,2026-09-28T10:43:46.907221+00:00,https://www.gobiernodecanarias.org/istac/aviso_legal.html,distinct_persons,phase6-v1,2022,la-gomera,island,PEDIATRIA_AP,Servicio Pediatría AP; edad individual no publicada,distinct_persons,TELECONSULTA,718.0,persons,OBSERVED,siap_original_service_v1,2022
https://datos.canarias.es/api/estadisticas/statistical-resources/v1.0/datasets/ISTAC/E54086A_000007/1.1.csv,1.1,9e648085116b93f93f6b1b1bebe2cfb01993c4f41102fde53e6ce8e368064eca,2026-09-28T10:43:46.907221+00:00,https://www.gobiernodecanarias.org/istac/aviso_legal.html,distinct_persons,phase6-v1,2022,la-gomera,island,PEDIATRIA_AP,Servicio Pediatría AP; edad individual no publicada,distinct_persons,_T,1691.0,persons,OBSERVED,siap_original_service_v1,2022
https://datos.canarias.es/api/estadisticas/statistical-resources/v1.0/datasets/ISTAC/E54086A_000007/1.1.csv,1.1,9e648085116b93f93f6b1b1bebe2cfb01993c4f41102fde53e6ce8e368064eca,2026-09-28T10:43:46.907221+00:00,https://www.gobiernodecanarias.org/istac/aviso_legal.html,distinct_persons,phase6-v1,2022,la-gomera,island,PEDIATRIA_AP,Servicio Pediatría AP; edad individual no publicada,distinct_persons,CENTRO,973.0,persons,OBSERVED,siap_original_service_v1,2022
https://datos.canarias.es/api/estadisticas/statistical-resources/v1.0/datasets/ISTAC/E54086A_000007/1.1.csv,1.1,9e648085116b93f93f6b1b1bebe2cfb01993c4f41102fde53e6ce8e368064eca,2026-09-28T10:43:46.907221+00:00,https://www.gobiernodecanarias.org/istac/aviso_legal.html,distinct_persons,phase6-v1,2022,la-palma,island,PEDIATRIA_AP,Servicio Pediatría AP; edad individual no publicada,distinct_persons,DOMICILIO,0.0,persons,OBSERVED,siap_original_service_v1,2022
https://datos.canarias.es/api/estadisticas/statistical-resources/v1.0/datasets/ISTAC/E54086A_000007/1.1.csv,1.1,9e648085116b93f93f6b1b1bebe2cfb01993c4f41102fde53e6ce8e368064eca,2026-09-28T10:43:46.907221+00:00,https://www.gobiernodecanarias.org/istac/aviso_legal.html,distinct_persons,phase6-v1,2022,la-palma,island,PEDIATRIA_AP,Servicio Pediatría AP; edad individual no publicada,distinct_persons,TELECONSULTA,4892.0,persons,OBSERVED,siap_original_service_v1,2022
https://datos.canarias.es/api/estadisticas/statistical-resources/v1.0/datasets/ISTAC/E54086A_000007/1.1.csv,1.1,9e648085116b93f93f6b1b1bebe2cfb01993c4f41102fde53e6ce8e368064eca,2026-09-28T10:43:46.907221+00:00,https://www.gobiernodecanarias.org/istac/aviso_legal.html,distinct_persons,phase6-v1,2022,la-palma,island,PEDIATRIA_AP,Servicio Pediatría AP; edad individual no publicada,distinct_persons,_T,12732.0,persons,OBSERVED,siap_original_service_v1,2022
https://datos.canarias.es/api/estadisticas/statistical-resources/v1.0/datasets/ISTAC/E54086A_000007/1.1.csv,1.1,9e648085116b93f93f6b1b1bebe2cfb01993c4f41102fde53e6ce8e368064eca,2026-09-28T10:43:46.907221+00:00,https://www.gobiernodecanarias.org/istac/aviso_legal.html,distinct_persons,phase6-v1,2022,la-palma,island,PEDIATRIA_AP,Servicio Pediatría AP; edad individual no publicada,distinct_persons,CENTRO,7840.0,persons,OBSERVED,siap_original_service_v1,2022
https://datos.canarias.es/api/estadisticas/statistical-resources/v1.0/datasets/ISTAC/E54086A_000007/1.1.csv,1.1,9e648085116b93f93f6b1b1bebe2cfb01993c4f41102fde53e6ce8e368064eca,2026-09-28T10:43:46.907221+00:00,https://www.gobiernodecanarias.org/istac/aviso_legal.html,distinct_persons,phase6-v1,2022,el-hierro,island,PEDIATRIA_AP,Servicio Pediatría AP; edad individual no publicada,distinct_persons,DOMICILIO,0.0,persons,OBSERVED,siap_original_service_v1,2022
https://datos.canarias.es/api/estadisticas/statistical-resources/v1.0/datasets/ISTAC/E54086A_000007/1.1.csv,1.1,9e648085116b93f93f6b1b1bebe2cfb01993c4f41102fde53e6ce8e368064eca,2026-09-28T10:43:46.907221+00:00,https://www.gobiernodecanarias.org/istac/aviso_legal.html,distinct_persons,phase6-v1,2022,el-hierro,island,PEDIATRIA_AP,Servicio Pediatría AP; edad individual no publicada,distinct_persons,TELECONSULTA,594.0,persons,OBSERVED,siap_original_service_v1,2022
https://datos.canarias.es/api/estadisticas/statistical-resources/v1.0/datasets/ISTAC/E54086A_000007/1.1.csv,1.1,9e648085116b93f93f6b1b1bebe2cfb01993c4f41102fde53e6ce8e368064eca,2026-09-28T10:43:46.907221+00:00,https://www.gobiernodecanarias.org/istac/aviso_legal.html,distinct_persons,phase6-v1,2022,el-hierro,island,PEDIATRIA_AP,Servicio Pediatría AP; edad individual no publicada,distinct_persons,_T,1798.0,persons,OBSERVED,siap_original_service_v1,2022
https://datos.canarias.es/api/estadisticas/statistical-resources/v1.0/datasets/ISTAC/E54086A_000007/1.1.csv,1.1,9e648085116b93f93f6b1b1bebe2cfb01993c4f41102fde53e6ce8e368064eca,2026-09-28T10:43:46.907221+00:00,https://www.gobiernodecanarias.org/istac/aviso_legal.html,distinct_persons,phase6-v1,2022,el-hierro,island,PEDIATRIA_AP,Servicio Pediatría AP; edad individual no publicada,distinct_persons,CENTRO,1204.0,persons,OBSERVED,siap_original_service_v1,2022
https://datos.canarias.es/api/estadisticas/statistical-resources/v1.0/datasets/ISTAC/E54086A_000007/1.1.csv,1.1,9e648085116b93f93f6b1b1bebe2cfb01993c4f41102fde53e6ce8e368064eca,2026-09-28T10:43:46.907221+00:00,https://www.gobiernodecanarias.org/istac/aviso_legal.html,distinct_persons,phase6-v1,2023,lanzarote,island,PEDIATRIA_AP,Servicio Pediatría AP; edad individual no publicada,distinct_persons,DOMICILIO,1.0,persons,OBSERVED,siap_original_service_v1,2023
https://datos.canarias.es/api/estadisticas/statistical-resources/v1.0/datasets/ISTAC/E54086A_000007/1.1.csv,1.1,9e648085116b93f93f6b1b1bebe2cfb01993c4f41102fde53e6ce8e368064eca,2026-09-28T10:43:46.907221+00:00,https://www.gobiernodecanarias.org/istac/aviso_legal.html,distinct_persons,phase6-v1,2023,lanzarote,island,PEDIATRIA_AP,Servicio Pediatría AP; edad individual no publicada,distinct_persons,TELECONSULTA,6855.0,persons,OBSERVED,siap_original_service_v1,2023
https://datos.canarias.es/api/estadisticas/statistical-resources/v1.0/datasets/ISTAC/E54086A_000007/1.1.csv,1.1,9e648085116b93f93f6b1b1bebe2cfb01993c4f41102fde53e6ce8e368064eca,2026-09-28T10:43:46.907221+00:00,https://www.gobiernodecanarias.org/istac/aviso_legal.html,distinct_persons,phase6-v1,2023,lanzarote,island,PEDIATRIA_AP,Servicio Pediatría AP; edad individual no publicada,distinct_persons,_T,25022.0,persons,OBSERVED,siap_original_service_v1,2023
https://datos.canarias.es/api/estadisticas/statistical-resources/v1.0/datasets/ISTAC/E54086A_000007/1.1.csv,1.1,9e648085116b93f93f6b1b1bebe2cfb01993c4f41102fde53e6ce8e368064eca,2026-09-28T10:43:46.907221+00:00,https://www.gobiernodecanarias.org/istac/aviso_legal.html,distinct_persons,phase6-v1,2023,lanzarote,island,PEDIATRIA_AP,Servicio Pediatría AP; edad individual no publicada,distinct_persons,CENTRO,18166.0,persons,OBSERVED,siap_original_service_v1,2023
https://datos.canarias.es/api/estadisticas/statistical-resources/v1.0/datasets/ISTAC/E54086A_000007/1.1.csv,1.1,9e648085116b93f93f6b1b1bebe2cfb01993c4f41102fde53e6ce8e368064eca,2026-09-28T10:43:46.907221+00:00,https://www.gobiernodecanarias.org/istac/aviso_legal.html,distinct_persons,phase6-v1,2023,fuerteventura,island,PEDIATRIA_AP,Servicio Pediatría AP; edad individual no publicada,distinct_persons,DOMICILIO,3.0,persons,OBSERVED,siap_original_service_v1,2023
https://datos.canarias.es/api/estadisticas/statistical-resources/v1.0/datasets/ISTAC/E54086A_000007/1.1.csv,1.1,9e648085116b93f93f6b1b1bebe2cfb01993c4f41102fde53e6ce8e368064eca,2026-09-28T10:43:46.907221+00:00,https://www.gobiernodecanarias.org/istac/aviso_legal.html,distinct_persons,phase6-v1,2023,fuerteventura,island,PEDIATRIA_AP,Servicio Pediatría AP; edad individual no publicada,distinct_persons,TELECONSULTA,5541.0,persons,OBSERVED,siap_original_service_v1,2023
https://datos.canarias.es/api/estadisticas/statistical-resources/v1.0/datasets/ISTAC/E54086A_000007/1.1.csv,1.1,9e648085116b93f93f6b1b1bebe2cfb01993c4f41102fde53e6ce8e368064eca,2026-09-28T10:43:46.907221+00:00,https://www.gobiernodecanarias.org/istac/aviso_legal.html,distinct_persons,phase6-v1,2023,fuerteventura,island,PEDIATRIA_AP,Servicio Pediatría AP; edad individual no publicada,distinct_persons,_T,18874.0,persons,OBSERVED,siap_original_service_v1,2023
https://datos.canarias.es/api/estadisticas/statistical-resources/v1.0/datasets/ISTAC/E54086A_000007/1.1.csv,1.1,9e648085116b93f93f6b1b1bebe2cfb01993c4f41102fde53e6ce8e368064eca,2026-09-28T10:43:46.907221+00:00,https://www.gobiernodecanarias.org/istac/aviso_legal.html,distinct_persons,phase6-v1,2023,fuerteventura,island,PEDIATRIA_AP,Servicio Pediatría AP; edad individual no publicada,distinct_persons,CENTRO,13330.0,persons,OBSERVED,siap_original_service_v1,2023
https://datos.canarias.es/api/estadisticas/statistical-resources/v1.0/datasets/ISTAC/E54086A_000007/1.1.csv,1.1,9e648085116b93f93f6b1b1bebe2cfb01993c4f41102fde53e6ce8e368064eca,2026-09-28T10:43:46.907221+00:00,https://www.gobiernodecanarias.org/istac/aviso_legal.html,distinct_persons,phase6-v1,2023,gran-canaria,island,PEDIATRIA_AP,Servicio Pediatría AP; edad individual no publicada,distinct_persons,DOMICILIO,17.0,persons,OBSERVED,siap_original_service_v1,2023
https://datos.canarias.es/api/estadisticas/statistical-resources/v1.0/datasets/ISTAC/E54086A_000007/1.1.csv,1.1,9e648085116b93f93f6b1b1bebe2cfb01993c4f41102fde53e6ce8e368064eca,2026-09-28T10:43:46.907221+00:00,https://www.gobiernodecanarias.org/istac/aviso_legal.html,distinct_persons,phase6-v1,2023,gran-canaria,island,PEDIATRIA_AP,Servicio Pediatría AP; edad individual no publicada,distinct_persons,TELECONSULTA,46392.0,persons,OBSERVED,siap_original_service_v1,2023
https://datos.canarias.es/api/estadisticas/statistical-resources/v1.0/datasets/ISTAC/E54086A_000007/1.1.csv,1.1,9e648085116b93f93f6b1b1bebe2cfb01993c4f41102fde53e6ce8e368064eca,2026-09-28T10:43:46.907221+00:00,https://www.gobiernodecanarias.org/istac/aviso_legal.html,distinct_persons,phase6-v1,2023,gran-canaria,island,PEDIATRIA_AP,Servicio Pediatría AP; edad individual no publicada,distinct_persons,_T,120468.0,persons,OBSERVED,siap_original_service_v1,2023
https://datos.canarias.es/api/estadisticas/statistical-resources/v1.0/datasets/ISTAC/E54086A_000007/1.1.csv,1.1,9e648085116b93f93f6b1b1bebe2cfb01993c4f41102fde53e6ce8e368064eca,2026-09-28T10:43:46.907221+00:00,https://www.gobiernodecanarias.org/istac/aviso_legal.html,distinct_persons,phase6-v1,2023,gran-canaria,island,PEDIATRIA_AP,Servicio Pediatría AP; edad individual no publicada,distinct_persons,CENTRO,74059.0,persons,OBSERVED,siap_original_service_v1,2023
https://datos.canarias.es/api/estadisticas/statistical-resources/v1.0/datasets/ISTAC/E54086A_000007/1.1.csv,1.1,9e648085116b93f93f6b1b1bebe2cfb01993c4f41102fde53e6ce8e368064eca,2026-09-28T10:43:46.907221+00:00,https://www.gobiernodecanarias.org/istac/aviso_legal.html,distinct_persons,phase6-v1,2023,tenerife,island,PEDIATRIA_AP,Servicio Pediatría AP; edad individual no publicada,distinct_persons,DOMICILIO,19.0,persons,OBSERVED,siap_original_service_v1,2023
https://datos.canarias.es/api/estadisticas/statistical-resources/v1.0/datasets/ISTAC/E54086A_000007/1.1.csv,1.1,9e648085116b93f93f6b1b1bebe2cfb01993c4f41102fde53e6ce8e368064eca,2026-09-28T10:43:46.907221+00:00,https://www.gobiernodecanarias.org/istac/aviso_legal.html,distinct_persons,phase6-v1,2023,tenerife,island,PEDIATRIA_AP,Servicio Pediatría AP; edad individual no publicada,distinct_persons,TELECONSULTA,49350.0,persons,OBSERVED,siap_original_service_v1,2023
https://datos.canarias.es/api/estadisticas/statistical-resources/v1.0/datasets/ISTAC/E54086A_000007/1.1.csv,1.1,9e648085116b93f93f6b1b1bebe2cfb01993c4f41102fde53e6ce8e368064eca,2026-09-28T10:43:46.907221+00:00,https://www.gobiernodecanarias.org/istac/aviso_legal.html,distinct_persons,phase6-v1,2023,tenerife,island,PEDIATRIA_AP,Servicio Pediatría AP; edad individual no publicada,distinct_persons,_T,142744.0,persons,OBSERVED,siap_original_service_v1,2023
https://datos.canarias.es/api/estadisticas/statistical-resources/v1.0/datasets/ISTAC/E54086A_000007/1.1.csv,1.1,9e648085116b93f93f6b1b1bebe2cfb01993c4f41102fde53e6ce8e368064eca,2026-09-28T10:43:46.907221+00:00,https://www.gobiernodecanarias.org/istac/aviso_legal.html,distinct_persons,phase6-v1,2023,tenerife,island,PEDIATRIA_AP,Servicio Pediatría AP; edad individual no publicada,distinct_persons,CENTRO,93375.0,persons,OBSERVED,siap_original_service_v1,2023
https://datos.canarias.es/api/estadisticas/statistical-resources/v1.0/datasets/ISTAC/E54086A_000007/1.1.csv,1.1,9e648085116b93f93f6b1b1bebe2cfb01993c4f41102fde53e6ce8e368064eca,2026-09-28T10:43:46.907221+00:00,https://www.gobiernodecanarias.org/istac/aviso_legal.html,distinct_persons,phase6-v1,2023,la-gomera,island,PEDIATRIA_AP,Servicio Pediatría AP; edad individual no publicada,distinct_persons,DOMICILIO,1.0,persons,OBSERVED,siap_original_service_v1,2023
https://datos.canarias.es/api/estadisticas/statistical-resources/v1.0/datasets/ISTAC/E54086A_000007/1.1.csv,1.1,9e648085116b93f93f6b1b1bebe2cfb01993c4f41102fde53e6ce8e368064eca,2026-09-28T10:43:46.907221+00:00,https://www.gobiernodecanarias.org/istac/aviso_legal.html,distinct_persons,phase6-v1,2023,la-gomera,island,PEDIATRIA_AP,Servicio Pediatría AP; edad individual no publicada,distinct_persons,TELECONSULTA,486.0,persons,OBSERVED,siap_original_service_v1,2023
https://datos.canarias.es/api/estadisticas/statistical-resources/v1.0/datasets/ISTAC/E54086A_000007/1.1.csv,1.1,9e648085116b93f93f6b1b1bebe2cfb01993c4f41102fde53e6ce8e368064eca,2026-09-28T10:43:46.907221+00:00,https://www.gobiernodecanarias.org/istac/aviso_legal.html,distinct_persons,phase6-v1,2023,la-gomera,island,PEDIATRIA_AP,Servicio Pediatría AP; edad individual no publicada,distinct_persons,_T,1455.0,persons,OBSERVED,siap_original_service_v1,2023
https://datos.canarias.es/api/estadisticas/statistical-resources/v1.0/datasets/ISTAC/E54086A_000007/1.1.csv,1.1,9e648085116b93f93f6b1b1bebe2cfb01993c4f41102fde53e6ce8e368064eca,2026-09-28T10:43:46.907221+00:00,https://www.gobiernodecanarias.org/istac/aviso_legal.html,distinct_persons,phase6-v1,2023,la-gomera,island,PEDIATRIA_AP,Servicio Pediatría AP; edad individual no publicada,distinct_persons,CENTRO,968.0,persons,OBSERVED,siap_original_service_v1,2023
https://datos.canarias.es/api/estadisticas/statistical-resources/v1.0/datasets/ISTAC/E54086A_000007/1.1.csv,1.1,9e648085116b93f93f6b1b1bebe2cfb01993c4f41102fde53e6ce8e368064eca,2026-09-28T10:43:46.907221+00:00,https://www.gobiernodecanarias.org/istac/aviso_legal.html,distinct_persons,phase6-v1,2023,la-palma,island,PEDIATRIA_AP,Servicio Pediatría AP; edad individual no publicada,distinct_persons,DOMICILIO,2.0,persons,OBSERVED,siap_original_service_v1,2023
https://datos.canarias.es/api/estadisticas/statistical-resources/v1.0/datasets/ISTAC/E54086A_000007/1.1.csv,1.1,9e648085116b93f93f6b1b1bebe2cfb01993c4f41102fde53e6ce8e368064eca,2026-09-28T10:43:46.907221+00:00,https://www.gobiernodecanarias.org/istac/aviso_legal.html,distinct_persons,phase6-v1,2023,la-palma,island,PEDIATRIA_AP,Servicio Pediatría AP; edad individual no publicada,distinct_persons,TELECONSULTA,3762.0,persons,OBSERVED,siap_original_service_v1,2023
https://datos.canarias.es/api/estadisticas/statistical-resources/v1.0/datasets/ISTAC/E54086A_000007/1.1.csv,1.1,9e648085116b93f93f6b1b1bebe2cfb01993c4f41102fde53e6ce8e368064eca,2026-09-28T10:43:46.907221+00:00,https://www.gobiernodecanarias.org/istac/aviso_legal.html,distinct_persons,phase6-v1,2023,la-palma,island,PEDIATRIA_AP,Servicio Pediatría AP; edad individual no publicada,distinct_persons,_T,11579.0,persons,OBSERVED,siap_original_service_v1,2023
https://datos.canarias.es/api/estadisticas/statistical-resources/v1.0/datasets/ISTAC/E54086A_000007/1.1.csv,1.1,9e648085116b93f93f6b1b1bebe2cfb01993c4f41102fde53e6ce8e368064eca,2026-09-28T10:43:46.907221+00:00,https://www.gobiernodecanarias.org/istac/aviso_legal.html,distinct_persons,phase6-v1,2023,la-palma,island,PEDIATRIA_AP,Servicio Pediatría AP; edad individual no publicada,distinct_persons,CENTRO,7815.0,persons,OBSERVED,siap_original_service_v1,2023
https://datos.canarias.es/api/estadisticas/statistical-resources/v1.0/datasets/ISTAC/E54086A_000007/1.1.csv,1.1,9e648085116b93f93f6b1b1bebe2cfb01993c4f41102fde53e6ce8e368064eca,2026-09-28T10:43:46.907221+00:00,https://www.gobiernodecanarias.org/istac/aviso_legal.html,distinct_persons,phase6-v1,2023,el-hierro,island,PEDIATRIA_AP,Servicio Pediatría AP; edad individual no publicada,distinct_persons,DOMICILIO,0.0,persons,OBSERVED,siap_original_service_v1,2023
https://datos.canarias.es/api/estadisticas/statistical-resources/v1.0/datasets/ISTAC/E54086A_000007/1.1.csv,1.1,9e648085116b93f93f6b1b1bebe2cfb01993c4f41102fde53e6ce8e368064eca,2026-09-28T10:43:46.907221+00:00,https://www.gobiernodecanarias.org/istac/aviso_legal.html,distinct_persons,phase6-v1,2023,el-hierro,island,PEDIATRIA_AP,Servicio Pediatría AP; edad individual no publicada,distinct_persons,TELECONSULTA,345.0,persons,OBSERVED,siap_original_service_v1,2023
https://datos.canarias.es/api/estadisticas/statistical-resources/v1.0/datasets/ISTAC/E54086A_000007/1.1.csv,1.1,9e648085116b93f93f6b1b1bebe2cfb01993c4f41102fde53e6ce8e368064eca,2026-09-28T10:43:46.907221+00:00,https://www.gobiernodecanarias.org/istac/aviso_legal.html,distinct_persons,phase6-v1,2023,el-hierro,island,PEDIATRIA_AP,Servicio Pediatría AP; edad individual no publicada,distinct_persons,_T,1631.0,persons,OBSERVED,siap_original_service_v1,2023
https://datos.canarias.es/api/estadisticas/statistical-resources/v1.0/datasets/ISTAC/E54086A_000007/1.1.csv,1.1,9e648085116b93f93f6b1b1bebe2cfb01993c4f41102fde53e6ce8e368064eca,2026-09-28T10:43:46.907221+00:00,https://www.gobiernodecanarias.org/istac/aviso_legal.html,distinct_persons,phase6-v1,2023,el-hierro,island,PEDIATRIA_AP,Servicio Pediatría AP; edad individual no publicada,distinct_persons,CENTRO,1286.0,persons,OBSERVED,siap_original_service_v1,2023
https://datos.canarias.es/api/estadisticas/statistical-resources/v1.0/datasets/ISTAC/E54086A_000007/1.1.csv,1.1,9e648085116b93f93f6b1b1bebe2cfb01993c4f41102fde53e6ce8e368064eca,2026-09-28T10:43:46.907221+00:00,https://www.gobiernodecanarias.org/istac/aviso_legal.html,distinct_persons,phase6-v1,2024,lanzarote,island,PEDIATRIA_AP,Servicio Pediatría AP; edad individual no publicada,distinct_persons,DOMICILIO,0.0,persons,OBSERVED,siap_original_service_v1,2024
https://datos.canarias.es/api/estadisticas/statistical-resources/v1.0/datasets/ISTAC/E54086A_000007/1.1.csv,1.1,9e648085116b93f93f6b1b1bebe2cfb01993c4f41102fde53e6ce8e368064eca,2026-09-28T10:43:46.907221+00:00,https://www.gobiernodecanarias.org/istac/aviso_legal.html,distinct_persons,phase6-v1,2024,lanzarote,island,PEDIATRIA_AP,Servicio Pediatría AP; edad individual no publicada,distinct_persons,TELECONSULTA,6768.0,persons,OBSERVED,siap_original_service_v1,2024
https://datos.canarias.es/api/estadisticas/statistical-resources/v1.0/datasets/ISTAC/E54086A_000007/1.1.csv,1.1,9e648085116b93f93f6b1b1bebe2cfb01993c4f41102fde53e6ce8e368064eca,2026-09-28T10:43:46.907221+00:00,https://www.gobiernodecanarias.org/istac/aviso_legal.html,distinct_persons,phase6-v1,2024,lanzarote,island,PEDIATRIA_AP,Servicio Pediatría AP; edad individual no publicada,distinct_persons,_T,24971.0,persons,OBSERVED,siap_original_service_v1,2024
https://datos.canarias.es/api/estadisticas/statistical-resources/v1.0/datasets/ISTAC/E54086A_000007/1.1.csv,1.1,9e648085116b93f93f6b1b1bebe2cfb01993c4f41102fde53e6ce8e368064eca,2026-09-28T10:43:46.907221+00:00,https://www.gobiernodecanarias.org/istac/aviso_legal.html,distinct_persons,phase6-v1,2024,lanzarote,island,PEDIATRIA_AP,Servicio Pediatría AP; edad individual no publicada,distinct_persons,CENTRO,18203.0,persons,OBSERVED,siap_original_service_v1,2024
https://datos.canarias.es/api/estadisticas/statistical-resources/v1.0/datasets/ISTAC/E54086A_000007/1.1.csv,1.1,9e648085116b93f93f6b1b1bebe2cfb01993c4f41102fde53e6ce8e368064eca,2026-09-28T10:43:46.907221+00:00,https://www.gobiernodecanarias.org/istac/aviso_legal.html,distinct_persons,phase6-v1,2024,fuerteventura,island,PEDIATRIA_AP,Servicio Pediatría AP; edad individual no publicada,distinct_persons,DOMICILIO,1.0,persons,OBSERVED,siap_original_service_v1,2024
https://datos.canarias.es/api/estadisticas/statistical-resources/v1.0/datasets/ISTAC/E54086A_000007/1.1.csv,1.1,9e648085116b93f93f6b1b1bebe2cfb01993c4f41102fde53e6ce8e368064eca,2026-09-28T10:43:46.907221+00:00,https://www.gobiernodecanarias.org/istac/aviso_legal.html,distinct_persons,phase6-v1,2024,fuerteventura,island,PEDIATRIA_AP,Servicio Pediatría AP; edad individual no publicada,distinct_persons,TELECONSULTA,5098.0,persons,OBSERVED,siap_original_service_v1,2024
https://datos.canarias.es/api/estadisticas/statistical-resources/v1.0/datasets/ISTAC/E54086A_000007/1.1.csv,1.1,9e648085116b93f93f6b1b1bebe2cfb01993c4f41102fde53e6ce8e368064eca,2026-09-28T10:43:46.907221+00:00,https://www.gobiernodecanarias.org/istac/aviso_legal.html,distinct_persons,phase6-v1,2024,fuerteventura,island,PEDIATRIA_AP,Servicio Pediatría AP; edad individual no publicada,distinct_persons,_T,18367.0,persons,OBSERVED,siap_original_service_v1,2024
https://datos.canarias.es/api/estadisticas/statistical-resources/v1.0/datasets/ISTAC/E54086A_000007/1.1.csv,1.1,9e648085116b93f93f6b1b1bebe2cfb01993c4f41102fde53e6ce8e368064eca,2026-09-28T10:43:46.907221+00:00,https://www.gobiernodecanarias.org/istac/aviso_legal.html,distinct_persons,phase6-v1,2024,fuerteventura,island,PEDIATRIA_AP,Servicio Pediatría AP; edad individual no publicada,distinct_persons,CENTRO,13268.0,persons,OBSERVED,siap_original_service_v1,2024
https://datos.canarias.es/api/estadisticas/statistical-resources/v1.0/datasets/ISTAC/E54086A_000007/1.1.csv,1.1,9e648085116b93f93f6b1b1bebe2cfb01993c4f41102fde53e6ce8e368064eca,2026-09-28T10:43:46.907221+00:00,https://www.gobiernodecanarias.org/istac/aviso_legal.html,distinct_persons,phase6-v1,2024,gran-canaria,island,PEDIATRIA_AP,Servicio Pediatría AP; edad individual no publicada,distinct_persons,DOMICILIO,12.0,persons,OBSERVED,siap_original_service_v1,2024
https://datos.canarias.es/api/estadisticas/statistical-resources/v1.0/datasets/ISTAC/E54086A_000007/1.1.csv,1.1,9e648085116b93f93f6b1b1bebe2cfb01993c4f41102fde53e6ce8e368064eca,2026-09-28T10:43:46.907221+00:00,https://www.gobiernodecanarias.org/istac/aviso_legal.html,distinct_persons,phase6-v1,2024,gran-canaria,island,PEDIATRIA_AP,Servicio Pediatría AP; edad individual no publicada,distinct_persons,TELECONSULTA,44809.0,persons,OBSERVED,siap_original_service_v1,2024
https://datos.canarias.es/api/estadisticas/statistical-resources/v1.0/datasets/ISTAC/E54086A_000007/1.1.csv,1.1,9e648085116b93f93f6b1b1bebe2cfb01993c4f41102fde53e6ce8e368064eca,2026-09-28T10:43:46.907221+00:00,https://www.gobiernodecanarias.org/istac/aviso_legal.html,distinct_persons,phase6-v1,2024,gran-canaria,island,PEDIATRIA_AP,Servicio Pediatría AP; edad individual no publicada,distinct_persons,_T,118067.0,persons,OBSERVED,siap_original_service_v1,2024
https://datos.canarias.es/api/estadisticas/statistical-resources/v1.0/datasets/ISTAC/E54086A_000007/1.1.csv,1.1,9e648085116b93f93f6b1b1bebe2cfb01993c4f41102fde53e6ce8e368064eca,2026-09-28T10:43:46.907221+00:00,https://www.gobiernodecanarias.org/istac/aviso_legal.html,distinct_persons,phase6-v1,2024,gran-canaria,island,PEDIATRIA_AP,Servicio Pediatría AP; edad individual no publicada,distinct_persons,CENTRO,73246.0,persons,OBSERVED,siap_original_service_v1,2024
https://datos.canarias.es/api/estadisticas/statistical-resources/v1.0/datasets/ISTAC/E54086A_000007/1.1.csv,1.1,9e648085116b93f93f6b1b1bebe2cfb01993c4f41102fde53e6ce8e368064eca,2026-09-28T10:43:46.907221+00:00,https://www.gobiernodecanarias.org/istac/aviso_legal.html,distinct_persons,phase6-v1,2024,tenerife,island,PEDIATRIA_AP,Servicio Pediatría AP; edad individual no publicada,distinct_persons,DOMICILIO,15.0,persons,OBSERVED,siap_original_service_v1,2024
https://datos.canarias.es/api/estadisticas/statistical-resources/v1.0/datasets/ISTAC/E54086A_000007/1.1.csv,1.1,9e648085116b93f93f6b1b1bebe2cfb01993c4f41102fde53e6ce8e368064eca,2026-09-28T10:43:46.907221+00:00,https://www.gobiernodecanarias.org/istac/aviso_legal.html,distinct_persons,phase6-v1,2024,tenerife,island,PEDIATRIA_AP,Servicio Pediatría AP; edad individual no publicada,distinct_persons,TELECONSULTA,46184.0,persons,OBSERVED,siap_original_service_v1,2024
https://datos.canarias.es/api/estadisticas/statistical-resources/v1.0/datasets/ISTAC/E54086A_000007/1.1.csv,1.1,9e648085116b93f93f6b1b1bebe2cfb01993c4f41102fde53e6ce8e368064eca,2026-09-28T10:43:46.907221+00:00,https://www.gobiernodecanarias.org/istac/aviso_legal.html,distinct_persons,phase6-v1,2024,tenerife,island,PEDIATRIA_AP,Servicio Pediatría AP; edad individual no publicada,distinct_persons,_T,138885.0,persons,OBSERVED,siap_original_service_v1,2024
https://datos.canarias.es/api/estadisticas/statistical-resources/v1.0/datasets/ISTAC/E54086A_000007/1.1.csv,1.1,9e648085116b93f93f6b1b1bebe2cfb01993c4f41102fde53e6ce8e368064eca,2026-09-28T10:43:46.907221+00:00,https://www.gobiernodecanarias.org/istac/aviso_legal.html,distinct_persons,phase6-v1,2024,tenerife,island,PEDIATRIA_AP,Servicio Pediatría AP; edad individual no publicada,distinct_persons,CENTRO,92686.0,persons,OBSERVED,siap_original_service_v1,2024
https://datos.canarias.es/api/estadisticas/statistical-resources/v1.0/datasets/ISTAC/E54086A_000007/1.1.csv,1.1,9e648085116b93f93f6b1b1bebe2cfb01993c4f41102fde53e6ce8e368064eca,2026-09-28T10:43:46.907221+00:00,https://www.gobiernodecanarias.org/istac/aviso_legal.html,distinct_persons,phase6-v1,2024,la-gomera,island,PEDIATRIA_AP,Servicio Pediatría AP; edad individual no publicada,distinct_persons,DOMICILIO,0.0,persons,OBSERVED,siap_original_service_v1,2024
https://datos.canarias.es/api/estadisticas/statistical-resources/v1.0/datasets/ISTAC/E54086A_000007/1.1.csv,1.1,9e648085116b93f93f6b1b1bebe2cfb01993c4f41102fde53e6ce8e368064eca,2026-09-28T10:43:46.907221+00:00,https://www.gobiernodecanarias.org/istac/aviso_legal.html,distinct_persons,phase6-v1,2024,la-gomera,island,PEDIATRIA_AP,Servicio Pediatría AP; edad individual no publicada,distinct_persons,TELECONSULTA,472.0,persons,OBSERVED,siap_original_service_v1,2024
https://datos.canarias.es/api/estadisticas/statistical-resources/v1.0/datasets/ISTAC/E54086A_000007/1.1.csv,1.1,9e648085116b93f93f6b1b1bebe2cfb01993c4f41102fde53e6ce8e368064eca,2026-09-28T10:43:46.907221+00:00,https://www.gobiernodecanarias.org/istac/aviso_legal.html,distinct_persons,phase6-v1,2024,la-gomera,island,PEDIATRIA_AP,Servicio Pediatría AP; edad individual no publicada,distinct_persons,_T,1641.0,persons,OBSERVED,siap_original_service_v1,2024
https://datos.canarias.es/api/estadisticas/statistical-resources/v1.0/datasets/ISTAC/E54086A_000007/1.1.csv,1.1,9e648085116b93f93f6b1b1bebe2cfb01993c4f41102fde53e6ce8e368064eca,2026-09-28T10:43:46.907221+00:00,https://www.gobiernodecanarias.org/istac/aviso_legal.html,distinct_persons,phase6-v1,2024,la-gomera,island,PEDIATRIA_AP,Servicio Pediatría AP; edad individual no publicada,distinct_persons,CENTRO,1169.0,persons,OBSERVED,siap_original_service_v1,2024
https://datos.canarias.es/api/estadisticas/statistical-resources/v1.0/datasets/ISTAC/E54086A_000007/1.1.csv,1.1,9e648085116b93f93f6b1b1bebe2cfb01993c4f41102fde53e6ce8e368064eca,2026-09-28T10:43:46.907221+00:00,https://www.gobiernodecanarias.org/istac/aviso_legal.html,distinct_persons,phase6-v1,2024,la-palma,island,PEDIATRIA_AP,Servicio Pediatría AP; edad individual no publicada,distinct_persons,DOMICILIO,7.0,persons,OBSERVED,siap_original_service_v1,2024
https://datos.canarias.es/api/estadisticas/statistical-resources/v1.0/datasets/ISTAC/E54086A_000007/1.1.csv,1.1,9e648085116b93f93f6b1b1bebe2cfb01993c4f41102fde53e6ce8e368064eca,2026-09-28T10:43:46.907221+00:00,https://www.gobiernodecanarias.org/istac/aviso_legal.html,distinct_persons,phase6-v1,2024,la-palma,island,PEDIATRIA_AP,Servicio Pediatría AP; edad individual no publicada,distinct_persons,TELECONSULTA,3578.0,persons,OBSERVED,siap_original_service_v1,2024
https://datos.canarias.es/api/estadisticas/statistical-resources/v1.0/datasets/ISTAC/E54086A_000007/1.1.csv,1.1,9e648085116b93f93f6b1b1bebe2cfb01993c4f41102fde53e6ce8e368064eca,2026-09-28T10:43:46.907221+00:00,https://www.gobiernodecanarias.org/istac/aviso_legal.html,distinct_persons,phase6-v1,2024,la-palma,island,PEDIATRIA_AP,Servicio Pediatría AP; edad individual no publicada,distinct_persons,_T,11390.0,persons,OBSERVED,siap_original_service_v1,2024
https://datos.canarias.es/api/estadisticas/statistical-resources/v1.0/datasets/ISTAC/E54086A_000007/1.1.csv,1.1,9e648085116b93f93f6b1b1bebe2cfb01993c4f41102fde53e6ce8e368064eca,2026-09-28T10:43:46.907221+00:00,https://www.gobiernodecanarias.org/istac/aviso_legal.html,distinct_persons,phase6-v1,2024,la-palma,island,PEDIATRIA_AP,Servicio Pediatría AP; edad individual no publicada,distinct_persons,CENTRO,7805.0,persons,OBSERVED,siap_original_service_v1,2024
https://datos.canarias.es/api/estadisticas/statistical-resources/v1.0/datasets/ISTAC/E54086A_000007/1.1.csv,1.1,9e648085116b93f93f6b1b1bebe2cfb01993c4f41102fde53e6ce8e368064eca,2026-09-28T10:43:46.907221+00:00,https://www.gobiernodecanarias.org/istac/aviso_legal.html,distinct_persons,phase6-v1,2024,el-hierro,island,PEDIATRIA_AP,Servicio Pediatría AP; edad individual no publicada,distinct_persons,DOMICILIO,0.0,persons,OBSERVED,siap_original_service_v1,2024
https://datos.canarias.es/api/estadisticas/statistical-resources/v1.0/datasets/ISTAC/E54086A_000007/1.1.csv,1.1,9e648085116b93f93f6b1b1bebe2cfb01993c4f41102fde53e6ce8e368064eca,2026-09-28T10:43:46.907221+00:00,https://www.gobiernodecanarias.org/istac/aviso_legal.html,distinct_persons,phase6-v1,2024,el-hierro,island,PEDIATRIA_AP,Servicio Pediatría AP; edad individual no publicada,distinct_persons,TELECONSULTA,410.0,persons,OBSERVED,siap_original_service_v1,2024
https://datos.canarias.es/api/estadisticas/statistical-resources/v1.0/datasets/ISTAC/E54086A_000007/1.1.csv,1.1,9e648085116b93f93f6b1b1bebe2cfb01993c4f41102fde53e6ce8e368064eca,2026-09-28T10:43:46.907221+00:00,https://www.gobiernodecanarias.org/istac/aviso_legal.html,distinct_persons,phase6-v1,2024,el-hierro,island,PEDIATRIA_AP,Servicio Pediatría AP; edad individual no publicada,distinct_persons,_T,1779.0,persons,OBSERVED,siap_original_service_v1,2024
https://datos.canarias.es/api/estadisticas/statistical-resources/v1.0/datasets/ISTAC/E54086A_000007/1.1.csv,1.1,9e648085116b93f93f6b1b1bebe2cfb01993c4f41102fde53e6ce8e368064eca,2026-09-28T10:43:46.907221+00:00,https://www.gobiernodecanarias.org/istac/aviso_legal.html,distinct_persons,phase6-v1,2024,el-hierro,island,PEDIATRIA_AP,Servicio Pediatría AP; edad individual no publicada,distinct_persons,CENTRO,1369.0,persons,OBSERVED,siap_original_service_v1,2024
https://datos.canarias.es/api/estadisticas/statistical-resources/v1.0/datasets/ISTAC/E54086A_000009/1.1.csv,1.1,cabfed254e7d144e9fd060cb8f22047ed9a56f026ee1f577beaa4022e6fbd7f4,2026-09-28T10:43:46.907616+00:00,https://www.gobiernodecanarias.org/istac/aviso_legal.html,frequentation,phase6-v1,2007,lanzarote,island,PEDIATRIA_AP,Servicio Pediatría AP; edad individual no publicada,frequentation,_T,5.08,consultations_per_assigned_person_year,OBSERVED,siap_original_service_v1,2007
https://datos.canarias.es/api/estadisticas/statistical-resources/v1.0/datasets/ISTAC/E54086A_000009/1.1.csv,1.1,cabfed254e7d144e9fd060cb8f22047ed9a56f026ee1f577beaa4022e6fbd7f4,2026-09-28T10:43:46.907616+00:00,https://www.gobiernodecanarias.org/istac/aviso_legal.html,frequentation,phase6-v1,2007,fuerteventura,island,PEDIATRIA_AP,Servicio Pediatría AP; edad individual no publicada,frequentation,_T,3.97,consultations_per_assigned_person_year,OBSERVED,siap_original_service_v1,2007
https://datos.canarias.es/api/estadisticas/statistical-resources/v1.0/datasets/ISTAC/E54086A_000009/1.1.csv,1.1,cabfed254e7d144e9fd060cb8f22047ed9a56f026ee1f577beaa4022e6fbd7f4,2026-09-28T10:43:46.907616+00:00,https://www.gobiernodecanarias.org/istac/aviso_legal.html,frequentation,phase6-v1,2007,gran-canaria,island,PEDIATRIA_AP,Servicio Pediatría AP; edad individual no publicada,frequentation,_T,5.61,consultations_per_assigned_person_year,OBSERVED,siap_original_service_v1,2007
https://datos.canarias.es/api/estadisticas/statistical-resources/v1.0/datasets/ISTAC/E54086A_000009/1.1.csv,1.1,cabfed254e7d144e9fd060cb8f22047ed9a56f026ee1f577beaa4022e6fbd7f4,2026-09-28T10:43:46.907616+00:00,https://www.gobiernodecanarias.org/istac/aviso_legal.html,frequentation,phase6-v1,2007,tenerife,island,PEDIATRIA_AP,Servicio Pediatría AP; edad individual no publicada,frequentation,_T,5.69,consultations_per_assigned_person_year,OBSERVED,siap_original_service_v1,2007
https://datos.canarias.es/api/estadisticas/statistical-resources/v1.0/datasets/ISTAC/E54086A_000009/1.1.csv,1.1,cabfed254e7d144e9fd060cb8f22047ed9a56f026ee1f577beaa4022e6fbd7f4,2026-09-28T10:43:46.907616+00:00,https://www.gobiernodecanarias.org/istac/aviso_legal.html,frequentation,phase6-v1,2007,la-gomera,island,PEDIATRIA_AP,Servicio Pediatría AP; edad individual no publicada,frequentation,_T,3.45,consultations_per_assigned_person_year,OBSERVED,siap_original_service_v1,2007
https://datos.canarias.es/api/estadisticas/statistical-resources/v1.0/datasets/ISTAC/E54086A_000009/1.1.csv,1.1,cabfed254e7d144e9fd060cb8f22047ed9a56f026ee1f577beaa4022e6fbd7f4,2026-09-28T10:43:46.907616+00:00,https://www.gobiernodecanarias.org/istac/aviso_legal.html,frequentation,phase6-v1,2007,la-palma,island,PEDIATRIA_AP,Servicio Pediatría AP; edad individual no publicada,frequentation,_T,6.82,consultations_per_assigned_person_year,OBSERVED,siap_original_service_v1,2007
https://datos.canarias.es/api/estadisticas/statistical-resources/v1.0/datasets/ISTAC/E54086A_000009/1.1.csv,1.1,cabfed254e7d144e9fd060cb8f22047ed9a56f026ee1f577beaa4022e6fbd7f4,2026-09-28T10:43:46.907616+00:00,https://www.gobiernodecanarias.org/istac/aviso_legal.html,frequentation,phase6-v1,2007,el-hierro,island,PEDIATRIA_AP,Servicio Pediatría AP; edad individual no publicada,frequentation,_T,7.69,consultations_per_assigned_person_year,OBSERVED,siap_original_service_v1,2007
https://datos.canarias.es/api/estadisticas/statistical-resources/v1.0/datasets/ISTAC/E54086A_000009/1.1.csv,1.1,cabfed254e7d144e9fd060cb8f22047ed9a56f026ee1f577beaa4022e6fbd7f4,2026-09-28T10:43:46.907616+00:00,https://www.gobiernodecanarias.org/istac/aviso_legal.html,frequentation,phase6-v1,2008,lanzarote,island,PEDIATRIA_AP,Servicio Pediatría AP; edad individual no publicada,frequentation,_T,5.28,consultations_per_assigned_person_year,OBSERVED,siap_original_service_v1,2008
https://datos.canarias.es/api/estadisticas/statistical-resources/v1.0/datasets/ISTAC/E54086A_000009/1.1.csv,1.1,cabfed254e7d144e9fd060cb8f22047ed9a56f026ee1f577beaa4022e6fbd7f4,2026-09-28T10:43:46.907616+00:00,https://www.gobiernodecanarias.org/istac/aviso_legal.html,frequentation,phase6-v1,2008,fuerteventura,island,PEDIATRIA_AP,Servicio Pediatría AP; edad individual no publicada,frequentation,_T,4.44,consultations_per_assigned_person_year,OBSERVED,siap_original_service_v1,2008
https://datos.canarias.es/api/estadisticas/statistical-resources/v1.0/datasets/ISTAC/E54086A_000009/1.1.csv,1.1,cabfed254e7d144e9fd060cb8f22047ed9a56f026ee1f577beaa4022e6fbd7f4,2026-09-28T10:43:46.907616+00:00,https://www.gobiernodecanarias.org/istac/aviso_legal.html,frequentation,phase6-v1,2008,gran-canaria,island,PEDIATRIA_AP,Servicio Pediatría AP; edad individual no publicada,frequentation,_T,5.67,consultations_per_assigned_person_year,OBSERVED,siap_original_service_v1,2008
https://datos.canarias.es/api/estadisticas/statistical-resources/v1.0/datasets/ISTAC/E54086A_000009/1.1.csv,1.1,cabfed254e7d144e9fd060cb8f22047ed9a56f026ee1f577beaa4022e6fbd7f4,2026-09-28T10:43:46.907616+00:00,https://www.gobiernodecanarias.org/istac/aviso_legal.html,frequentation,phase6-v1,2008,tenerife,island,PEDIATRIA_AP,Servicio Pediatría AP; edad individual no publicada,frequentation,_T,5.85,consultations_per_assigned_person_year,OBSERVED,siap_original_service_v1,2008
https://datos.canarias.es/api/estadisticas/statistical-resources/v1.0/datasets/ISTAC/E54086A_000009/1.1.csv,1.1,cabfed254e7d144e9fd060cb8f22047ed9a56f026ee1f577beaa4022e6fbd7f4,2026-09-28T10:43:46.907616+00:00,https://www.gobiernodecanarias.org/istac/aviso_legal.html,frequentation,phase6-v1,2008,la-gomera,island,PEDIATRIA_AP,Servicio Pediatría AP; edad individual no publicada,frequentation,_T,3.98,consultations_per_assigned_person_year,OBSERVED,siap_original_service_v1,2008
https://datos.canarias.es/api/estadisticas/statistical-resources/v1.0/datasets/ISTAC/E54086A_000009/1.1.csv,1.1,cabfed254e7d144e9fd060cb8f22047ed9a56f026ee1f577beaa4022e6fbd7f4,2026-09-28T10:43:46.907616+00:00,https://www.gobiernodecanarias.org/istac/aviso_legal.html,frequentation,phase6-v1,2008,la-palma,island,PEDIATRIA_AP,Servicio Pediatría AP; edad individual no publicada,frequentation,_T,6.34,consultations_per_assigned_person_year,OBSERVED,siap_original_service_v1,2008
https://datos.canarias.es/api/estadisticas/statistical-resources/v1.0/datasets/ISTAC/E54086A_000009/1.1.csv,1.1,cabfed254e7d144e9fd060cb8f22047ed9a56f026ee1f577beaa4022e6fbd7f4,2026-09-28T10:43:46.907616+00:00,https://www.gobiernodecanarias.org/istac/aviso_legal.html,frequentation,phase6-v1,2008,el-hierro,island,PEDIATRIA_AP,Servicio Pediatría AP; edad individual no publicada,frequentation,_T,8.8,consultations_per_assigned_person_year,OBSERVED,siap_original_service_v1,2008
https://datos.canarias.es/api/estadisticas/statistical-resources/v1.0/datasets/ISTAC/E54086A_000009/1.1.csv,1.1,cabfed254e7d144e9fd060cb8f22047ed9a56f026ee1f577beaa4022e6fbd7f4,2026-09-28T10:43:46.907616+00:00,https://www.gobiernodecanarias.org/istac/aviso_legal.html,frequentation,phase6-v1,2009,lanzarote,island,PEDIATRIA_AP,Servicio Pediatría AP; edad individual no publicada,frequentation,_T,5.36,consultations_per_assigned_person_year,OBSERVED,siap_original_service_v1,2009
https://datos.canarias.es/api/estadisticas/statistical-resources/v1.0/datasets/ISTAC/E54086A_000009/1.1.csv,1.1,cabfed254e7d144e9fd060cb8f22047ed9a56f026ee1f577beaa4022e6fbd7f4,2026-09-28T10:43:46.907616+00:00,https://www.gobiernodecanarias.org/istac/aviso_legal.html,frequentation,phase6-v1,2009,fuerteventura,island,PEDIATRIA_AP,Servicio Pediatría AP; edad individual no publicada,frequentation,_T,4.1,consultations_per_assigned_person_year,OBSERVED,siap_original_service_v1,2009
https://datos.canarias.es/api/estadisticas/statistical-resources/v1.0/datasets/ISTAC/E54086A_000009/1.1.csv,1.1,cabfed254e7d144e9fd060cb8f22047ed9a56f026ee1f577beaa4022e6fbd7f4,2026-09-28T10:43:46.907616+00:00,https://www.gobiernodecanarias.org/istac/aviso_legal.html,frequentation,phase6-v1,2009,gran-canaria,island,PEDIATRIA_AP,Servicio Pediatría AP; edad individual no publicada,frequentation,_T,5.77,consultations_per_assigned_person_year,OBSERVED,siap_original_service_v1,2009
https://datos.canarias.es/api/estadisticas/statistical-resources/v1.0/datasets/ISTAC/E54086A_000009/1.1.csv,1.1,cabfed254e7d144e9fd060cb8f22047ed9a56f026ee1f577beaa4022e6fbd7f4,2026-09-28T10:43:46.907616+00:00,https://www.gobiernodecanarias.org/istac/aviso_legal.html,frequentation,phase6-v1,2009,tenerife,island,PEDIATRIA_AP,Servicio Pediatría AP; edad individual no publicada,frequentation,_T,6.09,consultations_per_assigned_person_year,OBSERVED,siap_original_service_v1,2009
https://datos.canarias.es/api/estadisticas/statistical-resources/v1.0/datasets/ISTAC/E54086A_000009/1.1.csv,1.1,cabfed254e7d144e9fd060cb8f22047ed9a56f026ee1f577beaa4022e6fbd7f4,2026-09-28T10:43:46.907616+00:00,https://www.gobiernodecanarias.org/istac/aviso_legal.html,frequentation,phase6-v1,2009,la-gomera,island,PEDIATRIA_AP,Servicio Pediatría AP; edad individual no publicada,frequentation,_T,4.85,consultations_per_assigned_person_year,OBSERVED,siap_original_service_v1,2009
https://datos.canarias.es/api/estadisticas/statistical-resources/v1.0/datasets/ISTAC/E54086A_000009/1.1.csv,1.1,cabfed254e7d144e9fd060cb8f22047ed9a56f026ee1f577beaa4022e6fbd7f4,2026-09-28T10:43:46.907616+00:00,https://www.gobiernodecanarias.org/istac/aviso_legal.html,frequentation,phase6-v1,2009,la-palma,island,PEDIATRIA_AP,Servicio Pediatría AP; edad individual no publicada,frequentation,_T,6.56,consultations_per_assigned_person_year,OBSERVED,siap_original_service_v1,2009
https://datos.canarias.es/api/estadisticas/statistical-resources/v1.0/datasets/ISTAC/E54086A_000009/1.1.csv,1.1,cabfed254e7d144e9fd060cb8f22047ed9a56f026ee1f577beaa4022e6fbd7f4,2026-09-28T10:43:46.907616+00:00,https://www.gobiernodecanarias.org/istac/aviso_legal.html,frequentation,phase6-v1,2009,el-hierro,island,PEDIATRIA_AP,Servicio Pediatría AP; edad individual no publicada,frequentation,_T,8.88,consultations_per_assigned_person_year,OBSERVED,siap_original_service_v1,2009
https://datos.canarias.es/api/estadisticas/statistical-resources/v1.0/datasets/ISTAC/E54086A_000009/1.1.csv,1.1,cabfed254e7d144e9fd060cb8f22047ed9a56f026ee1f577beaa4022e6fbd7f4,2026-09-28T10:43:46.907616+00:00,https://www.gobiernodecanarias.org/istac/aviso_legal.html,frequentation,phase6-v1,2010,lanzarote,island,PEDIATRIA_AP,Servicio Pediatría AP; edad individual no publicada,frequentation,_T,4.77,consultations_per_assigned_person_year,OBSERVED,siap_original_service_v1,2010
https://datos.canarias.es/api/estadisticas/statistical-resources/v1.0/datasets/ISTAC/E54086A_000009/1.1.csv,1.1,cabfed254e7d144e9fd060cb8f22047ed9a56f026ee1f577beaa4022e6fbd7f4,2026-09-28T10:43:46.907616+00:00,https://www.gobiernodecanarias.org/istac/aviso_legal.html,frequentation,phase6-v1,2010,fuerteventura,island,PEDIATRIA_AP,Servicio Pediatría AP; edad individual no publicada,frequentation,_T,3.82,consultations_per_assigned_person_year,OBSERVED,siap_original_service_v1,2010
https://datos.canarias.es/api/estadisticas/statistical-resources/v1.0/datasets/ISTAC/E54086A_000009/1.1.csv,1.1,cabfed254e7d144e9fd060cb8f22047ed9a56f026ee1f577beaa4022e6fbd7f4,2026-09-28T10:43:46.907616+00:00,https://www.gobiernodecanarias.org/istac/aviso_legal.html,frequentation,phase6-v1,2010,gran-canaria,island,PEDIATRIA_AP,Servicio Pediatría AP; edad individual no publicada,frequentation,_T,5.16,consultations_per_assigned_person_year,OBSERVED,siap_original_service_v1,2010
https://datos.canarias.es/api/estadisticas/statistical-resources/v1.0/datasets/ISTAC/E54086A_000009/1.1.csv,1.1,cabfed254e7d144e9fd060cb8f22047ed9a56f026ee1f577beaa4022e6fbd7f4,2026-09-28T10:43:46.907616+00:00,https://www.gobiernodecanarias.org/istac/aviso_legal.html,frequentation,phase6-v1,2010,tenerife,island,PEDIATRIA_AP,Servicio Pediatría AP; edad individual no publicada,frequentation,_T,5.69,consultations_per_assigned_person_year,OBSERVED,siap_original_service_v1,2010
https://datos.canarias.es/api/estadisticas/statistical-resources/v1.0/datasets/ISTAC/E54086A_000009/1.1.csv,1.1,cabfed254e7d144e9fd060cb8f22047ed9a56f026ee1f577beaa4022e6fbd7f4,2026-09-28T10:43:46.907616+00:00,https://www.gobiernodecanarias.org/istac/aviso_legal.html,frequentation,phase6-v1,2010,la-gomera,island,PEDIATRIA_AP,Servicio Pediatría AP; edad individual no publicada,frequentation,_T,5.41,consultations_per_assigned_person_year,OBSERVED,siap_original_service_v1,2010
https://datos.canarias.es/api/estadisticas/statistical-resources/v1.0/datasets/ISTAC/E54086A_000009/1.1.csv,1.1,cabfed254e7d144e9fd060cb8f22047ed9a56f026ee1f577beaa4022e6fbd7f4,2026-09-28T10:43:46.907616+00:00,https://www.gobiernodecanarias.org/istac/aviso_legal.html,frequentation,phase6-v1,2010,la-palma,island,PEDIATRIA_AP,Servicio Pediatría AP; edad individual no publicada,frequentation,_T,5.89,consultations_per_assigned_person_year,OBSERVED,siap_original_service_v1,2010
https://datos.canarias.es/api/estadisticas/statistical-resources/v1.0/datasets/ISTAC/E54086A_000009/1.1.csv,1.1,cabfed254e7d144e9fd060cb8f22047ed9a56f026ee1f577beaa4022e6fbd7f4,2026-09-28T10:43:46.907616+00:00,https://www.gobiernodecanarias.org/istac/aviso_legal.html,frequentation,phase6-v1,2010,el-hierro,island,PEDIATRIA_AP,Servicio Pediatría AP; edad individual no publicada,frequentation,_T,8.35,consultations_per_assigned_person_year,OBSERVED,siap_original_service_v1,2010
https://datos.canarias.es/api/estadisticas/statistical-resources/v1.0/datasets/ISTAC/E54086A_000009/1.1.csv,1.1,cabfed254e7d144e9fd060cb8f22047ed9a56f026ee1f577beaa4022e6fbd7f4,2026-09-28T10:43:46.907616+00:00,https://www.gobiernodecanarias.org/istac/aviso_legal.html,frequentation,phase6-v1,2011,lanzarote,island,PEDIATRIA_AP,Servicio Pediatría AP; edad individual no publicada,frequentation,_T,4.93,consultations_per_assigned_person_year,OBSERVED,siap_original_service_v1,2011
https://datos.canarias.es/api/estadisticas/statistical-resources/v1.0/datasets/ISTAC/E54086A_000009/1.1.csv,1.1,cabfed254e7d144e9fd060cb8f22047ed9a56f026ee1f577beaa4022e6fbd7f4,2026-09-28T10:43:46.907616+00:00,https://www.gobiernodecanarias.org/istac/aviso_legal.html,frequentation,phase6-v1,2011,fuerteventura,island,PEDIATRIA_AP,Servicio Pediatría AP; edad individual no publicada,frequentation,_T,3.91,consultations_per_assigned_person_year,OBSERVED,siap_original_service_v1,2011
https://datos.canarias.es/api/estadisticas/statistical-resources/v1.0/datasets/ISTAC/E54086A_000009/1.1.csv,1.1,cabfed254e7d144e9fd060cb8f22047ed9a56f026ee1f577beaa4022e6fbd7f4,2026-09-28T10:43:46.907616+00:00,https://www.gobiernodecanarias.org/istac/aviso_legal.html,frequentation,phase6-v1,2011,gran-canaria,island,PEDIATRIA_AP,Servicio Pediatría AP; edad individual no publicada,frequentation,_T,5.35,consultations_per_assigned_person_year,OBSERVED,siap_original_service_v1,2011
https://datos.canarias.es/api/estadisticas/statistical-resources/v1.0/datasets/ISTAC/E54086A_000009/1.1.csv,1.1,cabfed254e7d144e9fd060cb8f22047ed9a56f026ee1f577beaa4022e6fbd7f4,2026-09-28T10:43:46.907616+00:00,https://www.gobiernodecanarias.org/istac/aviso_legal.html,frequentation,phase6-v1,2011,tenerife,island,PEDIATRIA_AP,Servicio Pediatría AP; edad individual no publicada,frequentation,_T,5.8,consultations_per_assigned_person_year,OBSERVED,siap_original_service_v1,2011
https://datos.canarias.es/api/estadisticas/statistical-resources/v1.0/datasets/ISTAC/E54086A_000009/1.1.csv,1.1,cabfed254e7d144e9fd060cb8f22047ed9a56f026ee1f577beaa4022e6fbd7f4,2026-09-28T10:43:46.907616+00:00,https://www.gobiernodecanarias.org/istac/aviso_legal.html,frequentation,phase6-v1,2011,la-gomera,island,PEDIATRIA_AP,Servicio Pediatría AP; edad individual no publicada,frequentation,_T,5.82,consultations_per_assigned_person_year,OBSERVED,siap_original_service_v1,2011
https://datos.canarias.es/api/estadisticas/statistical-resources/v1.0/datasets/ISTAC/E54086A_000009/1.1.csv,1.1,cabfed254e7d144e9fd060cb8f22047ed9a56f026ee1f577beaa4022e6fbd7f4,2026-09-28T10:43:46.907616+00:00,https://www.gobiernodecanarias.org/istac/aviso_legal.html,frequentation,phase6-v1,2011,la-palma,island,PEDIATRIA_AP,Servicio Pediatría AP; edad individual no publicada,frequentation,_T,6.1,consultations_per_assigned_person_year,OBSERVED,siap_original_service_v1,2011
https://datos.canarias.es/api/estadisticas/statistical-resources/v1.0/datasets/ISTAC/E54086A_000009/1.1.csv,1.1,cabfed254e7d144e9fd060cb8f22047ed9a56f026ee1f577beaa4022e6fbd7f4,2026-09-28T10:43:46.907616+00:00,https://www.gobiernodecanarias.org/istac/aviso_legal.html,frequentation,phase6-v1,2011,el-hierro,island,PEDIATRIA_AP,Servicio Pediatría AP; edad individual no publicada,frequentation,_T,8.1,consultations_per_assigned_person_year,OBSERVED,siap_original_service_v1,2011
https://datos.canarias.es/api/estadisticas/statistical-resources/v1.0/datasets/ISTAC/E54086A_000009/1.1.csv,1.1,cabfed254e7d144e9fd060cb8f22047ed9a56f026ee1f577beaa4022e6fbd7f4,2026-09-28T10:43:46.907616+00:00,https://www.gobiernodecanarias.org/istac/aviso_legal.html,frequentation,phase6-v1,2012,lanzarote,island,PEDIATRIA_AP,Servicio Pediatría AP; edad individual no publicada,frequentation,_T,5.14,consultations_per_assigned_person_year,OBSERVED,siap_original_service_v1,2012
https://datos.canarias.es/api/estadisticas/statistical-resources/v1.0/datasets/ISTAC/E54086A_000009/1.1.csv,1.1,cabfed254e7d144e9fd060cb8f22047ed9a56f026ee1f577beaa4022e6fbd7f4,2026-09-28T10:43:46.907616+00:00,https://www.gobiernodecanarias.org/istac/aviso_legal.html,frequentation,phase6-v1,2012,fuerteventura,island,PEDIATRIA_AP,Servicio Pediatría AP; edad individual no publicada,frequentation,_T,4.0,consultations_per_assigned_person_year,OBSERVED,siap_original_service_v1,2012
https://datos.canarias.es/api/estadisticas/statistical-resources/v1.0/datasets/ISTAC/E54086A_000009/1.1.csv,1.1,cabfed254e7d144e9fd060cb8f22047ed9a56f026ee1f577beaa4022e6fbd7f4,2026-09-28T10:43:46.907616+00:00,https://www.gobiernodecanarias.org/istac/aviso_legal.html,frequentation,phase6-v1,2012,gran-canaria,island,PEDIATRIA_AP,Servicio Pediatría AP; edad individual no publicada,frequentation,_T,5.28,consultations_per_assigned_person_year,OBSERVED,siap_original_service_v1,2012
https://datos.canarias.es/api/estadisticas/statistical-resources/v1.0/datasets/ISTAC/E54086A_000009/1.1.csv,1.1,cabfed254e7d144e9fd060cb8f22047ed9a56f026ee1f577beaa4022e6fbd7f4,2026-09-28T10:43:46.907616+00:00,https://www.gobiernodecanarias.org/istac/aviso_legal.html,frequentation,phase6-v1,2012,tenerife,island,PEDIATRIA_AP,Servicio Pediatría AP; edad individual no publicada,frequentation,_T,5.71,consultations_per_assigned_person_year,OBSERVED,siap_original_service_v1,2012
https://datos.canarias.es/api/estadisticas/statistical-resources/v1.0/datasets/ISTAC/E54086A_000009/1.1.csv,1.1,cabfed254e7d144e9fd060cb8f22047ed9a56f026ee1f577beaa4022e6fbd7f4,2026-09-28T10:43:46.907616+00:00,https://www.gobiernodecanarias.org/istac/aviso_legal.html,frequentation,phase6-v1,2012,la-gomera,island,PEDIATRIA_AP,Servicio Pediatría AP; edad individual no publicada,frequentation,_T,4.84,consultations_per_assigned_person_year,OBSERVED,siap_original_service_v1,2012
https://datos.canarias.es/api/estadisticas/statistical-resources/v1.0/datasets/ISTAC/E54086A_000009/1.1.csv,1.1,cabfed254e7d144e9fd060cb8f22047ed9a56f026ee1f577beaa4022e6fbd7f4,2026-09-28T10:43:46.907616+00:00,https://www.gobiernodecanarias.org/istac/aviso_legal.html,frequentation,phase6-v1,2012,la-palma,island,PEDIATRIA_AP,Servicio Pediatría AP; edad individual no publicada,frequentation,_T,5.93,consultations_per_assigned_person_year,OBSERVED,siap_original_service_v1,2012
https://datos.canarias.es/api/estadisticas/statistical-resources/v1.0/datasets/ISTAC/E54086A_000009/1.1.csv,1.1,cabfed254e7d144e9fd060cb8f22047ed9a56f026ee1f577beaa4022e6fbd7f4,2026-09-28T10:43:46.907616+00:00,https://www.gobiernodecanarias.org/istac/aviso_legal.html,frequentation,phase6-v1,2012,el-hierro,island,PEDIATRIA_AP,Servicio Pediatría AP; edad individual no publicada,frequentation,_T,7.74,consultations_per_assigned_person_year,OBSERVED,siap_original_service_v1,2012
https://datos.canarias.es/api/estadisticas/statistical-resources/v1.0/datasets/ISTAC/E54086A_000009/1.1.csv,1.1,cabfed254e7d144e9fd060cb8f22047ed9a56f026ee1f577beaa4022e6fbd7f4,2026-09-28T10:43:46.907616+00:00,https://www.gobiernodecanarias.org/istac/aviso_legal.html,frequentation,phase6-v1,2013,lanzarote,island,PEDIATRIA_AP,Servicio Pediatría AP; edad individual no publicada,frequentation,_T,4.97,consultations_per_assigned_person_year,OBSERVED,siap_original_service_v1,2013
https://datos.canarias.es/api/estadisticas/statistical-resources/v1.0/datasets/ISTAC/E54086A_000009/1.1.csv,1.1,cabfed254e7d144e9fd060cb8f22047ed9a56f026ee1f577beaa4022e6fbd7f4,2026-09-28T10:43:46.907616+00:00,https://www.gobiernodecanarias.org/istac/aviso_legal.html,frequentation,phase6-v1,2013,fuerteventura,island,PEDIATRIA_AP,Servicio Pediatría AP; edad individual no publicada,frequentation,_T,3.97,consultations_per_assigned_person_year,OBSERVED,siap_original_service_v1,2013
https://datos.canarias.es/api/estadisticas/statistical-resources/v1.0/datasets/ISTAC/E54086A_000009/1.1.csv,1.1,cabfed254e7d144e9fd060cb8f22047ed9a56f026ee1f577beaa4022e6fbd7f4,2026-09-28T10:43:46.907616+00:00,https://www.gobiernodecanarias.org/istac/aviso_legal.html,frequentation,phase6-v1,2013,gran-canaria,island,PEDIATRIA_AP,Servicio Pediatría AP; edad individual no publicada,frequentation,_T,5.24,consultations_per_assigned_person_year,OBSERVED,siap_original_service_v1,2013
https://datos.canarias.es/api/estadisticas/statistical-resources/v1.0/datasets/ISTAC/E54086A_000009/1.1.csv,1.1,cabfed254e7d144e9fd060cb8f22047ed9a56f026ee1f577beaa4022e6fbd7f4,2026-09-28T10:43:46.907616+00:00,https://www.gobiernodecanarias.org/istac/aviso_legal.html,frequentation,phase6-v1,2013,tenerife,island,PEDIATRIA_AP,Servicio Pediatría AP; edad individual no publicada,frequentation,_T,5.58,consultations_per_assigned_person_year,OBSERVED,siap_original_service_v1,2013
https://datos.canarias.es/api/estadisticas/statistical-resources/v1.0/datasets/ISTAC/E54086A_000009/1.1.csv,1.1,cabfed254e7d144e9fd060cb8f22047ed9a56f026ee1f577beaa4022e6fbd7f4,2026-09-28T10:43:46.907616+00:00,https://www.gobiernodecanarias.org/istac/aviso_legal.html,frequentation,phase6-v1,2013,la-gomera,island,PEDIATRIA_AP,Servicio Pediatría AP; edad individual no publicada,frequentation,_T,4.89,consultations_per_assigned_person_year,OBSERVED,siap_original_service_v1,2013
https://datos.canarias.es/api/estadisticas/statistical-resources/v1.0/datasets/ISTAC/E54086A_000009/1.1.csv,1.1,cabfed254e7d144e9fd060cb8f22047ed9a56f026ee1f577beaa4022e6fbd7f4,2026-09-28T10:43:46.907616+00:00,https://www.gobiernodecanarias.org/istac/aviso_legal.html,frequentation,phase6-v1,2013,la-palma,island,PEDIATRIA_AP,Servicio Pediatría AP; edad individual no publicada,frequentation,_T,6.07,consultations_per_assigned_person_year,OBSERVED,siap_original_service_v1,2013
https://datos.canarias.es/api/estadisticas/statistical-resources/v1.0/datasets/ISTAC/E54086A_000009/1.1.csv,1.1,cabfed254e7d144e9fd060cb8f22047ed9a56f026ee1f577beaa4022e6fbd7f4,2026-09-28T10:43:46.907616+00:00,https://www.gobiernodecanarias.org/istac/aviso_legal.html,frequentation,phase6-v1,2013,el-hierro,island,PEDIATRIA_AP,Servicio Pediatría AP; edad individual no publicada,frequentation,_T,8.04,consultations_per_assigned_person_year,OBSERVED,siap_original_service_v1,2013
https://datos.canarias.es/api/estadisticas/statistical-resources/v1.0/datasets/ISTAC/E54086A_000009/1.1.csv,1.1,cabfed254e7d144e9fd060cb8f22047ed9a56f026ee1f577beaa4022e6fbd7f4,2026-09-28T10:43:46.907616+00:00,https://www.gobiernodecanarias.org/istac/aviso_legal.html,frequentation,phase6-v1,2014,lanzarote,island,PEDIATRIA_AP,Servicio Pediatría AP; edad individual no publicada,frequentation,_T,5.24,consultations_per_assigned_person_year,OBSERVED,siap_original_service_v1,2014
https://datos.canarias.es/api/estadisticas/statistical-resources/v1.0/datasets/ISTAC/E54086A_000009/1.1.csv,1.1,cabfed254e7d144e9fd060cb8f22047ed9a56f026ee1f577beaa4022e6fbd7f4,2026-09-28T10:43:46.907616+00:00,https://www.gobiernodecanarias.org/istac/aviso_legal.html,frequentation,phase6-v1,2014,fuerteventura,island,PEDIATRIA_AP,Servicio Pediatría AP; edad individual no publicada,frequentation,_T,3.8,consultations_per_assigned_person_year,OBSERVED,siap_original_service_v1,2014
https://datos.canarias.es/api/estadisticas/statistical-resources/v1.0/datasets/ISTAC/E54086A_000009/1.1.csv,1.1,cabfed254e7d144e9fd060cb8f22047ed9a56f026ee1f577beaa4022e6fbd7f4,2026-09-28T10:43:46.907616+00:00,https://www.gobiernodecanarias.org/istac/aviso_legal.html,frequentation,phase6-v1,2014,gran-canaria,island,PEDIATRIA_AP,Servicio Pediatría AP; edad individual no publicada,frequentation,_T,5.35,consultations_per_assigned_person_year,OBSERVED,siap_original_service_v1,2014
https://datos.canarias.es/api/estadisticas/statistical-resources/v1.0/datasets/ISTAC/E54086A_000009/1.1.csv,1.1,cabfed254e7d144e9fd060cb8f22047ed9a56f026ee1f577beaa4022e6fbd7f4,2026-09-28T10:43:46.907616+00:00,https://www.gobiernodecanarias.org/istac/aviso_legal.html,frequentation,phase6-v1,2014,tenerife,island,PEDIATRIA_AP,Servicio Pediatría AP; edad individual no publicada,frequentation,_T,5.58,consultations_per_assigned_person_year,OBSERVED,siap_original_service_v1,2014
https://datos.canarias.es/api/estadisticas/statistical-resources/v1.0/datasets/ISTAC/E54086A_000009/1.1.csv,1.1,cabfed254e7d144e9fd060cb8f22047ed9a56f026ee1f577beaa4022e6fbd7f4,2026-09-28T10:43:46.907616+00:00,https://www.gobiernodecanarias.org/istac/aviso_legal.html,frequentation,phase6-v1,2014,la-gomera,island,PEDIATRIA_AP,Servicio Pediatría AP; edad individual no publicada,frequentation,_T,5.37,consultations_per_assigned_person_year,OBSERVED,siap_original_service_v1,2014
https://datos.canarias.es/api/estadisticas/statistical-resources/v1.0/datasets/ISTAC/E54086A_000009/1.1.csv,1.1,cabfed254e7d144e9fd060cb8f22047ed9a56f026ee1f577beaa4022e6fbd7f4,2026-09-28T10:43:46.907616+00:00,https://www.gobiernodecanarias.org/istac/aviso_legal.html,frequentation,phase6-v1,2014,la-palma,island,PEDIATRIA_AP,Servicio Pediatría AP; edad individual no publicada,frequentation,_T,5.7,consultations_per_assigned_person_year,OBSERVED,siap_original_service_v1,2014
https://datos.canarias.es/api/estadisticas/statistical-resources/v1.0/datasets/ISTAC/E54086A_000009/1.1.csv,1.1,cabfed254e7d144e9fd060cb8f22047ed9a56f026ee1f577beaa4022e6fbd7f4,2026-09-28T10:43:46.907616+00:00,https://www.gobiernodecanarias.org/istac/aviso_legal.html,frequentation,phase6-v1,2014,el-hierro,island,PEDIATRIA_AP,Servicio Pediatría AP; edad individual no publicada,frequentation,_T,7.66,consultations_per_assigned_person_year,OBSERVED,siap_original_service_v1,2014
https://datos.canarias.es/api/estadisticas/statistical-resources/v1.0/datasets/ISTAC/E54086A_000009/1.1.csv,1.1,cabfed254e7d144e9fd060cb8f22047ed9a56f026ee1f577beaa4022e6fbd7f4,2026-09-28T10:43:46.907616+00:00,https://www.gobiernodecanarias.org/istac/aviso_legal.html,frequentation,phase6-v1,2015,lanzarote,island,PEDIATRIA_AP,Servicio Pediatría AP; edad individual no publicada,frequentation,_T,5.32,consultations_per_assigned_person_year,OBSERVED,siap_original_service_v1,2015
https://datos.canarias.es/api/estadisticas/statistical-resources/v1.0/datasets/ISTAC/E54086A_000009/1.1.csv,1.1,cabfed254e7d144e9fd060cb8f22047ed9a56f026ee1f577beaa4022e6fbd7f4,2026-09-28T10:43:46.907616+00:00,https://www.gobiernodecanarias.org/istac/aviso_legal.html,frequentation,phase6-v1,2015,fuerteventura,island,PEDIATRIA_AP,Servicio Pediatría AP; edad individual no publicada,frequentation,_T,3.89,consultations_per_assigned_person_year,OBSERVED,siap_original_service_v1,2015
https://datos.canarias.es/api/estadisticas/statistical-resources/v1.0/datasets/ISTAC/E54086A_000009/1.1.csv,1.1,cabfed254e7d144e9fd060cb8f22047ed9a56f026ee1f577beaa4022e6fbd7f4,2026-09-28T10:43:46.907616+00:00,https://www.gobiernodecanarias.org/istac/aviso_legal.html,frequentation,phase6-v1,2015,gran-canaria,island,PEDIATRIA_AP,Servicio Pediatría AP; edad individual no publicada,frequentation,_T,5.38,consultations_per_assigned_person_year,OBSERVED,siap_original_service_v1,2015
https://datos.canarias.es/api/estadisticas/statistical-resources/v1.0/datasets/ISTAC/E54086A_000009/1.1.csv,1.1,cabfed254e7d144e9fd060cb8f22047ed9a56f026ee1f577beaa4022e6fbd7f4,2026-09-28T10:43:46.907616+00:00,https://www.gobiernodecanarias.org/istac/aviso_legal.html,frequentation,phase6-v1,2015,tenerife,island,PEDIATRIA_AP,Servicio Pediatría AP; edad individual no publicada,frequentation,_T,5.84,consultations_per_assigned_person_year,OBSERVED,siap_original_service_v1,2015
https://datos.canarias.es/api/estadisticas/statistical-resources/v1.0/datasets/ISTAC/E54086A_000009/1.1.csv,1.1,cabfed254e7d144e9fd060cb8f22047ed9a56f026ee1f577beaa4022e6fbd7f4,2026-09-28T10:43:46.907616+00:00,https://www.gobiernodecanarias.org/istac/aviso_legal.html,frequentation,phase6-v1,2015,la-gomera,island,PEDIATRIA_AP,Servicio Pediatría AP; edad individual no publicada,frequentation,_T,5.71,consultations_per_assigned_person_year,OBSERVED,siap_original_service_v1,2015
https://datos.canarias.es/api/estadisticas/statistical-resources/v1.0/datasets/ISTAC/E54086A_000009/1.1.csv,1.1,cabfed254e7d144e9fd060cb8f22047ed9a56f026ee1f577beaa4022e6fbd7f4,2026-09-28T10:43:46.907616+00:00,https://www.gobiernodecanarias.org/istac/aviso_legal.html,frequentation,phase6-v1,2015,la-palma,island,PEDIATRIA_AP,Servicio Pediatría AP; edad individual no publicada,frequentation,_T,5.96,consultations_per_assigned_person_year,OBSERVED,siap_original_service_v1,2015
https://datos.canarias.es/api/estadisticas/statistical-resources/v1.0/datasets/ISTAC/E54086A_000009/1.1.csv,1.1,cabfed254e7d144e9fd060cb8f22047ed9a56f026ee1f577beaa4022e6fbd7f4,2026-09-28T10:43:46.907616+00:00,https://www.gobiernodecanarias.org/istac/aviso_legal.html,frequentation,phase6-v1,2015,el-hierro,island,PEDIATRIA_AP,Servicio Pediatría AP; edad individual no publicada,frequentation,_T,7.57,consultations_per_assigned_person_year,OBSERVED,siap_original_service_v1,2015
https://datos.canarias.es/api/estadisticas/statistical-resources/v1.0/datasets/ISTAC/E54086A_000009/1.1.csv,1.1,cabfed254e7d144e9fd060cb8f22047ed9a56f026ee1f577beaa4022e6fbd7f4,2026-09-28T10:43:46.907616+00:00,https://www.gobiernodecanarias.org/istac/aviso_legal.html,frequentation,phase6-v1,2016,lanzarote,island,PEDIATRIA_AP,Servicio Pediatría AP; edad individual no publicada,frequentation,_T,5.34,consultations_per_assigned_person_year,OBSERVED,siap_original_service_v1,2016
https://datos.canarias.es/api/estadisticas/statistical-resources/v1.0/datasets/ISTAC/E54086A_000009/1.1.csv,1.1,cabfed254e7d144e9fd060cb8f22047ed9a56f026ee1f577beaa4022e6fbd7f4,2026-09-28T10:43:46.907616+00:00,https://www.gobiernodecanarias.org/istac/aviso_legal.html,frequentation,phase6-v1,2016,fuerteventura,island,PEDIATRIA_AP,Servicio Pediatría AP; edad individual no publicada,frequentation,_T,3.92,consultations_per_assigned_person_year,OBSERVED,siap_original_service_v1,2016
https://datos.canarias.es/api/estadisticas/statistical-resources/v1.0/datasets/ISTAC/E54086A_000009/1.1.csv,1.1,cabfed254e7d144e9fd060cb8f22047ed9a56f026ee1f577beaa4022e6fbd7f4,2026-09-28T10:43:46.907616+00:00,https://www.gobiernodecanarias.org/istac/aviso_legal.html,frequentation,phase6-v1,2016,gran-canaria,island,PEDIATRIA_AP,Servicio Pediatría AP; edad individual no publicada,frequentation,_T,5.44,consultations_per_assigned_person_year,OBSERVED,siap_original_service_v1,2016
https://datos.canarias.es/api/estadisticas/statistical-resources/v1.0/datasets/ISTAC/E54086A_000009/1.1.csv,1.1,cabfed254e7d144e9fd060cb8f22047ed9a56f026ee1f577beaa4022e6fbd7f4,2026-09-28T10:43:46.907616+00:00,https://www.gobiernodecanarias.org/istac/aviso_legal.html,frequentation,phase6-v1,2016,tenerife,island,PEDIATRIA_AP,Servicio Pediatría AP; edad individual no publicada,frequentation,_T,6.06,consultations_per_assigned_person_year,OBSERVED,siap_original_service_v1,2016
https://datos.canarias.es/api/estadisticas/statistical-resources/v1.0/datasets/ISTAC/E54086A_000009/1.1.csv,1.1,cabfed254e7d144e9fd060cb8f22047ed9a56f026ee1f577beaa4022e6fbd7f4,2026-09-28T10:43:46.907616+00:00,https://www.gobiernodecanarias.org/istac/aviso_legal.html,frequentation,phase6-v1,2016,la-gomera,island,PEDIATRIA_AP,Servicio Pediatría AP; edad individual no publicada,frequentation,_T,5.69,consultations_per_assigned_person_year,OBSERVED,siap_original_service_v1,2016
https://datos.canarias.es/api/estadisticas/statistical-resources/v1.0/datasets/ISTAC/E54086A_000009/1.1.csv,1.1,cabfed254e7d144e9fd060cb8f22047ed9a56f026ee1f577beaa4022e6fbd7f4,2026-09-28T10:43:46.907616+00:00,https://www.gobiernodecanarias.org/istac/aviso_legal.html,frequentation,phase6-v1,2016,la-palma,island,PEDIATRIA_AP,Servicio Pediatría AP; edad individual no publicada,frequentation,_T,5.93,consultations_per_assigned_person_year,OBSERVED,siap_original_service_v1,2016
https://datos.canarias.es/api/estadisticas/statistical-resources/v1.0/datasets/ISTAC/E54086A_000009/1.1.csv,1.1,cabfed254e7d144e9fd060cb8f22047ed9a56f026ee1f577beaa4022e6fbd7f4,2026-09-28T10:43:46.907616+00:00,https://www.gobiernodecanarias.org/istac/aviso_legal.html,frequentation,phase6-v1,2016,el-hierro,island,PEDIATRIA_AP,Servicio Pediatría AP; edad individual no publicada,frequentation,_T,7.65,consultations_per_assigned_person_year,OBSERVED,siap_original_service_v1,2016
https://datos.canarias.es/api/estadisticas/statistical-resources/v1.0/datasets/ISTAC/E54086A_000009/1.1.csv,1.1,cabfed254e7d144e9fd060cb8f22047ed9a56f026ee1f577beaa4022e6fbd7f4,2026-09-28T10:43:46.907616+00:00,https://www.gobiernodecanarias.org/istac/aviso_legal.html,frequentation,phase6-v1,2017,lanzarote,island,PEDIATRIA_AP,Servicio Pediatría AP; edad individual no publicada,frequentation,_T,5.51,consultations_per_assigned_person_year,OBSERVED,siap_original_service_v1,2017
https://datos.canarias.es/api/estadisticas/statistical-resources/v1.0/datasets/ISTAC/E54086A_000009/1.1.csv,1.1,cabfed254e7d144e9fd060cb8f22047ed9a56f026ee1f577beaa4022e6fbd7f4,2026-09-28T10:43:46.907616+00:00,https://www.gobiernodecanarias.org/istac/aviso_legal.html,frequentation,phase6-v1,2017,fuerteventura,island,PEDIATRIA_AP,Servicio Pediatría AP; edad individual no publicada,frequentation,_T,3.99,consultations_per_assigned_person_year,OBSERVED,siap_original_service_v1,2017
https://datos.canarias.es/api/estadisticas/statistical-resources/v1.0/datasets/ISTAC/E54086A_000009/1.1.csv,1.1,cabfed254e7d144e9fd060cb8f22047ed9a56f026ee1f577beaa4022e6fbd7f4,2026-09-28T10:43:46.907616+00:00,https://www.gobiernodecanarias.org/istac/aviso_legal.html,frequentation,phase6-v1,2017,gran-canaria,island,PEDIATRIA_AP,Servicio Pediatría AP; edad individual no publicada,frequentation,_T,5.46,consultations_per_assigned_person_year,OBSERVED,siap_original_service_v1,2017
https://datos.canarias.es/api/estadisticas/statistical-resources/v1.0/datasets/ISTAC/E54086A_000009/1.1.csv,1.1,cabfed254e7d144e9fd060cb8f22047ed9a56f026ee1f577beaa4022e6fbd7f4,2026-09-28T10:43:46.907616+00:00,https://www.gobiernodecanarias.org/istac/aviso_legal.html,frequentation,phase6-v1,2017,tenerife,island,PEDIATRIA_AP,Servicio Pediatría AP; edad individual no publicada,frequentation,_T,6.09,consultations_per_assigned_person_year,OBSERVED,siap_original_service_v1,2017
https://datos.canarias.es/api/estadisticas/statistical-resources/v1.0/datasets/ISTAC/E54086A_000009/1.1.csv,1.1,cabfed254e7d144e9fd060cb8f22047ed9a56f026ee1f577beaa4022e6fbd7f4,2026-09-28T10:43:46.907616+00:00,https://www.gobiernodecanarias.org/istac/aviso_legal.html,frequentation,phase6-v1,2017,la-gomera,island,PEDIATRIA_AP,Servicio Pediatría AP; edad individual no publicada,frequentation,_T,4.35,consultations_per_assigned_person_year,OBSERVED,siap_original_service_v1,2017
https://datos.canarias.es/api/estadisticas/statistical-resources/v1.0/datasets/ISTAC/E54086A_000009/1.1.csv,1.1,cabfed254e7d144e9fd060cb8f22047ed9a56f026ee1f577beaa4022e6fbd7f4,2026-09-28T10:43:46.907616+00:00,https://www.gobiernodecanarias.org/istac/aviso_legal.html,frequentation,phase6-v1,2017,la-palma,island,PEDIATRIA_AP,Servicio Pediatría AP; edad individual no publicada,frequentation,_T,6.11,consultations_per_assigned_person_year,OBSERVED,siap_original_service_v1,2017
https://datos.canarias.es/api/estadisticas/statistical-resources/v1.0/datasets/ISTAC/E54086A_000009/1.1.csv,1.1,cabfed254e7d144e9fd060cb8f22047ed9a56f026ee1f577beaa4022e6fbd7f4,2026-09-28T10:43:46.907616+00:00,https://www.gobiernodecanarias.org/istac/aviso_legal.html,frequentation,phase6-v1,2017,el-hierro,island,PEDIATRIA_AP,Servicio Pediatría AP; edad individual no publicada,frequentation,_T,7.67,consultations_per_assigned_person_year,OBSERVED,siap_original_service_v1,2017
https://datos.canarias.es/api/estadisticas/statistical-resources/v1.0/datasets/ISTAC/E54086A_000009/1.1.csv,1.1,cabfed254e7d144e9fd060cb8f22047ed9a56f026ee1f577beaa4022e6fbd7f4,2026-09-28T10:43:46.907616+00:00,https://www.gobiernodecanarias.org/istac/aviso_legal.html,frequentation,phase6-v1,2018,lanzarote,island,PEDIATRIA_AP,Servicio Pediatría AP; edad individual no publicada,frequentation,_T,5.24,consultations_per_assigned_person_year,OBSERVED,siap_original_service_v1,2018
https://datos.canarias.es/api/estadisticas/statistical-resources/v1.0/datasets/ISTAC/E54086A_000009/1.1.csv,1.1,cabfed254e7d144e9fd060cb8f22047ed9a56f026ee1f577beaa4022e6fbd7f4,2026-09-28T10:43:46.907616+00:00,https://www.gobiernodecanarias.org/istac/aviso_legal.html,frequentation,phase6-v1,2018,fuerteventura,island,PEDIATRIA_AP,Servicio Pediatría AP; edad individual no publicada,frequentation,_T,3.81,consultations_per_assigned_person_year,OBSERVED,siap_original_service_v1,2018
https://datos.canarias.es/api/estadisticas/statistical-resources/v1.0/datasets/ISTAC/E54086A_000009/1.1.csv,1.1,cabfed254e7d144e9fd060cb8f22047ed9a56f026ee1f577beaa4022e6fbd7f4,2026-09-28T10:43:46.907616+00:00,https://www.gobiernodecanarias.org/istac/aviso_legal.html,frequentation,phase6-v1,2018,gran-canaria,island,PEDIATRIA_AP,Servicio Pediatría AP; edad individual no publicada,frequentation,_T,5.22,consultations_per_assigned_person_year,OBSERVED,siap_original_service_v1,2018
https://datos.canarias.es/api/estadisticas/statistical-resources/v1.0/datasets/ISTAC/E54086A_000009/1.1.csv,1.1,cabfed254e7d144e9fd060cb8f22047ed9a56f026ee1f577beaa4022e6fbd7f4,2026-09-28T10:43:46.907616+00:00,https://www.gobiernodecanarias.org/istac/aviso_legal.html,frequentation,phase6-v1,2018,tenerife,island,PEDIATRIA_AP,Servicio Pediatría AP; edad individual no publicada,frequentation,_T,5.85,consultations_per_assigned_person_year,OBSERVED,siap_original_service_v1,2018
https://datos.canarias.es/api/estadisticas/statistical-resources/v1.0/datasets/ISTAC/E54086A_000009/1.1.csv,1.1,cabfed254e7d144e9fd060cb8f22047ed9a56f026ee1f577beaa4022e6fbd7f4,2026-09-28T10:43:46.907616+00:00,https://www.gobiernodecanarias.org/istac/aviso_legal.html,frequentation,phase6-v1,2018,la-gomera,island,PEDIATRIA_AP,Servicio Pediatría AP; edad individual no publicada,frequentation,_T,5.03,consultations_per_assigned_person_year,OBSERVED,siap_original_service_v1,2018
https://datos.canarias.es/api/estadisticas/statistical-resources/v1.0/datasets/ISTAC/E54086A_000009/1.1.csv,1.1,cabfed254e7d144e9fd060cb8f22047ed9a56f026ee1f577beaa4022e6fbd7f4,2026-09-28T10:43:46.907616+00:00,https://www.gobiernodecanarias.org/istac/aviso_legal.html,frequentation,phase6-v1,2018,la-palma,island,PEDIATRIA_AP,Servicio Pediatría AP; edad individual no publicada,frequentation,_T,5.86,consultations_per_assigned_person_year,OBSERVED,siap_original_service_v1,2018
https://datos.canarias.es/api/estadisticas/statistical-resources/v1.0/datasets/ISTAC/E54086A_000009/1.1.csv,1.1,cabfed254e7d144e9fd060cb8f22047ed9a56f026ee1f577beaa4022e6fbd7f4,2026-09-28T10:43:46.907616+00:00,https://www.gobiernodecanarias.org/istac/aviso_legal.html,frequentation,phase6-v1,2018,el-hierro,island,PEDIATRIA_AP,Servicio Pediatría AP; edad individual no publicada,frequentation,_T,7.06,consultations_per_assigned_person_year,OBSERVED,siap_original_service_v1,2018
https://datos.canarias.es/api/estadisticas/statistical-resources/v1.0/datasets/ISTAC/E54086A_000009/1.1.csv,1.1,cabfed254e7d144e9fd060cb8f22047ed9a56f026ee1f577beaa4022e6fbd7f4,2026-09-28T10:43:46.907616+00:00,https://www.gobiernodecanarias.org/istac/aviso_legal.html,frequentation,phase6-v1,2019,lanzarote,island,PEDIATRIA_AP,Servicio Pediatría AP; edad individual no publicada,frequentation,_T,3.7,consultations_per_assigned_person_year,OBSERVED,siap_original_service_v1,2019
https://datos.canarias.es/api/estadisticas/statistical-resources/v1.0/datasets/ISTAC/E54086A_000009/1.1.csv,1.1,cabfed254e7d144e9fd060cb8f22047ed9a56f026ee1f577beaa4022e6fbd7f4,2026-09-28T10:43:46.907616+00:00,https://www.gobiernodecanarias.org/istac/aviso_legal.html,frequentation,phase6-v1,2019,fuerteventura,island,PEDIATRIA_AP,Servicio Pediatría AP; edad individual no publicada,frequentation,_T,5.11,consultations_per_assigned_person_year,OBSERVED,siap_original_service_v1,2019
https://datos.canarias.es/api/estadisticas/statistical-resources/v1.0/datasets/ISTAC/E54086A_000009/1.1.csv,1.1,cabfed254e7d144e9fd060cb8f22047ed9a56f026ee1f577beaa4022e6fbd7f4,2026-09-28T10:43:46.907616+00:00,https://www.gobiernodecanarias.org/istac/aviso_legal.html,frequentation,phase6-v1,2019,gran-canaria,island,PEDIATRIA_AP,Servicio Pediatría AP; edad individual no publicada,frequentation,_T,5.28,consultations_per_assigned_person_year,OBSERVED,siap_original_service_v1,2019
https://datos.canarias.es/api/estadisticas/statistical-resources/v1.0/datasets/ISTAC/E54086A_000009/1.1.csv,1.1,cabfed254e7d144e9fd060cb8f22047ed9a56f026ee1f577beaa4022e6fbd7f4,2026-09-28T10:43:46.907616+00:00,https://www.gobiernodecanarias.org/istac/aviso_legal.html,frequentation,phase6-v1,2019,tenerife,island,PEDIATRIA_AP,Servicio Pediatría AP; edad individual no publicada,frequentation,_T,5.97,consultations_per_assigned_person_year,OBSERVED,siap_original_service_v1,2019
https://datos.canarias.es/api/estadisticas/statistical-resources/v1.0/datasets/ISTAC/E54086A_000009/1.1.csv,1.1,cabfed254e7d144e9fd060cb8f22047ed9a56f026ee1f577beaa4022e6fbd7f4,2026-09-28T10:43:46.907616+00:00,https://www.gobiernodecanarias.org/istac/aviso_legal.html,frequentation,phase6-v1,2019,la-gomera,island,PEDIATRIA_AP,Servicio Pediatría AP; edad individual no publicada,frequentation,_T,5.21,consultations_per_assigned_person_year,OBSERVED,siap_original_service_v1,2019
https://datos.canarias.es/api/estadisticas/statistical-resources/v1.0/datasets/ISTAC/E54086A_000009/1.1.csv,1.1,cabfed254e7d144e9fd060cb8f22047ed9a56f026ee1f577beaa4022e6fbd7f4,2026-09-28T10:43:46.907616+00:00,https://www.gobiernodecanarias.org/istac/aviso_legal.html,frequentation,phase6-v1,2019,la-palma,island,PEDIATRIA_AP,Servicio Pediatría AP; edad individual no publicada,frequentation,_T,5.95,consultations_per_assigned_person_year,OBSERVED,siap_original_service_v1,2019
https://datos.canarias.es/api/estadisticas/statistical-resources/v1.0/datasets/ISTAC/E54086A_000009/1.1.csv,1.1,cabfed254e7d144e9fd060cb8f22047ed9a56f026ee1f577beaa4022e6fbd7f4,2026-09-28T10:43:46.907616+00:00,https://www.gobiernodecanarias.org/istac/aviso_legal.html,frequentation,phase6-v1,2019,el-hierro,island,PEDIATRIA_AP,Servicio Pediatría AP; edad individual no publicada,frequentation,_T,6.7,consultations_per_assigned_person_year,OBSERVED,siap_original_service_v1,2019
https://datos.canarias.es/api/estadisticas/statistical-resources/v1.0/datasets/ISTAC/E54086A_000009/1.1.csv,1.1,cabfed254e7d144e9fd060cb8f22047ed9a56f026ee1f577beaa4022e6fbd7f4,2026-09-28T10:43:46.907616+00:00,https://www.gobiernodecanarias.org/istac/aviso_legal.html,frequentation,phase6-v1,2020,lanzarote,island,PEDIATRIA_AP,Servicio Pediatría AP; edad individual no publicada,frequentation,_T,4.22,consultations_per_assigned_person_year,OBSERVED,siap_original_service_v1,2020
https://datos.canarias.es/api/estadisticas/statistical-resources/v1.0/datasets/ISTAC/E54086A_000009/1.1.csv,1.1,cabfed254e7d144e9fd060cb8f22047ed9a56f026ee1f577beaa4022e6fbd7f4,2026-09-28T10:43:46.907616+00:00,https://www.gobiernodecanarias.org/istac/aviso_legal.html,frequentation,phase6-v1,2020,fuerteventura,island,PEDIATRIA_AP,Servicio Pediatría AP; edad individual no publicada,frequentation,_T,3.57,consultations_per_assigned_person_year,OBSERVED,siap_original_service_v1,2020
https://datos.canarias.es/api/estadisticas/statistical-resources/v1.0/datasets/ISTAC/E54086A_000009/1.1.csv,1.1,cabfed254e7d144e9fd060cb8f22047ed9a56f026ee1f577beaa4022e6fbd7f4,2026-09-28T10:43:46.907616+00:00,https://www.gobiernodecanarias.org/istac/aviso_legal.html,frequentation,phase6-v1,2020,gran-canaria,island,PEDIATRIA_AP,Servicio Pediatría AP; edad individual no publicada,frequentation,_T,4.58,consultations_per_assigned_person_year,OBSERVED,siap_original_service_v1,2020
https://datos.canarias.es/api/estadisticas/statistical-resources/v1.0/datasets/ISTAC/E54086A_000009/1.1.csv,1.1,cabfed254e7d144e9fd060cb8f22047ed9a56f026ee1f577beaa4022e6fbd7f4,2026-09-28T10:43:46.907616+00:00,https://www.gobiernodecanarias.org/istac/aviso_legal.html,frequentation,phase6-v1,2020,tenerife,island,PEDIATRIA_AP,Servicio Pediatría AP; edad individual no publicada,frequentation,_T,5.5,consultations_per_assigned_person_year,OBSERVED,siap_original_service_v1,2020
https://datos.canarias.es/api/estadisticas/statistical-resources/v1.0/datasets/ISTAC/E54086A_000009/1.1.csv,1.1,cabfed254e7d144e9fd060cb8f22047ed9a56f026ee1f577beaa4022e6fbd7f4,2026-09-28T10:43:46.907616+00:00,https://www.gobiernodecanarias.org/istac/aviso_legal.html,frequentation,phase6-v1,2020,la-gomera,island,PEDIATRIA_AP,Servicio Pediatría AP; edad individual no publicada,frequentation,_T,5.13,consultations_per_assigned_person_year,OBSERVED,siap_original_service_v1,2020
https://datos.canarias.es/api/estadisticas/statistical-resources/v1.0/datasets/ISTAC/E54086A_000009/1.1.csv,1.1,cabfed254e7d144e9fd060cb8f22047ed9a56f026ee1f577beaa4022e6fbd7f4,2026-09-28T10:43:46.907616+00:00,https://www.gobiernodecanarias.org/istac/aviso_legal.html,frequentation,phase6-v1,2020,la-palma,island,PEDIATRIA_AP,Servicio Pediatría AP; edad individual no publicada,frequentation,_T,4.75,consultations_per_assigned_person_year,OBSERVED,siap_original_service_v1,2020
https://datos.canarias.es/api/estadisticas/statistical-resources/v1.0/datasets/ISTAC/E54086A_000009/1.1.csv,1.1,cabfed254e7d144e9fd060cb8f22047ed9a56f026ee1f577beaa4022e6fbd7f4,2026-09-28T10:43:46.907616+00:00,https://www.gobiernodecanarias.org/istac/aviso_legal.html,frequentation,phase6-v1,2020,el-hierro,island,PEDIATRIA_AP,Servicio Pediatría AP; edad individual no publicada,frequentation,_T,5.59,consultations_per_assigned_person_year,OBSERVED,siap_original_service_v1,2020
https://datos.canarias.es/api/estadisticas/statistical-resources/v1.0/datasets/ISTAC/E54086A_000009/1.1.csv,1.1,cabfed254e7d144e9fd060cb8f22047ed9a56f026ee1f577beaa4022e6fbd7f4,2026-09-28T10:43:46.907616+00:00,https://www.gobiernodecanarias.org/istac/aviso_legal.html,frequentation,phase6-v1,2021,lanzarote,island,PEDIATRIA_AP,Servicio Pediatría AP; edad individual no publicada,frequentation,_T,5.35,consultations_per_assigned_person_year,OBSERVED,siap_original_service_v1,2021
https://datos.canarias.es/api/estadisticas/statistical-resources/v1.0/datasets/ISTAC/E54086A_000009/1.1.csv,1.1,cabfed254e7d144e9fd060cb8f22047ed9a56f026ee1f577beaa4022e6fbd7f4,2026-09-28T10:43:46.907616+00:00,https://www.gobiernodecanarias.org/istac/aviso_legal.html,frequentation,phase6-v1,2021,fuerteventura,island,PEDIATRIA_AP,Servicio Pediatría AP; edad individual no publicada,frequentation,_T,4.12,consultations_per_assigned_person_year,OBSERVED,siap_original_service_v1,2021
https://datos.canarias.es/api/estadisticas/statistical-resources/v1.0/datasets/ISTAC/E54086A_000009/1.1.csv,1.1,cabfed254e7d144e9fd060cb8f22047ed9a56f026ee1f577beaa4022e6fbd7f4,2026-09-28T10:43:46.907616+00:00,https://www.gobiernodecanarias.org/istac/aviso_legal.html,frequentation,phase6-v1,2021,gran-canaria,island,PEDIATRIA_AP,Servicio Pediatría AP; edad individual no publicada,frequentation,_T,5.34,consultations_per_assigned_person_year,OBSERVED,siap_original_service_v1,2021
https://datos.canarias.es/api/estadisticas/statistical-resources/v1.0/datasets/ISTAC/E54086A_000009/1.1.csv,1.1,cabfed254e7d144e9fd060cb8f22047ed9a56f026ee1f577beaa4022e6fbd7f4,2026-09-28T10:43:46.907616+00:00,https://www.gobiernodecanarias.org/istac/aviso_legal.html,frequentation,phase6-v1,2021,tenerife,island,PEDIATRIA_AP,Servicio Pediatría AP; edad individual no publicada,frequentation,_T,6.55,consultations_per_assigned_person_year,OBSERVED,siap_original_service_v1,2021
https://datos.canarias.es/api/estadisticas/statistical-resources/v1.0/datasets/ISTAC/E54086A_000009/1.1.csv,1.1,cabfed254e7d144e9fd060cb8f22047ed9a56f026ee1f577beaa4022e6fbd7f4,2026-09-28T10:43:46.907616+00:00,https://www.gobiernodecanarias.org/istac/aviso_legal.html,frequentation,phase6-v1,2021,la-gomera,island,PEDIATRIA_AP,Servicio Pediatría AP; edad individual no publicada,frequentation,_T,6.28,consultations_per_assigned_person_year,OBSERVED,siap_original_service_v1,2021
https://datos.canarias.es/api/estadisticas/statistical-resources/v1.0/datasets/ISTAC/E54086A_000009/1.1.csv,1.1,cabfed254e7d144e9fd060cb8f22047ed9a56f026ee1f577beaa4022e6fbd7f4,2026-09-28T10:43:46.907616+00:00,https://www.gobiernodecanarias.org/istac/aviso_legal.html,frequentation,phase6-v1,2021,la-palma,island,PEDIATRIA_AP,Servicio Pediatría AP; edad individual no publicada,frequentation,_T,5.29,consultations_per_assigned_person_year,OBSERVED,siap_original_service_v1,2021
https://datos.canarias.es/api/estadisticas/statistical-resources/v1.0/datasets/ISTAC/E54086A_000009/1.1.csv,1.1,cabfed254e7d144e9fd060cb8f22047ed9a56f026ee1f577beaa4022e6fbd7f4,2026-09-28T10:43:46.907616+00:00,https://www.gobiernodecanarias.org/istac/aviso_legal.html,frequentation,phase6-v1,2021,el-hierro,island,PEDIATRIA_AP,Servicio Pediatría AP; edad individual no publicada,frequentation,_T,6.48,consultations_per_assigned_person_year,OBSERVED,siap_original_service_v1,2021
https://datos.canarias.es/api/estadisticas/statistical-resources/v1.0/datasets/ISTAC/E54086A_000009/1.1.csv,1.1,cabfed254e7d144e9fd060cb8f22047ed9a56f026ee1f577beaa4022e6fbd7f4,2026-09-28T10:43:46.907616+00:00,https://www.gobiernodecanarias.org/istac/aviso_legal.html,frequentation,phase6-v1,2022,lanzarote,island,PEDIATRIA_AP,Servicio Pediatría AP; edad individual no publicada,frequentation,_T,5.54,consultations_per_assigned_person_year,OBSERVED,siap_original_service_v1,2022
https://datos.canarias.es/api/estadisticas/statistical-resources/v1.0/datasets/ISTAC/E54086A_000009/1.1.csv,1.1,cabfed254e7d144e9fd060cb8f22047ed9a56f026ee1f577beaa4022e6fbd7f4,2026-09-28T10:43:46.907616+00:00,https://www.gobiernodecanarias.org/istac/aviso_legal.html,frequentation,phase6-v1,2022,fuerteventura,island,PEDIATRIA_AP,Servicio Pediatría AP; edad individual no publicada,frequentation,_T,4.45,consultations_per_assigned_person_year,OBSERVED,siap_original_service_v1,2022
https://datos.canarias.es/api/estadisticas/statistical-resources/v1.0/datasets/ISTAC/E54086A_000009/1.1.csv,1.1,cabfed254e7d144e9fd060cb8f22047ed9a56f026ee1f577beaa4022e6fbd7f4,2026-09-28T10:43:46.907616+00:00,https://www.gobiernodecanarias.org/istac/aviso_legal.html,frequentation,phase6-v1,2022,gran-canaria,island,PEDIATRIA_AP,Servicio Pediatría AP; edad individual no publicada,frequentation,_T,5.62,consultations_per_assigned_person_year,OBSERVED,siap_original_service_v1,2022
https://datos.canarias.es/api/estadisticas/statistical-resources/v1.0/datasets/ISTAC/E54086A_000009/1.1.csv,1.1,cabfed254e7d144e9fd060cb8f22047ed9a56f026ee1f577beaa4022e6fbd7f4,2026-09-28T10:43:46.907616+00:00,https://www.gobiernodecanarias.org/istac/aviso_legal.html,frequentation,phase6-v1,2022,tenerife,island,PEDIATRIA_AP,Servicio Pediatría AP; edad individual no publicada,frequentation,_T,6.82,consultations_per_assigned_person_year,OBSERVED,siap_original_service_v1,2022
https://datos.canarias.es/api/estadisticas/statistical-resources/v1.0/datasets/ISTAC/E54086A_000009/1.1.csv,1.1,cabfed254e7d144e9fd060cb8f22047ed9a56f026ee1f577beaa4022e6fbd7f4,2026-09-28T10:43:46.907616+00:00,https://www.gobiernodecanarias.org/istac/aviso_legal.html,frequentation,phase6-v1,2022,la-gomera,island,PEDIATRIA_AP,Servicio Pediatría AP; edad individual no publicada,frequentation,_T,6.15,consultations_per_assigned_person_year,OBSERVED,siap_original_service_v1,2022
https://datos.canarias.es/api/estadisticas/statistical-resources/v1.0/datasets/ISTAC/E54086A_000009/1.1.csv,1.1,cabfed254e7d144e9fd060cb8f22047ed9a56f026ee1f577beaa4022e6fbd7f4,2026-09-28T10:43:46.907616+00:00,https://www.gobiernodecanarias.org/istac/aviso_legal.html,frequentation,phase6-v1,2022,la-palma,island,PEDIATRIA_AP,Servicio Pediatría AP; edad individual no publicada,frequentation,_T,6.37,consultations_per_assigned_person_year,OBSERVED,siap_original_service_v1,2022
https://datos.canarias.es/api/estadisticas/statistical-resources/v1.0/datasets/ISTAC/E54086A_000009/1.1.csv,1.1,cabfed254e7d144e9fd060cb8f22047ed9a56f026ee1f577beaa4022e6fbd7f4,2026-09-28T10:43:46.907616+00:00,https://www.gobiernodecanarias.org/istac/aviso_legal.html,frequentation,phase6-v1,2022,el-hierro,island,PEDIATRIA_AP,Servicio Pediatría AP; edad individual no publicada,frequentation,_T,7.37,consultations_per_assigned_person_year,OBSERVED,siap_original_service_v1,2022
https://datos.canarias.es/api/estadisticas/statistical-resources/v1.0/datasets/ISTAC/E54086A_000009/1.1.csv,1.1,cabfed254e7d144e9fd060cb8f22047ed9a56f026ee1f577beaa4022e6fbd7f4,2026-09-28T10:43:46.907616+00:00,https://www.gobiernodecanarias.org/istac/aviso_legal.html,frequentation,phase6-v1,2023,lanzarote,island,PEDIATRIA_AP,Servicio Pediatría AP; edad individual no publicada,frequentation,_T,5.23,consultations_per_assigned_person_year,OBSERVED,siap_original_service_v1,2023
https://datos.canarias.es/api/estadisticas/statistical-resources/v1.0/datasets/ISTAC/E54086A_000009/1.1.csv,1.1,cabfed254e7d144e9fd060cb8f22047ed9a56f026ee1f577beaa4022e6fbd7f4,2026-09-28T10:43:46.907616+00:00,https://www.gobiernodecanarias.org/istac/aviso_legal.html,frequentation,phase6-v1,2023,fuerteventura,island,PEDIATRIA_AP,Servicio Pediatría AP; edad individual no publicada,frequentation,_T,4.39,consultations_per_assigned_person_year,OBSERVED,siap_original_service_v1,2023
https://datos.canarias.es/api/estadisticas/statistical-resources/v1.0/datasets/ISTAC/E54086A_000009/1.1.csv,1.1,cabfed254e7d144e9fd060cb8f22047ed9a56f026ee1f577beaa4022e6fbd7f4,2026-09-28T10:43:46.907616+00:00,https://www.gobiernodecanarias.org/istac/aviso_legal.html,frequentation,phase6-v1,2023,gran-canaria,island,PEDIATRIA_AP,Servicio Pediatría AP; edad individual no publicada,frequentation,_T,5.34,consultations_per_assigned_person_year,OBSERVED,siap_original_service_v1,2023
https://datos.canarias.es/api/estadisticas/statistical-resources/v1.0/datasets/ISTAC/E54086A_000009/1.1.csv,1.1,cabfed254e7d144e9fd060cb8f22047ed9a56f026ee1f577beaa4022e6fbd7f4,2026-09-28T10:43:46.907616+00:00,https://www.gobiernodecanarias.org/istac/aviso_legal.html,frequentation,phase6-v1,2023,tenerife,island,PEDIATRIA_AP,Servicio Pediatría AP; edad individual no publicada,frequentation,_T,6.56,consultations_per_assigned_person_year,OBSERVED,siap_original_service_v1,2023
https://datos.canarias.es/api/estadisticas/statistical-resources/v1.0/datasets/ISTAC/E54086A_000009/1.1.csv,1.1,cabfed254e7d144e9fd060cb8f22047ed9a56f026ee1f577beaa4022e6fbd7f4,2026-09-28T10:43:46.907616+00:00,https://www.gobiernodecanarias.org/istac/aviso_legal.html,frequentation,phase6-v1,2023,la-gomera,island,PEDIATRIA_AP,Servicio Pediatría AP; edad individual no publicada,frequentation,_T,5.47,consultations_per_assigned_person_year,OBSERVED,siap_original_service_v1,2023
https://datos.canarias.es/api/estadisticas/statistical-resources/v1.0/datasets/ISTAC/E54086A_000009/1.1.csv,1.1,cabfed254e7d144e9fd060cb8f22047ed9a56f026ee1f577beaa4022e6fbd7f4,2026-09-28T10:43:46.907616+00:00,https://www.gobiernodecanarias.org/istac/aviso_legal.html,frequentation,phase6-v1,2023,la-palma,island,PEDIATRIA_AP,Servicio Pediatría AP; edad individual no publicada,frequentation,_T,6.15,consultations_per_assigned_person_year,OBSERVED,siap_original_service_v1,2023
https://datos.canarias.es/api/estadisticas/statistical-resources/v1.0/datasets/ISTAC/E54086A_000009/1.1.csv,1.1,cabfed254e7d144e9fd060cb8f22047ed9a56f026ee1f577beaa4022e6fbd7f4,2026-09-28T10:43:46.907616+00:00,https://www.gobiernodecanarias.org/istac/aviso_legal.html,frequentation,phase6-v1,2023,el-hierro,island,PEDIATRIA_AP,Servicio Pediatría AP; edad individual no publicada,frequentation,_T,6.41,consultations_per_assigned_person_year,OBSERVED,siap_original_service_v1,2023
https://datos.canarias.es/api/estadisticas/statistical-resources/v1.0/datasets/ISTAC/E54086A_000009/1.1.csv,1.1,cabfed254e7d144e9fd060cb8f22047ed9a56f026ee1f577beaa4022e6fbd7f4,2026-09-28T10:43:46.907616+00:00,https://www.gobiernodecanarias.org/istac/aviso_legal.html,frequentation,phase6-v1,2024,lanzarote,island,PEDIATRIA_AP,Servicio Pediatría AP; edad individual no publicada,frequentation,_T,5.22,consultations_per_assigned_person_year,OBSERVED,siap_original_service_v1,2024
https://datos.canarias.es/api/estadisticas/statistical-resources/v1.0/datasets/ISTAC/E54086A_000009/1.1.csv,1.1,cabfed254e7d144e9fd060cb8f22047ed9a56f026ee1f577beaa4022e6fbd7f4,2026-09-28T10:43:46.907616+00:00,https://www.gobiernodecanarias.org/istac/aviso_legal.html,frequentation,phase6-v1,2024,fuerteventura,island,PEDIATRIA_AP,Servicio Pediatría AP; edad individual no publicada,frequentation,_T,4.34,consultations_per_assigned_person_year,OBSERVED,siap_original_service_v1,2024
https://datos.canarias.es/api/estadisticas/statistical-resources/v1.0/datasets/ISTAC/E54086A_000009/1.1.csv,1.1,cabfed254e7d144e9fd060cb8f22047ed9a56f026ee1f577beaa4022e6fbd7f4,2026-09-28T10:43:46.907616+00:00,https://www.gobiernodecanarias.org/istac/aviso_legal.html,frequentation,phase6-v1,2024,gran-canaria,island,PEDIATRIA_AP,Servicio Pediatría AP; edad individual no publicada,frequentation,_T,5.31,consultations_per_assigned_person_year,OBSERVED,siap_original_service_v1,2024
https://datos.canarias.es/api/estadisticas/statistical-resources/v1.0/datasets/ISTAC/E54086A_000009/1.1.csv,1.1,cabfed254e7d144e9fd060cb8f22047ed9a56f026ee1f577beaa4022e6fbd7f4,2026-09-28T10:43:46.907616+00:00,https://www.gobiernodecanarias.org/istac/aviso_legal.html,frequentation,phase6-v1,2024,tenerife,island,PEDIATRIA_AP,Servicio Pediatría AP; edad individual no publicada,frequentation,_T,6.49,consultations_per_assigned_person_year,OBSERVED,siap_original_service_v1,2024
https://datos.canarias.es/api/estadisticas/statistical-resources/v1.0/datasets/ISTAC/E54086A_000009/1.1.csv,1.1,cabfed254e7d144e9fd060cb8f22047ed9a56f026ee1f577beaa4022e6fbd7f4,2026-09-28T10:43:46.907616+00:00,https://www.gobiernodecanarias.org/istac/aviso_legal.html,frequentation,phase6-v1,2024,la-gomera,island,PEDIATRIA_AP,Servicio Pediatría AP; edad individual no publicada,frequentation,_T,5.56,consultations_per_assigned_person_year,OBSERVED,siap_original_service_v1,2024
https://datos.canarias.es/api/estadisticas/statistical-resources/v1.0/datasets/ISTAC/E54086A_000009/1.1.csv,1.1,cabfed254e7d144e9fd060cb8f22047ed9a56f026ee1f577beaa4022e6fbd7f4,2026-09-28T10:43:46.907616+00:00,https://www.gobiernodecanarias.org/istac/aviso_legal.html,frequentation,phase6-v1,2024,la-palma,island,PEDIATRIA_AP,Servicio Pediatría AP; edad individual no publicada,frequentation,_T,6.24,consultations_per_assigned_person_year,OBSERVED,siap_original_service_v1,2024
https://datos.canarias.es/api/estadisticas/statistical-resources/v1.0/datasets/ISTAC/E54086A_000009/1.1.csv,1.1,cabfed254e7d144e9fd060cb8f22047ed9a56f026ee1f577beaa4022e6fbd7f4,2026-09-28T10:43:46.907616+00:00,https://www.gobiernodecanarias.org/istac/aviso_legal.html,frequentation,phase6-v1,2024,el-hierro,island,PEDIATRIA_AP,Servicio Pediatría AP; edad individual no publicada,frequentation,_T,5.89,consultations_per_assigned_person_year,OBSERVED,siap_original_service_v1,2024
