source_id,dataset_version,reference_period,geography_level,geography_id,age_group_original,sex,unit,value,numerator,denominator,value_status,comparability_status,method_id,source_url,publication_date,case_definition,indicator_id
ISTAC:E30304A_000008,latest_audited_2026-09-28,1999,autonomous_community,canarias,Perinatal — nacimientos,total,births,18790,18790,,OBSERVED,ADMIT,istac_birth_maturity_v1,https://datos.canarias.es/api/estadisticas/statistical-resources/v1.0/datasets/ISTAC/E30304A_000008/~latest.csv,2026-09-24,Nacimientos de madres residentes según maturidad del parto.,births
ISTAC:E30304A_000008,latest_audited_2026-09-28,1999,autonomous_community,canarias,Perinatal — nacimientos,total,births,1354,1354,,OBSERVED,ADMIT,istac_birth_maturity_v1,https://datos.canarias.es/api/estadisticas/statistical-resources/v1.0/datasets/ISTAC/E30304A_000008/~latest.csv,2026-09-24,Nacimientos de madres residentes según maturidad del parto.,preterm_births
ISTAC:E30304A_000008,latest_audited_2026-09-28,1999,autonomous_community,canarias,Perinatal — nacimientos,total,percent,7.21,1354,18790,DERIVED_RATE,ADMIT,istac_birth_maturity_v1,https://datos.canarias.es/api/estadisticas/statistical-resources/v1.0/datasets/ISTAC/E30304A_000008/~latest.csv,2026-09-24,Nacimientos de madres residentes según maturidad del parto.,preterm_rate
ISTAC:E30304A_000008,latest_audited_2026-09-28,1999,island,el-hierro,Perinatal — nacimientos,total,births,73,73,,OBSERVED,ADMIT,istac_birth_maturity_v1,https://datos.canarias.es/api/estadisticas/statistical-resources/v1.0/datasets/ISTAC/E30304A_000008/~latest.csv,2026-09-24,Nacimientos de madres residentes según maturidad del parto.,births
ISTAC:E30304A_000008,latest_audited_2026-09-28,1999,island,el-hierro,Perinatal — nacimientos,total,births,2,2,,OBSERVED,ADMIT,istac_birth_maturity_v1,https://datos.canarias.es/api/estadisticas/statistical-resources/v1.0/datasets/ISTAC/E30304A_000008/~latest.csv,2026-09-24,Nacimientos de madres residentes según maturidad del parto.,preterm_births
ISTAC:E30304A_000008,latest_audited_2026-09-28,1999,island,el-hierro,Perinatal — nacimientos,total,percent,2.74,2,73,DERIVED_RATE,ADMIT,istac_birth_maturity_v1,https://datos.canarias.es/api/estadisticas/statistical-resources/v1.0/datasets/ISTAC/E30304A_000008/~latest.csv,2026-09-24,Nacimientos de madres residentes según maturidad del parto.,preterm_rate
ISTAC:E30304A_000008,latest_audited_2026-09-28,1999,island,fuerteventura,Perinatal — nacimientos,total,births,808,808,,OBSERVED,ADMIT,istac_birth_maturity_v1,https://datos.canarias.es/api/estadisticas/statistical-resources/v1.0/datasets/ISTAC/E30304A_000008/~latest.csv,2026-09-24,Nacimientos de madres residentes según maturidad del parto.,births
ISTAC:E30304A_000008,latest_audited_2026-09-28,1999,island,fuerteventura,Perinatal — nacimientos,total,births,51,51,,OBSERVED,ADMIT,istac_birth_maturity_v1,https://datos.canarias.es/api/estadisticas/statistical-resources/v1.0/datasets/ISTAC/E30304A_000008/~latest.csv,2026-09-24,Nacimientos de madres residentes según maturidad del parto.,preterm_births
ISTAC:E30304A_000008,latest_audited_2026-09-28,1999,island,fuerteventura,Perinatal — nacimientos,total,percent,6.31,51,808,DERIVED_RATE,ADMIT,istac_birth_maturity_v1,https://datos.canarias.es/api/estadisticas/statistical-resources/v1.0/datasets/ISTAC/E30304A_000008/~latest.csv,2026-09-24,Nacimientos de madres residentes según maturidad del parto.,preterm_rate
ISTAC:E30304A_000008,latest_audited_2026-09-28,1999,island,gran-canaria,Perinatal — nacimientos,total,births,8229,8229,,OBSERVED,ADMIT,istac_birth_maturity_v1,https://datos.canarias.es/api/estadisticas/statistical-resources/v1.0/datasets/ISTAC/E30304A_000008/~latest.csv,2026-09-24,Nacimientos de madres residentes según maturidad del parto.,births
ISTAC:E30304A_000008,latest_audited_2026-09-28,1999,island,gran-canaria,Perinatal — nacimientos,total,births,596,596,,OBSERVED,ADMIT,istac_birth_maturity_v1,https://datos.canarias.es/api/estadisticas/statistical-resources/v1.0/datasets/ISTAC/E30304A_000008/~latest.csv,2026-09-24,Nacimientos de madres residentes según maturidad del parto.,preterm_births
ISTAC:E30304A_000008,latest_audited_2026-09-28,1999,island,gran-canaria,Perinatal — nacimientos,total,percent,7.24,596,8229,DERIVED_RATE,ADMIT,istac_birth_maturity_v1,https://datos.canarias.es/api/estadisticas/statistical-resources/v1.0/datasets/ISTAC/E30304A_000008/~latest.csv,2026-09-24,Nacimientos de madres residentes según maturidad del parto.,preterm_rate
ISTAC:E30304A_000008,latest_audited_2026-09-28,1999,island,la-gomera,Perinatal — nacimientos,total,births,149,149,,OBSERVED,ADMIT,istac_birth_maturity_v1,https://datos.canarias.es/api/estadisticas/statistical-resources/v1.0/datasets/ISTAC/E30304A_000008/~latest.csv,2026-09-24,Nacimientos de madres residentes según maturidad del parto.,births
ISTAC:E30304A_000008,latest_audited_2026-09-28,1999,island,la-gomera,Perinatal — nacimientos,total,births,4,4,,OBSERVED,ADMIT,istac_birth_maturity_v1,https://datos.canarias.es/api/estadisticas/statistical-resources/v1.0/datasets/ISTAC/E30304A_000008/~latest.csv,2026-09-24,Nacimientos de madres residentes según maturidad del parto.,preterm_births
ISTAC:E30304A_000008,latest_audited_2026-09-28,1999,island,la-gomera,Perinatal — nacimientos,total,percent,2.68,4,149,DERIVED_RATE,ADMIT,istac_birth_maturity_v1,https://datos.canarias.es/api/estadisticas/statistical-resources/v1.0/datasets/ISTAC/E30304A_000008/~latest.csv,2026-09-24,Nacimientos de madres residentes según maturidad del parto.,preterm_rate
ISTAC:E30304A_000008,latest_audited_2026-09-28,1999,island,la-palma,Perinatal — nacimientos,total,births,662,662,,OBSERVED,ADMIT,istac_birth_maturity_v1,https://datos.canarias.es/api/estadisticas/statistical-resources/v1.0/datasets/ISTAC/E30304A_000008/~latest.csv,2026-09-24,Nacimientos de madres residentes según maturidad del parto.,births
ISTAC:E30304A_000008,latest_audited_2026-09-28,1999,island,la-palma,Perinatal — nacimientos,total,births,59,59,,OBSERVED,ADMIT,istac_birth_maturity_v1,https://datos.canarias.es/api/estadisticas/statistical-resources/v1.0/datasets/ISTAC/E30304A_000008/~latest.csv,2026-09-24,Nacimientos de madres residentes según maturidad del parto.,preterm_births
ISTAC:E30304A_000008,latest_audited_2026-09-28,1999,island,la-palma,Perinatal — nacimientos,total,percent,8.91,59,662,DERIVED_RATE,ADMIT,istac_birth_maturity_v1,https://datos.canarias.es/api/estadisticas/statistical-resources/v1.0/datasets/ISTAC/E30304A_000008/~latest.csv,2026-09-24,Nacimientos de madres residentes según maturidad del parto.,preterm_rate
ISTAC:E30304A_000008,latest_audited_2026-09-28,1999,island,lanzarote,Perinatal — nacimientos,total,births,1181,1181,,OBSERVED,ADMIT,istac_birth_maturity_v1,https://datos.canarias.es/api/estadisticas/statistical-resources/v1.0/datasets/ISTAC/E30304A_000008/~latest.csv,2026-09-24,Nacimientos de madres residentes según maturidad del parto.,births
ISTAC:E30304A_000008,latest_audited_2026-09-28,1999,island,lanzarote,Perinatal — nacimientos,total,births,76,76,,OBSERVED,ADMIT,istac_birth_maturity_v1,https://datos.canarias.es/api/estadisticas/statistical-resources/v1.0/datasets/ISTAC/E30304A_000008/~latest.csv,2026-09-24,Nacimientos de madres residentes según maturidad del parto.,preterm_births
ISTAC:E30304A_000008,latest_audited_2026-09-28,1999,island,lanzarote,Perinatal — nacimientos,total,percent,6.44,76,1181,DERIVED_RATE,ADMIT,istac_birth_maturity_v1,https://datos.canarias.es/api/estadisticas/statistical-resources/v1.0/datasets/ISTAC/E30304A_000008/~latest.csv,2026-09-24,Nacimientos de madres residentes según maturidad del parto.,preterm_rate
ISTAC:E30304A_000008,latest_audited_2026-09-28,1999,island,tenerife,Perinatal — nacimientos,total,births,7688,7688,,OBSERVED,ADMIT,istac_birth_maturity_v1,https://datos.canarias.es/api/estadisticas/statistical-resources/v1.0/datasets/ISTAC/E30304A_000008/~latest.csv,2026-09-24,Nacimientos de madres residentes según maturidad del parto.,births
ISTAC:E30304A_000008,latest_audited_2026-09-28,1999,island,tenerife,Perinatal — nacimientos,total,births,566,566,,OBSERVED,ADMIT,istac_birth_maturity_v1,https://datos.canarias.es/api/estadisticas/statistical-resources/v1.0/datasets/ISTAC/E30304A_000008/~latest.csv,2026-09-24,Nacimientos de madres residentes según maturidad del parto.,preterm_births
ISTAC:E30304A_000008,latest_audited_2026-09-28,1999,island,tenerife,Perinatal — nacimientos,total,percent,7.36,566,7688,DERIVED_RATE,ADMIT,istac_birth_maturity_v1,https://datos.canarias.es/api/estadisticas/statistical-resources/v1.0/datasets/ISTAC/E30304A_000008/~latest.csv,2026-09-24,Nacimientos de madres residentes según maturidad del parto.,preterm_rate
ISTAC:E30304A_000008,latest_audited_2026-09-28,2000,autonomous_community,canarias,Perinatal — nacimientos,total,births,18981,18981,,OBSERVED,ADMIT,istac_birth_maturity_v1,https://datos.canarias.es/api/estadisticas/statistical-resources/v1.0/datasets/ISTAC/E30304A_000008/~latest.csv,2026-09-24,Nacimientos de madres residentes según maturidad del parto.,births
ISTAC:E30304A_000008,latest_audited_2026-09-28,2000,autonomous_community,canarias,Perinatal — nacimientos,total,births,1470,1470,,OBSERVED,ADMIT,istac_birth_maturity_v1,https://datos.canarias.es/api/estadisticas/statistical-resources/v1.0/datasets/ISTAC/E30304A_000008/~latest.csv,2026-09-24,Nacimientos de madres residentes según maturidad del parto.,preterm_births
ISTAC:E30304A_000008,latest_audited_2026-09-28,2000,autonomous_community,canarias,Perinatal — nacimientos,total,percent,7.74,1470,18981,DERIVED_RATE,ADMIT,istac_birth_maturity_v1,https://datos.canarias.es/api/estadisticas/statistical-resources/v1.0/datasets/ISTAC/E30304A_000008/~latest.csv,2026-09-24,Nacimientos de madres residentes según maturidad del parto.,preterm_rate
ISTAC:E30304A_000008,latest_audited_2026-09-28,2000,island,el-hierro,Perinatal — nacimientos,total,births,88,88,,OBSERVED,ADMIT,istac_birth_maturity_v1,https://datos.canarias.es/api/estadisticas/statistical-resources/v1.0/datasets/ISTAC/E30304A_000008/~latest.csv,2026-09-24,Nacimientos de madres residentes según maturidad del parto.,births
ISTAC:E30304A_000008,latest_audited_2026-09-28,2000,island,el-hierro,Perinatal — nacimientos,total,births,3,3,,OBSERVED,ADMIT,istac_birth_maturity_v1,https://datos.canarias.es/api/estadisticas/statistical-resources/v1.0/datasets/ISTAC/E30304A_000008/~latest.csv,2026-09-24,Nacimientos de madres residentes según maturidad del parto.,preterm_births
ISTAC:E30304A_000008,latest_audited_2026-09-28,2000,island,el-hierro,Perinatal — nacimientos,total,percent,3.41,3,88,DERIVED_RATE,ADMIT,istac_birth_maturity_v1,https://datos.canarias.es/api/estadisticas/statistical-resources/v1.0/datasets/ISTAC/E30304A_000008/~latest.csv,2026-09-24,Nacimientos de madres residentes según maturidad del parto.,preterm_rate
ISTAC:E30304A_000008,latest_audited_2026-09-28,2000,island,fuerteventura,Perinatal — nacimientos,total,births,846,846,,OBSERVED,ADMIT,istac_birth_maturity_v1,https://datos.canarias.es/api/estadisticas/statistical-resources/v1.0/datasets/ISTAC/E30304A_000008/~latest.csv,2026-09-24,Nacimientos de madres residentes según maturidad del parto.,births
ISTAC:E30304A_000008,latest_audited_2026-09-28,2000,island,fuerteventura,Perinatal — nacimientos,total,births,59,59,,OBSERVED,ADMIT,istac_birth_maturity_v1,https://datos.canarias.es/api/estadisticas/statistical-resources/v1.0/datasets/ISTAC/E30304A_000008/~latest.csv,2026-09-24,Nacimientos de madres residentes según maturidad del parto.,preterm_births
ISTAC:E30304A_000008,latest_audited_2026-09-28,2000,island,fuerteventura,Perinatal — nacimientos,total,percent,6.97,59,846,DERIVED_RATE,ADMIT,istac_birth_maturity_v1,https://datos.canarias.es/api/estadisticas/statistical-resources/v1.0/datasets/ISTAC/E30304A_000008/~latest.csv,2026-09-24,Nacimientos de madres residentes según maturidad del parto.,preterm_rate
ISTAC:E30304A_000008,latest_audited_2026-09-28,2000,island,gran-canaria,Perinatal — nacimientos,total,births,8444,8444,,OBSERVED,ADMIT,istac_birth_maturity_v1,https://datos.canarias.es/api/estadisticas/statistical-resources/v1.0/datasets/ISTAC/E30304A_000008/~latest.csv,2026-09-24,Nacimientos de madres residentes según maturidad del parto.,births
ISTAC:E30304A_000008,latest_audited_2026-09-28,2000,island,gran-canaria,Perinatal — nacimientos,total,births,687,687,,OBSERVED,ADMIT,istac_birth_maturity_v1,https://datos.canarias.es/api/estadisticas/statistical-resources/v1.0/datasets/ISTAC/E30304A_000008/~latest.csv,2026-09-24,Nacimientos de madres residentes según maturidad del parto.,preterm_births
ISTAC:E30304A_000008,latest_audited_2026-09-28,2000,island,gran-canaria,Perinatal — nacimientos,total,percent,8.14,687,8444,DERIVED_RATE,ADMIT,istac_birth_maturity_v1,https://datos.canarias.es/api/estadisticas/statistical-resources/v1.0/datasets/ISTAC/E30304A_000008/~latest.csv,2026-09-24,Nacimientos de madres residentes según maturidad del parto.,preterm_rate
ISTAC:E30304A_000008,latest_audited_2026-09-28,2000,island,la-gomera,Perinatal — nacimientos,total,births,200,200,,OBSERVED,ADMIT,istac_birth_maturity_v1,https://datos.canarias.es/api/estadisticas/statistical-resources/v1.0/datasets/ISTAC/E30304A_000008/~latest.csv,2026-09-24,Nacimientos de madres residentes según maturidad del parto.,births
ISTAC:E30304A_000008,latest_audited_2026-09-28,2000,island,la-gomera,Perinatal — nacimientos,total,births,16,16,,OBSERVED,ADMIT,istac_birth_maturity_v1,https://datos.canarias.es/api/estadisticas/statistical-resources/v1.0/datasets/ISTAC/E30304A_000008/~latest.csv,2026-09-24,Nacimientos de madres residentes según maturidad del parto.,preterm_births
ISTAC:E30304A_000008,latest_audited_2026-09-28,2000,island,la-gomera,Perinatal — nacimientos,total,percent,8.00,16,200,DERIVED_RATE,ADMIT,istac_birth_maturity_v1,https://datos.canarias.es/api/estadisticas/statistical-resources/v1.0/datasets/ISTAC/E30304A_000008/~latest.csv,2026-09-24,Nacimientos de madres residentes según maturidad del parto.,preterm_rate
ISTAC:E30304A_000008,latest_audited_2026-09-28,2000,island,la-palma,Perinatal — nacimientos,total,births,664,664,,OBSERVED,ADMIT,istac_birth_maturity_v1,https://datos.canarias.es/api/estadisticas/statistical-resources/v1.0/datasets/ISTAC/E30304A_000008/~latest.csv,2026-09-24,Nacimientos de madres residentes según maturidad del parto.,births
ISTAC:E30304A_000008,latest_audited_2026-09-28,2000,island,la-palma,Perinatal — nacimientos,total,births,63,63,,OBSERVED,ADMIT,istac_birth_maturity_v1,https://datos.canarias.es/api/estadisticas/statistical-resources/v1.0/datasets/ISTAC/E30304A_000008/~latest.csv,2026-09-24,Nacimientos de madres residentes según maturidad del parto.,preterm_births
ISTAC:E30304A_000008,latest_audited_2026-09-28,2000,island,la-palma,Perinatal — nacimientos,total,percent,9.49,63,664,DERIVED_RATE,ADMIT,istac_birth_maturity_v1,https://datos.canarias.es/api/estadisticas/statistical-resources/v1.0/datasets/ISTAC/E30304A_000008/~latest.csv,2026-09-24,Nacimientos de madres residentes según maturidad del parto.,preterm_rate
ISTAC:E30304A_000008,latest_audited_2026-09-28,2000,island,lanzarote,Perinatal — nacimientos,total,births,1316,1316,,OBSERVED,ADMIT,istac_birth_maturity_v1,https://datos.canarias.es/api/estadisticas/statistical-resources/v1.0/datasets/ISTAC/E30304A_000008/~latest.csv,2026-09-24,Nacimientos de madres residentes según maturidad del parto.,births
ISTAC:E30304A_000008,latest_audited_2026-09-28,2000,island,lanzarote,Perinatal — nacimientos,total,births,93,93,,OBSERVED,ADMIT,istac_birth_maturity_v1,https://datos.canarias.es/api/estadisticas/statistical-resources/v1.0/datasets/ISTAC/E30304A_000008/~latest.csv,2026-09-24,Nacimientos de madres residentes según maturidad del parto.,preterm_births
ISTAC:E30304A_000008,latest_audited_2026-09-28,2000,island,lanzarote,Perinatal — nacimientos,total,percent,7.07,93,1316,DERIVED_RATE,ADMIT,istac_birth_maturity_v1,https://datos.canarias.es/api/estadisticas/statistical-resources/v1.0/datasets/ISTAC/E30304A_000008/~latest.csv,2026-09-24,Nacimientos de madres residentes según maturidad del parto.,preterm_rate
ISTAC:E30304A_000008,latest_audited_2026-09-28,2000,island,tenerife,Perinatal — nacimientos,total,births,7423,7423,,OBSERVED,ADMIT,istac_birth_maturity_v1,https://datos.canarias.es/api/estadisticas/statistical-resources/v1.0/datasets/ISTAC/E30304A_000008/~latest.csv,2026-09-24,Nacimientos de madres residentes según maturidad del parto.,births
ISTAC:E30304A_000008,latest_audited_2026-09-28,2000,island,tenerife,Perinatal — nacimientos,total,births,549,549,,OBSERVED,ADMIT,istac_birth_maturity_v1,https://datos.canarias.es/api/estadisticas/statistical-resources/v1.0/datasets/ISTAC/E30304A_000008/~latest.csv,2026-09-24,Nacimientos de madres residentes según maturidad del parto.,preterm_births
ISTAC:E30304A_000008,latest_audited_2026-09-28,2000,island,tenerife,Perinatal — nacimientos,total,percent,7.40,549,7423,DERIVED_RATE,ADMIT,istac_birth_maturity_v1,https://datos.canarias.es/api/estadisticas/statistical-resources/v1.0/datasets/ISTAC/E30304A_000008/~latest.csv,2026-09-24,Nacimientos de madres residentes según maturidad del parto.,preterm_rate
ISTAC:E30304A_000008,latest_audited_2026-09-28,2001,autonomous_community,canarias,Perinatal — nacimientos,total,births,19262,19262,,OBSERVED,ADMIT,istac_birth_maturity_v1,https://datos.canarias.es/api/estadisticas/statistical-resources/v1.0/datasets/ISTAC/E30304A_000008/~latest.csv,2026-09-24,Nacimientos de madres residentes según maturidad del parto.,births
ISTAC:E30304A_000008,latest_audited_2026-09-28,2001,autonomous_community,canarias,Perinatal — nacimientos,total,births,1525,1525,,OBSERVED,ADMIT,istac_birth_maturity_v1,https://datos.canarias.es/api/estadisticas/statistical-resources/v1.0/datasets/ISTAC/E30304A_000008/~latest.csv,2026-09-24,Nacimientos de madres residentes según maturidad del parto.,preterm_births
ISTAC:E30304A_000008,latest_audited_2026-09-28,2001,autonomous_community,canarias,Perinatal — nacimientos,total,percent,7.92,1525,19262,DERIVED_RATE,ADMIT,istac_birth_maturity_v1,https://datos.canarias.es/api/estadisticas/statistical-resources/v1.0/datasets/ISTAC/E30304A_000008/~latest.csv,2026-09-24,Nacimientos de madres residentes según maturidad del parto.,preterm_rate
ISTAC:E30304A_000008,latest_audited_2026-09-28,2001,island,el-hierro,Perinatal — nacimientos,total,births,81,81,,OBSERVED,ADMIT,istac_birth_maturity_v1,https://datos.canarias.es/api/estadisticas/statistical-resources/v1.0/datasets/ISTAC/E30304A_000008/~latest.csv,2026-09-24,Nacimientos de madres residentes según maturidad del parto.,births
ISTAC:E30304A_000008,latest_audited_2026-09-28,2001,island,el-hierro,Perinatal — nacimientos,total,births,0,0,,OBSERVED,ADMIT,istac_birth_maturity_v1,https://datos.canarias.es/api/estadisticas/statistical-resources/v1.0/datasets/ISTAC/E30304A_000008/~latest.csv,2026-09-24,Nacimientos de madres residentes según maturidad del parto.,preterm_births
ISTAC:E30304A_000008,latest_audited_2026-09-28,2001,island,el-hierro,Perinatal — nacimientos,total,percent,0.00,0,81,DERIVED_RATE,ADMIT,istac_birth_maturity_v1,https://datos.canarias.es/api/estadisticas/statistical-resources/v1.0/datasets/ISTAC/E30304A_000008/~latest.csv,2026-09-24,Nacimientos de madres residentes según maturidad del parto.,preterm_rate
ISTAC:E30304A_000008,latest_audited_2026-09-28,2001,island,fuerteventura,Perinatal — nacimientos,total,births,938,938,,OBSERVED,ADMIT,istac_birth_maturity_v1,https://datos.canarias.es/api/estadisticas/statistical-resources/v1.0/datasets/ISTAC/E30304A_000008/~latest.csv,2026-09-24,Nacimientos de madres residentes según maturidad del parto.,births
ISTAC:E30304A_000008,latest_audited_2026-09-28,2001,island,fuerteventura,Perinatal — nacimientos,total,births,75,75,,OBSERVED,ADMIT,istac_birth_maturity_v1,https://datos.canarias.es/api/estadisticas/statistical-resources/v1.0/datasets/ISTAC/E30304A_000008/~latest.csv,2026-09-24,Nacimientos de madres residentes según maturidad del parto.,preterm_births
ISTAC:E30304A_000008,latest_audited_2026-09-28,2001,island,fuerteventura,Perinatal — nacimientos,total,percent,8.00,75,938,DERIVED_RATE,ADMIT,istac_birth_maturity_v1,https://datos.canarias.es/api/estadisticas/statistical-resources/v1.0/datasets/ISTAC/E30304A_000008/~latest.csv,2026-09-24,Nacimientos de madres residentes según maturidad del parto.,preterm_rate
ISTAC:E30304A_000008,latest_audited_2026-09-28,2001,island,gran-canaria,Perinatal — nacimientos,total,births,8488,8488,,OBSERVED,ADMIT,istac_birth_maturity_v1,https://datos.canarias.es/api/estadisticas/statistical-resources/v1.0/datasets/ISTAC/E30304A_000008/~latest.csv,2026-09-24,Nacimientos de madres residentes según maturidad del parto.,births
ISTAC:E30304A_000008,latest_audited_2026-09-28,2001,island,gran-canaria,Perinatal — nacimientos,total,births,689,689,,OBSERVED,ADMIT,istac_birth_maturity_v1,https://datos.canarias.es/api/estadisticas/statistical-resources/v1.0/datasets/ISTAC/E30304A_000008/~latest.csv,2026-09-24,Nacimientos de madres residentes según maturidad del parto.,preterm_births
ISTAC:E30304A_000008,latest_audited_2026-09-28,2001,island,gran-canaria,Perinatal — nacimientos,total,percent,8.12,689,8488,DERIVED_RATE,ADMIT,istac_birth_maturity_v1,https://datos.canarias.es/api/estadisticas/statistical-resources/v1.0/datasets/ISTAC/E30304A_000008/~latest.csv,2026-09-24,Nacimientos de madres residentes según maturidad del parto.,preterm_rate
ISTAC:E30304A_000008,latest_audited_2026-09-28,2001,island,la-gomera,Perinatal — nacimientos,total,births,153,153,,OBSERVED,ADMIT,istac_birth_maturity_v1,https://datos.canarias.es/api/estadisticas/statistical-resources/v1.0/datasets/ISTAC/E30304A_000008/~latest.csv,2026-09-24,Nacimientos de madres residentes según maturidad del parto.,births
ISTAC:E30304A_000008,latest_audited_2026-09-28,2001,island,la-gomera,Perinatal — nacimientos,total,births,6,6,,OBSERVED,ADMIT,istac_birth_maturity_v1,https://datos.canarias.es/api/estadisticas/statistical-resources/v1.0/datasets/ISTAC/E30304A_000008/~latest.csv,2026-09-24,Nacimientos de madres residentes según maturidad del parto.,preterm_births
ISTAC:E30304A_000008,latest_audited_2026-09-28,2001,island,la-gomera,Perinatal — nacimientos,total,percent,3.92,6,153,DERIVED_RATE,ADMIT,istac_birth_maturity_v1,https://datos.canarias.es/api/estadisticas/statistical-resources/v1.0/datasets/ISTAC/E30304A_000008/~latest.csv,2026-09-24,Nacimientos de madres residentes según maturidad del parto.,preterm_rate
ISTAC:E30304A_000008,latest_audited_2026-09-28,2001,island,la-palma,Perinatal — nacimientos,total,births,711,711,,OBSERVED,ADMIT,istac_birth_maturity_v1,https://datos.canarias.es/api/estadisticas/statistical-resources/v1.0/datasets/ISTAC/E30304A_000008/~latest.csv,2026-09-24,Nacimientos de madres residentes según maturidad del parto.,births
ISTAC:E30304A_000008,latest_audited_2026-09-28,2001,island,la-palma,Perinatal — nacimientos,total,births,34,34,,OBSERVED,ADMIT,istac_birth_maturity_v1,https://datos.canarias.es/api/estadisticas/statistical-resources/v1.0/datasets/ISTAC/E30304A_000008/~latest.csv,2026-09-24,Nacimientos de madres residentes según maturidad del parto.,preterm_births
ISTAC:E30304A_000008,latest_audited_2026-09-28,2001,island,la-palma,Perinatal — nacimientos,total,percent,4.78,34,711,DERIVED_RATE,ADMIT,istac_birth_maturity_v1,https://datos.canarias.es/api/estadisticas/statistical-resources/v1.0/datasets/ISTAC/E30304A_000008/~latest.csv,2026-09-24,Nacimientos de madres residentes según maturidad del parto.,preterm_rate
ISTAC:E30304A_000008,latest_audited_2026-09-28,2001,island,lanzarote,Perinatal — nacimientos,total,births,1416,1416,,OBSERVED,ADMIT,istac_birth_maturity_v1,https://datos.canarias.es/api/estadisticas/statistical-resources/v1.0/datasets/ISTAC/E30304A_000008/~latest.csv,2026-09-24,Nacimientos de madres residentes según maturidad del parto.,births
ISTAC:E30304A_000008,latest_audited_2026-09-28,2001,island,lanzarote,Perinatal — nacimientos,total,births,106,106,,OBSERVED,ADMIT,istac_birth_maturity_v1,https://datos.canarias.es/api/estadisticas/statistical-resources/v1.0/datasets/ISTAC/E30304A_000008/~latest.csv,2026-09-24,Nacimientos de madres residentes según maturidad del parto.,preterm_births
ISTAC:E30304A_000008,latest_audited_2026-09-28,2001,island,lanzarote,Perinatal — nacimientos,total,percent,7.49,106,1416,DERIVED_RATE,ADMIT,istac_birth_maturity_v1,https://datos.canarias.es/api/estadisticas/statistical-resources/v1.0/datasets/ISTAC/E30304A_000008/~latest.csv,2026-09-24,Nacimientos de madres residentes según maturidad del parto.,preterm_rate
ISTAC:E30304A_000008,latest_audited_2026-09-28,2001,island,tenerife,Perinatal — nacimientos,total,births,7475,7475,,OBSERVED,ADMIT,istac_birth_maturity_v1,https://datos.canarias.es/api/estadisticas/statistical-resources/v1.0/datasets/ISTAC/E30304A_000008/~latest.csv,2026-09-24,Nacimientos de madres residentes según maturidad del parto.,births
ISTAC:E30304A_000008,latest_audited_2026-09-28,2001,island,tenerife,Perinatal — nacimientos,total,births,615,615,,OBSERVED,ADMIT,istac_birth_maturity_v1,https://datos.canarias.es/api/estadisticas/statistical-resources/v1.0/datasets/ISTAC/E30304A_000008/~latest.csv,2026-09-24,Nacimientos de madres residentes según maturidad del parto.,preterm_births
ISTAC:E30304A_000008,latest_audited_2026-09-28,2001,island,tenerife,Perinatal — nacimientos,total,percent,8.23,615,7475,DERIVED_RATE,ADMIT,istac_birth_maturity_v1,https://datos.canarias.es/api/estadisticas/statistical-resources/v1.0/datasets/ISTAC/E30304A_000008/~latest.csv,2026-09-24,Nacimientos de madres residentes según maturidad del parto.,preterm_rate
ISTAC:E30304A_000008,latest_audited_2026-09-28,2002,autonomous_community,canarias,Perinatal — nacimientos,total,births,19461,19461,,OBSERVED,ADMIT,istac_birth_maturity_v1,https://datos.canarias.es/api/estadisticas/statistical-resources/v1.0/datasets/ISTAC/E30304A_000008/~latest.csv,2026-09-24,Nacimientos de madres residentes según maturidad del parto.,births
ISTAC:E30304A_000008,latest_audited_2026-09-28,2002,autonomous_community,canarias,Perinatal — nacimientos,total,births,1606,1606,,OBSERVED,ADMIT,istac_birth_maturity_v1,https://datos.canarias.es/api/estadisticas/statistical-resources/v1.0/datasets/ISTAC/E30304A_000008/~latest.csv,2026-09-24,Nacimientos de madres residentes según maturidad del parto.,preterm_births
ISTAC:E30304A_000008,latest_audited_2026-09-28,2002,autonomous_community,canarias,Perinatal — nacimientos,total,percent,8.25,1606,19461,DERIVED_RATE,ADMIT,istac_birth_maturity_v1,https://datos.canarias.es/api/estadisticas/statistical-resources/v1.0/datasets/ISTAC/E30304A_000008/~latest.csv,2026-09-24,Nacimientos de madres residentes según maturidad del parto.,preterm_rate
ISTAC:E30304A_000008,latest_audited_2026-09-28,2002,island,el-hierro,Perinatal — nacimientos,total,births,78,78,,OBSERVED,ADMIT,istac_birth_maturity_v1,https://datos.canarias.es/api/estadisticas/statistical-resources/v1.0/datasets/ISTAC/E30304A_000008/~latest.csv,2026-09-24,Nacimientos de madres residentes según maturidad del parto.,births
ISTAC:E30304A_000008,latest_audited_2026-09-28,2002,island,el-hierro,Perinatal — nacimientos,total,births,0,0,,OBSERVED,ADMIT,istac_birth_maturity_v1,https://datos.canarias.es/api/estadisticas/statistical-resources/v1.0/datasets/ISTAC/E30304A_000008/~latest.csv,2026-09-24,Nacimientos de madres residentes según maturidad del parto.,preterm_births
ISTAC:E30304A_000008,latest_audited_2026-09-28,2002,island,el-hierro,Perinatal — nacimientos,total,percent,0.00,0,78,DERIVED_RATE,ADMIT,istac_birth_maturity_v1,https://datos.canarias.es/api/estadisticas/statistical-resources/v1.0/datasets/ISTAC/E30304A_000008/~latest.csv,2026-09-24,Nacimientos de madres residentes según maturidad del parto.,preterm_rate
ISTAC:E30304A_000008,latest_audited_2026-09-28,2002,island,fuerteventura,Perinatal — nacimientos,total,births,953,953,,OBSERVED,ADMIT,istac_birth_maturity_v1,https://datos.canarias.es/api/estadisticas/statistical-resources/v1.0/datasets/ISTAC/E30304A_000008/~latest.csv,2026-09-24,Nacimientos de madres residentes según maturidad del parto.,births
ISTAC:E30304A_000008,latest_audited_2026-09-28,2002,island,fuerteventura,Perinatal — nacimientos,total,births,62,62,,OBSERVED,ADMIT,istac_birth_maturity_v1,https://datos.canarias.es/api/estadisticas/statistical-resources/v1.0/datasets/ISTAC/E30304A_000008/~latest.csv,2026-09-24,Nacimientos de madres residentes según maturidad del parto.,preterm_births
ISTAC:E30304A_000008,latest_audited_2026-09-28,2002,island,fuerteventura,Perinatal — nacimientos,total,percent,6.51,62,953,DERIVED_RATE,ADMIT,istac_birth_maturity_v1,https://datos.canarias.es/api/estadisticas/statistical-resources/v1.0/datasets/ISTAC/E30304A_000008/~latest.csv,2026-09-24,Nacimientos de madres residentes según maturidad del parto.,preterm_rate
ISTAC:E30304A_000008,latest_audited_2026-09-28,2002,island,gran-canaria,Perinatal — nacimientos,total,births,8358,8358,,OBSERVED,ADMIT,istac_birth_maturity_v1,https://datos.canarias.es/api/estadisticas/statistical-resources/v1.0/datasets/ISTAC/E30304A_000008/~latest.csv,2026-09-24,Nacimientos de madres residentes según maturidad del parto.,births
ISTAC:E30304A_000008,latest_audited_2026-09-28,2002,island,gran-canaria,Perinatal — nacimientos,total,births,673,673,,OBSERVED,ADMIT,istac_birth_maturity_v1,https://datos.canarias.es/api/estadisticas/statistical-resources/v1.0/datasets/ISTAC/E30304A_000008/~latest.csv,2026-09-24,Nacimientos de madres residentes según maturidad del parto.,preterm_births
ISTAC:E30304A_000008,latest_audited_2026-09-28,2002,island,gran-canaria,Perinatal — nacimientos,total,percent,8.05,673,8358,DERIVED_RATE,ADMIT,istac_birth_maturity_v1,https://datos.canarias.es/api/estadisticas/statistical-resources/v1.0/datasets/ISTAC/E30304A_000008/~latest.csv,2026-09-24,Nacimientos de madres residentes según maturidad del parto.,preterm_rate
ISTAC:E30304A_000008,latest_audited_2026-09-28,2002,island,la-gomera,Perinatal — nacimientos,total,births,170,170,,OBSERVED,ADMIT,istac_birth_maturity_v1,https://datos.canarias.es/api/estadisticas/statistical-resources/v1.0/datasets/ISTAC/E30304A_000008/~latest.csv,2026-09-24,Nacimientos de madres residentes según maturidad del parto.,births
ISTAC:E30304A_000008,latest_audited_2026-09-28,2002,island,la-gomera,Perinatal — nacimientos,total,births,11,11,,OBSERVED,ADMIT,istac_birth_maturity_v1,https://datos.canarias.es/api/estadisticas/statistical-resources/v1.0/datasets/ISTAC/E30304A_000008/~latest.csv,2026-09-24,Nacimientos de madres residentes según maturidad del parto.,preterm_births
ISTAC:E30304A_000008,latest_audited_2026-09-28,2002,island,la-gomera,Perinatal — nacimientos,total,percent,6.47,11,170,DERIVED_RATE,ADMIT,istac_birth_maturity_v1,https://datos.canarias.es/api/estadisticas/statistical-resources/v1.0/datasets/ISTAC/E30304A_000008/~latest.csv,2026-09-24,Nacimientos de madres residentes según maturidad del parto.,preterm_rate
ISTAC:E30304A_000008,latest_audited_2026-09-28,2002,island,la-palma,Perinatal — nacimientos,total,births,684,684,,OBSERVED,ADMIT,istac_birth_maturity_v1,https://datos.canarias.es/api/estadisticas/statistical-resources/v1.0/datasets/ISTAC/E30304A_000008/~latest.csv,2026-09-24,Nacimientos de madres residentes según maturidad del parto.,births
ISTAC:E30304A_000008,latest_audited_2026-09-28,2002,island,la-palma,Perinatal — nacimientos,total,births,46,46,,OBSERVED,ADMIT,istac_birth_maturity_v1,https://datos.canarias.es/api/estadisticas/statistical-resources/v1.0/datasets/ISTAC/E30304A_000008/~latest.csv,2026-09-24,Nacimientos de madres residentes según maturidad del parto.,preterm_births
ISTAC:E30304A_000008,latest_audited_2026-09-28,2002,island,la-palma,Perinatal — nacimientos,total,percent,6.73,46,684,DERIVED_RATE,ADMIT,istac_birth_maturity_v1,https://datos.canarias.es/api/estadisticas/statistical-resources/v1.0/datasets/ISTAC/E30304A_000008/~latest.csv,2026-09-24,Nacimientos de madres residentes según maturidad del parto.,preterm_rate
ISTAC:E30304A_000008,latest_audited_2026-09-28,2002,island,lanzarote,Perinatal — nacimientos,total,births,1516,1516,,OBSERVED,ADMIT,istac_birth_maturity_v1,https://datos.canarias.es/api/estadisticas/statistical-resources/v1.0/datasets/ISTAC/E30304A_000008/~latest.csv,2026-09-24,Nacimientos de madres residentes según maturidad del parto.,births
ISTAC:E30304A_000008,latest_audited_2026-09-28,2002,island,lanzarote,Perinatal — nacimientos,total,births,110,110,,OBSERVED,ADMIT,istac_birth_maturity_v1,https://datos.canarias.es/api/estadisticas/statistical-resources/v1.0/datasets/ISTAC/E30304A_000008/~latest.csv,2026-09-24,Nacimientos de madres residentes según maturidad del parto.,preterm_births
ISTAC:E30304A_000008,latest_audited_2026-09-28,2002,island,lanzarote,Perinatal — nacimientos,total,percent,7.26,110,1516,DERIVED_RATE,ADMIT,istac_birth_maturity_v1,https://datos.canarias.es/api/estadisticas/statistical-resources/v1.0/datasets/ISTAC/E30304A_000008/~latest.csv,2026-09-24,Nacimientos de madres residentes según maturidad del parto.,preterm_rate
ISTAC:E30304A_000008,latest_audited_2026-09-28,2002,island,tenerife,Perinatal — nacimientos,total,births,7702,7702,,OBSERVED,ADMIT,istac_birth_maturity_v1,https://datos.canarias.es/api/estadisticas/statistical-resources/v1.0/datasets/ISTAC/E30304A_000008/~latest.csv,2026-09-24,Nacimientos de madres residentes según maturidad del parto.,births
ISTAC:E30304A_000008,latest_audited_2026-09-28,2002,island,tenerife,Perinatal — nacimientos,total,births,704,704,,OBSERVED,ADMIT,istac_birth_maturity_v1,https://datos.canarias.es/api/estadisticas/statistical-resources/v1.0/datasets/ISTAC/E30304A_000008/~latest.csv,2026-09-24,Nacimientos de madres residentes según maturidad del parto.,preterm_births
ISTAC:E30304A_000008,latest_audited_2026-09-28,2002,island,tenerife,Perinatal — nacimientos,total,percent,9.14,704,7702,DERIVED_RATE,ADMIT,istac_birth_maturity_v1,https://datos.canarias.es/api/estadisticas/statistical-resources/v1.0/datasets/ISTAC/E30304A_000008/~latest.csv,2026-09-24,Nacimientos de madres residentes según maturidad del parto.,preterm_rate
ISTAC:E30304A_000008,latest_audited_2026-09-28,2003,autonomous_community,canarias,Perinatal — nacimientos,total,births,19266,19266,,OBSERVED,ADMIT,istac_birth_maturity_v1,https://datos.canarias.es/api/estadisticas/statistical-resources/v1.0/datasets/ISTAC/E30304A_000008/~latest.csv,2026-09-24,Nacimientos de madres residentes según maturidad del parto.,births
ISTAC:E30304A_000008,latest_audited_2026-09-28,2003,autonomous_community,canarias,Perinatal — nacimientos,total,births,1580,1580,,OBSERVED,ADMIT,istac_birth_maturity_v1,https://datos.canarias.es/api/estadisticas/statistical-resources/v1.0/datasets/ISTAC/E30304A_000008/~latest.csv,2026-09-24,Nacimientos de madres residentes según maturidad del parto.,preterm_births
ISTAC:E30304A_000008,latest_audited_2026-09-28,2003,autonomous_community,canarias,Perinatal — nacimientos,total,percent,8.20,1580,19266,DERIVED_RATE,ADMIT,istac_birth_maturity_v1,https://datos.canarias.es/api/estadisticas/statistical-resources/v1.0/datasets/ISTAC/E30304A_000008/~latest.csv,2026-09-24,Nacimientos de madres residentes según maturidad del parto.,preterm_rate
ISTAC:E30304A_000008,latest_audited_2026-09-28,2003,island,el-hierro,Perinatal — nacimientos,total,births,63,63,,OBSERVED,ADMIT,istac_birth_maturity_v1,https://datos.canarias.es/api/estadisticas/statistical-resources/v1.0/datasets/ISTAC/E30304A_000008/~latest.csv,2026-09-24,Nacimientos de madres residentes según maturidad del parto.,births
ISTAC:E30304A_000008,latest_audited_2026-09-28,2003,island,el-hierro,Perinatal — nacimientos,total,births,0,0,,OBSERVED,ADMIT,istac_birth_maturity_v1,https://datos.canarias.es/api/estadisticas/statistical-resources/v1.0/datasets/ISTAC/E30304A_000008/~latest.csv,2026-09-24,Nacimientos de madres residentes según maturidad del parto.,preterm_births
ISTAC:E30304A_000008,latest_audited_2026-09-28,2003,island,el-hierro,Perinatal — nacimientos,total,percent,0.00,0,63,DERIVED_RATE,ADMIT,istac_birth_maturity_v1,https://datos.canarias.es/api/estadisticas/statistical-resources/v1.0/datasets/ISTAC/E30304A_000008/~latest.csv,2026-09-24,Nacimientos de madres residentes según maturidad del parto.,preterm_rate
ISTAC:E30304A_000008,latest_audited_2026-09-28,2003,island,fuerteventura,Perinatal — nacimientos,total,births,1073,1073,,OBSERVED,ADMIT,istac_birth_maturity_v1,https://datos.canarias.es/api/estadisticas/statistical-resources/v1.0/datasets/ISTAC/E30304A_000008/~latest.csv,2026-09-24,Nacimientos de madres residentes según maturidad del parto.,births
ISTAC:E30304A_000008,latest_audited_2026-09-28,2003,island,fuerteventura,Perinatal — nacimientos,total,births,84,84,,OBSERVED,ADMIT,istac_birth_maturity_v1,https://datos.canarias.es/api/estadisticas/statistical-resources/v1.0/datasets/ISTAC/E30304A_000008/~latest.csv,2026-09-24,Nacimientos de madres residentes según maturidad del parto.,preterm_births
ISTAC:E30304A_000008,latest_audited_2026-09-28,2003,island,fuerteventura,Perinatal — nacimientos,total,percent,7.83,84,1073,DERIVED_RATE,ADMIT,istac_birth_maturity_v1,https://datos.canarias.es/api/estadisticas/statistical-resources/v1.0/datasets/ISTAC/E30304A_000008/~latest.csv,2026-09-24,Nacimientos de madres residentes según maturidad del parto.,preterm_rate
ISTAC:E30304A_000008,latest_audited_2026-09-28,2003,island,gran-canaria,Perinatal — nacimientos,total,births,8548,8548,,OBSERVED,ADMIT,istac_birth_maturity_v1,https://datos.canarias.es/api/estadisticas/statistical-resources/v1.0/datasets/ISTAC/E30304A_000008/~latest.csv,2026-09-24,Nacimientos de madres residentes según maturidad del parto.,births
ISTAC:E30304A_000008,latest_audited_2026-09-28,2003,island,gran-canaria,Perinatal — nacimientos,total,births,693,693,,OBSERVED,ADMIT,istac_birth_maturity_v1,https://datos.canarias.es/api/estadisticas/statistical-resources/v1.0/datasets/ISTAC/E30304A_000008/~latest.csv,2026-09-24,Nacimientos de madres residentes según maturidad del parto.,preterm_births
ISTAC:E30304A_000008,latest_audited_2026-09-28,2003,island,gran-canaria,Perinatal — nacimientos,total,percent,8.11,693,8548,DERIVED_RATE,ADMIT,istac_birth_maturity_v1,https://datos.canarias.es/api/estadisticas/statistical-resources/v1.0/datasets/ISTAC/E30304A_000008/~latest.csv,2026-09-24,Nacimientos de madres residentes según maturidad del parto.,preterm_rate
ISTAC:E30304A_000008,latest_audited_2026-09-28,2003,island,la-gomera,Perinatal — nacimientos,total,births,151,151,,OBSERVED,ADMIT,istac_birth_maturity_v1,https://datos.canarias.es/api/estadisticas/statistical-resources/v1.0/datasets/ISTAC/E30304A_000008/~latest.csv,2026-09-24,Nacimientos de madres residentes según maturidad del parto.,births
ISTAC:E30304A_000008,latest_audited_2026-09-28,2003,island,la-gomera,Perinatal — nacimientos,total,births,7,7,,OBSERVED,ADMIT,istac_birth_maturity_v1,https://datos.canarias.es/api/estadisticas/statistical-resources/v1.0/datasets/ISTAC/E30304A_000008/~latest.csv,2026-09-24,Nacimientos de madres residentes según maturidad del parto.,preterm_births
ISTAC:E30304A_000008,latest_audited_2026-09-28,2003,island,la-gomera,Perinatal — nacimientos,total,percent,4.64,7,151,DERIVED_RATE,ADMIT,istac_birth_maturity_v1,https://datos.canarias.es/api/estadisticas/statistical-resources/v1.0/datasets/ISTAC/E30304A_000008/~latest.csv,2026-09-24,Nacimientos de madres residentes según maturidad del parto.,preterm_rate
ISTAC:E30304A_000008,latest_audited_2026-09-28,2003,island,la-palma,Perinatal — nacimientos,total,births,669,669,,OBSERVED,ADMIT,istac_birth_maturity_v1,https://datos.canarias.es/api/estadisticas/statistical-resources/v1.0/datasets/ISTAC/E30304A_000008/~latest.csv,2026-09-24,Nacimientos de madres residentes según maturidad del parto.,births
ISTAC:E30304A_000008,latest_audited_2026-09-28,2003,island,la-palma,Perinatal — nacimientos,total,births,36,36,,OBSERVED,ADMIT,istac_birth_maturity_v1,https://datos.canarias.es/api/estadisticas/statistical-resources/v1.0/datasets/ISTAC/E30304A_000008/~latest.csv,2026-09-24,Nacimientos de madres residentes según maturidad del parto.,preterm_births
ISTAC:E30304A_000008,latest_audited_2026-09-28,2003,island,la-palma,Perinatal — nacimientos,total,percent,5.38,36,669,DERIVED_RATE,ADMIT,istac_birth_maturity_v1,https://datos.canarias.es/api/estadisticas/statistical-resources/v1.0/datasets/ISTAC/E30304A_000008/~latest.csv,2026-09-24,Nacimientos de madres residentes según maturidad del parto.,preterm_rate
ISTAC:E30304A_000008,latest_audited_2026-09-28,2003,island,lanzarote,Perinatal — nacimientos,total,births,1459,1459,,OBSERVED,ADMIT,istac_birth_maturity_v1,https://datos.canarias.es/api/estadisticas/statistical-resources/v1.0/datasets/ISTAC/E30304A_000008/~latest.csv,2026-09-24,Nacimientos de madres residentes según maturidad del parto.,births
ISTAC:E30304A_000008,latest_audited_2026-09-28,2003,island,lanzarote,Perinatal — nacimientos,total,births,80,80,,OBSERVED,ADMIT,istac_birth_maturity_v1,https://datos.canarias.es/api/estadisticas/statistical-resources/v1.0/datasets/ISTAC/E30304A_000008/~latest.csv,2026-09-24,Nacimientos de madres residentes según maturidad del parto.,preterm_births
ISTAC:E30304A_000008,latest_audited_2026-09-28,2003,island,lanzarote,Perinatal — nacimientos,total,percent,5.48,80,1459,DERIVED_RATE,ADMIT,istac_birth_maturity_v1,https://datos.canarias.es/api/estadisticas/statistical-resources/v1.0/datasets/ISTAC/E30304A_000008/~latest.csv,2026-09-24,Nacimientos de madres residentes según maturidad del parto.,preterm_rate
ISTAC:E30304A_000008,latest_audited_2026-09-28,2003,island,tenerife,Perinatal — nacimientos,total,births,7303,7303,,OBSERVED,ADMIT,istac_birth_maturity_v1,https://datos.canarias.es/api/estadisticas/statistical-resources/v1.0/datasets/ISTAC/E30304A_000008/~latest.csv,2026-09-24,Nacimientos de madres residentes según maturidad del parto.,births
ISTAC:E30304A_000008,latest_audited_2026-09-28,2003,island,tenerife,Perinatal — nacimientos,total,births,680,680,,OBSERVED,ADMIT,istac_birth_maturity_v1,https://datos.canarias.es/api/estadisticas/statistical-resources/v1.0/datasets/ISTAC/E30304A_000008/~latest.csv,2026-09-24,Nacimientos de madres residentes según maturidad del parto.,preterm_births
ISTAC:E30304A_000008,latest_audited_2026-09-28,2003,island,tenerife,Perinatal — nacimientos,total,percent,9.31,680,7303,DERIVED_RATE,ADMIT,istac_birth_maturity_v1,https://datos.canarias.es/api/estadisticas/statistical-resources/v1.0/datasets/ISTAC/E30304A_000008/~latest.csv,2026-09-24,Nacimientos de madres residentes según maturidad del parto.,preterm_rate
ISTAC:E30304A_000008,latest_audited_2026-09-28,2004,autonomous_community,canarias,Perinatal — nacimientos,total,births,19207,19207,,OBSERVED,ADMIT,istac_birth_maturity_v1,https://datos.canarias.es/api/estadisticas/statistical-resources/v1.0/datasets/ISTAC/E30304A_000008/~latest.csv,2026-09-24,Nacimientos de madres residentes según maturidad del parto.,births
ISTAC:E30304A_000008,latest_audited_2026-09-28,2004,autonomous_community,canarias,Perinatal — nacimientos,total,births,1616,1616,,OBSERVED,ADMIT,istac_birth_maturity_v1,https://datos.canarias.es/api/estadisticas/statistical-resources/v1.0/datasets/ISTAC/E30304A_000008/~latest.csv,2026-09-24,Nacimientos de madres residentes según maturidad del parto.,preterm_births
ISTAC:E30304A_000008,latest_audited_2026-09-28,2004,autonomous_community,canarias,Perinatal — nacimientos,total,percent,8.41,1616,19207,DERIVED_RATE,ADMIT,istac_birth_maturity_v1,https://datos.canarias.es/api/estadisticas/statistical-resources/v1.0/datasets/ISTAC/E30304A_000008/~latest.csv,2026-09-24,Nacimientos de madres residentes según maturidad del parto.,preterm_rate
ISTAC:E30304A_000008,latest_audited_2026-09-28,2004,island,el-hierro,Perinatal — nacimientos,total,births,84,84,,OBSERVED,ADMIT,istac_birth_maturity_v1,https://datos.canarias.es/api/estadisticas/statistical-resources/v1.0/datasets/ISTAC/E30304A_000008/~latest.csv,2026-09-24,Nacimientos de madres residentes según maturidad del parto.,births
ISTAC:E30304A_000008,latest_audited_2026-09-28,2004,island,el-hierro,Perinatal — nacimientos,total,births,0,0,,OBSERVED,ADMIT,istac_birth_maturity_v1,https://datos.canarias.es/api/estadisticas/statistical-resources/v1.0/datasets/ISTAC/E30304A_000008/~latest.csv,2026-09-24,Nacimientos de madres residentes según maturidad del parto.,preterm_births
ISTAC:E30304A_000008,latest_audited_2026-09-28,2004,island,el-hierro,Perinatal — nacimientos,total,percent,0.00,0,84,DERIVED_RATE,ADMIT,istac_birth_maturity_v1,https://datos.canarias.es/api/estadisticas/statistical-resources/v1.0/datasets/ISTAC/E30304A_000008/~latest.csv,2026-09-24,Nacimientos de madres residentes según maturidad del parto.,preterm_rate
ISTAC:E30304A_000008,latest_audited_2026-09-28,2004,island,fuerteventura,Perinatal — nacimientos,total,births,672,672,,OBSERVED,ADMIT,istac_birth_maturity_v1,https://datos.canarias.es/api/estadisticas/statistical-resources/v1.0/datasets/ISTAC/E30304A_000008/~latest.csv,2026-09-24,Nacimientos de madres residentes según maturidad del parto.,births
ISTAC:E30304A_000008,latest_audited_2026-09-28,2004,island,fuerteventura,Perinatal — nacimientos,total,births,55,55,,OBSERVED,ADMIT,istac_birth_maturity_v1,https://datos.canarias.es/api/estadisticas/statistical-resources/v1.0/datasets/ISTAC/E30304A_000008/~latest.csv,2026-09-24,Nacimientos de madres residentes según maturidad del parto.,preterm_births
ISTAC:E30304A_000008,latest_audited_2026-09-28,2004,island,fuerteventura,Perinatal — nacimientos,total,percent,8.18,55,672,DERIVED_RATE,ADMIT,istac_birth_maturity_v1,https://datos.canarias.es/api/estadisticas/statistical-resources/v1.0/datasets/ISTAC/E30304A_000008/~latest.csv,2026-09-24,Nacimientos de madres residentes según maturidad del parto.,preterm_rate
ISTAC:E30304A_000008,latest_audited_2026-09-28,2004,island,gran-canaria,Perinatal — nacimientos,total,births,8650,8650,,OBSERVED,ADMIT,istac_birth_maturity_v1,https://datos.canarias.es/api/estadisticas/statistical-resources/v1.0/datasets/ISTAC/E30304A_000008/~latest.csv,2026-09-24,Nacimientos de madres residentes según maturidad del parto.,births
ISTAC:E30304A_000008,latest_audited_2026-09-28,2004,island,gran-canaria,Perinatal — nacimientos,total,births,731,731,,OBSERVED,ADMIT,istac_birth_maturity_v1,https://datos.canarias.es/api/estadisticas/statistical-resources/v1.0/datasets/ISTAC/E30304A_000008/~latest.csv,2026-09-24,Nacimientos de madres residentes según maturidad del parto.,preterm_births
ISTAC:E30304A_000008,latest_audited_2026-09-28,2004,island,gran-canaria,Perinatal — nacimientos,total,percent,8.45,731,8650,DERIVED_RATE,ADMIT,istac_birth_maturity_v1,https://datos.canarias.es/api/estadisticas/statistical-resources/v1.0/datasets/ISTAC/E30304A_000008/~latest.csv,2026-09-24,Nacimientos de madres residentes según maturidad del parto.,preterm_rate
ISTAC:E30304A_000008,latest_audited_2026-09-28,2004,island,la-gomera,Perinatal — nacimientos,total,births,170,170,,OBSERVED,ADMIT,istac_birth_maturity_v1,https://datos.canarias.es/api/estadisticas/statistical-resources/v1.0/datasets/ISTAC/E30304A_000008/~latest.csv,2026-09-24,Nacimientos de madres residentes según maturidad del parto.,births
ISTAC:E30304A_000008,latest_audited_2026-09-28,2004,island,la-gomera,Perinatal — nacimientos,total,births,10,10,,OBSERVED,ADMIT,istac_birth_maturity_v1,https://datos.canarias.es/api/estadisticas/statistical-resources/v1.0/datasets/ISTAC/E30304A_000008/~latest.csv,2026-09-24,Nacimientos de madres residentes según maturidad del parto.,preterm_births
ISTAC:E30304A_000008,latest_audited_2026-09-28,2004,island,la-gomera,Perinatal — nacimientos,total,percent,5.88,10,170,DERIVED_RATE,ADMIT,istac_birth_maturity_v1,https://datos.canarias.es/api/estadisticas/statistical-resources/v1.0/datasets/ISTAC/E30304A_000008/~latest.csv,2026-09-24,Nacimientos de madres residentes según maturidad del parto.,preterm_rate
ISTAC:E30304A_000008,latest_audited_2026-09-28,2004,island,la-palma,Perinatal — nacimientos,total,births,681,681,,OBSERVED,ADMIT,istac_birth_maturity_v1,https://datos.canarias.es/api/estadisticas/statistical-resources/v1.0/datasets/ISTAC/E30304A_000008/~latest.csv,2026-09-24,Nacimientos de madres residentes según maturidad del parto.,births
ISTAC:E30304A_000008,latest_audited_2026-09-28,2004,island,la-palma,Perinatal — nacimientos,total,births,55,55,,OBSERVED,ADMIT,istac_birth_maturity_v1,https://datos.canarias.es/api/estadisticas/statistical-resources/v1.0/datasets/ISTAC/E30304A_000008/~latest.csv,2026-09-24,Nacimientos de madres residentes según maturidad del parto.,preterm_births
ISTAC:E30304A_000008,latest_audited_2026-09-28,2004,island,la-palma,Perinatal — nacimientos,total,percent,8.08,55,681,DERIVED_RATE,ADMIT,istac_birth_maturity_v1,https://datos.canarias.es/api/estadisticas/statistical-resources/v1.0/datasets/ISTAC/E30304A_000008/~latest.csv,2026-09-24,Nacimientos de madres residentes según maturidad del parto.,preterm_rate
ISTAC:E30304A_000008,latest_audited_2026-09-28,2004,island,lanzarote,Perinatal — nacimientos,total,births,1505,1505,,OBSERVED,ADMIT,istac_birth_maturity_v1,https://datos.canarias.es/api/estadisticas/statistical-resources/v1.0/datasets/ISTAC/E30304A_000008/~latest.csv,2026-09-24,Nacimientos de madres residentes según maturidad del parto.,births
ISTAC:E30304A_000008,latest_audited_2026-09-28,2004,island,lanzarote,Perinatal — nacimientos,total,births,116,116,,OBSERVED,ADMIT,istac_birth_maturity_v1,https://datos.canarias.es/api/estadisticas/statistical-resources/v1.0/datasets/ISTAC/E30304A_000008/~latest.csv,2026-09-24,Nacimientos de madres residentes según maturidad del parto.,preterm_births
ISTAC:E30304A_000008,latest_audited_2026-09-28,2004,island,lanzarote,Perinatal — nacimientos,total,percent,7.71,116,1505,DERIVED_RATE,ADMIT,istac_birth_maturity_v1,https://datos.canarias.es/api/estadisticas/statistical-resources/v1.0/datasets/ISTAC/E30304A_000008/~latest.csv,2026-09-24,Nacimientos de madres residentes según maturidad del parto.,preterm_rate
ISTAC:E30304A_000008,latest_audited_2026-09-28,2004,island,tenerife,Perinatal — nacimientos,total,births,7445,7445,,OBSERVED,ADMIT,istac_birth_maturity_v1,https://datos.canarias.es/api/estadisticas/statistical-resources/v1.0/datasets/ISTAC/E30304A_000008/~latest.csv,2026-09-24,Nacimientos de madres residentes según maturidad del parto.,births
ISTAC:E30304A_000008,latest_audited_2026-09-28,2004,island,tenerife,Perinatal — nacimientos,total,births,649,649,,OBSERVED,ADMIT,istac_birth_maturity_v1,https://datos.canarias.es/api/estadisticas/statistical-resources/v1.0/datasets/ISTAC/E30304A_000008/~latest.csv,2026-09-24,Nacimientos de madres residentes según maturidad del parto.,preterm_births
ISTAC:E30304A_000008,latest_audited_2026-09-28,2004,island,tenerife,Perinatal — nacimientos,total,percent,8.72,649,7445,DERIVED_RATE,ADMIT,istac_birth_maturity_v1,https://datos.canarias.es/api/estadisticas/statistical-resources/v1.0/datasets/ISTAC/E30304A_000008/~latest.csv,2026-09-24,Nacimientos de madres residentes según maturidad del parto.,preterm_rate
ISTAC:E30304A_000008,latest_audited_2026-09-28,2005,autonomous_community,canarias,Perinatal — nacimientos,total,births,20127,20127,,OBSERVED,ADMIT,istac_birth_maturity_v1,https://datos.canarias.es/api/estadisticas/statistical-resources/v1.0/datasets/ISTAC/E30304A_000008/~latest.csv,2026-09-24,Nacimientos de madres residentes según maturidad del parto.,births
ISTAC:E30304A_000008,latest_audited_2026-09-28,2005,autonomous_community,canarias,Perinatal — nacimientos,total,births,1753,1753,,OBSERVED,ADMIT,istac_birth_maturity_v1,https://datos.canarias.es/api/estadisticas/statistical-resources/v1.0/datasets/ISTAC/E30304A_000008/~latest.csv,2026-09-24,Nacimientos de madres residentes según maturidad del parto.,preterm_births
ISTAC:E30304A_000008,latest_audited_2026-09-28,2005,autonomous_community,canarias,Perinatal — nacimientos,total,percent,8.71,1753,20127,DERIVED_RATE,ADMIT,istac_birth_maturity_v1,https://datos.canarias.es/api/estadisticas/statistical-resources/v1.0/datasets/ISTAC/E30304A_000008/~latest.csv,2026-09-24,Nacimientos de madres residentes según maturidad del parto.,preterm_rate
ISTAC:E30304A_000008,latest_audited_2026-09-28,2005,island,el-hierro,Perinatal — nacimientos,total,births,73,73,,OBSERVED,ADMIT,istac_birth_maturity_v1,https://datos.canarias.es/api/estadisticas/statistical-resources/v1.0/datasets/ISTAC/E30304A_000008/~latest.csv,2026-09-24,Nacimientos de madres residentes según maturidad del parto.,births
ISTAC:E30304A_000008,latest_audited_2026-09-28,2005,island,el-hierro,Perinatal — nacimientos,total,births,0,0,,OBSERVED,ADMIT,istac_birth_maturity_v1,https://datos.canarias.es/api/estadisticas/statistical-resources/v1.0/datasets/ISTAC/E30304A_000008/~latest.csv,2026-09-24,Nacimientos de madres residentes según maturidad del parto.,preterm_births
ISTAC:E30304A_000008,latest_audited_2026-09-28,2005,island,el-hierro,Perinatal — nacimientos,total,percent,0.00,0,73,DERIVED_RATE,ADMIT,istac_birth_maturity_v1,https://datos.canarias.es/api/estadisticas/statistical-resources/v1.0/datasets/ISTAC/E30304A_000008/~latest.csv,2026-09-24,Nacimientos de madres residentes según maturidad del parto.,preterm_rate
ISTAC:E30304A_000008,latest_audited_2026-09-28,2005,island,fuerteventura,Perinatal — nacimientos,total,births,1022,1022,,OBSERVED,ADMIT,istac_birth_maturity_v1,https://datos.canarias.es/api/estadisticas/statistical-resources/v1.0/datasets/ISTAC/E30304A_000008/~latest.csv,2026-09-24,Nacimientos de madres residentes según maturidad del parto.,births
ISTAC:E30304A_000008,latest_audited_2026-09-28,2005,island,fuerteventura,Perinatal — nacimientos,total,births,86,86,,OBSERVED,ADMIT,istac_birth_maturity_v1,https://datos.canarias.es/api/estadisticas/statistical-resources/v1.0/datasets/ISTAC/E30304A_000008/~latest.csv,2026-09-24,Nacimientos de madres residentes según maturidad del parto.,preterm_births
ISTAC:E30304A_000008,latest_audited_2026-09-28,2005,island,fuerteventura,Perinatal — nacimientos,total,percent,8.41,86,1022,DERIVED_RATE,ADMIT,istac_birth_maturity_v1,https://datos.canarias.es/api/estadisticas/statistical-resources/v1.0/datasets/ISTAC/E30304A_000008/~latest.csv,2026-09-24,Nacimientos de madres residentes según maturidad del parto.,preterm_rate
ISTAC:E30304A_000008,latest_audited_2026-09-28,2005,island,gran-canaria,Perinatal — nacimientos,total,births,8196,8196,,OBSERVED,ADMIT,istac_birth_maturity_v1,https://datos.canarias.es/api/estadisticas/statistical-resources/v1.0/datasets/ISTAC/E30304A_000008/~latest.csv,2026-09-24,Nacimientos de madres residentes según maturidad del parto.,births
ISTAC:E30304A_000008,latest_audited_2026-09-28,2005,island,gran-canaria,Perinatal — nacimientos,total,births,759,759,,OBSERVED,ADMIT,istac_birth_maturity_v1,https://datos.canarias.es/api/estadisticas/statistical-resources/v1.0/datasets/ISTAC/E30304A_000008/~latest.csv,2026-09-24,Nacimientos de madres residentes según maturidad del parto.,preterm_births
ISTAC:E30304A_000008,latest_audited_2026-09-28,2005,island,gran-canaria,Perinatal — nacimientos,total,percent,9.26,759,8196,DERIVED_RATE,ADMIT,istac_birth_maturity_v1,https://datos.canarias.es/api/estadisticas/statistical-resources/v1.0/datasets/ISTAC/E30304A_000008/~latest.csv,2026-09-24,Nacimientos de madres residentes según maturidad del parto.,preterm_rate
ISTAC:E30304A_000008,latest_audited_2026-09-28,2005,island,la-gomera,Perinatal — nacimientos,total,births,170,170,,OBSERVED,ADMIT,istac_birth_maturity_v1,https://datos.canarias.es/api/estadisticas/statistical-resources/v1.0/datasets/ISTAC/E30304A_000008/~latest.csv,2026-09-24,Nacimientos de madres residentes según maturidad del parto.,births
ISTAC:E30304A_000008,latest_audited_2026-09-28,2005,island,la-gomera,Perinatal — nacimientos,total,births,12,12,,OBSERVED,ADMIT,istac_birth_maturity_v1,https://datos.canarias.es/api/estadisticas/statistical-resources/v1.0/datasets/ISTAC/E30304A_000008/~latest.csv,2026-09-24,Nacimientos de madres residentes según maturidad del parto.,preterm_births
ISTAC:E30304A_000008,latest_audited_2026-09-28,2005,island,la-gomera,Perinatal — nacimientos,total,percent,7.06,12,170,DERIVED_RATE,ADMIT,istac_birth_maturity_v1,https://datos.canarias.es/api/estadisticas/statistical-resources/v1.0/datasets/ISTAC/E30304A_000008/~latest.csv,2026-09-24,Nacimientos de madres residentes según maturidad del parto.,preterm_rate
ISTAC:E30304A_000008,latest_audited_2026-09-28,2005,island,la-palma,Perinatal — nacimientos,total,births,651,651,,OBSERVED,ADMIT,istac_birth_maturity_v1,https://datos.canarias.es/api/estadisticas/statistical-resources/v1.0/datasets/ISTAC/E30304A_000008/~latest.csv,2026-09-24,Nacimientos de madres residentes según maturidad del parto.,births
ISTAC:E30304A_000008,latest_audited_2026-09-28,2005,island,la-palma,Perinatal — nacimientos,total,births,39,39,,OBSERVED,ADMIT,istac_birth_maturity_v1,https://datos.canarias.es/api/estadisticas/statistical-resources/v1.0/datasets/ISTAC/E30304A_000008/~latest.csv,2026-09-24,Nacimientos de madres residentes según maturidad del parto.,preterm_births
ISTAC:E30304A_000008,latest_audited_2026-09-28,2005,island,la-palma,Perinatal — nacimientos,total,percent,5.99,39,651,DERIVED_RATE,ADMIT,istac_birth_maturity_v1,https://datos.canarias.es/api/estadisticas/statistical-resources/v1.0/datasets/ISTAC/E30304A_000008/~latest.csv,2026-09-24,Nacimientos de madres residentes según maturidad del parto.,preterm_rate
ISTAC:E30304A_000008,latest_audited_2026-09-28,2005,island,lanzarote,Perinatal — nacimientos,total,births,1579,1579,,OBSERVED,ADMIT,istac_birth_maturity_v1,https://datos.canarias.es/api/estadisticas/statistical-resources/v1.0/datasets/ISTAC/E30304A_000008/~latest.csv,2026-09-24,Nacimientos de madres residentes según maturidad del parto.,births
ISTAC:E30304A_000008,latest_audited_2026-09-28,2005,island,lanzarote,Perinatal — nacimientos,total,births,134,134,,OBSERVED,ADMIT,istac_birth_maturity_v1,https://datos.canarias.es/api/estadisticas/statistical-resources/v1.0/datasets/ISTAC/E30304A_000008/~latest.csv,2026-09-24,Nacimientos de madres residentes según maturidad del parto.,preterm_births
ISTAC:E30304A_000008,latest_audited_2026-09-28,2005,island,lanzarote,Perinatal — nacimientos,total,percent,8.49,134,1579,DERIVED_RATE,ADMIT,istac_birth_maturity_v1,https://datos.canarias.es/api/estadisticas/statistical-resources/v1.0/datasets/ISTAC/E30304A_000008/~latest.csv,2026-09-24,Nacimientos de madres residentes según maturidad del parto.,preterm_rate
ISTAC:E30304A_000008,latest_audited_2026-09-28,2005,island,tenerife,Perinatal — nacimientos,total,births,8436,8436,,OBSERVED,ADMIT,istac_birth_maturity_v1,https://datos.canarias.es/api/estadisticas/statistical-resources/v1.0/datasets/ISTAC/E30304A_000008/~latest.csv,2026-09-24,Nacimientos de madres residentes según maturidad del parto.,births
ISTAC:E30304A_000008,latest_audited_2026-09-28,2005,island,tenerife,Perinatal — nacimientos,total,births,723,723,,OBSERVED,ADMIT,istac_birth_maturity_v1,https://datos.canarias.es/api/estadisticas/statistical-resources/v1.0/datasets/ISTAC/E30304A_000008/~latest.csv,2026-09-24,Nacimientos de madres residentes según maturidad del parto.,preterm_births
ISTAC:E30304A_000008,latest_audited_2026-09-28,2005,island,tenerife,Perinatal — nacimientos,total,percent,8.57,723,8436,DERIVED_RATE,ADMIT,istac_birth_maturity_v1,https://datos.canarias.es/api/estadisticas/statistical-resources/v1.0/datasets/ISTAC/E30304A_000008/~latest.csv,2026-09-24,Nacimientos de madres residentes según maturidad del parto.,preterm_rate
ISTAC:E30304A_000008,latest_audited_2026-09-28,2006,autonomous_community,canarias,Perinatal — nacimientos,total,births,20668,20668,,OBSERVED,ADMIT,istac_birth_maturity_v1,https://datos.canarias.es/api/estadisticas/statistical-resources/v1.0/datasets/ISTAC/E30304A_000008/~latest.csv,2026-09-24,Nacimientos de madres residentes según maturidad del parto.,births
ISTAC:E30304A_000008,latest_audited_2026-09-28,2006,autonomous_community,canarias,Perinatal — nacimientos,total,births,1622,1622,,OBSERVED,ADMIT,istac_birth_maturity_v1,https://datos.canarias.es/api/estadisticas/statistical-resources/v1.0/datasets/ISTAC/E30304A_000008/~latest.csv,2026-09-24,Nacimientos de madres residentes según maturidad del parto.,preterm_births
ISTAC:E30304A_000008,latest_audited_2026-09-28,2006,autonomous_community,canarias,Perinatal — nacimientos,total,percent,7.85,1622,20668,DERIVED_RATE,ADMIT,istac_birth_maturity_v1,https://datos.canarias.es/api/estadisticas/statistical-resources/v1.0/datasets/ISTAC/E30304A_000008/~latest.csv,2026-09-24,Nacimientos de madres residentes según maturidad del parto.,preterm_rate
ISTAC:E30304A_000008,latest_audited_2026-09-28,2006,island,el-hierro,Perinatal — nacimientos,total,births,68,68,,OBSERVED,ADMIT,istac_birth_maturity_v1,https://datos.canarias.es/api/estadisticas/statistical-resources/v1.0/datasets/ISTAC/E30304A_000008/~latest.csv,2026-09-24,Nacimientos de madres residentes según maturidad del parto.,births
ISTAC:E30304A_000008,latest_audited_2026-09-28,2006,island,el-hierro,Perinatal — nacimientos,total,births,5,5,,OBSERVED,ADMIT,istac_birth_maturity_v1,https://datos.canarias.es/api/estadisticas/statistical-resources/v1.0/datasets/ISTAC/E30304A_000008/~latest.csv,2026-09-24,Nacimientos de madres residentes según maturidad del parto.,preterm_births
ISTAC:E30304A_000008,latest_audited_2026-09-28,2006,island,el-hierro,Perinatal — nacimientos,total,percent,7.35,5,68,DERIVED_RATE,ADMIT,istac_birth_maturity_v1,https://datos.canarias.es/api/estadisticas/statistical-resources/v1.0/datasets/ISTAC/E30304A_000008/~latest.csv,2026-09-24,Nacimientos de madres residentes según maturidad del parto.,preterm_rate
ISTAC:E30304A_000008,latest_audited_2026-09-28,2006,island,fuerteventura,Perinatal — nacimientos,total,births,1138,1138,,OBSERVED,ADMIT,istac_birth_maturity_v1,https://datos.canarias.es/api/estadisticas/statistical-resources/v1.0/datasets/ISTAC/E30304A_000008/~latest.csv,2026-09-24,Nacimientos de madres residentes según maturidad del parto.,births
ISTAC:E30304A_000008,latest_audited_2026-09-28,2006,island,fuerteventura,Perinatal — nacimientos,total,births,71,71,,OBSERVED,ADMIT,istac_birth_maturity_v1,https://datos.canarias.es/api/estadisticas/statistical-resources/v1.0/datasets/ISTAC/E30304A_000008/~latest.csv,2026-09-24,Nacimientos de madres residentes según maturidad del parto.,preterm_births
ISTAC:E30304A_000008,latest_audited_2026-09-28,2006,island,fuerteventura,Perinatal — nacimientos,total,percent,6.24,71,1138,DERIVED_RATE,ADMIT,istac_birth_maturity_v1,https://datos.canarias.es/api/estadisticas/statistical-resources/v1.0/datasets/ISTAC/E30304A_000008/~latest.csv,2026-09-24,Nacimientos de madres residentes según maturidad del parto.,preterm_rate
ISTAC:E30304A_000008,latest_audited_2026-09-28,2006,island,gran-canaria,Perinatal — nacimientos,total,births,8327,8327,,OBSERVED,ADMIT,istac_birth_maturity_v1,https://datos.canarias.es/api/estadisticas/statistical-resources/v1.0/datasets/ISTAC/E30304A_000008/~latest.csv,2026-09-24,Nacimientos de madres residentes según maturidad del parto.,births
ISTAC:E30304A_000008,latest_audited_2026-09-28,2006,island,gran-canaria,Perinatal — nacimientos,total,births,664,664,,OBSERVED,ADMIT,istac_birth_maturity_v1,https://datos.canarias.es/api/estadisticas/statistical-resources/v1.0/datasets/ISTAC/E30304A_000008/~latest.csv,2026-09-24,Nacimientos de madres residentes según maturidad del parto.,preterm_births
ISTAC:E30304A_000008,latest_audited_2026-09-28,2006,island,gran-canaria,Perinatal — nacimientos,total,percent,7.97,664,8327,DERIVED_RATE,ADMIT,istac_birth_maturity_v1,https://datos.canarias.es/api/estadisticas/statistical-resources/v1.0/datasets/ISTAC/E30304A_000008/~latest.csv,2026-09-24,Nacimientos de madres residentes según maturidad del parto.,preterm_rate
ISTAC:E30304A_000008,latest_audited_2026-09-28,2006,island,la-gomera,Perinatal — nacimientos,total,births,166,166,,OBSERVED,ADMIT,istac_birth_maturity_v1,https://datos.canarias.es/api/estadisticas/statistical-resources/v1.0/datasets/ISTAC/E30304A_000008/~latest.csv,2026-09-24,Nacimientos de madres residentes según maturidad del parto.,births
ISTAC:E30304A_000008,latest_audited_2026-09-28,2006,island,la-gomera,Perinatal — nacimientos,total,births,16,16,,OBSERVED,ADMIT,istac_birth_maturity_v1,https://datos.canarias.es/api/estadisticas/statistical-resources/v1.0/datasets/ISTAC/E30304A_000008/~latest.csv,2026-09-24,Nacimientos de madres residentes según maturidad del parto.,preterm_births
ISTAC:E30304A_000008,latest_audited_2026-09-28,2006,island,la-gomera,Perinatal — nacimientos,total,percent,9.64,16,166,DERIVED_RATE,ADMIT,istac_birth_maturity_v1,https://datos.canarias.es/api/estadisticas/statistical-resources/v1.0/datasets/ISTAC/E30304A_000008/~latest.csv,2026-09-24,Nacimientos de madres residentes según maturidad del parto.,preterm_rate
ISTAC:E30304A_000008,latest_audited_2026-09-28,2006,island,la-palma,Perinatal — nacimientos,total,births,688,688,,OBSERVED,ADMIT,istac_birth_maturity_v1,https://datos.canarias.es/api/estadisticas/statistical-resources/v1.0/datasets/ISTAC/E30304A_000008/~latest.csv,2026-09-24,Nacimientos de madres residentes según maturidad del parto.,births
ISTAC:E30304A_000008,latest_audited_2026-09-28,2006,island,la-palma,Perinatal — nacimientos,total,births,35,35,,OBSERVED,ADMIT,istac_birth_maturity_v1,https://datos.canarias.es/api/estadisticas/statistical-resources/v1.0/datasets/ISTAC/E30304A_000008/~latest.csv,2026-09-24,Nacimientos de madres residentes según maturidad del parto.,preterm_births
ISTAC:E30304A_000008,latest_audited_2026-09-28,2006,island,la-palma,Perinatal — nacimientos,total,percent,5.09,35,688,DERIVED_RATE,ADMIT,istac_birth_maturity_v1,https://datos.canarias.es/api/estadisticas/statistical-resources/v1.0/datasets/ISTAC/E30304A_000008/~latest.csv,2026-09-24,Nacimientos de madres residentes según maturidad del parto.,preterm_rate
ISTAC:E30304A_000008,latest_audited_2026-09-28,2006,island,lanzarote,Perinatal — nacimientos,total,births,1625,1625,,OBSERVED,ADMIT,istac_birth_maturity_v1,https://datos.canarias.es/api/estadisticas/statistical-resources/v1.0/datasets/ISTAC/E30304A_000008/~latest.csv,2026-09-24,Nacimientos de madres residentes según maturidad del parto.,births
ISTAC:E30304A_000008,latest_audited_2026-09-28,2006,island,lanzarote,Perinatal — nacimientos,total,births,111,111,,OBSERVED,ADMIT,istac_birth_maturity_v1,https://datos.canarias.es/api/estadisticas/statistical-resources/v1.0/datasets/ISTAC/E30304A_000008/~latest.csv,2026-09-24,Nacimientos de madres residentes según maturidad del parto.,preterm_births
ISTAC:E30304A_000008,latest_audited_2026-09-28,2006,island,lanzarote,Perinatal — nacimientos,total,percent,6.83,111,1625,DERIVED_RATE,ADMIT,istac_birth_maturity_v1,https://datos.canarias.es/api/estadisticas/statistical-resources/v1.0/datasets/ISTAC/E30304A_000008/~latest.csv,2026-09-24,Nacimientos de madres residentes según maturidad del parto.,preterm_rate
ISTAC:E30304A_000008,latest_audited_2026-09-28,2006,island,tenerife,Perinatal — nacimientos,total,births,8656,8656,,OBSERVED,ADMIT,istac_birth_maturity_v1,https://datos.canarias.es/api/estadisticas/statistical-resources/v1.0/datasets/ISTAC/E30304A_000008/~latest.csv,2026-09-24,Nacimientos de madres residentes según maturidad del parto.,births
ISTAC:E30304A_000008,latest_audited_2026-09-28,2006,island,tenerife,Perinatal — nacimientos,total,births,720,720,,OBSERVED,ADMIT,istac_birth_maturity_v1,https://datos.canarias.es/api/estadisticas/statistical-resources/v1.0/datasets/ISTAC/E30304A_000008/~latest.csv,2026-09-24,Nacimientos de madres residentes según maturidad del parto.,preterm_births
ISTAC:E30304A_000008,latest_audited_2026-09-28,2006,island,tenerife,Perinatal — nacimientos,total,percent,8.32,720,8656,DERIVED_RATE,ADMIT,istac_birth_maturity_v1,https://datos.canarias.es/api/estadisticas/statistical-resources/v1.0/datasets/ISTAC/E30304A_000008/~latest.csv,2026-09-24,Nacimientos de madres residentes según maturidad del parto.,preterm_rate
ISTAC:E30304A_000008,latest_audited_2026-09-28,2007,autonomous_community,canarias,Perinatal — nacimientos,total,births,19740,19740,,OBSERVED,ADMIT,istac_birth_maturity_v1,https://datos.canarias.es/api/estadisticas/statistical-resources/v1.0/datasets/ISTAC/E30304A_000008/~latest.csv,2026-09-24,Nacimientos de madres residentes según maturidad del parto.,births
ISTAC:E30304A_000008,latest_audited_2026-09-28,2007,autonomous_community,canarias,Perinatal — nacimientos,total,births,1685,1685,,OBSERVED,ADMIT,istac_birth_maturity_v1,https://datos.canarias.es/api/estadisticas/statistical-resources/v1.0/datasets/ISTAC/E30304A_000008/~latest.csv,2026-09-24,Nacimientos de madres residentes según maturidad del parto.,preterm_births
ISTAC:E30304A_000008,latest_audited_2026-09-28,2007,autonomous_community,canarias,Perinatal — nacimientos,total,percent,8.54,1685,19740,DERIVED_RATE,ADMIT,istac_birth_maturity_v1,https://datos.canarias.es/api/estadisticas/statistical-resources/v1.0/datasets/ISTAC/E30304A_000008/~latest.csv,2026-09-24,Nacimientos de madres residentes según maturidad del parto.,preterm_rate
ISTAC:E30304A_000008,latest_audited_2026-09-28,2007,island,el-hierro,Perinatal — nacimientos,total,births,80,80,,OBSERVED,ADMIT,istac_birth_maturity_v1,https://datos.canarias.es/api/estadisticas/statistical-resources/v1.0/datasets/ISTAC/E30304A_000008/~latest.csv,2026-09-24,Nacimientos de madres residentes según maturidad del parto.,births
ISTAC:E30304A_000008,latest_audited_2026-09-28,2007,island,el-hierro,Perinatal — nacimientos,total,births,6,6,,OBSERVED,ADMIT,istac_birth_maturity_v1,https://datos.canarias.es/api/estadisticas/statistical-resources/v1.0/datasets/ISTAC/E30304A_000008/~latest.csv,2026-09-24,Nacimientos de madres residentes según maturidad del parto.,preterm_births
ISTAC:E30304A_000008,latest_audited_2026-09-28,2007,island,el-hierro,Perinatal — nacimientos,total,percent,7.50,6,80,DERIVED_RATE,ADMIT,istac_birth_maturity_v1,https://datos.canarias.es/api/estadisticas/statistical-resources/v1.0/datasets/ISTAC/E30304A_000008/~latest.csv,2026-09-24,Nacimientos de madres residentes según maturidad del parto.,preterm_rate
ISTAC:E30304A_000008,latest_audited_2026-09-28,2007,island,fuerteventura,Perinatal — nacimientos,total,births,540,540,,OBSERVED,ADMIT,istac_birth_maturity_v1,https://datos.canarias.es/api/estadisticas/statistical-resources/v1.0/datasets/ISTAC/E30304A_000008/~latest.csv,2026-09-24,Nacimientos de madres residentes según maturidad del parto.,births
ISTAC:E30304A_000008,latest_audited_2026-09-28,2007,island,fuerteventura,Perinatal — nacimientos,total,births,34,34,,OBSERVED,ADMIT,istac_birth_maturity_v1,https://datos.canarias.es/api/estadisticas/statistical-resources/v1.0/datasets/ISTAC/E30304A_000008/~latest.csv,2026-09-24,Nacimientos de madres residentes según maturidad del parto.,preterm_births
ISTAC:E30304A_000008,latest_audited_2026-09-28,2007,island,fuerteventura,Perinatal — nacimientos,total,percent,6.30,34,540,DERIVED_RATE,ADMIT,istac_birth_maturity_v1,https://datos.canarias.es/api/estadisticas/statistical-resources/v1.0/datasets/ISTAC/E30304A_000008/~latest.csv,2026-09-24,Nacimientos de madres residentes según maturidad del parto.,preterm_rate
ISTAC:E30304A_000008,latest_audited_2026-09-28,2007,island,gran-canaria,Perinatal — nacimientos,total,births,7899,7899,,OBSERVED,ADMIT,istac_birth_maturity_v1,https://datos.canarias.es/api/estadisticas/statistical-resources/v1.0/datasets/ISTAC/E30304A_000008/~latest.csv,2026-09-24,Nacimientos de madres residentes según maturidad del parto.,births
ISTAC:E30304A_000008,latest_audited_2026-09-28,2007,island,gran-canaria,Perinatal — nacimientos,total,births,687,687,,OBSERVED,ADMIT,istac_birth_maturity_v1,https://datos.canarias.es/api/estadisticas/statistical-resources/v1.0/datasets/ISTAC/E30304A_000008/~latest.csv,2026-09-24,Nacimientos de madres residentes según maturidad del parto.,preterm_births
ISTAC:E30304A_000008,latest_audited_2026-09-28,2007,island,gran-canaria,Perinatal — nacimientos,total,percent,8.70,687,7899,DERIVED_RATE,ADMIT,istac_birth_maturity_v1,https://datos.canarias.es/api/estadisticas/statistical-resources/v1.0/datasets/ISTAC/E30304A_000008/~latest.csv,2026-09-24,Nacimientos de madres residentes según maturidad del parto.,preterm_rate
ISTAC:E30304A_000008,latest_audited_2026-09-28,2007,island,la-gomera,Perinatal — nacimientos,total,births,141,141,,OBSERVED,ADMIT,istac_birth_maturity_v1,https://datos.canarias.es/api/estadisticas/statistical-resources/v1.0/datasets/ISTAC/E30304A_000008/~latest.csv,2026-09-24,Nacimientos de madres residentes según maturidad del parto.,births
ISTAC:E30304A_000008,latest_audited_2026-09-28,2007,island,la-gomera,Perinatal — nacimientos,total,births,9,9,,OBSERVED,ADMIT,istac_birth_maturity_v1,https://datos.canarias.es/api/estadisticas/statistical-resources/v1.0/datasets/ISTAC/E30304A_000008/~latest.csv,2026-09-24,Nacimientos de madres residentes según maturidad del parto.,preterm_births
ISTAC:E30304A_000008,latest_audited_2026-09-28,2007,island,la-gomera,Perinatal — nacimientos,total,percent,6.38,9,141,DERIVED_RATE,ADMIT,istac_birth_maturity_v1,https://datos.canarias.es/api/estadisticas/statistical-resources/v1.0/datasets/ISTAC/E30304A_000008/~latest.csv,2026-09-24,Nacimientos de madres residentes según maturidad del parto.,preterm_rate
ISTAC:E30304A_000008,latest_audited_2026-09-28,2007,island,la-palma,Perinatal — nacimientos,total,births,678,678,,OBSERVED,ADMIT,istac_birth_maturity_v1,https://datos.canarias.es/api/estadisticas/statistical-resources/v1.0/datasets/ISTAC/E30304A_000008/~latest.csv,2026-09-24,Nacimientos de madres residentes según maturidad del parto.,births
ISTAC:E30304A_000008,latest_audited_2026-09-28,2007,island,la-palma,Perinatal — nacimientos,total,births,54,54,,OBSERVED,ADMIT,istac_birth_maturity_v1,https://datos.canarias.es/api/estadisticas/statistical-resources/v1.0/datasets/ISTAC/E30304A_000008/~latest.csv,2026-09-24,Nacimientos de madres residentes según maturidad del parto.,preterm_births
ISTAC:E30304A_000008,latest_audited_2026-09-28,2007,island,la-palma,Perinatal — nacimientos,total,percent,7.96,54,678,DERIVED_RATE,ADMIT,istac_birth_maturity_v1,https://datos.canarias.es/api/estadisticas/statistical-resources/v1.0/datasets/ISTAC/E30304A_000008/~latest.csv,2026-09-24,Nacimientos de madres residentes según maturidad del parto.,preterm_rate
ISTAC:E30304A_000008,latest_audited_2026-09-28,2007,island,lanzarote,Perinatal — nacimientos,total,births,1689,1689,,OBSERVED,ADMIT,istac_birth_maturity_v1,https://datos.canarias.es/api/estadisticas/statistical-resources/v1.0/datasets/ISTAC/E30304A_000008/~latest.csv,2026-09-24,Nacimientos de madres residentes según maturidad del parto.,births
ISTAC:E30304A_000008,latest_audited_2026-09-28,2007,island,lanzarote,Perinatal — nacimientos,total,births,112,112,,OBSERVED,ADMIT,istac_birth_maturity_v1,https://datos.canarias.es/api/estadisticas/statistical-resources/v1.0/datasets/ISTAC/E30304A_000008/~latest.csv,2026-09-24,Nacimientos de madres residentes según maturidad del parto.,preterm_births
ISTAC:E30304A_000008,latest_audited_2026-09-28,2007,island,lanzarote,Perinatal — nacimientos,total,percent,6.63,112,1689,DERIVED_RATE,ADMIT,istac_birth_maturity_v1,https://datos.canarias.es/api/estadisticas/statistical-resources/v1.0/datasets/ISTAC/E30304A_000008/~latest.csv,2026-09-24,Nacimientos de madres residentes según maturidad del parto.,preterm_rate
ISTAC:E30304A_000008,latest_audited_2026-09-28,2007,island,tenerife,Perinatal — nacimientos,total,births,8713,8713,,OBSERVED,ADMIT,istac_birth_maturity_v1,https://datos.canarias.es/api/estadisticas/statistical-resources/v1.0/datasets/ISTAC/E30304A_000008/~latest.csv,2026-09-24,Nacimientos de madres residentes según maturidad del parto.,births
ISTAC:E30304A_000008,latest_audited_2026-09-28,2007,island,tenerife,Perinatal — nacimientos,total,births,783,783,,OBSERVED,ADMIT,istac_birth_maturity_v1,https://datos.canarias.es/api/estadisticas/statistical-resources/v1.0/datasets/ISTAC/E30304A_000008/~latest.csv,2026-09-24,Nacimientos de madres residentes según maturidad del parto.,preterm_births
ISTAC:E30304A_000008,latest_audited_2026-09-28,2007,island,tenerife,Perinatal — nacimientos,total,percent,8.99,783,8713,DERIVED_RATE,ADMIT,istac_birth_maturity_v1,https://datos.canarias.es/api/estadisticas/statistical-resources/v1.0/datasets/ISTAC/E30304A_000008/~latest.csv,2026-09-24,Nacimientos de madres residentes según maturidad del parto.,preterm_rate
ISTAC:E30304A_000008,latest_audited_2026-09-28,2008,autonomous_community,canarias,Perinatal — nacimientos,total,births,20672,20672,,OBSERVED,ADMIT,istac_birth_maturity_v1,https://datos.canarias.es/api/estadisticas/statistical-resources/v1.0/datasets/ISTAC/E30304A_000008/~latest.csv,2026-09-24,Nacimientos de madres residentes según maturidad del parto.,births
ISTAC:E30304A_000008,latest_audited_2026-09-28,2008,autonomous_community,canarias,Perinatal — nacimientos,total,births,1610,1610,,OBSERVED,ADMIT,istac_birth_maturity_v1,https://datos.canarias.es/api/estadisticas/statistical-resources/v1.0/datasets/ISTAC/E30304A_000008/~latest.csv,2026-09-24,Nacimientos de madres residentes según maturidad del parto.,preterm_births
ISTAC:E30304A_000008,latest_audited_2026-09-28,2008,autonomous_community,canarias,Perinatal — nacimientos,total,percent,7.79,1610,20672,DERIVED_RATE,ADMIT,istac_birth_maturity_v1,https://datos.canarias.es/api/estadisticas/statistical-resources/v1.0/datasets/ISTAC/E30304A_000008/~latest.csv,2026-09-24,Nacimientos de madres residentes según maturidad del parto.,preterm_rate
ISTAC:E30304A_000008,latest_audited_2026-09-28,2008,island,el-hierro,Perinatal — nacimientos,total,births,96,96,,OBSERVED,ADMIT,istac_birth_maturity_v1,https://datos.canarias.es/api/estadisticas/statistical-resources/v1.0/datasets/ISTAC/E30304A_000008/~latest.csv,2026-09-24,Nacimientos de madres residentes según maturidad del parto.,births
ISTAC:E30304A_000008,latest_audited_2026-09-28,2008,island,el-hierro,Perinatal — nacimientos,total,births,4,4,,OBSERVED,ADMIT,istac_birth_maturity_v1,https://datos.canarias.es/api/estadisticas/statistical-resources/v1.0/datasets/ISTAC/E30304A_000008/~latest.csv,2026-09-24,Nacimientos de madres residentes según maturidad del parto.,preterm_births
ISTAC:E30304A_000008,latest_audited_2026-09-28,2008,island,el-hierro,Perinatal — nacimientos,total,percent,4.17,4,96,DERIVED_RATE,ADMIT,istac_birth_maturity_v1,https://datos.canarias.es/api/estadisticas/statistical-resources/v1.0/datasets/ISTAC/E30304A_000008/~latest.csv,2026-09-24,Nacimientos de madres residentes según maturidad del parto.,preterm_rate
ISTAC:E30304A_000008,latest_audited_2026-09-28,2008,island,fuerteventura,Perinatal — nacimientos,total,births,1362,1362,,OBSERVED,ADMIT,istac_birth_maturity_v1,https://datos.canarias.es/api/estadisticas/statistical-resources/v1.0/datasets/ISTAC/E30304A_000008/~latest.csv,2026-09-24,Nacimientos de madres residentes según maturidad del parto.,births
ISTAC:E30304A_000008,latest_audited_2026-09-28,2008,island,fuerteventura,Perinatal — nacimientos,total,births,93,93,,OBSERVED,ADMIT,istac_birth_maturity_v1,https://datos.canarias.es/api/estadisticas/statistical-resources/v1.0/datasets/ISTAC/E30304A_000008/~latest.csv,2026-09-24,Nacimientos de madres residentes según maturidad del parto.,preterm_births
ISTAC:E30304A_000008,latest_audited_2026-09-28,2008,island,fuerteventura,Perinatal — nacimientos,total,percent,6.83,93,1362,DERIVED_RATE,ADMIT,istac_birth_maturity_v1,https://datos.canarias.es/api/estadisticas/statistical-resources/v1.0/datasets/ISTAC/E30304A_000008/~latest.csv,2026-09-24,Nacimientos de madres residentes según maturidad del parto.,preterm_rate
ISTAC:E30304A_000008,latest_audited_2026-09-28,2008,island,gran-canaria,Perinatal — nacimientos,total,births,7729,7729,,OBSERVED,ADMIT,istac_birth_maturity_v1,https://datos.canarias.es/api/estadisticas/statistical-resources/v1.0/datasets/ISTAC/E30304A_000008/~latest.csv,2026-09-24,Nacimientos de madres residentes según maturidad del parto.,births
ISTAC:E30304A_000008,latest_audited_2026-09-28,2008,island,gran-canaria,Perinatal — nacimientos,total,births,612,612,,OBSERVED,ADMIT,istac_birth_maturity_v1,https://datos.canarias.es/api/estadisticas/statistical-resources/v1.0/datasets/ISTAC/E30304A_000008/~latest.csv,2026-09-24,Nacimientos de madres residentes según maturidad del parto.,preterm_births
ISTAC:E30304A_000008,latest_audited_2026-09-28,2008,island,gran-canaria,Perinatal — nacimientos,total,percent,7.92,612,7729,DERIVED_RATE,ADMIT,istac_birth_maturity_v1,https://datos.canarias.es/api/estadisticas/statistical-resources/v1.0/datasets/ISTAC/E30304A_000008/~latest.csv,2026-09-24,Nacimientos de madres residentes según maturidad del parto.,preterm_rate
ISTAC:E30304A_000008,latest_audited_2026-09-28,2008,island,la-gomera,Perinatal — nacimientos,total,births,163,163,,OBSERVED,ADMIT,istac_birth_maturity_v1,https://datos.canarias.es/api/estadisticas/statistical-resources/v1.0/datasets/ISTAC/E30304A_000008/~latest.csv,2026-09-24,Nacimientos de madres residentes según maturidad del parto.,births
ISTAC:E30304A_000008,latest_audited_2026-09-28,2008,island,la-gomera,Perinatal — nacimientos,total,births,10,10,,OBSERVED,ADMIT,istac_birth_maturity_v1,https://datos.canarias.es/api/estadisticas/statistical-resources/v1.0/datasets/ISTAC/E30304A_000008/~latest.csv,2026-09-24,Nacimientos de madres residentes según maturidad del parto.,preterm_births
ISTAC:E30304A_000008,latest_audited_2026-09-28,2008,island,la-gomera,Perinatal — nacimientos,total,percent,6.13,10,163,DERIVED_RATE,ADMIT,istac_birth_maturity_v1,https://datos.canarias.es/api/estadisticas/statistical-resources/v1.0/datasets/ISTAC/E30304A_000008/~latest.csv,2026-09-24,Nacimientos de madres residentes según maturidad del parto.,preterm_rate
ISTAC:E30304A_000008,latest_audited_2026-09-28,2008,island,la-palma,Perinatal — nacimientos,total,births,669,669,,OBSERVED,ADMIT,istac_birth_maturity_v1,https://datos.canarias.es/api/estadisticas/statistical-resources/v1.0/datasets/ISTAC/E30304A_000008/~latest.csv,2026-09-24,Nacimientos de madres residentes según maturidad del parto.,births
ISTAC:E30304A_000008,latest_audited_2026-09-28,2008,island,la-palma,Perinatal — nacimientos,total,births,49,49,,OBSERVED,ADMIT,istac_birth_maturity_v1,https://datos.canarias.es/api/estadisticas/statistical-resources/v1.0/datasets/ISTAC/E30304A_000008/~latest.csv,2026-09-24,Nacimientos de madres residentes según maturidad del parto.,preterm_births
ISTAC:E30304A_000008,latest_audited_2026-09-28,2008,island,la-palma,Perinatal — nacimientos,total,percent,7.32,49,669,DERIVED_RATE,ADMIT,istac_birth_maturity_v1,https://datos.canarias.es/api/estadisticas/statistical-resources/v1.0/datasets/ISTAC/E30304A_000008/~latest.csv,2026-09-24,Nacimientos de madres residentes según maturidad del parto.,preterm_rate
ISTAC:E30304A_000008,latest_audited_2026-09-28,2008,island,lanzarote,Perinatal — nacimientos,total,births,1680,1680,,OBSERVED,ADMIT,istac_birth_maturity_v1,https://datos.canarias.es/api/estadisticas/statistical-resources/v1.0/datasets/ISTAC/E30304A_000008/~latest.csv,2026-09-24,Nacimientos de madres residentes según maturidad del parto.,births
ISTAC:E30304A_000008,latest_audited_2026-09-28,2008,island,lanzarote,Perinatal — nacimientos,total,births,130,130,,OBSERVED,ADMIT,istac_birth_maturity_v1,https://datos.canarias.es/api/estadisticas/statistical-resources/v1.0/datasets/ISTAC/E30304A_000008/~latest.csv,2026-09-24,Nacimientos de madres residentes según maturidad del parto.,preterm_births
ISTAC:E30304A_000008,latest_audited_2026-09-28,2008,island,lanzarote,Perinatal — nacimientos,total,percent,7.74,130,1680,DERIVED_RATE,ADMIT,istac_birth_maturity_v1,https://datos.canarias.es/api/estadisticas/statistical-resources/v1.0/datasets/ISTAC/E30304A_000008/~latest.csv,2026-09-24,Nacimientos de madres residentes según maturidad del parto.,preterm_rate
ISTAC:E30304A_000008,latest_audited_2026-09-28,2008,island,tenerife,Perinatal — nacimientos,total,births,8973,8973,,OBSERVED,ADMIT,istac_birth_maturity_v1,https://datos.canarias.es/api/estadisticas/statistical-resources/v1.0/datasets/ISTAC/E30304A_000008/~latest.csv,2026-09-24,Nacimientos de madres residentes según maturidad del parto.,births
ISTAC:E30304A_000008,latest_audited_2026-09-28,2008,island,tenerife,Perinatal — nacimientos,total,births,712,712,,OBSERVED,ADMIT,istac_birth_maturity_v1,https://datos.canarias.es/api/estadisticas/statistical-resources/v1.0/datasets/ISTAC/E30304A_000008/~latest.csv,2026-09-24,Nacimientos de madres residentes según maturidad del parto.,preterm_births
ISTAC:E30304A_000008,latest_audited_2026-09-28,2008,island,tenerife,Perinatal — nacimientos,total,percent,7.93,712,8973,DERIVED_RATE,ADMIT,istac_birth_maturity_v1,https://datos.canarias.es/api/estadisticas/statistical-resources/v1.0/datasets/ISTAC/E30304A_000008/~latest.csv,2026-09-24,Nacimientos de madres residentes según maturidad del parto.,preterm_rate
ISTAC:E30304A_000008,latest_audited_2026-09-28,2009,autonomous_community,canarias,Perinatal — nacimientos,total,births,18952,18952,,OBSERVED,ADMIT,istac_birth_maturity_v1,https://datos.canarias.es/api/estadisticas/statistical-resources/v1.0/datasets/ISTAC/E30304A_000008/~latest.csv,2026-09-24,Nacimientos de madres residentes según maturidad del parto.,births
ISTAC:E30304A_000008,latest_audited_2026-09-28,2009,autonomous_community,canarias,Perinatal — nacimientos,total,births,1448,1448,,OBSERVED,ADMIT,istac_birth_maturity_v1,https://datos.canarias.es/api/estadisticas/statistical-resources/v1.0/datasets/ISTAC/E30304A_000008/~latest.csv,2026-09-24,Nacimientos de madres residentes según maturidad del parto.,preterm_births
ISTAC:E30304A_000008,latest_audited_2026-09-28,2009,autonomous_community,canarias,Perinatal — nacimientos,total,percent,7.64,1448,18952,DERIVED_RATE,ADMIT,istac_birth_maturity_v1,https://datos.canarias.es/api/estadisticas/statistical-resources/v1.0/datasets/ISTAC/E30304A_000008/~latest.csv,2026-09-24,Nacimientos de madres residentes según maturidad del parto.,preterm_rate
ISTAC:E30304A_000008,latest_audited_2026-09-28,2009,island,el-hierro,Perinatal — nacimientos,total,births,76,76,,OBSERVED,ADMIT,istac_birth_maturity_v1,https://datos.canarias.es/api/estadisticas/statistical-resources/v1.0/datasets/ISTAC/E30304A_000008/~latest.csv,2026-09-24,Nacimientos de madres residentes según maturidad del parto.,births
ISTAC:E30304A_000008,latest_audited_2026-09-28,2009,island,el-hierro,Perinatal — nacimientos,total,births,3,3,,OBSERVED,ADMIT,istac_birth_maturity_v1,https://datos.canarias.es/api/estadisticas/statistical-resources/v1.0/datasets/ISTAC/E30304A_000008/~latest.csv,2026-09-24,Nacimientos de madres residentes según maturidad del parto.,preterm_births
ISTAC:E30304A_000008,latest_audited_2026-09-28,2009,island,el-hierro,Perinatal — nacimientos,total,percent,3.95,3,76,DERIVED_RATE,ADMIT,istac_birth_maturity_v1,https://datos.canarias.es/api/estadisticas/statistical-resources/v1.0/datasets/ISTAC/E30304A_000008/~latest.csv,2026-09-24,Nacimientos de madres residentes según maturidad del parto.,preterm_rate
ISTAC:E30304A_000008,latest_audited_2026-09-28,2009,island,fuerteventura,Perinatal — nacimientos,total,births,1178,1178,,OBSERVED,ADMIT,istac_birth_maturity_v1,https://datos.canarias.es/api/estadisticas/statistical-resources/v1.0/datasets/ISTAC/E30304A_000008/~latest.csv,2026-09-24,Nacimientos de madres residentes según maturidad del parto.,births
ISTAC:E30304A_000008,latest_audited_2026-09-28,2009,island,fuerteventura,Perinatal — nacimientos,total,births,61,61,,OBSERVED,ADMIT,istac_birth_maturity_v1,https://datos.canarias.es/api/estadisticas/statistical-resources/v1.0/datasets/ISTAC/E30304A_000008/~latest.csv,2026-09-24,Nacimientos de madres residentes según maturidad del parto.,preterm_births
ISTAC:E30304A_000008,latest_audited_2026-09-28,2009,island,fuerteventura,Perinatal — nacimientos,total,percent,5.18,61,1178,DERIVED_RATE,ADMIT,istac_birth_maturity_v1,https://datos.canarias.es/api/estadisticas/statistical-resources/v1.0/datasets/ISTAC/E30304A_000008/~latest.csv,2026-09-24,Nacimientos de madres residentes según maturidad del parto.,preterm_rate
ISTAC:E30304A_000008,latest_audited_2026-09-28,2009,island,gran-canaria,Perinatal — nacimientos,total,births,7243,7243,,OBSERVED,ADMIT,istac_birth_maturity_v1,https://datos.canarias.es/api/estadisticas/statistical-resources/v1.0/datasets/ISTAC/E30304A_000008/~latest.csv,2026-09-24,Nacimientos de madres residentes según maturidad del parto.,births
ISTAC:E30304A_000008,latest_audited_2026-09-28,2009,island,gran-canaria,Perinatal — nacimientos,total,births,601,601,,OBSERVED,ADMIT,istac_birth_maturity_v1,https://datos.canarias.es/api/estadisticas/statistical-resources/v1.0/datasets/ISTAC/E30304A_000008/~latest.csv,2026-09-24,Nacimientos de madres residentes según maturidad del parto.,preterm_births
ISTAC:E30304A_000008,latest_audited_2026-09-28,2009,island,gran-canaria,Perinatal — nacimientos,total,percent,8.30,601,7243,DERIVED_RATE,ADMIT,istac_birth_maturity_v1,https://datos.canarias.es/api/estadisticas/statistical-resources/v1.0/datasets/ISTAC/E30304A_000008/~latest.csv,2026-09-24,Nacimientos de madres residentes según maturidad del parto.,preterm_rate
ISTAC:E30304A_000008,latest_audited_2026-09-28,2009,island,la-gomera,Perinatal — nacimientos,total,births,152,152,,OBSERVED,ADMIT,istac_birth_maturity_v1,https://datos.canarias.es/api/estadisticas/statistical-resources/v1.0/datasets/ISTAC/E30304A_000008/~latest.csv,2026-09-24,Nacimientos de madres residentes según maturidad del parto.,births
ISTAC:E30304A_000008,latest_audited_2026-09-28,2009,island,la-gomera,Perinatal — nacimientos,total,births,9,9,,OBSERVED,ADMIT,istac_birth_maturity_v1,https://datos.canarias.es/api/estadisticas/statistical-resources/v1.0/datasets/ISTAC/E30304A_000008/~latest.csv,2026-09-24,Nacimientos de madres residentes según maturidad del parto.,preterm_births
ISTAC:E30304A_000008,latest_audited_2026-09-28,2009,island,la-gomera,Perinatal — nacimientos,total,percent,5.92,9,152,DERIVED_RATE,ADMIT,istac_birth_maturity_v1,https://datos.canarias.es/api/estadisticas/statistical-resources/v1.0/datasets/ISTAC/E30304A_000008/~latest.csv,2026-09-24,Nacimientos de madres residentes según maturidad del parto.,preterm_rate
ISTAC:E30304A_000008,latest_audited_2026-09-28,2009,island,la-palma,Perinatal — nacimientos,total,births,672,672,,OBSERVED,ADMIT,istac_birth_maturity_v1,https://datos.canarias.es/api/estadisticas/statistical-resources/v1.0/datasets/ISTAC/E30304A_000008/~latest.csv,2026-09-24,Nacimientos de madres residentes según maturidad del parto.,births
ISTAC:E30304A_000008,latest_audited_2026-09-28,2009,island,la-palma,Perinatal — nacimientos,total,births,34,34,,OBSERVED,ADMIT,istac_birth_maturity_v1,https://datos.canarias.es/api/estadisticas/statistical-resources/v1.0/datasets/ISTAC/E30304A_000008/~latest.csv,2026-09-24,Nacimientos de madres residentes según maturidad del parto.,preterm_births
ISTAC:E30304A_000008,latest_audited_2026-09-28,2009,island,la-palma,Perinatal — nacimientos,total,percent,5.06,34,672,DERIVED_RATE,ADMIT,istac_birth_maturity_v1,https://datos.canarias.es/api/estadisticas/statistical-resources/v1.0/datasets/ISTAC/E30304A_000008/~latest.csv,2026-09-24,Nacimientos de madres residentes según maturidad del parto.,preterm_rate
ISTAC:E30304A_000008,latest_audited_2026-09-28,2009,island,lanzarote,Perinatal — nacimientos,total,births,1477,1477,,OBSERVED,ADMIT,istac_birth_maturity_v1,https://datos.canarias.es/api/estadisticas/statistical-resources/v1.0/datasets/ISTAC/E30304A_000008/~latest.csv,2026-09-24,Nacimientos de madres residentes según maturidad del parto.,births
ISTAC:E30304A_000008,latest_audited_2026-09-28,2009,island,lanzarote,Perinatal — nacimientos,total,births,100,100,,OBSERVED,ADMIT,istac_birth_maturity_v1,https://datos.canarias.es/api/estadisticas/statistical-resources/v1.0/datasets/ISTAC/E30304A_000008/~latest.csv,2026-09-24,Nacimientos de madres residentes según maturidad del parto.,preterm_births
ISTAC:E30304A_000008,latest_audited_2026-09-28,2009,island,lanzarote,Perinatal — nacimientos,total,percent,6.77,100,1477,DERIVED_RATE,ADMIT,istac_birth_maturity_v1,https://datos.canarias.es/api/estadisticas/statistical-resources/v1.0/datasets/ISTAC/E30304A_000008/~latest.csv,2026-09-24,Nacimientos de madres residentes según maturidad del parto.,preterm_rate
ISTAC:E30304A_000008,latest_audited_2026-09-28,2009,island,tenerife,Perinatal — nacimientos,total,births,8154,8154,,OBSERVED,ADMIT,istac_birth_maturity_v1,https://datos.canarias.es/api/estadisticas/statistical-resources/v1.0/datasets/ISTAC/E30304A_000008/~latest.csv,2026-09-24,Nacimientos de madres residentes según maturidad del parto.,births
ISTAC:E30304A_000008,latest_audited_2026-09-28,2009,island,tenerife,Perinatal — nacimientos,total,births,640,640,,OBSERVED,ADMIT,istac_birth_maturity_v1,https://datos.canarias.es/api/estadisticas/statistical-resources/v1.0/datasets/ISTAC/E30304A_000008/~latest.csv,2026-09-24,Nacimientos de madres residentes según maturidad del parto.,preterm_births
ISTAC:E30304A_000008,latest_audited_2026-09-28,2009,island,tenerife,Perinatal — nacimientos,total,percent,7.85,640,8154,DERIVED_RATE,ADMIT,istac_birth_maturity_v1,https://datos.canarias.es/api/estadisticas/statistical-resources/v1.0/datasets/ISTAC/E30304A_000008/~latest.csv,2026-09-24,Nacimientos de madres residentes según maturidad del parto.,preterm_rate
ISTAC:E30304A_000008,latest_audited_2026-09-28,2010,autonomous_community,canarias,Perinatal — nacimientos,total,births,18305,18305,,OBSERVED,ADMIT,istac_birth_maturity_v1,https://datos.canarias.es/api/estadisticas/statistical-resources/v1.0/datasets/ISTAC/E30304A_000008/~latest.csv,2026-09-24,Nacimientos de madres residentes según maturidad del parto.,births
ISTAC:E30304A_000008,latest_audited_2026-09-28,2010,autonomous_community,canarias,Perinatal — nacimientos,total,births,1388,1388,,OBSERVED,ADMIT,istac_birth_maturity_v1,https://datos.canarias.es/api/estadisticas/statistical-resources/v1.0/datasets/ISTAC/E30304A_000008/~latest.csv,2026-09-24,Nacimientos de madres residentes según maturidad del parto.,preterm_births
ISTAC:E30304A_000008,latest_audited_2026-09-28,2010,autonomous_community,canarias,Perinatal — nacimientos,total,percent,7.58,1388,18305,DERIVED_RATE,ADMIT,istac_birth_maturity_v1,https://datos.canarias.es/api/estadisticas/statistical-resources/v1.0/datasets/ISTAC/E30304A_000008/~latest.csv,2026-09-24,Nacimientos de madres residentes según maturidad del parto.,preterm_rate
ISTAC:E30304A_000008,latest_audited_2026-09-28,2010,island,el-hierro,Perinatal — nacimientos,total,births,82,82,,OBSERVED,ADMIT,istac_birth_maturity_v1,https://datos.canarias.es/api/estadisticas/statistical-resources/v1.0/datasets/ISTAC/E30304A_000008/~latest.csv,2026-09-24,Nacimientos de madres residentes según maturidad del parto.,births
ISTAC:E30304A_000008,latest_audited_2026-09-28,2010,island,el-hierro,Perinatal — nacimientos,total,births,7,7,,OBSERVED,ADMIT,istac_birth_maturity_v1,https://datos.canarias.es/api/estadisticas/statistical-resources/v1.0/datasets/ISTAC/E30304A_000008/~latest.csv,2026-09-24,Nacimientos de madres residentes según maturidad del parto.,preterm_births
ISTAC:E30304A_000008,latest_audited_2026-09-28,2010,island,el-hierro,Perinatal — nacimientos,total,percent,8.54,7,82,DERIVED_RATE,ADMIT,istac_birth_maturity_v1,https://datos.canarias.es/api/estadisticas/statistical-resources/v1.0/datasets/ISTAC/E30304A_000008/~latest.csv,2026-09-24,Nacimientos de madres residentes según maturidad del parto.,preterm_rate
ISTAC:E30304A_000008,latest_audited_2026-09-28,2010,island,fuerteventura,Perinatal — nacimientos,total,births,1167,1167,,OBSERVED,ADMIT,istac_birth_maturity_v1,https://datos.canarias.es/api/estadisticas/statistical-resources/v1.0/datasets/ISTAC/E30304A_000008/~latest.csv,2026-09-24,Nacimientos de madres residentes según maturidad del parto.,births
ISTAC:E30304A_000008,latest_audited_2026-09-28,2010,island,fuerteventura,Perinatal — nacimientos,total,births,69,69,,OBSERVED,ADMIT,istac_birth_maturity_v1,https://datos.canarias.es/api/estadisticas/statistical-resources/v1.0/datasets/ISTAC/E30304A_000008/~latest.csv,2026-09-24,Nacimientos de madres residentes según maturidad del parto.,preterm_births
ISTAC:E30304A_000008,latest_audited_2026-09-28,2010,island,fuerteventura,Perinatal — nacimientos,total,percent,5.91,69,1167,DERIVED_RATE,ADMIT,istac_birth_maturity_v1,https://datos.canarias.es/api/estadisticas/statistical-resources/v1.0/datasets/ISTAC/E30304A_000008/~latest.csv,2026-09-24,Nacimientos de madres residentes según maturidad del parto.,preterm_rate
ISTAC:E30304A_000008,latest_audited_2026-09-28,2010,island,gran-canaria,Perinatal — nacimientos,total,births,7136,7136,,OBSERVED,ADMIT,istac_birth_maturity_v1,https://datos.canarias.es/api/estadisticas/statistical-resources/v1.0/datasets/ISTAC/E30304A_000008/~latest.csv,2026-09-24,Nacimientos de madres residentes según maturidad del parto.,births
ISTAC:E30304A_000008,latest_audited_2026-09-28,2010,island,gran-canaria,Perinatal — nacimientos,total,births,537,537,,OBSERVED,ADMIT,istac_birth_maturity_v1,https://datos.canarias.es/api/estadisticas/statistical-resources/v1.0/datasets/ISTAC/E30304A_000008/~latest.csv,2026-09-24,Nacimientos de madres residentes según maturidad del parto.,preterm_births
ISTAC:E30304A_000008,latest_audited_2026-09-28,2010,island,gran-canaria,Perinatal — nacimientos,total,percent,7.53,537,7136,DERIVED_RATE,ADMIT,istac_birth_maturity_v1,https://datos.canarias.es/api/estadisticas/statistical-resources/v1.0/datasets/ISTAC/E30304A_000008/~latest.csv,2026-09-24,Nacimientos de madres residentes según maturidad del parto.,preterm_rate
ISTAC:E30304A_000008,latest_audited_2026-09-28,2010,island,la-gomera,Perinatal — nacimientos,total,births,122,122,,OBSERVED,ADMIT,istac_birth_maturity_v1,https://datos.canarias.es/api/estadisticas/statistical-resources/v1.0/datasets/ISTAC/E30304A_000008/~latest.csv,2026-09-24,Nacimientos de madres residentes según maturidad del parto.,births
ISTAC:E30304A_000008,latest_audited_2026-09-28,2010,island,la-gomera,Perinatal — nacimientos,total,births,13,13,,OBSERVED,ADMIT,istac_birth_maturity_v1,https://datos.canarias.es/api/estadisticas/statistical-resources/v1.0/datasets/ISTAC/E30304A_000008/~latest.csv,2026-09-24,Nacimientos de madres residentes según maturidad del parto.,preterm_births
ISTAC:E30304A_000008,latest_audited_2026-09-28,2010,island,la-gomera,Perinatal — nacimientos,total,percent,10.66,13,122,DERIVED_RATE,ADMIT,istac_birth_maturity_v1,https://datos.canarias.es/api/estadisticas/statistical-resources/v1.0/datasets/ISTAC/E30304A_000008/~latest.csv,2026-09-24,Nacimientos de madres residentes según maturidad del parto.,preterm_rate
ISTAC:E30304A_000008,latest_audited_2026-09-28,2010,island,la-palma,Perinatal — nacimientos,total,births,582,582,,OBSERVED,ADMIT,istac_birth_maturity_v1,https://datos.canarias.es/api/estadisticas/statistical-resources/v1.0/datasets/ISTAC/E30304A_000008/~latest.csv,2026-09-24,Nacimientos de madres residentes según maturidad del parto.,births
ISTAC:E30304A_000008,latest_audited_2026-09-28,2010,island,la-palma,Perinatal — nacimientos,total,births,40,40,,OBSERVED,ADMIT,istac_birth_maturity_v1,https://datos.canarias.es/api/estadisticas/statistical-resources/v1.0/datasets/ISTAC/E30304A_000008/~latest.csv,2026-09-24,Nacimientos de madres residentes según maturidad del parto.,preterm_births
ISTAC:E30304A_000008,latest_audited_2026-09-28,2010,island,la-palma,Perinatal — nacimientos,total,percent,6.87,40,582,DERIVED_RATE,ADMIT,istac_birth_maturity_v1,https://datos.canarias.es/api/estadisticas/statistical-resources/v1.0/datasets/ISTAC/E30304A_000008/~latest.csv,2026-09-24,Nacimientos de madres residentes según maturidad del parto.,preterm_rate
ISTAC:E30304A_000008,latest_audited_2026-09-28,2010,island,lanzarote,Perinatal — nacimientos,total,births,1437,1437,,OBSERVED,ADMIT,istac_birth_maturity_v1,https://datos.canarias.es/api/estadisticas/statistical-resources/v1.0/datasets/ISTAC/E30304A_000008/~latest.csv,2026-09-24,Nacimientos de madres residentes según maturidad del parto.,births
ISTAC:E30304A_000008,latest_audited_2026-09-28,2010,island,lanzarote,Perinatal — nacimientos,total,births,101,101,,OBSERVED,ADMIT,istac_birth_maturity_v1,https://datos.canarias.es/api/estadisticas/statistical-resources/v1.0/datasets/ISTAC/E30304A_000008/~latest.csv,2026-09-24,Nacimientos de madres residentes según maturidad del parto.,preterm_births
ISTAC:E30304A_000008,latest_audited_2026-09-28,2010,island,lanzarote,Perinatal — nacimientos,total,percent,7.03,101,1437,DERIVED_RATE,ADMIT,istac_birth_maturity_v1,https://datos.canarias.es/api/estadisticas/statistical-resources/v1.0/datasets/ISTAC/E30304A_000008/~latest.csv,2026-09-24,Nacimientos de madres residentes según maturidad del parto.,preterm_rate
ISTAC:E30304A_000008,latest_audited_2026-09-28,2010,island,tenerife,Perinatal — nacimientos,total,births,7779,7779,,OBSERVED,ADMIT,istac_birth_maturity_v1,https://datos.canarias.es/api/estadisticas/statistical-resources/v1.0/datasets/ISTAC/E30304A_000008/~latest.csv,2026-09-24,Nacimientos de madres residentes según maturidad del parto.,births
ISTAC:E30304A_000008,latest_audited_2026-09-28,2010,island,tenerife,Perinatal — nacimientos,total,births,621,621,,OBSERVED,ADMIT,istac_birth_maturity_v1,https://datos.canarias.es/api/estadisticas/statistical-resources/v1.0/datasets/ISTAC/E30304A_000008/~latest.csv,2026-09-24,Nacimientos de madres residentes según maturidad del parto.,preterm_births
ISTAC:E30304A_000008,latest_audited_2026-09-28,2010,island,tenerife,Perinatal — nacimientos,total,percent,7.98,621,7779,DERIVED_RATE,ADMIT,istac_birth_maturity_v1,https://datos.canarias.es/api/estadisticas/statistical-resources/v1.0/datasets/ISTAC/E30304A_000008/~latest.csv,2026-09-24,Nacimientos de madres residentes según maturidad del parto.,preterm_rate
ISTAC:E30304A_000008,latest_audited_2026-09-28,2011,autonomous_community,canarias,Perinatal — nacimientos,total,births,17423,17423,,OBSERVED,ADMIT,istac_birth_maturity_v1,https://datos.canarias.es/api/estadisticas/statistical-resources/v1.0/datasets/ISTAC/E30304A_000008/~latest.csv,2026-09-24,Nacimientos de madres residentes según maturidad del parto.,births
ISTAC:E30304A_000008,latest_audited_2026-09-28,2011,autonomous_community,canarias,Perinatal — nacimientos,total,births,1374,1374,,OBSERVED,ADMIT,istac_birth_maturity_v1,https://datos.canarias.es/api/estadisticas/statistical-resources/v1.0/datasets/ISTAC/E30304A_000008/~latest.csv,2026-09-24,Nacimientos de madres residentes según maturidad del parto.,preterm_births
ISTAC:E30304A_000008,latest_audited_2026-09-28,2011,autonomous_community,canarias,Perinatal — nacimientos,total,percent,7.89,1374,17423,DERIVED_RATE,ADMIT,istac_birth_maturity_v1,https://datos.canarias.es/api/estadisticas/statistical-resources/v1.0/datasets/ISTAC/E30304A_000008/~latest.csv,2026-09-24,Nacimientos de madres residentes según maturidad del parto.,preterm_rate
ISTAC:E30304A_000008,latest_audited_2026-09-28,2011,island,el-hierro,Perinatal — nacimientos,total,births,67,67,,OBSERVED,ADMIT,istac_birth_maturity_v1,https://datos.canarias.es/api/estadisticas/statistical-resources/v1.0/datasets/ISTAC/E30304A_000008/~latest.csv,2026-09-24,Nacimientos de madres residentes según maturidad del parto.,births
ISTAC:E30304A_000008,latest_audited_2026-09-28,2011,island,el-hierro,Perinatal — nacimientos,total,births,6,6,,OBSERVED,ADMIT,istac_birth_maturity_v1,https://datos.canarias.es/api/estadisticas/statistical-resources/v1.0/datasets/ISTAC/E30304A_000008/~latest.csv,2026-09-24,Nacimientos de madres residentes según maturidad del parto.,preterm_births
ISTAC:E30304A_000008,latest_audited_2026-09-28,2011,island,el-hierro,Perinatal — nacimientos,total,percent,8.96,6,67,DERIVED_RATE,ADMIT,istac_birth_maturity_v1,https://datos.canarias.es/api/estadisticas/statistical-resources/v1.0/datasets/ISTAC/E30304A_000008/~latest.csv,2026-09-24,Nacimientos de madres residentes según maturidad del parto.,preterm_rate
ISTAC:E30304A_000008,latest_audited_2026-09-28,2011,island,fuerteventura,Perinatal — nacimientos,total,births,1004,1004,,OBSERVED,ADMIT,istac_birth_maturity_v1,https://datos.canarias.es/api/estadisticas/statistical-resources/v1.0/datasets/ISTAC/E30304A_000008/~latest.csv,2026-09-24,Nacimientos de madres residentes según maturidad del parto.,births
ISTAC:E30304A_000008,latest_audited_2026-09-28,2011,island,fuerteventura,Perinatal — nacimientos,total,births,65,65,,OBSERVED,ADMIT,istac_birth_maturity_v1,https://datos.canarias.es/api/estadisticas/statistical-resources/v1.0/datasets/ISTAC/E30304A_000008/~latest.csv,2026-09-24,Nacimientos de madres residentes según maturidad del parto.,preterm_births
ISTAC:E30304A_000008,latest_audited_2026-09-28,2011,island,fuerteventura,Perinatal — nacimientos,total,percent,6.47,65,1004,DERIVED_RATE,ADMIT,istac_birth_maturity_v1,https://datos.canarias.es/api/estadisticas/statistical-resources/v1.0/datasets/ISTAC/E30304A_000008/~latest.csv,2026-09-24,Nacimientos de madres residentes según maturidad del parto.,preterm_rate
ISTAC:E30304A_000008,latest_audited_2026-09-28,2011,island,gran-canaria,Perinatal — nacimientos,total,births,6746,6746,,OBSERVED,ADMIT,istac_birth_maturity_v1,https://datos.canarias.es/api/estadisticas/statistical-resources/v1.0/datasets/ISTAC/E30304A_000008/~latest.csv,2026-09-24,Nacimientos de madres residentes según maturidad del parto.,births
ISTAC:E30304A_000008,latest_audited_2026-09-28,2011,island,gran-canaria,Perinatal — nacimientos,total,births,532,532,,OBSERVED,ADMIT,istac_birth_maturity_v1,https://datos.canarias.es/api/estadisticas/statistical-resources/v1.0/datasets/ISTAC/E30304A_000008/~latest.csv,2026-09-24,Nacimientos de madres residentes según maturidad del parto.,preterm_births
ISTAC:E30304A_000008,latest_audited_2026-09-28,2011,island,gran-canaria,Perinatal — nacimientos,total,percent,7.89,532,6746,DERIVED_RATE,ADMIT,istac_birth_maturity_v1,https://datos.canarias.es/api/estadisticas/statistical-resources/v1.0/datasets/ISTAC/E30304A_000008/~latest.csv,2026-09-24,Nacimientos de madres residentes según maturidad del parto.,preterm_rate
ISTAC:E30304A_000008,latest_audited_2026-09-28,2011,island,la-gomera,Perinatal — nacimientos,total,births,119,119,,OBSERVED,ADMIT,istac_birth_maturity_v1,https://datos.canarias.es/api/estadisticas/statistical-resources/v1.0/datasets/ISTAC/E30304A_000008/~latest.csv,2026-09-24,Nacimientos de madres residentes según maturidad del parto.,births
ISTAC:E30304A_000008,latest_audited_2026-09-28,2011,island,la-gomera,Perinatal — nacimientos,total,births,10,10,,OBSERVED,ADMIT,istac_birth_maturity_v1,https://datos.canarias.es/api/estadisticas/statistical-resources/v1.0/datasets/ISTAC/E30304A_000008/~latest.csv,2026-09-24,Nacimientos de madres residentes según maturidad del parto.,preterm_births
ISTAC:E30304A_000008,latest_audited_2026-09-28,2011,island,la-gomera,Perinatal — nacimientos,total,percent,8.40,10,119,DERIVED_RATE,ADMIT,istac_birth_maturity_v1,https://datos.canarias.es/api/estadisticas/statistical-resources/v1.0/datasets/ISTAC/E30304A_000008/~latest.csv,2026-09-24,Nacimientos de madres residentes según maturidad del parto.,preterm_rate
ISTAC:E30304A_000008,latest_audited_2026-09-28,2011,island,la-palma,Perinatal — nacimientos,total,births,621,621,,OBSERVED,ADMIT,istac_birth_maturity_v1,https://datos.canarias.es/api/estadisticas/statistical-resources/v1.0/datasets/ISTAC/E30304A_000008/~latest.csv,2026-09-24,Nacimientos de madres residentes según maturidad del parto.,births
ISTAC:E30304A_000008,latest_audited_2026-09-28,2011,island,la-palma,Perinatal — nacimientos,total,births,41,41,,OBSERVED,ADMIT,istac_birth_maturity_v1,https://datos.canarias.es/api/estadisticas/statistical-resources/v1.0/datasets/ISTAC/E30304A_000008/~latest.csv,2026-09-24,Nacimientos de madres residentes según maturidad del parto.,preterm_births
ISTAC:E30304A_000008,latest_audited_2026-09-28,2011,island,la-palma,Perinatal — nacimientos,total,percent,6.60,41,621,DERIVED_RATE,ADMIT,istac_birth_maturity_v1,https://datos.canarias.es/api/estadisticas/statistical-resources/v1.0/datasets/ISTAC/E30304A_000008/~latest.csv,2026-09-24,Nacimientos de madres residentes según maturidad del parto.,preterm_rate
ISTAC:E30304A_000008,latest_audited_2026-09-28,2011,island,lanzarote,Perinatal — nacimientos,total,births,1379,1379,,OBSERVED,ADMIT,istac_birth_maturity_v1,https://datos.canarias.es/api/estadisticas/statistical-resources/v1.0/datasets/ISTAC/E30304A_000008/~latest.csv,2026-09-24,Nacimientos de madres residentes según maturidad del parto.,births
ISTAC:E30304A_000008,latest_audited_2026-09-28,2011,island,lanzarote,Perinatal — nacimientos,total,births,91,91,,OBSERVED,ADMIT,istac_birth_maturity_v1,https://datos.canarias.es/api/estadisticas/statistical-resources/v1.0/datasets/ISTAC/E30304A_000008/~latest.csv,2026-09-24,Nacimientos de madres residentes según maturidad del parto.,preterm_births
ISTAC:E30304A_000008,latest_audited_2026-09-28,2011,island,lanzarote,Perinatal — nacimientos,total,percent,6.60,91,1379,DERIVED_RATE,ADMIT,istac_birth_maturity_v1,https://datos.canarias.es/api/estadisticas/statistical-resources/v1.0/datasets/ISTAC/E30304A_000008/~latest.csv,2026-09-24,Nacimientos de madres residentes según maturidad del parto.,preterm_rate
ISTAC:E30304A_000008,latest_audited_2026-09-28,2011,island,tenerife,Perinatal — nacimientos,total,births,7487,7487,,OBSERVED,ADMIT,istac_birth_maturity_v1,https://datos.canarias.es/api/estadisticas/statistical-resources/v1.0/datasets/ISTAC/E30304A_000008/~latest.csv,2026-09-24,Nacimientos de madres residentes según maturidad del parto.,births
ISTAC:E30304A_000008,latest_audited_2026-09-28,2011,island,tenerife,Perinatal — nacimientos,total,births,629,629,,OBSERVED,ADMIT,istac_birth_maturity_v1,https://datos.canarias.es/api/estadisticas/statistical-resources/v1.0/datasets/ISTAC/E30304A_000008/~latest.csv,2026-09-24,Nacimientos de madres residentes según maturidad del parto.,preterm_births
ISTAC:E30304A_000008,latest_audited_2026-09-28,2011,island,tenerife,Perinatal — nacimientos,total,percent,8.40,629,7487,DERIVED_RATE,ADMIT,istac_birth_maturity_v1,https://datos.canarias.es/api/estadisticas/statistical-resources/v1.0/datasets/ISTAC/E30304A_000008/~latest.csv,2026-09-24,Nacimientos de madres residentes según maturidad del parto.,preterm_rate
ISTAC:E30304A_000008,latest_audited_2026-09-28,2012,autonomous_community,canarias,Perinatal — nacimientos,total,births,17201,17201,,OBSERVED,ADMIT,istac_birth_maturity_v1,https://datos.canarias.es/api/estadisticas/statistical-resources/v1.0/datasets/ISTAC/E30304A_000008/~latest.csv,2026-09-24,Nacimientos de madres residentes según maturidad del parto.,births
ISTAC:E30304A_000008,latest_audited_2026-09-28,2012,autonomous_community,canarias,Perinatal — nacimientos,total,births,1320,1320,,OBSERVED,ADMIT,istac_birth_maturity_v1,https://datos.canarias.es/api/estadisticas/statistical-resources/v1.0/datasets/ISTAC/E30304A_000008/~latest.csv,2026-09-24,Nacimientos de madres residentes según maturidad del parto.,preterm_births
ISTAC:E30304A_000008,latest_audited_2026-09-28,2012,autonomous_community,canarias,Perinatal — nacimientos,total,percent,7.67,1320,17201,DERIVED_RATE,ADMIT,istac_birth_maturity_v1,https://datos.canarias.es/api/estadisticas/statistical-resources/v1.0/datasets/ISTAC/E30304A_000008/~latest.csv,2026-09-24,Nacimientos de madres residentes según maturidad del parto.,preterm_rate
ISTAC:E30304A_000008,latest_audited_2026-09-28,2012,island,el-hierro,Perinatal — nacimientos,total,births,79,79,,OBSERVED,ADMIT,istac_birth_maturity_v1,https://datos.canarias.es/api/estadisticas/statistical-resources/v1.0/datasets/ISTAC/E30304A_000008/~latest.csv,2026-09-24,Nacimientos de madres residentes según maturidad del parto.,births
ISTAC:E30304A_000008,latest_audited_2026-09-28,2012,island,el-hierro,Perinatal — nacimientos,total,births,1,1,,OBSERVED,ADMIT,istac_birth_maturity_v1,https://datos.canarias.es/api/estadisticas/statistical-resources/v1.0/datasets/ISTAC/E30304A_000008/~latest.csv,2026-09-24,Nacimientos de madres residentes según maturidad del parto.,preterm_births
ISTAC:E30304A_000008,latest_audited_2026-09-28,2012,island,el-hierro,Perinatal — nacimientos,total,percent,1.27,1,79,DERIVED_RATE,ADMIT,istac_birth_maturity_v1,https://datos.canarias.es/api/estadisticas/statistical-resources/v1.0/datasets/ISTAC/E30304A_000008/~latest.csv,2026-09-24,Nacimientos de madres residentes según maturidad del parto.,preterm_rate
ISTAC:E30304A_000008,latest_audited_2026-09-28,2012,island,fuerteventura,Perinatal — nacimientos,total,births,1039,1039,,OBSERVED,ADMIT,istac_birth_maturity_v1,https://datos.canarias.es/api/estadisticas/statistical-resources/v1.0/datasets/ISTAC/E30304A_000008/~latest.csv,2026-09-24,Nacimientos de madres residentes según maturidad del parto.,births
ISTAC:E30304A_000008,latest_audited_2026-09-28,2012,island,fuerteventura,Perinatal — nacimientos,total,births,63,63,,OBSERVED,ADMIT,istac_birth_maturity_v1,https://datos.canarias.es/api/estadisticas/statistical-resources/v1.0/datasets/ISTAC/E30304A_000008/~latest.csv,2026-09-24,Nacimientos de madres residentes según maturidad del parto.,preterm_births
ISTAC:E30304A_000008,latest_audited_2026-09-28,2012,island,fuerteventura,Perinatal — nacimientos,total,percent,6.06,63,1039,DERIVED_RATE,ADMIT,istac_birth_maturity_v1,https://datos.canarias.es/api/estadisticas/statistical-resources/v1.0/datasets/ISTAC/E30304A_000008/~latest.csv,2026-09-24,Nacimientos de madres residentes según maturidad del parto.,preterm_rate
ISTAC:E30304A_000008,latest_audited_2026-09-28,2012,island,gran-canaria,Perinatal — nacimientos,total,births,6553,6553,,OBSERVED,ADMIT,istac_birth_maturity_v1,https://datos.canarias.es/api/estadisticas/statistical-resources/v1.0/datasets/ISTAC/E30304A_000008/~latest.csv,2026-09-24,Nacimientos de madres residentes según maturidad del parto.,births
ISTAC:E30304A_000008,latest_audited_2026-09-28,2012,island,gran-canaria,Perinatal — nacimientos,total,births,504,504,,OBSERVED,ADMIT,istac_birth_maturity_v1,https://datos.canarias.es/api/estadisticas/statistical-resources/v1.0/datasets/ISTAC/E30304A_000008/~latest.csv,2026-09-24,Nacimientos de madres residentes según maturidad del parto.,preterm_births
ISTAC:E30304A_000008,latest_audited_2026-09-28,2012,island,gran-canaria,Perinatal — nacimientos,total,percent,7.69,504,6553,DERIVED_RATE,ADMIT,istac_birth_maturity_v1,https://datos.canarias.es/api/estadisticas/statistical-resources/v1.0/datasets/ISTAC/E30304A_000008/~latest.csv,2026-09-24,Nacimientos de madres residentes según maturidad del parto.,preterm_rate
ISTAC:E30304A_000008,latest_audited_2026-09-28,2012,island,la-gomera,Perinatal — nacimientos,total,births,120,120,,OBSERVED,ADMIT,istac_birth_maturity_v1,https://datos.canarias.es/api/estadisticas/statistical-resources/v1.0/datasets/ISTAC/E30304A_000008/~latest.csv,2026-09-24,Nacimientos de madres residentes según maturidad del parto.,births
ISTAC:E30304A_000008,latest_audited_2026-09-28,2012,island,la-gomera,Perinatal — nacimientos,total,births,4,4,,OBSERVED,ADMIT,istac_birth_maturity_v1,https://datos.canarias.es/api/estadisticas/statistical-resources/v1.0/datasets/ISTAC/E30304A_000008/~latest.csv,2026-09-24,Nacimientos de madres residentes según maturidad del parto.,preterm_births
ISTAC:E30304A_000008,latest_audited_2026-09-28,2012,island,la-gomera,Perinatal — nacimientos,total,percent,3.33,4,120,DERIVED_RATE,ADMIT,istac_birth_maturity_v1,https://datos.canarias.es/api/estadisticas/statistical-resources/v1.0/datasets/ISTAC/E30304A_000008/~latest.csv,2026-09-24,Nacimientos de madres residentes según maturidad del parto.,preterm_rate
ISTAC:E30304A_000008,latest_audited_2026-09-28,2012,island,la-palma,Perinatal — nacimientos,total,births,613,613,,OBSERVED,ADMIT,istac_birth_maturity_v1,https://datos.canarias.es/api/estadisticas/statistical-resources/v1.0/datasets/ISTAC/E30304A_000008/~latest.csv,2026-09-24,Nacimientos de madres residentes según maturidad del parto.,births
ISTAC:E30304A_000008,latest_audited_2026-09-28,2012,island,la-palma,Perinatal — nacimientos,total,births,49,49,,OBSERVED,ADMIT,istac_birth_maturity_v1,https://datos.canarias.es/api/estadisticas/statistical-resources/v1.0/datasets/ISTAC/E30304A_000008/~latest.csv,2026-09-24,Nacimientos de madres residentes según maturidad del parto.,preterm_births
ISTAC:E30304A_000008,latest_audited_2026-09-28,2012,island,la-palma,Perinatal — nacimientos,total,percent,7.99,49,613,DERIVED_RATE,ADMIT,istac_birth_maturity_v1,https://datos.canarias.es/api/estadisticas/statistical-resources/v1.0/datasets/ISTAC/E30304A_000008/~latest.csv,2026-09-24,Nacimientos de madres residentes según maturidad del parto.,preterm_rate
ISTAC:E30304A_000008,latest_audited_2026-09-28,2012,island,lanzarote,Perinatal — nacimientos,total,births,1345,1345,,OBSERVED,ADMIT,istac_birth_maturity_v1,https://datos.canarias.es/api/estadisticas/statistical-resources/v1.0/datasets/ISTAC/E30304A_000008/~latest.csv,2026-09-24,Nacimientos de madres residentes según maturidad del parto.,births
ISTAC:E30304A_000008,latest_audited_2026-09-28,2012,island,lanzarote,Perinatal — nacimientos,total,births,90,90,,OBSERVED,ADMIT,istac_birth_maturity_v1,https://datos.canarias.es/api/estadisticas/statistical-resources/v1.0/datasets/ISTAC/E30304A_000008/~latest.csv,2026-09-24,Nacimientos de madres residentes según maturidad del parto.,preterm_births
ISTAC:E30304A_000008,latest_audited_2026-09-28,2012,island,lanzarote,Perinatal — nacimientos,total,percent,6.69,90,1345,DERIVED_RATE,ADMIT,istac_birth_maturity_v1,https://datos.canarias.es/api/estadisticas/statistical-resources/v1.0/datasets/ISTAC/E30304A_000008/~latest.csv,2026-09-24,Nacimientos de madres residentes según maturidad del parto.,preterm_rate
ISTAC:E30304A_000008,latest_audited_2026-09-28,2012,island,tenerife,Perinatal — nacimientos,total,births,7452,7452,,OBSERVED,ADMIT,istac_birth_maturity_v1,https://datos.canarias.es/api/estadisticas/statistical-resources/v1.0/datasets/ISTAC/E30304A_000008/~latest.csv,2026-09-24,Nacimientos de madres residentes según maturidad del parto.,births
ISTAC:E30304A_000008,latest_audited_2026-09-28,2012,island,tenerife,Perinatal — nacimientos,total,births,609,609,,OBSERVED,ADMIT,istac_birth_maturity_v1,https://datos.canarias.es/api/estadisticas/statistical-resources/v1.0/datasets/ISTAC/E30304A_000008/~latest.csv,2026-09-24,Nacimientos de madres residentes según maturidad del parto.,preterm_births
ISTAC:E30304A_000008,latest_audited_2026-09-28,2012,island,tenerife,Perinatal — nacimientos,total,percent,8.17,609,7452,DERIVED_RATE,ADMIT,istac_birth_maturity_v1,https://datos.canarias.es/api/estadisticas/statistical-resources/v1.0/datasets/ISTAC/E30304A_000008/~latest.csv,2026-09-24,Nacimientos de madres residentes según maturidad del parto.,preterm_rate
ISTAC:E30304A_000008,latest_audited_2026-09-28,2013,autonomous_community,canarias,Perinatal — nacimientos,total,births,15859,15859,,OBSERVED,ADMIT,istac_birth_maturity_v1,https://datos.canarias.es/api/estadisticas/statistical-resources/v1.0/datasets/ISTAC/E30304A_000008/~latest.csv,2026-09-24,Nacimientos de madres residentes según maturidad del parto.,births
ISTAC:E30304A_000008,latest_audited_2026-09-28,2013,autonomous_community,canarias,Perinatal — nacimientos,total,births,1209,1209,,OBSERVED,ADMIT,istac_birth_maturity_v1,https://datos.canarias.es/api/estadisticas/statistical-resources/v1.0/datasets/ISTAC/E30304A_000008/~latest.csv,2026-09-24,Nacimientos de madres residentes según maturidad del parto.,preterm_births
ISTAC:E30304A_000008,latest_audited_2026-09-28,2013,autonomous_community,canarias,Perinatal — nacimientos,total,percent,7.62,1209,15859,DERIVED_RATE,ADMIT,istac_birth_maturity_v1,https://datos.canarias.es/api/estadisticas/statistical-resources/v1.0/datasets/ISTAC/E30304A_000008/~latest.csv,2026-09-24,Nacimientos de madres residentes según maturidad del parto.,preterm_rate
ISTAC:E30304A_000008,latest_audited_2026-09-28,2013,island,el-hierro,Perinatal — nacimientos,total,births,62,62,,OBSERVED,ADMIT,istac_birth_maturity_v1,https://datos.canarias.es/api/estadisticas/statistical-resources/v1.0/datasets/ISTAC/E30304A_000008/~latest.csv,2026-09-24,Nacimientos de madres residentes según maturidad del parto.,births
ISTAC:E30304A_000008,latest_audited_2026-09-28,2013,island,el-hierro,Perinatal — nacimientos,total,births,5,5,,OBSERVED,ADMIT,istac_birth_maturity_v1,https://datos.canarias.es/api/estadisticas/statistical-resources/v1.0/datasets/ISTAC/E30304A_000008/~latest.csv,2026-09-24,Nacimientos de madres residentes según maturidad del parto.,preterm_births
ISTAC:E30304A_000008,latest_audited_2026-09-28,2013,island,el-hierro,Perinatal — nacimientos,total,percent,8.06,5,62,DERIVED_RATE,ADMIT,istac_birth_maturity_v1,https://datos.canarias.es/api/estadisticas/statistical-resources/v1.0/datasets/ISTAC/E30304A_000008/~latest.csv,2026-09-24,Nacimientos de madres residentes según maturidad del parto.,preterm_rate
ISTAC:E30304A_000008,latest_audited_2026-09-28,2013,island,fuerteventura,Perinatal — nacimientos,total,births,989,989,,OBSERVED,ADMIT,istac_birth_maturity_v1,https://datos.canarias.es/api/estadisticas/statistical-resources/v1.0/datasets/ISTAC/E30304A_000008/~latest.csv,2026-09-24,Nacimientos de madres residentes según maturidad del parto.,births
ISTAC:E30304A_000008,latest_audited_2026-09-28,2013,island,fuerteventura,Perinatal — nacimientos,total,births,64,64,,OBSERVED,ADMIT,istac_birth_maturity_v1,https://datos.canarias.es/api/estadisticas/statistical-resources/v1.0/datasets/ISTAC/E30304A_000008/~latest.csv,2026-09-24,Nacimientos de madres residentes según maturidad del parto.,preterm_births
ISTAC:E30304A_000008,latest_audited_2026-09-28,2013,island,fuerteventura,Perinatal — nacimientos,total,percent,6.47,64,989,DERIVED_RATE,ADMIT,istac_birth_maturity_v1,https://datos.canarias.es/api/estadisticas/statistical-resources/v1.0/datasets/ISTAC/E30304A_000008/~latest.csv,2026-09-24,Nacimientos de madres residentes según maturidad del parto.,preterm_rate
ISTAC:E30304A_000008,latest_audited_2026-09-28,2013,island,gran-canaria,Perinatal — nacimientos,total,births,6248,6248,,OBSERVED,ADMIT,istac_birth_maturity_v1,https://datos.canarias.es/api/estadisticas/statistical-resources/v1.0/datasets/ISTAC/E30304A_000008/~latest.csv,2026-09-24,Nacimientos de madres residentes según maturidad del parto.,births
ISTAC:E30304A_000008,latest_audited_2026-09-28,2013,island,gran-canaria,Perinatal — nacimientos,total,births,461,461,,OBSERVED,ADMIT,istac_birth_maturity_v1,https://datos.canarias.es/api/estadisticas/statistical-resources/v1.0/datasets/ISTAC/E30304A_000008/~latest.csv,2026-09-24,Nacimientos de madres residentes según maturidad del parto.,preterm_births
ISTAC:E30304A_000008,latest_audited_2026-09-28,2013,island,gran-canaria,Perinatal — nacimientos,total,percent,7.38,461,6248,DERIVED_RATE,ADMIT,istac_birth_maturity_v1,https://datos.canarias.es/api/estadisticas/statistical-resources/v1.0/datasets/ISTAC/E30304A_000008/~latest.csv,2026-09-24,Nacimientos de madres residentes según maturidad del parto.,preterm_rate
ISTAC:E30304A_000008,latest_audited_2026-09-28,2013,island,la-gomera,Perinatal — nacimientos,total,births,106,106,,OBSERVED,ADMIT,istac_birth_maturity_v1,https://datos.canarias.es/api/estadisticas/statistical-resources/v1.0/datasets/ISTAC/E30304A_000008/~latest.csv,2026-09-24,Nacimientos de madres residentes según maturidad del parto.,births
ISTAC:E30304A_000008,latest_audited_2026-09-28,2013,island,la-gomera,Perinatal — nacimientos,total,births,4,4,,OBSERVED,ADMIT,istac_birth_maturity_v1,https://datos.canarias.es/api/estadisticas/statistical-resources/v1.0/datasets/ISTAC/E30304A_000008/~latest.csv,2026-09-24,Nacimientos de madres residentes según maturidad del parto.,preterm_births
ISTAC:E30304A_000008,latest_audited_2026-09-28,2013,island,la-gomera,Perinatal — nacimientos,total,percent,3.77,4,106,DERIVED_RATE,ADMIT,istac_birth_maturity_v1,https://datos.canarias.es/api/estadisticas/statistical-resources/v1.0/datasets/ISTAC/E30304A_000008/~latest.csv,2026-09-24,Nacimientos de madres residentes según maturidad del parto.,preterm_rate
ISTAC:E30304A_000008,latest_audited_2026-09-28,2013,island,la-palma,Perinatal — nacimientos,total,births,480,480,,OBSERVED,ADMIT,istac_birth_maturity_v1,https://datos.canarias.es/api/estadisticas/statistical-resources/v1.0/datasets/ISTAC/E30304A_000008/~latest.csv,2026-09-24,Nacimientos de madres residentes según maturidad del parto.,births
ISTAC:E30304A_000008,latest_audited_2026-09-28,2013,island,la-palma,Perinatal — nacimientos,total,births,34,34,,OBSERVED,ADMIT,istac_birth_maturity_v1,https://datos.canarias.es/api/estadisticas/statistical-resources/v1.0/datasets/ISTAC/E30304A_000008/~latest.csv,2026-09-24,Nacimientos de madres residentes según maturidad del parto.,preterm_births
ISTAC:E30304A_000008,latest_audited_2026-09-28,2013,island,la-palma,Perinatal — nacimientos,total,percent,7.08,34,480,DERIVED_RATE,ADMIT,istac_birth_maturity_v1,https://datos.canarias.es/api/estadisticas/statistical-resources/v1.0/datasets/ISTAC/E30304A_000008/~latest.csv,2026-09-24,Nacimientos de madres residentes según maturidad del parto.,preterm_rate
ISTAC:E30304A_000008,latest_audited_2026-09-28,2013,island,lanzarote,Perinatal — nacimientos,total,births,1303,1303,,OBSERVED,ADMIT,istac_birth_maturity_v1,https://datos.canarias.es/api/estadisticas/statistical-resources/v1.0/datasets/ISTAC/E30304A_000008/~latest.csv,2026-09-24,Nacimientos de madres residentes según maturidad del parto.,births
ISTAC:E30304A_000008,latest_audited_2026-09-28,2013,island,lanzarote,Perinatal — nacimientos,total,births,89,89,,OBSERVED,ADMIT,istac_birth_maturity_v1,https://datos.canarias.es/api/estadisticas/statistical-resources/v1.0/datasets/ISTAC/E30304A_000008/~latest.csv,2026-09-24,Nacimientos de madres residentes según maturidad del parto.,preterm_births
ISTAC:E30304A_000008,latest_audited_2026-09-28,2013,island,lanzarote,Perinatal — nacimientos,total,percent,6.83,89,1303,DERIVED_RATE,ADMIT,istac_birth_maturity_v1,https://datos.canarias.es/api/estadisticas/statistical-resources/v1.0/datasets/ISTAC/E30304A_000008/~latest.csv,2026-09-24,Nacimientos de madres residentes según maturidad del parto.,preterm_rate
ISTAC:E30304A_000008,latest_audited_2026-09-28,2013,island,tenerife,Perinatal — nacimientos,total,births,6671,6671,,OBSERVED,ADMIT,istac_birth_maturity_v1,https://datos.canarias.es/api/estadisticas/statistical-resources/v1.0/datasets/ISTAC/E30304A_000008/~latest.csv,2026-09-24,Nacimientos de madres residentes según maturidad del parto.,births
ISTAC:E30304A_000008,latest_audited_2026-09-28,2013,island,tenerife,Perinatal — nacimientos,total,births,552,552,,OBSERVED,ADMIT,istac_birth_maturity_v1,https://datos.canarias.es/api/estadisticas/statistical-resources/v1.0/datasets/ISTAC/E30304A_000008/~latest.csv,2026-09-24,Nacimientos de madres residentes según maturidad del parto.,preterm_births
ISTAC:E30304A_000008,latest_audited_2026-09-28,2013,island,tenerife,Perinatal — nacimientos,total,percent,8.27,552,6671,DERIVED_RATE,ADMIT,istac_birth_maturity_v1,https://datos.canarias.es/api/estadisticas/statistical-resources/v1.0/datasets/ISTAC/E30304A_000008/~latest.csv,2026-09-24,Nacimientos de madres residentes según maturidad del parto.,preterm_rate
ISTAC:E30304A_000008,latest_audited_2026-09-28,2014,autonomous_community,canarias,Perinatal — nacimientos,total,births,16398,16398,,OBSERVED,ADMIT,istac_birth_maturity_v1,https://datos.canarias.es/api/estadisticas/statistical-resources/v1.0/datasets/ISTAC/E30304A_000008/~latest.csv,2026-09-24,Nacimientos de madres residentes según maturidad del parto.,births
ISTAC:E30304A_000008,latest_audited_2026-09-28,2014,autonomous_community,canarias,Perinatal — nacimientos,total,births,1327,1327,,OBSERVED,ADMIT,istac_birth_maturity_v1,https://datos.canarias.es/api/estadisticas/statistical-resources/v1.0/datasets/ISTAC/E30304A_000008/~latest.csv,2026-09-24,Nacimientos de madres residentes según maturidad del parto.,preterm_births
ISTAC:E30304A_000008,latest_audited_2026-09-28,2014,autonomous_community,canarias,Perinatal — nacimientos,total,percent,8.09,1327,16398,DERIVED_RATE,ADMIT,istac_birth_maturity_v1,https://datos.canarias.es/api/estadisticas/statistical-resources/v1.0/datasets/ISTAC/E30304A_000008/~latest.csv,2026-09-24,Nacimientos de madres residentes según maturidad del parto.,preterm_rate
ISTAC:E30304A_000008,latest_audited_2026-09-28,2014,island,el-hierro,Perinatal — nacimientos,total,births,69,69,,OBSERVED,ADMIT,istac_birth_maturity_v1,https://datos.canarias.es/api/estadisticas/statistical-resources/v1.0/datasets/ISTAC/E30304A_000008/~latest.csv,2026-09-24,Nacimientos de madres residentes según maturidad del parto.,births
ISTAC:E30304A_000008,latest_audited_2026-09-28,2014,island,el-hierro,Perinatal — nacimientos,total,births,8,8,,OBSERVED,ADMIT,istac_birth_maturity_v1,https://datos.canarias.es/api/estadisticas/statistical-resources/v1.0/datasets/ISTAC/E30304A_000008/~latest.csv,2026-09-24,Nacimientos de madres residentes según maturidad del parto.,preterm_births
ISTAC:E30304A_000008,latest_audited_2026-09-28,2014,island,el-hierro,Perinatal — nacimientos,total,percent,11.59,8,69,DERIVED_RATE,ADMIT,istac_birth_maturity_v1,https://datos.canarias.es/api/estadisticas/statistical-resources/v1.0/datasets/ISTAC/E30304A_000008/~latest.csv,2026-09-24,Nacimientos de madres residentes según maturidad del parto.,preterm_rate
ISTAC:E30304A_000008,latest_audited_2026-09-28,2014,island,fuerteventura,Perinatal — nacimientos,total,births,956,956,,OBSERVED,ADMIT,istac_birth_maturity_v1,https://datos.canarias.es/api/estadisticas/statistical-resources/v1.0/datasets/ISTAC/E30304A_000008/~latest.csv,2026-09-24,Nacimientos de madres residentes según maturidad del parto.,births
ISTAC:E30304A_000008,latest_audited_2026-09-28,2014,island,fuerteventura,Perinatal — nacimientos,total,births,52,52,,OBSERVED,ADMIT,istac_birth_maturity_v1,https://datos.canarias.es/api/estadisticas/statistical-resources/v1.0/datasets/ISTAC/E30304A_000008/~latest.csv,2026-09-24,Nacimientos de madres residentes según maturidad del parto.,preterm_births
ISTAC:E30304A_000008,latest_audited_2026-09-28,2014,island,fuerteventura,Perinatal — nacimientos,total,percent,5.44,52,956,DERIVED_RATE,ADMIT,istac_birth_maturity_v1,https://datos.canarias.es/api/estadisticas/statistical-resources/v1.0/datasets/ISTAC/E30304A_000008/~latest.csv,2026-09-24,Nacimientos de madres residentes según maturidad del parto.,preterm_rate
ISTAC:E30304A_000008,latest_audited_2026-09-28,2014,island,gran-canaria,Perinatal — nacimientos,total,births,6410,6410,,OBSERVED,ADMIT,istac_birth_maturity_v1,https://datos.canarias.es/api/estadisticas/statistical-resources/v1.0/datasets/ISTAC/E30304A_000008/~latest.csv,2026-09-24,Nacimientos de madres residentes según maturidad del parto.,births
ISTAC:E30304A_000008,latest_audited_2026-09-28,2014,island,gran-canaria,Perinatal — nacimientos,total,births,514,514,,OBSERVED,ADMIT,istac_birth_maturity_v1,https://datos.canarias.es/api/estadisticas/statistical-resources/v1.0/datasets/ISTAC/E30304A_000008/~latest.csv,2026-09-24,Nacimientos de madres residentes según maturidad del parto.,preterm_births
ISTAC:E30304A_000008,latest_audited_2026-09-28,2014,island,gran-canaria,Perinatal — nacimientos,total,percent,8.02,514,6410,DERIVED_RATE,ADMIT,istac_birth_maturity_v1,https://datos.canarias.es/api/estadisticas/statistical-resources/v1.0/datasets/ISTAC/E30304A_000008/~latest.csv,2026-09-24,Nacimientos de madres residentes según maturidad del parto.,preterm_rate
ISTAC:E30304A_000008,latest_audited_2026-09-28,2014,island,la-gomera,Perinatal — nacimientos,total,births,120,120,,OBSERVED,ADMIT,istac_birth_maturity_v1,https://datos.canarias.es/api/estadisticas/statistical-resources/v1.0/datasets/ISTAC/E30304A_000008/~latest.csv,2026-09-24,Nacimientos de madres residentes según maturidad del parto.,births
ISTAC:E30304A_000008,latest_audited_2026-09-28,2014,island,la-gomera,Perinatal — nacimientos,total,births,9,9,,OBSERVED,ADMIT,istac_birth_maturity_v1,https://datos.canarias.es/api/estadisticas/statistical-resources/v1.0/datasets/ISTAC/E30304A_000008/~latest.csv,2026-09-24,Nacimientos de madres residentes según maturidad del parto.,preterm_births
ISTAC:E30304A_000008,latest_audited_2026-09-28,2014,island,la-gomera,Perinatal — nacimientos,total,percent,7.50,9,120,DERIVED_RATE,ADMIT,istac_birth_maturity_v1,https://datos.canarias.es/api/estadisticas/statistical-resources/v1.0/datasets/ISTAC/E30304A_000008/~latest.csv,2026-09-24,Nacimientos de madres residentes según maturidad del parto.,preterm_rate
ISTAC:E30304A_000008,latest_audited_2026-09-28,2014,island,la-palma,Perinatal — nacimientos,total,births,500,500,,OBSERVED,ADMIT,istac_birth_maturity_v1,https://datos.canarias.es/api/estadisticas/statistical-resources/v1.0/datasets/ISTAC/E30304A_000008/~latest.csv,2026-09-24,Nacimientos de madres residentes según maturidad del parto.,births
ISTAC:E30304A_000008,latest_audited_2026-09-28,2014,island,la-palma,Perinatal — nacimientos,total,births,27,27,,OBSERVED,ADMIT,istac_birth_maturity_v1,https://datos.canarias.es/api/estadisticas/statistical-resources/v1.0/datasets/ISTAC/E30304A_000008/~latest.csv,2026-09-24,Nacimientos de madres residentes según maturidad del parto.,preterm_births
ISTAC:E30304A_000008,latest_audited_2026-09-28,2014,island,la-palma,Perinatal — nacimientos,total,percent,5.40,27,500,DERIVED_RATE,ADMIT,istac_birth_maturity_v1,https://datos.canarias.es/api/estadisticas/statistical-resources/v1.0/datasets/ISTAC/E30304A_000008/~latest.csv,2026-09-24,Nacimientos de madres residentes según maturidad del parto.,preterm_rate
ISTAC:E30304A_000008,latest_audited_2026-09-28,2014,island,lanzarote,Perinatal — nacimientos,total,births,1317,1317,,OBSERVED,ADMIT,istac_birth_maturity_v1,https://datos.canarias.es/api/estadisticas/statistical-resources/v1.0/datasets/ISTAC/E30304A_000008/~latest.csv,2026-09-24,Nacimientos de madres residentes según maturidad del parto.,births
ISTAC:E30304A_000008,latest_audited_2026-09-28,2014,island,lanzarote,Perinatal — nacimientos,total,births,99,99,,OBSERVED,ADMIT,istac_birth_maturity_v1,https://datos.canarias.es/api/estadisticas/statistical-resources/v1.0/datasets/ISTAC/E30304A_000008/~latest.csv,2026-09-24,Nacimientos de madres residentes según maturidad del parto.,preterm_births
ISTAC:E30304A_000008,latest_audited_2026-09-28,2014,island,lanzarote,Perinatal — nacimientos,total,percent,7.52,99,1317,DERIVED_RATE,ADMIT,istac_birth_maturity_v1,https://datos.canarias.es/api/estadisticas/statistical-resources/v1.0/datasets/ISTAC/E30304A_000008/~latest.csv,2026-09-24,Nacimientos de madres residentes según maturidad del parto.,preterm_rate
ISTAC:E30304A_000008,latest_audited_2026-09-28,2014,island,tenerife,Perinatal — nacimientos,total,births,7026,7026,,OBSERVED,ADMIT,istac_birth_maturity_v1,https://datos.canarias.es/api/estadisticas/statistical-resources/v1.0/datasets/ISTAC/E30304A_000008/~latest.csv,2026-09-24,Nacimientos de madres residentes según maturidad del parto.,births
ISTAC:E30304A_000008,latest_audited_2026-09-28,2014,island,tenerife,Perinatal — nacimientos,total,births,618,618,,OBSERVED,ADMIT,istac_birth_maturity_v1,https://datos.canarias.es/api/estadisticas/statistical-resources/v1.0/datasets/ISTAC/E30304A_000008/~latest.csv,2026-09-24,Nacimientos de madres residentes según maturidad del parto.,preterm_births
ISTAC:E30304A_000008,latest_audited_2026-09-28,2014,island,tenerife,Perinatal — nacimientos,total,percent,8.80,618,7026,DERIVED_RATE,ADMIT,istac_birth_maturity_v1,https://datos.canarias.es/api/estadisticas/statistical-resources/v1.0/datasets/ISTAC/E30304A_000008/~latest.csv,2026-09-24,Nacimientos de madres residentes según maturidad del parto.,preterm_rate
ISTAC:E30304A_000008,latest_audited_2026-09-28,2015,autonomous_community,canarias,Perinatal — nacimientos,total,births,16146,16146,,OBSERVED,ADMIT,istac_birth_maturity_v1,https://datos.canarias.es/api/estadisticas/statistical-resources/v1.0/datasets/ISTAC/E30304A_000008/~latest.csv,2026-09-24,Nacimientos de madres residentes según maturidad del parto.,births
ISTAC:E30304A_000008,latest_audited_2026-09-28,2015,autonomous_community,canarias,Perinatal — nacimientos,total,births,1191,1191,,OBSERVED,ADMIT,istac_birth_maturity_v1,https://datos.canarias.es/api/estadisticas/statistical-resources/v1.0/datasets/ISTAC/E30304A_000008/~latest.csv,2026-09-24,Nacimientos de madres residentes según maturidad del parto.,preterm_births
ISTAC:E30304A_000008,latest_audited_2026-09-28,2015,autonomous_community,canarias,Perinatal — nacimientos,total,percent,7.38,1191,16146,DERIVED_RATE,ADMIT,istac_birth_maturity_v1,https://datos.canarias.es/api/estadisticas/statistical-resources/v1.0/datasets/ISTAC/E30304A_000008/~latest.csv,2026-09-24,Nacimientos de madres residentes según maturidad del parto.,preterm_rate
ISTAC:E30304A_000008,latest_audited_2026-09-28,2015,island,el-hierro,Perinatal — nacimientos,total,births,72,72,,OBSERVED,ADMIT,istac_birth_maturity_v1,https://datos.canarias.es/api/estadisticas/statistical-resources/v1.0/datasets/ISTAC/E30304A_000008/~latest.csv,2026-09-24,Nacimientos de madres residentes según maturidad del parto.,births
ISTAC:E30304A_000008,latest_audited_2026-09-28,2015,island,el-hierro,Perinatal — nacimientos,total,births,7,7,,OBSERVED,ADMIT,istac_birth_maturity_v1,https://datos.canarias.es/api/estadisticas/statistical-resources/v1.0/datasets/ISTAC/E30304A_000008/~latest.csv,2026-09-24,Nacimientos de madres residentes según maturidad del parto.,preterm_births
ISTAC:E30304A_000008,latest_audited_2026-09-28,2015,island,el-hierro,Perinatal — nacimientos,total,percent,9.72,7,72,DERIVED_RATE,ADMIT,istac_birth_maturity_v1,https://datos.canarias.es/api/estadisticas/statistical-resources/v1.0/datasets/ISTAC/E30304A_000008/~latest.csv,2026-09-24,Nacimientos de madres residentes según maturidad del parto.,preterm_rate
ISTAC:E30304A_000008,latest_audited_2026-09-28,2015,island,fuerteventura,Perinatal — nacimientos,total,births,967,967,,OBSERVED,ADMIT,istac_birth_maturity_v1,https://datos.canarias.es/api/estadisticas/statistical-resources/v1.0/datasets/ISTAC/E30304A_000008/~latest.csv,2026-09-24,Nacimientos de madres residentes según maturidad del parto.,births
ISTAC:E30304A_000008,latest_audited_2026-09-28,2015,island,fuerteventura,Perinatal — nacimientos,total,births,48,48,,OBSERVED,ADMIT,istac_birth_maturity_v1,https://datos.canarias.es/api/estadisticas/statistical-resources/v1.0/datasets/ISTAC/E30304A_000008/~latest.csv,2026-09-24,Nacimientos de madres residentes según maturidad del parto.,preterm_births
ISTAC:E30304A_000008,latest_audited_2026-09-28,2015,island,fuerteventura,Perinatal — nacimientos,total,percent,4.96,48,967,DERIVED_RATE,ADMIT,istac_birth_maturity_v1,https://datos.canarias.es/api/estadisticas/statistical-resources/v1.0/datasets/ISTAC/E30304A_000008/~latest.csv,2026-09-24,Nacimientos de madres residentes según maturidad del parto.,preterm_rate
ISTAC:E30304A_000008,latest_audited_2026-09-28,2015,island,gran-canaria,Perinatal — nacimientos,total,births,6068,6068,,OBSERVED,ADMIT,istac_birth_maturity_v1,https://datos.canarias.es/api/estadisticas/statistical-resources/v1.0/datasets/ISTAC/E30304A_000008/~latest.csv,2026-09-24,Nacimientos de madres residentes según maturidad del parto.,births
ISTAC:E30304A_000008,latest_audited_2026-09-28,2015,island,gran-canaria,Perinatal — nacimientos,total,births,460,460,,OBSERVED,ADMIT,istac_birth_maturity_v1,https://datos.canarias.es/api/estadisticas/statistical-resources/v1.0/datasets/ISTAC/E30304A_000008/~latest.csv,2026-09-24,Nacimientos de madres residentes según maturidad del parto.,preterm_births
ISTAC:E30304A_000008,latest_audited_2026-09-28,2015,island,gran-canaria,Perinatal — nacimientos,total,percent,7.58,460,6068,DERIVED_RATE,ADMIT,istac_birth_maturity_v1,https://datos.canarias.es/api/estadisticas/statistical-resources/v1.0/datasets/ISTAC/E30304A_000008/~latest.csv,2026-09-24,Nacimientos de madres residentes según maturidad del parto.,preterm_rate
ISTAC:E30304A_000008,latest_audited_2026-09-28,2015,island,la-gomera,Perinatal — nacimientos,total,births,113,113,,OBSERVED,ADMIT,istac_birth_maturity_v1,https://datos.canarias.es/api/estadisticas/statistical-resources/v1.0/datasets/ISTAC/E30304A_000008/~latest.csv,2026-09-24,Nacimientos de madres residentes según maturidad del parto.,births
ISTAC:E30304A_000008,latest_audited_2026-09-28,2015,island,la-gomera,Perinatal — nacimientos,total,births,7,7,,OBSERVED,ADMIT,istac_birth_maturity_v1,https://datos.canarias.es/api/estadisticas/statistical-resources/v1.0/datasets/ISTAC/E30304A_000008/~latest.csv,2026-09-24,Nacimientos de madres residentes según maturidad del parto.,preterm_births
ISTAC:E30304A_000008,latest_audited_2026-09-28,2015,island,la-gomera,Perinatal — nacimientos,total,percent,6.19,7,113,DERIVED_RATE,ADMIT,istac_birth_maturity_v1,https://datos.canarias.es/api/estadisticas/statistical-resources/v1.0/datasets/ISTAC/E30304A_000008/~latest.csv,2026-09-24,Nacimientos de madres residentes según maturidad del parto.,preterm_rate
ISTAC:E30304A_000008,latest_audited_2026-09-28,2015,island,la-palma,Perinatal — nacimientos,total,births,529,529,,OBSERVED,ADMIT,istac_birth_maturity_v1,https://datos.canarias.es/api/estadisticas/statistical-resources/v1.0/datasets/ISTAC/E30304A_000008/~latest.csv,2026-09-24,Nacimientos de madres residentes según maturidad del parto.,births
ISTAC:E30304A_000008,latest_audited_2026-09-28,2015,island,la-palma,Perinatal — nacimientos,total,births,35,35,,OBSERVED,ADMIT,istac_birth_maturity_v1,https://datos.canarias.es/api/estadisticas/statistical-resources/v1.0/datasets/ISTAC/E30304A_000008/~latest.csv,2026-09-24,Nacimientos de madres residentes según maturidad del parto.,preterm_births
ISTAC:E30304A_000008,latest_audited_2026-09-28,2015,island,la-palma,Perinatal — nacimientos,total,percent,6.62,35,529,DERIVED_RATE,ADMIT,istac_birth_maturity_v1,https://datos.canarias.es/api/estadisticas/statistical-resources/v1.0/datasets/ISTAC/E30304A_000008/~latest.csv,2026-09-24,Nacimientos de madres residentes según maturidad del parto.,preterm_rate
ISTAC:E30304A_000008,latest_audited_2026-09-28,2015,island,lanzarote,Perinatal — nacimientos,total,births,1388,1388,,OBSERVED,ADMIT,istac_birth_maturity_v1,https://datos.canarias.es/api/estadisticas/statistical-resources/v1.0/datasets/ISTAC/E30304A_000008/~latest.csv,2026-09-24,Nacimientos de madres residentes según maturidad del parto.,births
ISTAC:E30304A_000008,latest_audited_2026-09-28,2015,island,lanzarote,Perinatal — nacimientos,total,births,90,90,,OBSERVED,ADMIT,istac_birth_maturity_v1,https://datos.canarias.es/api/estadisticas/statistical-resources/v1.0/datasets/ISTAC/E30304A_000008/~latest.csv,2026-09-24,Nacimientos de madres residentes según maturidad del parto.,preterm_births
ISTAC:E30304A_000008,latest_audited_2026-09-28,2015,island,lanzarote,Perinatal — nacimientos,total,percent,6.48,90,1388,DERIVED_RATE,ADMIT,istac_birth_maturity_v1,https://datos.canarias.es/api/estadisticas/statistical-resources/v1.0/datasets/ISTAC/E30304A_000008/~latest.csv,2026-09-24,Nacimientos de madres residentes según maturidad del parto.,preterm_rate
ISTAC:E30304A_000008,latest_audited_2026-09-28,2015,island,tenerife,Perinatal — nacimientos,total,births,7009,7009,,OBSERVED,ADMIT,istac_birth_maturity_v1,https://datos.canarias.es/api/estadisticas/statistical-resources/v1.0/datasets/ISTAC/E30304A_000008/~latest.csv,2026-09-24,Nacimientos de madres residentes según maturidad del parto.,births
ISTAC:E30304A_000008,latest_audited_2026-09-28,2015,island,tenerife,Perinatal — nacimientos,total,births,544,544,,OBSERVED,ADMIT,istac_birth_maturity_v1,https://datos.canarias.es/api/estadisticas/statistical-resources/v1.0/datasets/ISTAC/E30304A_000008/~latest.csv,2026-09-24,Nacimientos de madres residentes según maturidad del parto.,preterm_births
ISTAC:E30304A_000008,latest_audited_2026-09-28,2015,island,tenerife,Perinatal — nacimientos,total,percent,7.76,544,7009,DERIVED_RATE,ADMIT,istac_birth_maturity_v1,https://datos.canarias.es/api/estadisticas/statistical-resources/v1.0/datasets/ISTAC/E30304A_000008/~latest.csv,2026-09-24,Nacimientos de madres residentes según maturidad del parto.,preterm_rate
ISTAC:E30304A_000008,latest_audited_2026-09-28,2016,autonomous_community,canarias,Perinatal — nacimientos,total,births,16159,16159,,OBSERVED,ADMIT,istac_birth_maturity_v1,https://datos.canarias.es/api/estadisticas/statistical-resources/v1.0/datasets/ISTAC/E30304A_000008/~latest.csv,2026-09-24,Nacimientos de madres residentes según maturidad del parto.,births
ISTAC:E30304A_000008,latest_audited_2026-09-28,2016,autonomous_community,canarias,Perinatal — nacimientos,total,births,1247,1247,,OBSERVED,ADMIT,istac_birth_maturity_v1,https://datos.canarias.es/api/estadisticas/statistical-resources/v1.0/datasets/ISTAC/E30304A_000008/~latest.csv,2026-09-24,Nacimientos de madres residentes según maturidad del parto.,preterm_births
ISTAC:E30304A_000008,latest_audited_2026-09-28,2016,autonomous_community,canarias,Perinatal — nacimientos,total,percent,7.72,1247,16159,DERIVED_RATE,ADMIT,istac_birth_maturity_v1,https://datos.canarias.es/api/estadisticas/statistical-resources/v1.0/datasets/ISTAC/E30304A_000008/~latest.csv,2026-09-24,Nacimientos de madres residentes según maturidad del parto.,preterm_rate
ISTAC:E30304A_000008,latest_audited_2026-09-28,2016,island,el-hierro,Perinatal — nacimientos,total,births,69,69,,OBSERVED,ADMIT,istac_birth_maturity_v1,https://datos.canarias.es/api/estadisticas/statistical-resources/v1.0/datasets/ISTAC/E30304A_000008/~latest.csv,2026-09-24,Nacimientos de madres residentes según maturidad del parto.,births
ISTAC:E30304A_000008,latest_audited_2026-09-28,2016,island,el-hierro,Perinatal — nacimientos,total,births,4,4,,OBSERVED,ADMIT,istac_birth_maturity_v1,https://datos.canarias.es/api/estadisticas/statistical-resources/v1.0/datasets/ISTAC/E30304A_000008/~latest.csv,2026-09-24,Nacimientos de madres residentes según maturidad del parto.,preterm_births
ISTAC:E30304A_000008,latest_audited_2026-09-28,2016,island,el-hierro,Perinatal — nacimientos,total,percent,5.80,4,69,DERIVED_RATE,ADMIT,istac_birth_maturity_v1,https://datos.canarias.es/api/estadisticas/statistical-resources/v1.0/datasets/ISTAC/E30304A_000008/~latest.csv,2026-09-24,Nacimientos de madres residentes según maturidad del parto.,preterm_rate
ISTAC:E30304A_000008,latest_audited_2026-09-28,2016,island,fuerteventura,Perinatal — nacimientos,total,births,1055,1055,,OBSERVED,ADMIT,istac_birth_maturity_v1,https://datos.canarias.es/api/estadisticas/statistical-resources/v1.0/datasets/ISTAC/E30304A_000008/~latest.csv,2026-09-24,Nacimientos de madres residentes según maturidad del parto.,births
ISTAC:E30304A_000008,latest_audited_2026-09-28,2016,island,fuerteventura,Perinatal — nacimientos,total,births,75,75,,OBSERVED,ADMIT,istac_birth_maturity_v1,https://datos.canarias.es/api/estadisticas/statistical-resources/v1.0/datasets/ISTAC/E30304A_000008/~latest.csv,2026-09-24,Nacimientos de madres residentes según maturidad del parto.,preterm_births
ISTAC:E30304A_000008,latest_audited_2026-09-28,2016,island,fuerteventura,Perinatal — nacimientos,total,percent,7.11,75,1055,DERIVED_RATE,ADMIT,istac_birth_maturity_v1,https://datos.canarias.es/api/estadisticas/statistical-resources/v1.0/datasets/ISTAC/E30304A_000008/~latest.csv,2026-09-24,Nacimientos de madres residentes según maturidad del parto.,preterm_rate
ISTAC:E30304A_000008,latest_audited_2026-09-28,2016,island,gran-canaria,Perinatal — nacimientos,total,births,6213,6213,,OBSERVED,ADMIT,istac_birth_maturity_v1,https://datos.canarias.es/api/estadisticas/statistical-resources/v1.0/datasets/ISTAC/E30304A_000008/~latest.csv,2026-09-24,Nacimientos de madres residentes según maturidad del parto.,births
ISTAC:E30304A_000008,latest_audited_2026-09-28,2016,island,gran-canaria,Perinatal — nacimientos,total,births,477,477,,OBSERVED,ADMIT,istac_birth_maturity_v1,https://datos.canarias.es/api/estadisticas/statistical-resources/v1.0/datasets/ISTAC/E30304A_000008/~latest.csv,2026-09-24,Nacimientos de madres residentes según maturidad del parto.,preterm_births
ISTAC:E30304A_000008,latest_audited_2026-09-28,2016,island,gran-canaria,Perinatal — nacimientos,total,percent,7.68,477,6213,DERIVED_RATE,ADMIT,istac_birth_maturity_v1,https://datos.canarias.es/api/estadisticas/statistical-resources/v1.0/datasets/ISTAC/E30304A_000008/~latest.csv,2026-09-24,Nacimientos de madres residentes según maturidad del parto.,preterm_rate
ISTAC:E30304A_000008,latest_audited_2026-09-28,2016,island,la-gomera,Perinatal — nacimientos,total,births,128,128,,OBSERVED,ADMIT,istac_birth_maturity_v1,https://datos.canarias.es/api/estadisticas/statistical-resources/v1.0/datasets/ISTAC/E30304A_000008/~latest.csv,2026-09-24,Nacimientos de madres residentes según maturidad del parto.,births
ISTAC:E30304A_000008,latest_audited_2026-09-28,2016,island,la-gomera,Perinatal — nacimientos,total,births,9,9,,OBSERVED,ADMIT,istac_birth_maturity_v1,https://datos.canarias.es/api/estadisticas/statistical-resources/v1.0/datasets/ISTAC/E30304A_000008/~latest.csv,2026-09-24,Nacimientos de madres residentes según maturidad del parto.,preterm_births
ISTAC:E30304A_000008,latest_audited_2026-09-28,2016,island,la-gomera,Perinatal — nacimientos,total,percent,7.03,9,128,DERIVED_RATE,ADMIT,istac_birth_maturity_v1,https://datos.canarias.es/api/estadisticas/statistical-resources/v1.0/datasets/ISTAC/E30304A_000008/~latest.csv,2026-09-24,Nacimientos de madres residentes según maturidad del parto.,preterm_rate
ISTAC:E30304A_000008,latest_audited_2026-09-28,2016,island,la-palma,Perinatal — nacimientos,total,births,505,505,,OBSERVED,ADMIT,istac_birth_maturity_v1,https://datos.canarias.es/api/estadisticas/statistical-resources/v1.0/datasets/ISTAC/E30304A_000008/~latest.csv,2026-09-24,Nacimientos de madres residentes según maturidad del parto.,births
ISTAC:E30304A_000008,latest_audited_2026-09-28,2016,island,la-palma,Perinatal — nacimientos,total,births,47,47,,OBSERVED,ADMIT,istac_birth_maturity_v1,https://datos.canarias.es/api/estadisticas/statistical-resources/v1.0/datasets/ISTAC/E30304A_000008/~latest.csv,2026-09-24,Nacimientos de madres residentes según maturidad del parto.,preterm_births
ISTAC:E30304A_000008,latest_audited_2026-09-28,2016,island,la-palma,Perinatal — nacimientos,total,percent,9.31,47,505,DERIVED_RATE,ADMIT,istac_birth_maturity_v1,https://datos.canarias.es/api/estadisticas/statistical-resources/v1.0/datasets/ISTAC/E30304A_000008/~latest.csv,2026-09-24,Nacimientos de madres residentes según maturidad del parto.,preterm_rate
ISTAC:E30304A_000008,latest_audited_2026-09-28,2016,island,lanzarote,Perinatal — nacimientos,total,births,1320,1320,,OBSERVED,ADMIT,istac_birth_maturity_v1,https://datos.canarias.es/api/estadisticas/statistical-resources/v1.0/datasets/ISTAC/E30304A_000008/~latest.csv,2026-09-24,Nacimientos de madres residentes según maturidad del parto.,births
ISTAC:E30304A_000008,latest_audited_2026-09-28,2016,island,lanzarote,Perinatal — nacimientos,total,births,89,89,,OBSERVED,ADMIT,istac_birth_maturity_v1,https://datos.canarias.es/api/estadisticas/statistical-resources/v1.0/datasets/ISTAC/E30304A_000008/~latest.csv,2026-09-24,Nacimientos de madres residentes según maturidad del parto.,preterm_births
ISTAC:E30304A_000008,latest_audited_2026-09-28,2016,island,lanzarote,Perinatal — nacimientos,total,percent,6.74,89,1320,DERIVED_RATE,ADMIT,istac_birth_maturity_v1,https://datos.canarias.es/api/estadisticas/statistical-resources/v1.0/datasets/ISTAC/E30304A_000008/~latest.csv,2026-09-24,Nacimientos de madres residentes según maturidad del parto.,preterm_rate
ISTAC:E30304A_000008,latest_audited_2026-09-28,2016,island,tenerife,Perinatal — nacimientos,total,births,6869,6869,,OBSERVED,ADMIT,istac_birth_maturity_v1,https://datos.canarias.es/api/estadisticas/statistical-resources/v1.0/datasets/ISTAC/E30304A_000008/~latest.csv,2026-09-24,Nacimientos de madres residentes según maturidad del parto.,births
ISTAC:E30304A_000008,latest_audited_2026-09-28,2016,island,tenerife,Perinatal — nacimientos,total,births,546,546,,OBSERVED,ADMIT,istac_birth_maturity_v1,https://datos.canarias.es/api/estadisticas/statistical-resources/v1.0/datasets/ISTAC/E30304A_000008/~latest.csv,2026-09-24,Nacimientos de madres residentes según maturidad del parto.,preterm_births
ISTAC:E30304A_000008,latest_audited_2026-09-28,2016,island,tenerife,Perinatal — nacimientos,total,percent,7.95,546,6869,DERIVED_RATE,ADMIT,istac_birth_maturity_v1,https://datos.canarias.es/api/estadisticas/statistical-resources/v1.0/datasets/ISTAC/E30304A_000008/~latest.csv,2026-09-24,Nacimientos de madres residentes según maturidad del parto.,preterm_rate
ISTAC:E30304A_000008,latest_audited_2026-09-28,2017,autonomous_community,canarias,Perinatal — nacimientos,total,births,15779,15779,,OBSERVED,ADMIT,istac_birth_maturity_v1,https://datos.canarias.es/api/estadisticas/statistical-resources/v1.0/datasets/ISTAC/E30304A_000008/~latest.csv,2026-09-24,Nacimientos de madres residentes según maturidad del parto.,births
ISTAC:E30304A_000008,latest_audited_2026-09-28,2017,autonomous_community,canarias,Perinatal — nacimientos,total,births,1184,1184,,OBSERVED,ADMIT,istac_birth_maturity_v1,https://datos.canarias.es/api/estadisticas/statistical-resources/v1.0/datasets/ISTAC/E30304A_000008/~latest.csv,2026-09-24,Nacimientos de madres residentes según maturidad del parto.,preterm_births
ISTAC:E30304A_000008,latest_audited_2026-09-28,2017,autonomous_community,canarias,Perinatal — nacimientos,total,percent,7.50,1184,15779,DERIVED_RATE,ADMIT,istac_birth_maturity_v1,https://datos.canarias.es/api/estadisticas/statistical-resources/v1.0/datasets/ISTAC/E30304A_000008/~latest.csv,2026-09-24,Nacimientos de madres residentes según maturidad del parto.,preterm_rate
ISTAC:E30304A_000008,latest_audited_2026-09-28,2017,island,el-hierro,Perinatal — nacimientos,total,births,63,63,,OBSERVED,ADMIT,istac_birth_maturity_v1,https://datos.canarias.es/api/estadisticas/statistical-resources/v1.0/datasets/ISTAC/E30304A_000008/~latest.csv,2026-09-24,Nacimientos de madres residentes según maturidad del parto.,births
ISTAC:E30304A_000008,latest_audited_2026-09-28,2017,island,el-hierro,Perinatal — nacimientos,total,births,6,6,,OBSERVED,ADMIT,istac_birth_maturity_v1,https://datos.canarias.es/api/estadisticas/statistical-resources/v1.0/datasets/ISTAC/E30304A_000008/~latest.csv,2026-09-24,Nacimientos de madres residentes según maturidad del parto.,preterm_births
ISTAC:E30304A_000008,latest_audited_2026-09-28,2017,island,el-hierro,Perinatal — nacimientos,total,percent,9.52,6,63,DERIVED_RATE,ADMIT,istac_birth_maturity_v1,https://datos.canarias.es/api/estadisticas/statistical-resources/v1.0/datasets/ISTAC/E30304A_000008/~latest.csv,2026-09-24,Nacimientos de madres residentes según maturidad del parto.,preterm_rate
ISTAC:E30304A_000008,latest_audited_2026-09-28,2017,island,fuerteventura,Perinatal — nacimientos,total,births,1072,1072,,OBSERVED,ADMIT,istac_birth_maturity_v1,https://datos.canarias.es/api/estadisticas/statistical-resources/v1.0/datasets/ISTAC/E30304A_000008/~latest.csv,2026-09-24,Nacimientos de madres residentes según maturidad del parto.,births
ISTAC:E30304A_000008,latest_audited_2026-09-28,2017,island,fuerteventura,Perinatal — nacimientos,total,births,49,49,,OBSERVED,ADMIT,istac_birth_maturity_v1,https://datos.canarias.es/api/estadisticas/statistical-resources/v1.0/datasets/ISTAC/E30304A_000008/~latest.csv,2026-09-24,Nacimientos de madres residentes según maturidad del parto.,preterm_births
ISTAC:E30304A_000008,latest_audited_2026-09-28,2017,island,fuerteventura,Perinatal — nacimientos,total,percent,4.57,49,1072,DERIVED_RATE,ADMIT,istac_birth_maturity_v1,https://datos.canarias.es/api/estadisticas/statistical-resources/v1.0/datasets/ISTAC/E30304A_000008/~latest.csv,2026-09-24,Nacimientos de madres residentes según maturidad del parto.,preterm_rate
ISTAC:E30304A_000008,latest_audited_2026-09-28,2017,island,gran-canaria,Perinatal — nacimientos,total,births,5856,5856,,OBSERVED,ADMIT,istac_birth_maturity_v1,https://datos.canarias.es/api/estadisticas/statistical-resources/v1.0/datasets/ISTAC/E30304A_000008/~latest.csv,2026-09-24,Nacimientos de madres residentes según maturidad del parto.,births
ISTAC:E30304A_000008,latest_audited_2026-09-28,2017,island,gran-canaria,Perinatal — nacimientos,total,births,448,448,,OBSERVED,ADMIT,istac_birth_maturity_v1,https://datos.canarias.es/api/estadisticas/statistical-resources/v1.0/datasets/ISTAC/E30304A_000008/~latest.csv,2026-09-24,Nacimientos de madres residentes según maturidad del parto.,preterm_births
ISTAC:E30304A_000008,latest_audited_2026-09-28,2017,island,gran-canaria,Perinatal — nacimientos,total,percent,7.65,448,5856,DERIVED_RATE,ADMIT,istac_birth_maturity_v1,https://datos.canarias.es/api/estadisticas/statistical-resources/v1.0/datasets/ISTAC/E30304A_000008/~latest.csv,2026-09-24,Nacimientos de madres residentes según maturidad del parto.,preterm_rate
ISTAC:E30304A_000008,latest_audited_2026-09-28,2017,island,la-gomera,Perinatal — nacimientos,total,births,122,122,,OBSERVED,ADMIT,istac_birth_maturity_v1,https://datos.canarias.es/api/estadisticas/statistical-resources/v1.0/datasets/ISTAC/E30304A_000008/~latest.csv,2026-09-24,Nacimientos de madres residentes según maturidad del parto.,births
ISTAC:E30304A_000008,latest_audited_2026-09-28,2017,island,la-gomera,Perinatal — nacimientos,total,births,6,6,,OBSERVED,ADMIT,istac_birth_maturity_v1,https://datos.canarias.es/api/estadisticas/statistical-resources/v1.0/datasets/ISTAC/E30304A_000008/~latest.csv,2026-09-24,Nacimientos de madres residentes según maturidad del parto.,preterm_births
ISTAC:E30304A_000008,latest_audited_2026-09-28,2017,island,la-gomera,Perinatal — nacimientos,total,percent,4.92,6,122,DERIVED_RATE,ADMIT,istac_birth_maturity_v1,https://datos.canarias.es/api/estadisticas/statistical-resources/v1.0/datasets/ISTAC/E30304A_000008/~latest.csv,2026-09-24,Nacimientos de madres residentes según maturidad del parto.,preterm_rate
ISTAC:E30304A_000008,latest_audited_2026-09-28,2017,island,la-palma,Perinatal — nacimientos,total,births,549,549,,OBSERVED,ADMIT,istac_birth_maturity_v1,https://datos.canarias.es/api/estadisticas/statistical-resources/v1.0/datasets/ISTAC/E30304A_000008/~latest.csv,2026-09-24,Nacimientos de madres residentes según maturidad del parto.,births
ISTAC:E30304A_000008,latest_audited_2026-09-28,2017,island,la-palma,Perinatal — nacimientos,total,births,45,45,,OBSERVED,ADMIT,istac_birth_maturity_v1,https://datos.canarias.es/api/estadisticas/statistical-resources/v1.0/datasets/ISTAC/E30304A_000008/~latest.csv,2026-09-24,Nacimientos de madres residentes según maturidad del parto.,preterm_births
ISTAC:E30304A_000008,latest_audited_2026-09-28,2017,island,la-palma,Perinatal — nacimientos,total,percent,8.20,45,549,DERIVED_RATE,ADMIT,istac_birth_maturity_v1,https://datos.canarias.es/api/estadisticas/statistical-resources/v1.0/datasets/ISTAC/E30304A_000008/~latest.csv,2026-09-24,Nacimientos de madres residentes según maturidad del parto.,preterm_rate
ISTAC:E30304A_000008,latest_audited_2026-09-28,2017,island,lanzarote,Perinatal — nacimientos,total,births,1316,1316,,OBSERVED,ADMIT,istac_birth_maturity_v1,https://datos.canarias.es/api/estadisticas/statistical-resources/v1.0/datasets/ISTAC/E30304A_000008/~latest.csv,2026-09-24,Nacimientos de madres residentes según maturidad del parto.,births
ISTAC:E30304A_000008,latest_audited_2026-09-28,2017,island,lanzarote,Perinatal — nacimientos,total,births,85,85,,OBSERVED,ADMIT,istac_birth_maturity_v1,https://datos.canarias.es/api/estadisticas/statistical-resources/v1.0/datasets/ISTAC/E30304A_000008/~latest.csv,2026-09-24,Nacimientos de madres residentes según maturidad del parto.,preterm_births
ISTAC:E30304A_000008,latest_audited_2026-09-28,2017,island,lanzarote,Perinatal — nacimientos,total,percent,6.46,85,1316,DERIVED_RATE,ADMIT,istac_birth_maturity_v1,https://datos.canarias.es/api/estadisticas/statistical-resources/v1.0/datasets/ISTAC/E30304A_000008/~latest.csv,2026-09-24,Nacimientos de madres residentes según maturidad del parto.,preterm_rate
ISTAC:E30304A_000008,latest_audited_2026-09-28,2017,island,tenerife,Perinatal — nacimientos,total,births,6801,6801,,OBSERVED,ADMIT,istac_birth_maturity_v1,https://datos.canarias.es/api/estadisticas/statistical-resources/v1.0/datasets/ISTAC/E30304A_000008/~latest.csv,2026-09-24,Nacimientos de madres residentes según maturidad del parto.,births
ISTAC:E30304A_000008,latest_audited_2026-09-28,2017,island,tenerife,Perinatal — nacimientos,total,births,545,545,,OBSERVED,ADMIT,istac_birth_maturity_v1,https://datos.canarias.es/api/estadisticas/statistical-resources/v1.0/datasets/ISTAC/E30304A_000008/~latest.csv,2026-09-24,Nacimientos de madres residentes según maturidad del parto.,preterm_births
ISTAC:E30304A_000008,latest_audited_2026-09-28,2017,island,tenerife,Perinatal — nacimientos,total,percent,8.01,545,6801,DERIVED_RATE,ADMIT,istac_birth_maturity_v1,https://datos.canarias.es/api/estadisticas/statistical-resources/v1.0/datasets/ISTAC/E30304A_000008/~latest.csv,2026-09-24,Nacimientos de madres residentes según maturidad del parto.,preterm_rate
ISTAC:E30304A_000008,latest_audited_2026-09-28,2018,autonomous_community,canarias,Perinatal — nacimientos,total,births,14775,14775,,OBSERVED,ADMIT,istac_birth_maturity_v1,https://datos.canarias.es/api/estadisticas/statistical-resources/v1.0/datasets/ISTAC/E30304A_000008/~latest.csv,2026-09-24,Nacimientos de madres residentes según maturidad del parto.,births
ISTAC:E30304A_000008,latest_audited_2026-09-28,2018,autonomous_community,canarias,Perinatal — nacimientos,total,births,1122,1122,,OBSERVED,ADMIT,istac_birth_maturity_v1,https://datos.canarias.es/api/estadisticas/statistical-resources/v1.0/datasets/ISTAC/E30304A_000008/~latest.csv,2026-09-24,Nacimientos de madres residentes según maturidad del parto.,preterm_births
ISTAC:E30304A_000008,latest_audited_2026-09-28,2018,autonomous_community,canarias,Perinatal — nacimientos,total,percent,7.59,1122,14775,DERIVED_RATE,ADMIT,istac_birth_maturity_v1,https://datos.canarias.es/api/estadisticas/statistical-resources/v1.0/datasets/ISTAC/E30304A_000008/~latest.csv,2026-09-24,Nacimientos de madres residentes según maturidad del parto.,preterm_rate
ISTAC:E30304A_000008,latest_audited_2026-09-28,2018,island,el-hierro,Perinatal — nacimientos,total,births,53,53,,OBSERVED,ADMIT,istac_birth_maturity_v1,https://datos.canarias.es/api/estadisticas/statistical-resources/v1.0/datasets/ISTAC/E30304A_000008/~latest.csv,2026-09-24,Nacimientos de madres residentes según maturidad del parto.,births
ISTAC:E30304A_000008,latest_audited_2026-09-28,2018,island,el-hierro,Perinatal — nacimientos,total,births,12,12,,OBSERVED,ADMIT,istac_birth_maturity_v1,https://datos.canarias.es/api/estadisticas/statistical-resources/v1.0/datasets/ISTAC/E30304A_000008/~latest.csv,2026-09-24,Nacimientos de madres residentes según maturidad del parto.,preterm_births
ISTAC:E30304A_000008,latest_audited_2026-09-28,2018,island,el-hierro,Perinatal — nacimientos,total,percent,22.64,12,53,DERIVED_RATE,ADMIT,istac_birth_maturity_v1,https://datos.canarias.es/api/estadisticas/statistical-resources/v1.0/datasets/ISTAC/E30304A_000008/~latest.csv,2026-09-24,Nacimientos de madres residentes según maturidad del parto.,preterm_rate
ISTAC:E30304A_000008,latest_audited_2026-09-28,2018,island,fuerteventura,Perinatal — nacimientos,total,births,1018,1018,,OBSERVED,ADMIT,istac_birth_maturity_v1,https://datos.canarias.es/api/estadisticas/statistical-resources/v1.0/datasets/ISTAC/E30304A_000008/~latest.csv,2026-09-24,Nacimientos de madres residentes según maturidad del parto.,births
ISTAC:E30304A_000008,latest_audited_2026-09-28,2018,island,fuerteventura,Perinatal — nacimientos,total,births,61,61,,OBSERVED,ADMIT,istac_birth_maturity_v1,https://datos.canarias.es/api/estadisticas/statistical-resources/v1.0/datasets/ISTAC/E30304A_000008/~latest.csv,2026-09-24,Nacimientos de madres residentes según maturidad del parto.,preterm_births
ISTAC:E30304A_000008,latest_audited_2026-09-28,2018,island,fuerteventura,Perinatal — nacimientos,total,percent,5.99,61,1018,DERIVED_RATE,ADMIT,istac_birth_maturity_v1,https://datos.canarias.es/api/estadisticas/statistical-resources/v1.0/datasets/ISTAC/E30304A_000008/~latest.csv,2026-09-24,Nacimientos de madres residentes según maturidad del parto.,preterm_rate
ISTAC:E30304A_000008,latest_audited_2026-09-28,2018,island,gran-canaria,Perinatal — nacimientos,total,births,5427,5427,,OBSERVED,ADMIT,istac_birth_maturity_v1,https://datos.canarias.es/api/estadisticas/statistical-resources/v1.0/datasets/ISTAC/E30304A_000008/~latest.csv,2026-09-24,Nacimientos de madres residentes según maturidad del parto.,births
ISTAC:E30304A_000008,latest_audited_2026-09-28,2018,island,gran-canaria,Perinatal — nacimientos,total,births,423,423,,OBSERVED,ADMIT,istac_birth_maturity_v1,https://datos.canarias.es/api/estadisticas/statistical-resources/v1.0/datasets/ISTAC/E30304A_000008/~latest.csv,2026-09-24,Nacimientos de madres residentes según maturidad del parto.,preterm_births
ISTAC:E30304A_000008,latest_audited_2026-09-28,2018,island,gran-canaria,Perinatal — nacimientos,total,percent,7.79,423,5427,DERIVED_RATE,ADMIT,istac_birth_maturity_v1,https://datos.canarias.es/api/estadisticas/statistical-resources/v1.0/datasets/ISTAC/E30304A_000008/~latest.csv,2026-09-24,Nacimientos de madres residentes según maturidad del parto.,preterm_rate
ISTAC:E30304A_000008,latest_audited_2026-09-28,2018,island,la-gomera,Perinatal — nacimientos,total,births,111,111,,OBSERVED,ADMIT,istac_birth_maturity_v1,https://datos.canarias.es/api/estadisticas/statistical-resources/v1.0/datasets/ISTAC/E30304A_000008/~latest.csv,2026-09-24,Nacimientos de madres residentes según maturidad del parto.,births
ISTAC:E30304A_000008,latest_audited_2026-09-28,2018,island,la-gomera,Perinatal — nacimientos,total,births,4,4,,OBSERVED,ADMIT,istac_birth_maturity_v1,https://datos.canarias.es/api/estadisticas/statistical-resources/v1.0/datasets/ISTAC/E30304A_000008/~latest.csv,2026-09-24,Nacimientos de madres residentes según maturidad del parto.,preterm_births
ISTAC:E30304A_000008,latest_audited_2026-09-28,2018,island,la-gomera,Perinatal — nacimientos,total,percent,3.60,4,111,DERIVED_RATE,ADMIT,istac_birth_maturity_v1,https://datos.canarias.es/api/estadisticas/statistical-resources/v1.0/datasets/ISTAC/E30304A_000008/~latest.csv,2026-09-24,Nacimientos de madres residentes según maturidad del parto.,preterm_rate
ISTAC:E30304A_000008,latest_audited_2026-09-28,2018,island,la-palma,Perinatal — nacimientos,total,births,491,491,,OBSERVED,ADMIT,istac_birth_maturity_v1,https://datos.canarias.es/api/estadisticas/statistical-resources/v1.0/datasets/ISTAC/E30304A_000008/~latest.csv,2026-09-24,Nacimientos de madres residentes según maturidad del parto.,births
ISTAC:E30304A_000008,latest_audited_2026-09-28,2018,island,la-palma,Perinatal — nacimientos,total,births,34,34,,OBSERVED,ADMIT,istac_birth_maturity_v1,https://datos.canarias.es/api/estadisticas/statistical-resources/v1.0/datasets/ISTAC/E30304A_000008/~latest.csv,2026-09-24,Nacimientos de madres residentes según maturidad del parto.,preterm_births
ISTAC:E30304A_000008,latest_audited_2026-09-28,2018,island,la-palma,Perinatal — nacimientos,total,percent,6.92,34,491,DERIVED_RATE,ADMIT,istac_birth_maturity_v1,https://datos.canarias.es/api/estadisticas/statistical-resources/v1.0/datasets/ISTAC/E30304A_000008/~latest.csv,2026-09-24,Nacimientos de madres residentes según maturidad del parto.,preterm_rate
ISTAC:E30304A_000008,latest_audited_2026-09-28,2018,island,lanzarote,Perinatal — nacimientos,total,births,1297,1297,,OBSERVED,ADMIT,istac_birth_maturity_v1,https://datos.canarias.es/api/estadisticas/statistical-resources/v1.0/datasets/ISTAC/E30304A_000008/~latest.csv,2026-09-24,Nacimientos de madres residentes según maturidad del parto.,births
ISTAC:E30304A_000008,latest_audited_2026-09-28,2018,island,lanzarote,Perinatal — nacimientos,total,births,110,110,,OBSERVED,ADMIT,istac_birth_maturity_v1,https://datos.canarias.es/api/estadisticas/statistical-resources/v1.0/datasets/ISTAC/E30304A_000008/~latest.csv,2026-09-24,Nacimientos de madres residentes según maturidad del parto.,preterm_births
ISTAC:E30304A_000008,latest_audited_2026-09-28,2018,island,lanzarote,Perinatal — nacimientos,total,percent,8.48,110,1297,DERIVED_RATE,ADMIT,istac_birth_maturity_v1,https://datos.canarias.es/api/estadisticas/statistical-resources/v1.0/datasets/ISTAC/E30304A_000008/~latest.csv,2026-09-24,Nacimientos de madres residentes según maturidad del parto.,preterm_rate
ISTAC:E30304A_000008,latest_audited_2026-09-28,2018,island,tenerife,Perinatal — nacimientos,total,births,6378,6378,,OBSERVED,ADMIT,istac_birth_maturity_v1,https://datos.canarias.es/api/estadisticas/statistical-resources/v1.0/datasets/ISTAC/E30304A_000008/~latest.csv,2026-09-24,Nacimientos de madres residentes según maturidad del parto.,births
ISTAC:E30304A_000008,latest_audited_2026-09-28,2018,island,tenerife,Perinatal — nacimientos,total,births,478,478,,OBSERVED,ADMIT,istac_birth_maturity_v1,https://datos.canarias.es/api/estadisticas/statistical-resources/v1.0/datasets/ISTAC/E30304A_000008/~latest.csv,2026-09-24,Nacimientos de madres residentes según maturidad del parto.,preterm_births
ISTAC:E30304A_000008,latest_audited_2026-09-28,2018,island,tenerife,Perinatal — nacimientos,total,percent,7.49,478,6378,DERIVED_RATE,ADMIT,istac_birth_maturity_v1,https://datos.canarias.es/api/estadisticas/statistical-resources/v1.0/datasets/ISTAC/E30304A_000008/~latest.csv,2026-09-24,Nacimientos de madres residentes según maturidad del parto.,preterm_rate
ISTAC:E30304A_000008,latest_audited_2026-09-28,2019,autonomous_community,canarias,Perinatal — nacimientos,total,births,14137,14137,,OBSERVED,ADMIT,istac_birth_maturity_v1,https://datos.canarias.es/api/estadisticas/statistical-resources/v1.0/datasets/ISTAC/E30304A_000008/~latest.csv,2026-09-24,Nacimientos de madres residentes según maturidad del parto.,births
ISTAC:E30304A_000008,latest_audited_2026-09-28,2019,autonomous_community,canarias,Perinatal — nacimientos,total,births,1021,1021,,OBSERVED,ADMIT,istac_birth_maturity_v1,https://datos.canarias.es/api/estadisticas/statistical-resources/v1.0/datasets/ISTAC/E30304A_000008/~latest.csv,2026-09-24,Nacimientos de madres residentes según maturidad del parto.,preterm_births
ISTAC:E30304A_000008,latest_audited_2026-09-28,2019,autonomous_community,canarias,Perinatal — nacimientos,total,percent,7.22,1021,14137,DERIVED_RATE,ADMIT,istac_birth_maturity_v1,https://datos.canarias.es/api/estadisticas/statistical-resources/v1.0/datasets/ISTAC/E30304A_000008/~latest.csv,2026-09-24,Nacimientos de madres residentes según maturidad del parto.,preterm_rate
ISTAC:E30304A_000008,latest_audited_2026-09-28,2019,island,el-hierro,Perinatal — nacimientos,total,births,58,58,,OBSERVED,ADMIT,istac_birth_maturity_v1,https://datos.canarias.es/api/estadisticas/statistical-resources/v1.0/datasets/ISTAC/E30304A_000008/~latest.csv,2026-09-24,Nacimientos de madres residentes según maturidad del parto.,births
ISTAC:E30304A_000008,latest_audited_2026-09-28,2019,island,el-hierro,Perinatal — nacimientos,total,births,5,5,,OBSERVED,ADMIT,istac_birth_maturity_v1,https://datos.canarias.es/api/estadisticas/statistical-resources/v1.0/datasets/ISTAC/E30304A_000008/~latest.csv,2026-09-24,Nacimientos de madres residentes según maturidad del parto.,preterm_births
ISTAC:E30304A_000008,latest_audited_2026-09-28,2019,island,el-hierro,Perinatal — nacimientos,total,percent,8.62,5,58,DERIVED_RATE,ADMIT,istac_birth_maturity_v1,https://datos.canarias.es/api/estadisticas/statistical-resources/v1.0/datasets/ISTAC/E30304A_000008/~latest.csv,2026-09-24,Nacimientos de madres residentes según maturidad del parto.,preterm_rate
ISTAC:E30304A_000008,latest_audited_2026-09-28,2019,island,fuerteventura,Perinatal — nacimientos,total,births,976,976,,OBSERVED,ADMIT,istac_birth_maturity_v1,https://datos.canarias.es/api/estadisticas/statistical-resources/v1.0/datasets/ISTAC/E30304A_000008/~latest.csv,2026-09-24,Nacimientos de madres residentes según maturidad del parto.,births
ISTAC:E30304A_000008,latest_audited_2026-09-28,2019,island,fuerteventura,Perinatal — nacimientos,total,births,42,42,,OBSERVED,ADMIT,istac_birth_maturity_v1,https://datos.canarias.es/api/estadisticas/statistical-resources/v1.0/datasets/ISTAC/E30304A_000008/~latest.csv,2026-09-24,Nacimientos de madres residentes según maturidad del parto.,preterm_births
ISTAC:E30304A_000008,latest_audited_2026-09-28,2019,island,fuerteventura,Perinatal — nacimientos,total,percent,4.30,42,976,DERIVED_RATE,ADMIT,istac_birth_maturity_v1,https://datos.canarias.es/api/estadisticas/statistical-resources/v1.0/datasets/ISTAC/E30304A_000008/~latest.csv,2026-09-24,Nacimientos de madres residentes según maturidad del parto.,preterm_rate
ISTAC:E30304A_000008,latest_audited_2026-09-28,2019,island,gran-canaria,Perinatal — nacimientos,total,births,5325,5325,,OBSERVED,ADMIT,istac_birth_maturity_v1,https://datos.canarias.es/api/estadisticas/statistical-resources/v1.0/datasets/ISTAC/E30304A_000008/~latest.csv,2026-09-24,Nacimientos de madres residentes según maturidad del parto.,births
ISTAC:E30304A_000008,latest_audited_2026-09-28,2019,island,gran-canaria,Perinatal — nacimientos,total,births,380,380,,OBSERVED,ADMIT,istac_birth_maturity_v1,https://datos.canarias.es/api/estadisticas/statistical-resources/v1.0/datasets/ISTAC/E30304A_000008/~latest.csv,2026-09-24,Nacimientos de madres residentes según maturidad del parto.,preterm_births
ISTAC:E30304A_000008,latest_audited_2026-09-28,2019,island,gran-canaria,Perinatal — nacimientos,total,percent,7.14,380,5325,DERIVED_RATE,ADMIT,istac_birth_maturity_v1,https://datos.canarias.es/api/estadisticas/statistical-resources/v1.0/datasets/ISTAC/E30304A_000008/~latest.csv,2026-09-24,Nacimientos de madres residentes según maturidad del parto.,preterm_rate
ISTAC:E30304A_000008,latest_audited_2026-09-28,2019,island,la-gomera,Perinatal — nacimientos,total,births,124,124,,OBSERVED,ADMIT,istac_birth_maturity_v1,https://datos.canarias.es/api/estadisticas/statistical-resources/v1.0/datasets/ISTAC/E30304A_000008/~latest.csv,2026-09-24,Nacimientos de madres residentes según maturidad del parto.,births
ISTAC:E30304A_000008,latest_audited_2026-09-28,2019,island,la-gomera,Perinatal — nacimientos,total,births,9,9,,OBSERVED,ADMIT,istac_birth_maturity_v1,https://datos.canarias.es/api/estadisticas/statistical-resources/v1.0/datasets/ISTAC/E30304A_000008/~latest.csv,2026-09-24,Nacimientos de madres residentes según maturidad del parto.,preterm_births
ISTAC:E30304A_000008,latest_audited_2026-09-28,2019,island,la-gomera,Perinatal — nacimientos,total,percent,7.26,9,124,DERIVED_RATE,ADMIT,istac_birth_maturity_v1,https://datos.canarias.es/api/estadisticas/statistical-resources/v1.0/datasets/ISTAC/E30304A_000008/~latest.csv,2026-09-24,Nacimientos de madres residentes según maturidad del parto.,preterm_rate
ISTAC:E30304A_000008,latest_audited_2026-09-28,2019,island,la-palma,Perinatal — nacimientos,total,births,455,455,,OBSERVED,ADMIT,istac_birth_maturity_v1,https://datos.canarias.es/api/estadisticas/statistical-resources/v1.0/datasets/ISTAC/E30304A_000008/~latest.csv,2026-09-24,Nacimientos de madres residentes según maturidad del parto.,births
ISTAC:E30304A_000008,latest_audited_2026-09-28,2019,island,la-palma,Perinatal — nacimientos,total,births,37,37,,OBSERVED,ADMIT,istac_birth_maturity_v1,https://datos.canarias.es/api/estadisticas/statistical-resources/v1.0/datasets/ISTAC/E30304A_000008/~latest.csv,2026-09-24,Nacimientos de madres residentes según maturidad del parto.,preterm_births
ISTAC:E30304A_000008,latest_audited_2026-09-28,2019,island,la-palma,Perinatal — nacimientos,total,percent,8.13,37,455,DERIVED_RATE,ADMIT,istac_birth_maturity_v1,https://datos.canarias.es/api/estadisticas/statistical-resources/v1.0/datasets/ISTAC/E30304A_000008/~latest.csv,2026-09-24,Nacimientos de madres residentes según maturidad del parto.,preterm_rate
ISTAC:E30304A_000008,latest_audited_2026-09-28,2019,island,lanzarote,Perinatal — nacimientos,total,births,1285,1285,,OBSERVED,ADMIT,istac_birth_maturity_v1,https://datos.canarias.es/api/estadisticas/statistical-resources/v1.0/datasets/ISTAC/E30304A_000008/~latest.csv,2026-09-24,Nacimientos de madres residentes según maturidad del parto.,births
ISTAC:E30304A_000008,latest_audited_2026-09-28,2019,island,lanzarote,Perinatal — nacimientos,total,births,94,94,,OBSERVED,ADMIT,istac_birth_maturity_v1,https://datos.canarias.es/api/estadisticas/statistical-resources/v1.0/datasets/ISTAC/E30304A_000008/~latest.csv,2026-09-24,Nacimientos de madres residentes según maturidad del parto.,preterm_births
ISTAC:E30304A_000008,latest_audited_2026-09-28,2019,island,lanzarote,Perinatal — nacimientos,total,percent,7.32,94,1285,DERIVED_RATE,ADMIT,istac_birth_maturity_v1,https://datos.canarias.es/api/estadisticas/statistical-resources/v1.0/datasets/ISTAC/E30304A_000008/~latest.csv,2026-09-24,Nacimientos de madres residentes según maturidad del parto.,preterm_rate
ISTAC:E30304A_000008,latest_audited_2026-09-28,2019,island,tenerife,Perinatal — nacimientos,total,births,5914,5914,,OBSERVED,ADMIT,istac_birth_maturity_v1,https://datos.canarias.es/api/estadisticas/statistical-resources/v1.0/datasets/ISTAC/E30304A_000008/~latest.csv,2026-09-24,Nacimientos de madres residentes según maturidad del parto.,births
ISTAC:E30304A_000008,latest_audited_2026-09-28,2019,island,tenerife,Perinatal — nacimientos,total,births,454,454,,OBSERVED,ADMIT,istac_birth_maturity_v1,https://datos.canarias.es/api/estadisticas/statistical-resources/v1.0/datasets/ISTAC/E30304A_000008/~latest.csv,2026-09-24,Nacimientos de madres residentes según maturidad del parto.,preterm_births
ISTAC:E30304A_000008,latest_audited_2026-09-28,2019,island,tenerife,Perinatal — nacimientos,total,percent,7.68,454,5914,DERIVED_RATE,ADMIT,istac_birth_maturity_v1,https://datos.canarias.es/api/estadisticas/statistical-resources/v1.0/datasets/ISTAC/E30304A_000008/~latest.csv,2026-09-24,Nacimientos de madres residentes según maturidad del parto.,preterm_rate
ISTAC:E30304A_000008,latest_audited_2026-09-28,2020,autonomous_community,canarias,Perinatal — nacimientos,total,births,13178,13178,,OBSERVED,ADMIT,istac_birth_maturity_v1,https://datos.canarias.es/api/estadisticas/statistical-resources/v1.0/datasets/ISTAC/E30304A_000008/~latest.csv,2026-09-24,Nacimientos de madres residentes según maturidad del parto.,births
ISTAC:E30304A_000008,latest_audited_2026-09-28,2020,autonomous_community,canarias,Perinatal — nacimientos,total,births,930,930,,OBSERVED,ADMIT,istac_birth_maturity_v1,https://datos.canarias.es/api/estadisticas/statistical-resources/v1.0/datasets/ISTAC/E30304A_000008/~latest.csv,2026-09-24,Nacimientos de madres residentes según maturidad del parto.,preterm_births
ISTAC:E30304A_000008,latest_audited_2026-09-28,2020,autonomous_community,canarias,Perinatal — nacimientos,total,percent,7.06,930,13178,DERIVED_RATE,ADMIT,istac_birth_maturity_v1,https://datos.canarias.es/api/estadisticas/statistical-resources/v1.0/datasets/ISTAC/E30304A_000008/~latest.csv,2026-09-24,Nacimientos de madres residentes según maturidad del parto.,preterm_rate
ISTAC:E30304A_000008,latest_audited_2026-09-28,2020,island,el-hierro,Perinatal — nacimientos,total,births,48,48,,OBSERVED,ADMIT,istac_birth_maturity_v1,https://datos.canarias.es/api/estadisticas/statistical-resources/v1.0/datasets/ISTAC/E30304A_000008/~latest.csv,2026-09-24,Nacimientos de madres residentes según maturidad del parto.,births
ISTAC:E30304A_000008,latest_audited_2026-09-28,2020,island,el-hierro,Perinatal — nacimientos,total,births,6,6,,OBSERVED,ADMIT,istac_birth_maturity_v1,https://datos.canarias.es/api/estadisticas/statistical-resources/v1.0/datasets/ISTAC/E30304A_000008/~latest.csv,2026-09-24,Nacimientos de madres residentes según maturidad del parto.,preterm_births
ISTAC:E30304A_000008,latest_audited_2026-09-28,2020,island,el-hierro,Perinatal — nacimientos,total,percent,12.50,6,48,DERIVED_RATE,ADMIT,istac_birth_maturity_v1,https://datos.canarias.es/api/estadisticas/statistical-resources/v1.0/datasets/ISTAC/E30304A_000008/~latest.csv,2026-09-24,Nacimientos de madres residentes según maturidad del parto.,preterm_rate
ISTAC:E30304A_000008,latest_audited_2026-09-28,2020,island,fuerteventura,Perinatal — nacimientos,total,births,1008,1008,,OBSERVED,ADMIT,istac_birth_maturity_v1,https://datos.canarias.es/api/estadisticas/statistical-resources/v1.0/datasets/ISTAC/E30304A_000008/~latest.csv,2026-09-24,Nacimientos de madres residentes según maturidad del parto.,births
ISTAC:E30304A_000008,latest_audited_2026-09-28,2020,island,fuerteventura,Perinatal — nacimientos,total,births,63,63,,OBSERVED,ADMIT,istac_birth_maturity_v1,https://datos.canarias.es/api/estadisticas/statistical-resources/v1.0/datasets/ISTAC/E30304A_000008/~latest.csv,2026-09-24,Nacimientos de madres residentes según maturidad del parto.,preterm_births
ISTAC:E30304A_000008,latest_audited_2026-09-28,2020,island,fuerteventura,Perinatal — nacimientos,total,percent,6.25,63,1008,DERIVED_RATE,ADMIT,istac_birth_maturity_v1,https://datos.canarias.es/api/estadisticas/statistical-resources/v1.0/datasets/ISTAC/E30304A_000008/~latest.csv,2026-09-24,Nacimientos de madres residentes según maturidad del parto.,preterm_rate
ISTAC:E30304A_000008,latest_audited_2026-09-28,2020,island,gran-canaria,Perinatal — nacimientos,total,births,4854,4854,,OBSERVED,ADMIT,istac_birth_maturity_v1,https://datos.canarias.es/api/estadisticas/statistical-resources/v1.0/datasets/ISTAC/E30304A_000008/~latest.csv,2026-09-24,Nacimientos de madres residentes según maturidad del parto.,births
ISTAC:E30304A_000008,latest_audited_2026-09-28,2020,island,gran-canaria,Perinatal — nacimientos,total,births,367,367,,OBSERVED,ADMIT,istac_birth_maturity_v1,https://datos.canarias.es/api/estadisticas/statistical-resources/v1.0/datasets/ISTAC/E30304A_000008/~latest.csv,2026-09-24,Nacimientos de madres residentes según maturidad del parto.,preterm_births
ISTAC:E30304A_000008,latest_audited_2026-09-28,2020,island,gran-canaria,Perinatal — nacimientos,total,percent,7.56,367,4854,DERIVED_RATE,ADMIT,istac_birth_maturity_v1,https://datos.canarias.es/api/estadisticas/statistical-resources/v1.0/datasets/ISTAC/E30304A_000008/~latest.csv,2026-09-24,Nacimientos de madres residentes según maturidad del parto.,preterm_rate
ISTAC:E30304A_000008,latest_audited_2026-09-28,2020,island,la-gomera,Perinatal — nacimientos,total,births,97,97,,OBSERVED,ADMIT,istac_birth_maturity_v1,https://datos.canarias.es/api/estadisticas/statistical-resources/v1.0/datasets/ISTAC/E30304A_000008/~latest.csv,2026-09-24,Nacimientos de madres residentes según maturidad del parto.,births
ISTAC:E30304A_000008,latest_audited_2026-09-28,2020,island,la-gomera,Perinatal — nacimientos,total,births,6,6,,OBSERVED,ADMIT,istac_birth_maturity_v1,https://datos.canarias.es/api/estadisticas/statistical-resources/v1.0/datasets/ISTAC/E30304A_000008/~latest.csv,2026-09-24,Nacimientos de madres residentes según maturidad del parto.,preterm_births
ISTAC:E30304A_000008,latest_audited_2026-09-28,2020,island,la-gomera,Perinatal — nacimientos,total,percent,6.19,6,97,DERIVED_RATE,ADMIT,istac_birth_maturity_v1,https://datos.canarias.es/api/estadisticas/statistical-resources/v1.0/datasets/ISTAC/E30304A_000008/~latest.csv,2026-09-24,Nacimientos de madres residentes según maturidad del parto.,preterm_rate
ISTAC:E30304A_000008,latest_audited_2026-09-28,2020,island,la-palma,Perinatal — nacimientos,total,births,440,440,,OBSERVED,ADMIT,istac_birth_maturity_v1,https://datos.canarias.es/api/estadisticas/statistical-resources/v1.0/datasets/ISTAC/E30304A_000008/~latest.csv,2026-09-24,Nacimientos de madres residentes según maturidad del parto.,births
ISTAC:E30304A_000008,latest_audited_2026-09-28,2020,island,la-palma,Perinatal — nacimientos,total,births,24,24,,OBSERVED,ADMIT,istac_birth_maturity_v1,https://datos.canarias.es/api/estadisticas/statistical-resources/v1.0/datasets/ISTAC/E30304A_000008/~latest.csv,2026-09-24,Nacimientos de madres residentes según maturidad del parto.,preterm_births
ISTAC:E30304A_000008,latest_audited_2026-09-28,2020,island,la-palma,Perinatal — nacimientos,total,percent,5.45,24,440,DERIVED_RATE,ADMIT,istac_birth_maturity_v1,https://datos.canarias.es/api/estadisticas/statistical-resources/v1.0/datasets/ISTAC/E30304A_000008/~latest.csv,2026-09-24,Nacimientos de madres residentes según maturidad del parto.,preterm_rate
ISTAC:E30304A_000008,latest_audited_2026-09-28,2020,island,lanzarote,Perinatal — nacimientos,total,births,1197,1197,,OBSERVED,ADMIT,istac_birth_maturity_v1,https://datos.canarias.es/api/estadisticas/statistical-resources/v1.0/datasets/ISTAC/E30304A_000008/~latest.csv,2026-09-24,Nacimientos de madres residentes según maturidad del parto.,births
ISTAC:E30304A_000008,latest_audited_2026-09-28,2020,island,lanzarote,Perinatal — nacimientos,total,births,79,79,,OBSERVED,ADMIT,istac_birth_maturity_v1,https://datos.canarias.es/api/estadisticas/statistical-resources/v1.0/datasets/ISTAC/E30304A_000008/~latest.csv,2026-09-24,Nacimientos de madres residentes según maturidad del parto.,preterm_births
ISTAC:E30304A_000008,latest_audited_2026-09-28,2020,island,lanzarote,Perinatal — nacimientos,total,percent,6.60,79,1197,DERIVED_RATE,ADMIT,istac_birth_maturity_v1,https://datos.canarias.es/api/estadisticas/statistical-resources/v1.0/datasets/ISTAC/E30304A_000008/~latest.csv,2026-09-24,Nacimientos de madres residentes según maturidad del parto.,preterm_rate
ISTAC:E30304A_000008,latest_audited_2026-09-28,2020,island,tenerife,Perinatal — nacimientos,total,births,5534,5534,,OBSERVED,ADMIT,istac_birth_maturity_v1,https://datos.canarias.es/api/estadisticas/statistical-resources/v1.0/datasets/ISTAC/E30304A_000008/~latest.csv,2026-09-24,Nacimientos de madres residentes según maturidad del parto.,births
ISTAC:E30304A_000008,latest_audited_2026-09-28,2020,island,tenerife,Perinatal — nacimientos,total,births,385,385,,OBSERVED,ADMIT,istac_birth_maturity_v1,https://datos.canarias.es/api/estadisticas/statistical-resources/v1.0/datasets/ISTAC/E30304A_000008/~latest.csv,2026-09-24,Nacimientos de madres residentes según maturidad del parto.,preterm_births
ISTAC:E30304A_000008,latest_audited_2026-09-28,2020,island,tenerife,Perinatal — nacimientos,total,percent,6.96,385,5534,DERIVED_RATE,ADMIT,istac_birth_maturity_v1,https://datos.canarias.es/api/estadisticas/statistical-resources/v1.0/datasets/ISTAC/E30304A_000008/~latest.csv,2026-09-24,Nacimientos de madres residentes según maturidad del parto.,preterm_rate
ISTAC:E30304A_000008,latest_audited_2026-09-28,2021,autonomous_community,canarias,Perinatal — nacimientos,total,births,12732,12732,,OBSERVED,ADMIT,istac_birth_maturity_v1,https://datos.canarias.es/api/estadisticas/statistical-resources/v1.0/datasets/ISTAC/E30304A_000008/~latest.csv,2026-09-24,Nacimientos de madres residentes según maturidad del parto.,births
ISTAC:E30304A_000008,latest_audited_2026-09-28,2021,autonomous_community,canarias,Perinatal — nacimientos,total,births,903,903,,OBSERVED,ADMIT,istac_birth_maturity_v1,https://datos.canarias.es/api/estadisticas/statistical-resources/v1.0/datasets/ISTAC/E30304A_000008/~latest.csv,2026-09-24,Nacimientos de madres residentes según maturidad del parto.,preterm_births
ISTAC:E30304A_000008,latest_audited_2026-09-28,2021,autonomous_community,canarias,Perinatal — nacimientos,total,percent,7.09,903,12732,DERIVED_RATE,ADMIT,istac_birth_maturity_v1,https://datos.canarias.es/api/estadisticas/statistical-resources/v1.0/datasets/ISTAC/E30304A_000008/~latest.csv,2026-09-24,Nacimientos de madres residentes según maturidad del parto.,preterm_rate
ISTAC:E30304A_000008,latest_audited_2026-09-28,2021,island,el-hierro,Perinatal — nacimientos,total,births,71,71,,OBSERVED,ADMIT,istac_birth_maturity_v1,https://datos.canarias.es/api/estadisticas/statistical-resources/v1.0/datasets/ISTAC/E30304A_000008/~latest.csv,2026-09-24,Nacimientos de madres residentes según maturidad del parto.,births
ISTAC:E30304A_000008,latest_audited_2026-09-28,2021,island,el-hierro,Perinatal — nacimientos,total,births,9,9,,OBSERVED,ADMIT,istac_birth_maturity_v1,https://datos.canarias.es/api/estadisticas/statistical-resources/v1.0/datasets/ISTAC/E30304A_000008/~latest.csv,2026-09-24,Nacimientos de madres residentes según maturidad del parto.,preterm_births
ISTAC:E30304A_000008,latest_audited_2026-09-28,2021,island,el-hierro,Perinatal — nacimientos,total,percent,12.68,9,71,DERIVED_RATE,ADMIT,istac_birth_maturity_v1,https://datos.canarias.es/api/estadisticas/statistical-resources/v1.0/datasets/ISTAC/E30304A_000008/~latest.csv,2026-09-24,Nacimientos de madres residentes según maturidad del parto.,preterm_rate
ISTAC:E30304A_000008,latest_audited_2026-09-28,2021,island,fuerteventura,Perinatal — nacimientos,total,births,883,883,,OBSERVED,ADMIT,istac_birth_maturity_v1,https://datos.canarias.es/api/estadisticas/statistical-resources/v1.0/datasets/ISTAC/E30304A_000008/~latest.csv,2026-09-24,Nacimientos de madres residentes según maturidad del parto.,births
ISTAC:E30304A_000008,latest_audited_2026-09-28,2021,island,fuerteventura,Perinatal — nacimientos,total,births,48,48,,OBSERVED,ADMIT,istac_birth_maturity_v1,https://datos.canarias.es/api/estadisticas/statistical-resources/v1.0/datasets/ISTAC/E30304A_000008/~latest.csv,2026-09-24,Nacimientos de madres residentes según maturidad del parto.,preterm_births
ISTAC:E30304A_000008,latest_audited_2026-09-28,2021,island,fuerteventura,Perinatal — nacimientos,total,percent,5.44,48,883,DERIVED_RATE,ADMIT,istac_birth_maturity_v1,https://datos.canarias.es/api/estadisticas/statistical-resources/v1.0/datasets/ISTAC/E30304A_000008/~latest.csv,2026-09-24,Nacimientos de madres residentes según maturidad del parto.,preterm_rate
ISTAC:E30304A_000008,latest_audited_2026-09-28,2021,island,gran-canaria,Perinatal — nacimientos,total,births,4892,4892,,OBSERVED,ADMIT,istac_birth_maturity_v1,https://datos.canarias.es/api/estadisticas/statistical-resources/v1.0/datasets/ISTAC/E30304A_000008/~latest.csv,2026-09-24,Nacimientos de madres residentes según maturidad del parto.,births
ISTAC:E30304A_000008,latest_audited_2026-09-28,2021,island,gran-canaria,Perinatal — nacimientos,total,births,327,327,,OBSERVED,ADMIT,istac_birth_maturity_v1,https://datos.canarias.es/api/estadisticas/statistical-resources/v1.0/datasets/ISTAC/E30304A_000008/~latest.csv,2026-09-24,Nacimientos de madres residentes según maturidad del parto.,preterm_births
ISTAC:E30304A_000008,latest_audited_2026-09-28,2021,island,gran-canaria,Perinatal — nacimientos,total,percent,6.68,327,4892,DERIVED_RATE,ADMIT,istac_birth_maturity_v1,https://datos.canarias.es/api/estadisticas/statistical-resources/v1.0/datasets/ISTAC/E30304A_000008/~latest.csv,2026-09-24,Nacimientos de madres residentes según maturidad del parto.,preterm_rate
ISTAC:E30304A_000008,latest_audited_2026-09-28,2021,island,la-gomera,Perinatal — nacimientos,total,births,115,115,,OBSERVED,ADMIT,istac_birth_maturity_v1,https://datos.canarias.es/api/estadisticas/statistical-resources/v1.0/datasets/ISTAC/E30304A_000008/~latest.csv,2026-09-24,Nacimientos de madres residentes según maturidad del parto.,births
ISTAC:E30304A_000008,latest_audited_2026-09-28,2021,island,la-gomera,Perinatal — nacimientos,total,births,6,6,,OBSERVED,ADMIT,istac_birth_maturity_v1,https://datos.canarias.es/api/estadisticas/statistical-resources/v1.0/datasets/ISTAC/E30304A_000008/~latest.csv,2026-09-24,Nacimientos de madres residentes según maturidad del parto.,preterm_births
ISTAC:E30304A_000008,latest_audited_2026-09-28,2021,island,la-gomera,Perinatal — nacimientos,total,percent,5.22,6,115,DERIVED_RATE,ADMIT,istac_birth_maturity_v1,https://datos.canarias.es/api/estadisticas/statistical-resources/v1.0/datasets/ISTAC/E30304A_000008/~latest.csv,2026-09-24,Nacimientos de madres residentes según maturidad del parto.,preterm_rate
ISTAC:E30304A_000008,latest_audited_2026-09-28,2021,island,la-palma,Perinatal — nacimientos,total,births,410,410,,OBSERVED,ADMIT,istac_birth_maturity_v1,https://datos.canarias.es/api/estadisticas/statistical-resources/v1.0/datasets/ISTAC/E30304A_000008/~latest.csv,2026-09-24,Nacimientos de madres residentes según maturidad del parto.,births
ISTAC:E30304A_000008,latest_audited_2026-09-28,2021,island,la-palma,Perinatal — nacimientos,total,births,29,29,,OBSERVED,ADMIT,istac_birth_maturity_v1,https://datos.canarias.es/api/estadisticas/statistical-resources/v1.0/datasets/ISTAC/E30304A_000008/~latest.csv,2026-09-24,Nacimientos de madres residentes según maturidad del parto.,preterm_births
ISTAC:E30304A_000008,latest_audited_2026-09-28,2021,island,la-palma,Perinatal — nacimientos,total,percent,7.07,29,410,DERIVED_RATE,ADMIT,istac_birth_maturity_v1,https://datos.canarias.es/api/estadisticas/statistical-resources/v1.0/datasets/ISTAC/E30304A_000008/~latest.csv,2026-09-24,Nacimientos de madres residentes según maturidad del parto.,preterm_rate
ISTAC:E30304A_000008,latest_audited_2026-09-28,2021,island,lanzarote,Perinatal — nacimientos,total,births,1098,1098,,OBSERVED,ADMIT,istac_birth_maturity_v1,https://datos.canarias.es/api/estadisticas/statistical-resources/v1.0/datasets/ISTAC/E30304A_000008/~latest.csv,2026-09-24,Nacimientos de madres residentes según maturidad del parto.,births
ISTAC:E30304A_000008,latest_audited_2026-09-28,2021,island,lanzarote,Perinatal — nacimientos,total,births,93,93,,OBSERVED,ADMIT,istac_birth_maturity_v1,https://datos.canarias.es/api/estadisticas/statistical-resources/v1.0/datasets/ISTAC/E30304A_000008/~latest.csv,2026-09-24,Nacimientos de madres residentes según maturidad del parto.,preterm_births
ISTAC:E30304A_000008,latest_audited_2026-09-28,2021,island,lanzarote,Perinatal — nacimientos,total,percent,8.47,93,1098,DERIVED_RATE,ADMIT,istac_birth_maturity_v1,https://datos.canarias.es/api/estadisticas/statistical-resources/v1.0/datasets/ISTAC/E30304A_000008/~latest.csv,2026-09-24,Nacimientos de madres residentes según maturidad del parto.,preterm_rate
ISTAC:E30304A_000008,latest_audited_2026-09-28,2021,island,tenerife,Perinatal — nacimientos,total,births,5263,5263,,OBSERVED,ADMIT,istac_birth_maturity_v1,https://datos.canarias.es/api/estadisticas/statistical-resources/v1.0/datasets/ISTAC/E30304A_000008/~latest.csv,2026-09-24,Nacimientos de madres residentes según maturidad del parto.,births
ISTAC:E30304A_000008,latest_audited_2026-09-28,2021,island,tenerife,Perinatal — nacimientos,total,births,391,391,,OBSERVED,ADMIT,istac_birth_maturity_v1,https://datos.canarias.es/api/estadisticas/statistical-resources/v1.0/datasets/ISTAC/E30304A_000008/~latest.csv,2026-09-24,Nacimientos de madres residentes según maturidad del parto.,preterm_births
ISTAC:E30304A_000008,latest_audited_2026-09-28,2021,island,tenerife,Perinatal — nacimientos,total,percent,7.43,391,5263,DERIVED_RATE,ADMIT,istac_birth_maturity_v1,https://datos.canarias.es/api/estadisticas/statistical-resources/v1.0/datasets/ISTAC/E30304A_000008/~latest.csv,2026-09-24,Nacimientos de madres residentes según maturidad del parto.,preterm_rate
ISTAC:E30304A_000008,latest_audited_2026-09-28,2022,autonomous_community,canarias,Perinatal — nacimientos,total,births,12219,12219,,OBSERVED,ADMIT,istac_birth_maturity_v1,https://datos.canarias.es/api/estadisticas/statistical-resources/v1.0/datasets/ISTAC/E30304A_000008/~latest.csv,2026-09-24,Nacimientos de madres residentes según maturidad del parto.,births
ISTAC:E30304A_000008,latest_audited_2026-09-28,2022,autonomous_community,canarias,Perinatal — nacimientos,total,births,889,889,,OBSERVED,ADMIT,istac_birth_maturity_v1,https://datos.canarias.es/api/estadisticas/statistical-resources/v1.0/datasets/ISTAC/E30304A_000008/~latest.csv,2026-09-24,Nacimientos de madres residentes según maturidad del parto.,preterm_births
ISTAC:E30304A_000008,latest_audited_2026-09-28,2022,autonomous_community,canarias,Perinatal — nacimientos,total,percent,7.28,889,12219,DERIVED_RATE,ADMIT,istac_birth_maturity_v1,https://datos.canarias.es/api/estadisticas/statistical-resources/v1.0/datasets/ISTAC/E30304A_000008/~latest.csv,2026-09-24,Nacimientos de madres residentes según maturidad del parto.,preterm_rate
ISTAC:E30304A_000008,latest_audited_2026-09-28,2022,island,el-hierro,Perinatal — nacimientos,total,births,73,73,,OBSERVED,ADMIT,istac_birth_maturity_v1,https://datos.canarias.es/api/estadisticas/statistical-resources/v1.0/datasets/ISTAC/E30304A_000008/~latest.csv,2026-09-24,Nacimientos de madres residentes según maturidad del parto.,births
ISTAC:E30304A_000008,latest_audited_2026-09-28,2022,island,el-hierro,Perinatal — nacimientos,total,births,7,7,,OBSERVED,ADMIT,istac_birth_maturity_v1,https://datos.canarias.es/api/estadisticas/statistical-resources/v1.0/datasets/ISTAC/E30304A_000008/~latest.csv,2026-09-24,Nacimientos de madres residentes según maturidad del parto.,preterm_births
ISTAC:E30304A_000008,latest_audited_2026-09-28,2022,island,el-hierro,Perinatal — nacimientos,total,percent,9.59,7,73,DERIVED_RATE,ADMIT,istac_birth_maturity_v1,https://datos.canarias.es/api/estadisticas/statistical-resources/v1.0/datasets/ISTAC/E30304A_000008/~latest.csv,2026-09-24,Nacimientos de madres residentes según maturidad del parto.,preterm_rate
ISTAC:E30304A_000008,latest_audited_2026-09-28,2022,island,fuerteventura,Perinatal — nacimientos,total,births,886,886,,OBSERVED,ADMIT,istac_birth_maturity_v1,https://datos.canarias.es/api/estadisticas/statistical-resources/v1.0/datasets/ISTAC/E30304A_000008/~latest.csv,2026-09-24,Nacimientos de madres residentes según maturidad del parto.,births
ISTAC:E30304A_000008,latest_audited_2026-09-28,2022,island,fuerteventura,Perinatal — nacimientos,total,births,64,64,,OBSERVED,ADMIT,istac_birth_maturity_v1,https://datos.canarias.es/api/estadisticas/statistical-resources/v1.0/datasets/ISTAC/E30304A_000008/~latest.csv,2026-09-24,Nacimientos de madres residentes según maturidad del parto.,preterm_births
ISTAC:E30304A_000008,latest_audited_2026-09-28,2022,island,fuerteventura,Perinatal — nacimientos,total,percent,7.22,64,886,DERIVED_RATE,ADMIT,istac_birth_maturity_v1,https://datos.canarias.es/api/estadisticas/statistical-resources/v1.0/datasets/ISTAC/E30304A_000008/~latest.csv,2026-09-24,Nacimientos de madres residentes según maturidad del parto.,preterm_rate
ISTAC:E30304A_000008,latest_audited_2026-09-28,2022,island,gran-canaria,Perinatal — nacimientos,total,births,4695,4695,,OBSERVED,ADMIT,istac_birth_maturity_v1,https://datos.canarias.es/api/estadisticas/statistical-resources/v1.0/datasets/ISTAC/E30304A_000008/~latest.csv,2026-09-24,Nacimientos de madres residentes según maturidad del parto.,births
ISTAC:E30304A_000008,latest_audited_2026-09-28,2022,island,gran-canaria,Perinatal — nacimientos,total,births,320,320,,OBSERVED,ADMIT,istac_birth_maturity_v1,https://datos.canarias.es/api/estadisticas/statistical-resources/v1.0/datasets/ISTAC/E30304A_000008/~latest.csv,2026-09-24,Nacimientos de madres residentes según maturidad del parto.,preterm_births
ISTAC:E30304A_000008,latest_audited_2026-09-28,2022,island,gran-canaria,Perinatal — nacimientos,total,percent,6.82,320,4695,DERIVED_RATE,ADMIT,istac_birth_maturity_v1,https://datos.canarias.es/api/estadisticas/statistical-resources/v1.0/datasets/ISTAC/E30304A_000008/~latest.csv,2026-09-24,Nacimientos de madres residentes según maturidad del parto.,preterm_rate
ISTAC:E30304A_000008,latest_audited_2026-09-28,2022,island,la-gomera,Perinatal — nacimientos,total,births,107,107,,OBSERVED,ADMIT,istac_birth_maturity_v1,https://datos.canarias.es/api/estadisticas/statistical-resources/v1.0/datasets/ISTAC/E30304A_000008/~latest.csv,2026-09-24,Nacimientos de madres residentes según maturidad del parto.,births
ISTAC:E30304A_000008,latest_audited_2026-09-28,2022,island,la-gomera,Perinatal — nacimientos,total,births,2,2,,OBSERVED,ADMIT,istac_birth_maturity_v1,https://datos.canarias.es/api/estadisticas/statistical-resources/v1.0/datasets/ISTAC/E30304A_000008/~latest.csv,2026-09-24,Nacimientos de madres residentes según maturidad del parto.,preterm_births
ISTAC:E30304A_000008,latest_audited_2026-09-28,2022,island,la-gomera,Perinatal — nacimientos,total,percent,1.87,2,107,DERIVED_RATE,ADMIT,istac_birth_maturity_v1,https://datos.canarias.es/api/estadisticas/statistical-resources/v1.0/datasets/ISTAC/E30304A_000008/~latest.csv,2026-09-24,Nacimientos de madres residentes según maturidad del parto.,preterm_rate
ISTAC:E30304A_000008,latest_audited_2026-09-28,2022,island,la-palma,Perinatal — nacimientos,total,births,414,414,,OBSERVED,ADMIT,istac_birth_maturity_v1,https://datos.canarias.es/api/estadisticas/statistical-resources/v1.0/datasets/ISTAC/E30304A_000008/~latest.csv,2026-09-24,Nacimientos de madres residentes según maturidad del parto.,births
ISTAC:E30304A_000008,latest_audited_2026-09-28,2022,island,la-palma,Perinatal — nacimientos,total,births,26,26,,OBSERVED,ADMIT,istac_birth_maturity_v1,https://datos.canarias.es/api/estadisticas/statistical-resources/v1.0/datasets/ISTAC/E30304A_000008/~latest.csv,2026-09-24,Nacimientos de madres residentes según maturidad del parto.,preterm_births
ISTAC:E30304A_000008,latest_audited_2026-09-28,2022,island,la-palma,Perinatal — nacimientos,total,percent,6.28,26,414,DERIVED_RATE,ADMIT,istac_birth_maturity_v1,https://datos.canarias.es/api/estadisticas/statistical-resources/v1.0/datasets/ISTAC/E30304A_000008/~latest.csv,2026-09-24,Nacimientos de madres residentes según maturidad del parto.,preterm_rate
ISTAC:E30304A_000008,latest_audited_2026-09-28,2022,island,lanzarote,Perinatal — nacimientos,total,births,1071,1071,,OBSERVED,ADMIT,istac_birth_maturity_v1,https://datos.canarias.es/api/estadisticas/statistical-resources/v1.0/datasets/ISTAC/E30304A_000008/~latest.csv,2026-09-24,Nacimientos de madres residentes según maturidad del parto.,births
ISTAC:E30304A_000008,latest_audited_2026-09-28,2022,island,lanzarote,Perinatal — nacimientos,total,births,96,96,,OBSERVED,ADMIT,istac_birth_maturity_v1,https://datos.canarias.es/api/estadisticas/statistical-resources/v1.0/datasets/ISTAC/E30304A_000008/~latest.csv,2026-09-24,Nacimientos de madres residentes según maturidad del parto.,preterm_births
ISTAC:E30304A_000008,latest_audited_2026-09-28,2022,island,lanzarote,Perinatal — nacimientos,total,percent,8.96,96,1071,DERIVED_RATE,ADMIT,istac_birth_maturity_v1,https://datos.canarias.es/api/estadisticas/statistical-resources/v1.0/datasets/ISTAC/E30304A_000008/~latest.csv,2026-09-24,Nacimientos de madres residentes según maturidad del parto.,preterm_rate
ISTAC:E30304A_000008,latest_audited_2026-09-28,2022,island,tenerife,Perinatal — nacimientos,total,births,4973,4973,,OBSERVED,ADMIT,istac_birth_maturity_v1,https://datos.canarias.es/api/estadisticas/statistical-resources/v1.0/datasets/ISTAC/E30304A_000008/~latest.csv,2026-09-24,Nacimientos de madres residentes según maturidad del parto.,births
ISTAC:E30304A_000008,latest_audited_2026-09-28,2022,island,tenerife,Perinatal — nacimientos,total,births,374,374,,OBSERVED,ADMIT,istac_birth_maturity_v1,https://datos.canarias.es/api/estadisticas/statistical-resources/v1.0/datasets/ISTAC/E30304A_000008/~latest.csv,2026-09-24,Nacimientos de madres residentes según maturidad del parto.,preterm_births
ISTAC:E30304A_000008,latest_audited_2026-09-28,2022,island,tenerife,Perinatal — nacimientos,total,percent,7.52,374,4973,DERIVED_RATE,ADMIT,istac_birth_maturity_v1,https://datos.canarias.es/api/estadisticas/statistical-resources/v1.0/datasets/ISTAC/E30304A_000008/~latest.csv,2026-09-24,Nacimientos de madres residentes según maturidad del parto.,preterm_rate
ISTAC:E30304A_000008,latest_audited_2026-09-28,2023,autonomous_community,canarias,Perinatal — nacimientos,total,births,11998,11998,,OBSERVED,ADMIT,istac_birth_maturity_v1,https://datos.canarias.es/api/estadisticas/statistical-resources/v1.0/datasets/ISTAC/E30304A_000008/~latest.csv,2026-09-24,Nacimientos de madres residentes según maturidad del parto.,births
ISTAC:E30304A_000008,latest_audited_2026-09-28,2023,autonomous_community,canarias,Perinatal — nacimientos,total,births,904,904,,OBSERVED,ADMIT,istac_birth_maturity_v1,https://datos.canarias.es/api/estadisticas/statistical-resources/v1.0/datasets/ISTAC/E30304A_000008/~latest.csv,2026-09-24,Nacimientos de madres residentes según maturidad del parto.,preterm_births
ISTAC:E30304A_000008,latest_audited_2026-09-28,2023,autonomous_community,canarias,Perinatal — nacimientos,total,percent,7.53,904,11998,DERIVED_RATE,ADMIT,istac_birth_maturity_v1,https://datos.canarias.es/api/estadisticas/statistical-resources/v1.0/datasets/ISTAC/E30304A_000008/~latest.csv,2026-09-24,Nacimientos de madres residentes según maturidad del parto.,preterm_rate
ISTAC:E30304A_000008,latest_audited_2026-09-28,2023,island,el-hierro,Perinatal — nacimientos,total,births,53,53,,OBSERVED,ADMIT,istac_birth_maturity_v1,https://datos.canarias.es/api/estadisticas/statistical-resources/v1.0/datasets/ISTAC/E30304A_000008/~latest.csv,2026-09-24,Nacimientos de madres residentes según maturidad del parto.,births
ISTAC:E30304A_000008,latest_audited_2026-09-28,2023,island,el-hierro,Perinatal — nacimientos,total,births,5,5,,OBSERVED,ADMIT,istac_birth_maturity_v1,https://datos.canarias.es/api/estadisticas/statistical-resources/v1.0/datasets/ISTAC/E30304A_000008/~latest.csv,2026-09-24,Nacimientos de madres residentes según maturidad del parto.,preterm_births
ISTAC:E30304A_000008,latest_audited_2026-09-28,2023,island,el-hierro,Perinatal — nacimientos,total,percent,9.43,5,53,DERIVED_RATE,ADMIT,istac_birth_maturity_v1,https://datos.canarias.es/api/estadisticas/statistical-resources/v1.0/datasets/ISTAC/E30304A_000008/~latest.csv,2026-09-24,Nacimientos de madres residentes según maturidad del parto.,preterm_rate
ISTAC:E30304A_000008,latest_audited_2026-09-28,2023,island,fuerteventura,Perinatal — nacimientos,total,births,861,861,,OBSERVED,ADMIT,istac_birth_maturity_v1,https://datos.canarias.es/api/estadisticas/statistical-resources/v1.0/datasets/ISTAC/E30304A_000008/~latest.csv,2026-09-24,Nacimientos de madres residentes según maturidad del parto.,births
ISTAC:E30304A_000008,latest_audited_2026-09-28,2023,island,fuerteventura,Perinatal — nacimientos,total,births,56,56,,OBSERVED,ADMIT,istac_birth_maturity_v1,https://datos.canarias.es/api/estadisticas/statistical-resources/v1.0/datasets/ISTAC/E30304A_000008/~latest.csv,2026-09-24,Nacimientos de madres residentes según maturidad del parto.,preterm_births
ISTAC:E30304A_000008,latest_audited_2026-09-28,2023,island,fuerteventura,Perinatal — nacimientos,total,percent,6.50,56,861,DERIVED_RATE,ADMIT,istac_birth_maturity_v1,https://datos.canarias.es/api/estadisticas/statistical-resources/v1.0/datasets/ISTAC/E30304A_000008/~latest.csv,2026-09-24,Nacimientos de madres residentes según maturidad del parto.,preterm_rate
ISTAC:E30304A_000008,latest_audited_2026-09-28,2023,island,gran-canaria,Perinatal — nacimientos,total,births,4553,4553,,OBSERVED,ADMIT,istac_birth_maturity_v1,https://datos.canarias.es/api/estadisticas/statistical-resources/v1.0/datasets/ISTAC/E30304A_000008/~latest.csv,2026-09-24,Nacimientos de madres residentes según maturidad del parto.,births
ISTAC:E30304A_000008,latest_audited_2026-09-28,2023,island,gran-canaria,Perinatal — nacimientos,total,births,342,342,,OBSERVED,ADMIT,istac_birth_maturity_v1,https://datos.canarias.es/api/estadisticas/statistical-resources/v1.0/datasets/ISTAC/E30304A_000008/~latest.csv,2026-09-24,Nacimientos de madres residentes según maturidad del parto.,preterm_births
ISTAC:E30304A_000008,latest_audited_2026-09-28,2023,island,gran-canaria,Perinatal — nacimientos,total,percent,7.51,342,4553,DERIVED_RATE,ADMIT,istac_birth_maturity_v1,https://datos.canarias.es/api/estadisticas/statistical-resources/v1.0/datasets/ISTAC/E30304A_000008/~latest.csv,2026-09-24,Nacimientos de madres residentes según maturidad del parto.,preterm_rate
ISTAC:E30304A_000008,latest_audited_2026-09-28,2023,island,la-gomera,Perinatal — nacimientos,total,births,99,99,,OBSERVED,ADMIT,istac_birth_maturity_v1,https://datos.canarias.es/api/estadisticas/statistical-resources/v1.0/datasets/ISTAC/E30304A_000008/~latest.csv,2026-09-24,Nacimientos de madres residentes según maturidad del parto.,births
ISTAC:E30304A_000008,latest_audited_2026-09-28,2023,island,la-gomera,Perinatal — nacimientos,total,births,10,10,,OBSERVED,ADMIT,istac_birth_maturity_v1,https://datos.canarias.es/api/estadisticas/statistical-resources/v1.0/datasets/ISTAC/E30304A_000008/~latest.csv,2026-09-24,Nacimientos de madres residentes según maturidad del parto.,preterm_births
ISTAC:E30304A_000008,latest_audited_2026-09-28,2023,island,la-gomera,Perinatal — nacimientos,total,percent,10.10,10,99,DERIVED_RATE,ADMIT,istac_birth_maturity_v1,https://datos.canarias.es/api/estadisticas/statistical-resources/v1.0/datasets/ISTAC/E30304A_000008/~latest.csv,2026-09-24,Nacimientos de madres residentes según maturidad del parto.,preterm_rate
ISTAC:E30304A_000008,latest_audited_2026-09-28,2023,island,la-palma,Perinatal — nacimientos,total,births,415,415,,OBSERVED,ADMIT,istac_birth_maturity_v1,https://datos.canarias.es/api/estadisticas/statistical-resources/v1.0/datasets/ISTAC/E30304A_000008/~latest.csv,2026-09-24,Nacimientos de madres residentes según maturidad del parto.,births
ISTAC:E30304A_000008,latest_audited_2026-09-28,2023,island,la-palma,Perinatal — nacimientos,total,births,39,39,,OBSERVED,ADMIT,istac_birth_maturity_v1,https://datos.canarias.es/api/estadisticas/statistical-resources/v1.0/datasets/ISTAC/E30304A_000008/~latest.csv,2026-09-24,Nacimientos de madres residentes según maturidad del parto.,preterm_births
ISTAC:E30304A_000008,latest_audited_2026-09-28,2023,island,la-palma,Perinatal — nacimientos,total,percent,9.40,39,415,DERIVED_RATE,ADMIT,istac_birth_maturity_v1,https://datos.canarias.es/api/estadisticas/statistical-resources/v1.0/datasets/ISTAC/E30304A_000008/~latest.csv,2026-09-24,Nacimientos de madres residentes según maturidad del parto.,preterm_rate
ISTAC:E30304A_000008,latest_audited_2026-09-28,2023,island,lanzarote,Perinatal — nacimientos,total,births,1127,1127,,OBSERVED,ADMIT,istac_birth_maturity_v1,https://datos.canarias.es/api/estadisticas/statistical-resources/v1.0/datasets/ISTAC/E30304A_000008/~latest.csv,2026-09-24,Nacimientos de madres residentes según maturidad del parto.,births
ISTAC:E30304A_000008,latest_audited_2026-09-28,2023,island,lanzarote,Perinatal — nacimientos,total,births,72,72,,OBSERVED,ADMIT,istac_birth_maturity_v1,https://datos.canarias.es/api/estadisticas/statistical-resources/v1.0/datasets/ISTAC/E30304A_000008/~latest.csv,2026-09-24,Nacimientos de madres residentes según maturidad del parto.,preterm_births
ISTAC:E30304A_000008,latest_audited_2026-09-28,2023,island,lanzarote,Perinatal — nacimientos,total,percent,6.39,72,1127,DERIVED_RATE,ADMIT,istac_birth_maturity_v1,https://datos.canarias.es/api/estadisticas/statistical-resources/v1.0/datasets/ISTAC/E30304A_000008/~latest.csv,2026-09-24,Nacimientos de madres residentes según maturidad del parto.,preterm_rate
ISTAC:E30304A_000008,latest_audited_2026-09-28,2023,island,tenerife,Perinatal — nacimientos,total,births,4890,4890,,OBSERVED,ADMIT,istac_birth_maturity_v1,https://datos.canarias.es/api/estadisticas/statistical-resources/v1.0/datasets/ISTAC/E30304A_000008/~latest.csv,2026-09-24,Nacimientos de madres residentes según maturidad del parto.,births
ISTAC:E30304A_000008,latest_audited_2026-09-28,2023,island,tenerife,Perinatal — nacimientos,total,births,380,380,,OBSERVED,ADMIT,istac_birth_maturity_v1,https://datos.canarias.es/api/estadisticas/statistical-resources/v1.0/datasets/ISTAC/E30304A_000008/~latest.csv,2026-09-24,Nacimientos de madres residentes según maturidad del parto.,preterm_births
ISTAC:E30304A_000008,latest_audited_2026-09-28,2023,island,tenerife,Perinatal — nacimientos,total,percent,7.77,380,4890,DERIVED_RATE,ADMIT,istac_birth_maturity_v1,https://datos.canarias.es/api/estadisticas/statistical-resources/v1.0/datasets/ISTAC/E30304A_000008/~latest.csv,2026-09-24,Nacimientos de madres residentes según maturidad del parto.,preterm_rate
ISTAC:E30304A_000008,latest_audited_2026-09-28,2024,autonomous_community,canarias,Perinatal — nacimientos,total,births,11699,11699,,OBSERVED,ADMIT,istac_birth_maturity_v1,https://datos.canarias.es/api/estadisticas/statistical-resources/v1.0/datasets/ISTAC/E30304A_000008/~latest.csv,2026-09-24,Nacimientos de madres residentes según maturidad del parto.,births
ISTAC:E30304A_000008,latest_audited_2026-09-28,2024,autonomous_community,canarias,Perinatal — nacimientos,total,births,853,853,,OBSERVED,ADMIT,istac_birth_maturity_v1,https://datos.canarias.es/api/estadisticas/statistical-resources/v1.0/datasets/ISTAC/E30304A_000008/~latest.csv,2026-09-24,Nacimientos de madres residentes según maturidad del parto.,preterm_births
ISTAC:E30304A_000008,latest_audited_2026-09-28,2024,autonomous_community,canarias,Perinatal — nacimientos,total,percent,7.29,853,11699,DERIVED_RATE,ADMIT,istac_birth_maturity_v1,https://datos.canarias.es/api/estadisticas/statistical-resources/v1.0/datasets/ISTAC/E30304A_000008/~latest.csv,2026-09-24,Nacimientos de madres residentes según maturidad del parto.,preterm_rate
ISTAC:E30304A_000008,latest_audited_2026-09-28,2024,island,el-hierro,Perinatal — nacimientos,total,births,60,60,,OBSERVED,ADMIT,istac_birth_maturity_v1,https://datos.canarias.es/api/estadisticas/statistical-resources/v1.0/datasets/ISTAC/E30304A_000008/~latest.csv,2026-09-24,Nacimientos de madres residentes según maturidad del parto.,births
ISTAC:E30304A_000008,latest_audited_2026-09-28,2024,island,el-hierro,Perinatal — nacimientos,total,births,3,3,,OBSERVED,ADMIT,istac_birth_maturity_v1,https://datos.canarias.es/api/estadisticas/statistical-resources/v1.0/datasets/ISTAC/E30304A_000008/~latest.csv,2026-09-24,Nacimientos de madres residentes según maturidad del parto.,preterm_births
ISTAC:E30304A_000008,latest_audited_2026-09-28,2024,island,el-hierro,Perinatal — nacimientos,total,percent,5.00,3,60,DERIVED_RATE,ADMIT,istac_birth_maturity_v1,https://datos.canarias.es/api/estadisticas/statistical-resources/v1.0/datasets/ISTAC/E30304A_000008/~latest.csv,2026-09-24,Nacimientos de madres residentes según maturidad del parto.,preterm_rate
ISTAC:E30304A_000008,latest_audited_2026-09-28,2024,island,fuerteventura,Perinatal — nacimientos,total,births,866,866,,OBSERVED,ADMIT,istac_birth_maturity_v1,https://datos.canarias.es/api/estadisticas/statistical-resources/v1.0/datasets/ISTAC/E30304A_000008/~latest.csv,2026-09-24,Nacimientos de madres residentes según maturidad del parto.,births
ISTAC:E30304A_000008,latest_audited_2026-09-28,2024,island,fuerteventura,Perinatal — nacimientos,total,births,60,60,,OBSERVED,ADMIT,istac_birth_maturity_v1,https://datos.canarias.es/api/estadisticas/statistical-resources/v1.0/datasets/ISTAC/E30304A_000008/~latest.csv,2026-09-24,Nacimientos de madres residentes según maturidad del parto.,preterm_births
ISTAC:E30304A_000008,latest_audited_2026-09-28,2024,island,fuerteventura,Perinatal — nacimientos,total,percent,6.93,60,866,DERIVED_RATE,ADMIT,istac_birth_maturity_v1,https://datos.canarias.es/api/estadisticas/statistical-resources/v1.0/datasets/ISTAC/E30304A_000008/~latest.csv,2026-09-24,Nacimientos de madres residentes según maturidad del parto.,preterm_rate
ISTAC:E30304A_000008,latest_audited_2026-09-28,2024,island,gran-canaria,Perinatal — nacimientos,total,births,4390,4390,,OBSERVED,ADMIT,istac_birth_maturity_v1,https://datos.canarias.es/api/estadisticas/statistical-resources/v1.0/datasets/ISTAC/E30304A_000008/~latest.csv,2026-09-24,Nacimientos de madres residentes según maturidad del parto.,births
ISTAC:E30304A_000008,latest_audited_2026-09-28,2024,island,gran-canaria,Perinatal — nacimientos,total,births,303,303,,OBSERVED,ADMIT,istac_birth_maturity_v1,https://datos.canarias.es/api/estadisticas/statistical-resources/v1.0/datasets/ISTAC/E30304A_000008/~latest.csv,2026-09-24,Nacimientos de madres residentes según maturidad del parto.,preterm_births
ISTAC:E30304A_000008,latest_audited_2026-09-28,2024,island,gran-canaria,Perinatal — nacimientos,total,percent,6.90,303,4390,DERIVED_RATE,ADMIT,istac_birth_maturity_v1,https://datos.canarias.es/api/estadisticas/statistical-resources/v1.0/datasets/ISTAC/E30304A_000008/~latest.csv,2026-09-24,Nacimientos de madres residentes según maturidad del parto.,preterm_rate
ISTAC:E30304A_000008,latest_audited_2026-09-28,2024,island,la-gomera,Perinatal — nacimientos,total,births,96,96,,OBSERVED,ADMIT,istac_birth_maturity_v1,https://datos.canarias.es/api/estadisticas/statistical-resources/v1.0/datasets/ISTAC/E30304A_000008/~latest.csv,2026-09-24,Nacimientos de madres residentes según maturidad del parto.,births
ISTAC:E30304A_000008,latest_audited_2026-09-28,2024,island,la-gomera,Perinatal — nacimientos,total,births,6,6,,OBSERVED,ADMIT,istac_birth_maturity_v1,https://datos.canarias.es/api/estadisticas/statistical-resources/v1.0/datasets/ISTAC/E30304A_000008/~latest.csv,2026-09-24,Nacimientos de madres residentes según maturidad del parto.,preterm_births
ISTAC:E30304A_000008,latest_audited_2026-09-28,2024,island,la-gomera,Perinatal — nacimientos,total,percent,6.25,6,96,DERIVED_RATE,ADMIT,istac_birth_maturity_v1,https://datos.canarias.es/api/estadisticas/statistical-resources/v1.0/datasets/ISTAC/E30304A_000008/~latest.csv,2026-09-24,Nacimientos de madres residentes según maturidad del parto.,preterm_rate
ISTAC:E30304A_000008,latest_audited_2026-09-28,2024,island,la-palma,Perinatal — nacimientos,total,births,375,375,,OBSERVED,ADMIT,istac_birth_maturity_v1,https://datos.canarias.es/api/estadisticas/statistical-resources/v1.0/datasets/ISTAC/E30304A_000008/~latest.csv,2026-09-24,Nacimientos de madres residentes según maturidad del parto.,births
ISTAC:E30304A_000008,latest_audited_2026-09-28,2024,island,la-palma,Perinatal — nacimientos,total,births,38,38,,OBSERVED,ADMIT,istac_birth_maturity_v1,https://datos.canarias.es/api/estadisticas/statistical-resources/v1.0/datasets/ISTAC/E30304A_000008/~latest.csv,2026-09-24,Nacimientos de madres residentes según maturidad del parto.,preterm_births
ISTAC:E30304A_000008,latest_audited_2026-09-28,2024,island,la-palma,Perinatal — nacimientos,total,percent,10.13,38,375,DERIVED_RATE,ADMIT,istac_birth_maturity_v1,https://datos.canarias.es/api/estadisticas/statistical-resources/v1.0/datasets/ISTAC/E30304A_000008/~latest.csv,2026-09-24,Nacimientos de madres residentes según maturidad del parto.,preterm_rate
ISTAC:E30304A_000008,latest_audited_2026-09-28,2024,island,lanzarote,Perinatal — nacimientos,total,births,1099,1099,,OBSERVED,ADMIT,istac_birth_maturity_v1,https://datos.canarias.es/api/estadisticas/statistical-resources/v1.0/datasets/ISTAC/E30304A_000008/~latest.csv,2026-09-24,Nacimientos de madres residentes según maturidad del parto.,births
ISTAC:E30304A_000008,latest_audited_2026-09-28,2024,island,lanzarote,Perinatal — nacimientos,total,births,66,66,,OBSERVED,ADMIT,istac_birth_maturity_v1,https://datos.canarias.es/api/estadisticas/statistical-resources/v1.0/datasets/ISTAC/E30304A_000008/~latest.csv,2026-09-24,Nacimientos de madres residentes según maturidad del parto.,preterm_births
ISTAC:E30304A_000008,latest_audited_2026-09-28,2024,island,lanzarote,Perinatal — nacimientos,total,percent,6.01,66,1099,DERIVED_RATE,ADMIT,istac_birth_maturity_v1,https://datos.canarias.es/api/estadisticas/statistical-resources/v1.0/datasets/ISTAC/E30304A_000008/~latest.csv,2026-09-24,Nacimientos de madres residentes según maturidad del parto.,preterm_rate
ISTAC:E30304A_000008,latest_audited_2026-09-28,2024,island,tenerife,Perinatal — nacimientos,total,births,4813,4813,,OBSERVED,ADMIT,istac_birth_maturity_v1,https://datos.canarias.es/api/estadisticas/statistical-resources/v1.0/datasets/ISTAC/E30304A_000008/~latest.csv,2026-09-24,Nacimientos de madres residentes según maturidad del parto.,births
ISTAC:E30304A_000008,latest_audited_2026-09-28,2024,island,tenerife,Perinatal — nacimientos,total,births,377,377,,OBSERVED,ADMIT,istac_birth_maturity_v1,https://datos.canarias.es/api/estadisticas/statistical-resources/v1.0/datasets/ISTAC/E30304A_000008/~latest.csv,2026-09-24,Nacimientos de madres residentes según maturidad del parto.,preterm_births
ISTAC:E30304A_000008,latest_audited_2026-09-28,2024,island,tenerife,Perinatal — nacimientos,total,percent,7.83,377,4813,DERIVED_RATE,ADMIT,istac_birth_maturity_v1,https://datos.canarias.es/api/estadisticas/statistical-resources/v1.0/datasets/ISTAC/E30304A_000008/~latest.csv,2026-09-24,Nacimientos de madres residentes según maturidad del parto.,preterm_rate
