{
  "type": "FeatureCollection",
  "features": [
    {
      "type": "Feature",
      "geometry": {
        "type": "Polygon",
        "coordinates": [
          [
            [
              -17.963267481077807,
              27.69122448093074
            ],
            [
              -17.964695811493,
              27.689381900149712
            ],
            [
              -17.964787771425183,
              27.687638339683456
            ],
            [
              -17.965595369483037,
              27.68742882175631
            ],
            [
              -17.965658047326247,
              27.686133347008568
            ],
            [
              -17.966419671606296,
              27.686067509892904
            ],
            [
              -17.967114734504147,
              27.68461974011035
            ],
            [
              -17.96646004425076,
              27.683204276010265
            ],
            [
              -17.967259324457086,
              27.682596074438127
            ],
            [
              -17.966626505856407,
              27.6821454923346
            ],
            [
              -17.96732755034781,
              27.680097414083296
            ],
            [
              -17.966548610463708,
              27.679473020092
            ],
            [
              -17.969533439855514,
              27.67682247405732
            ],
            [
              -17.969602239749012,
              27.675549158083257
            ],
            [
              -17.972388835463192,
              27.671773753285557
            ],
            [
              -17.970705711896603,
              27.663089367388043
            ],
            [
              -17.971191654584086,
              27.660379678295
            ],
            [
              -17.970383710738034,
              27.65799447460004
            ],
            [
              -17.97142075355853,
              27.65073163369134
            ],
            [
              -17.97035933200135,
              27.648275670810474
            ],
            [
              -17.97431059681816,
              27.64511976283728
            ],
            [
              -17.975345715309473,
              27.641563849985083
            ],
            [
              -17.97770230527385,
              27.640218172494617
            ],
            [
              -17.977813671812484,
              27.63933058807399
            ],
            [
              -17.981963172088914,
              27.638502005196575
            ],
            [
              -17.981775227759464,
              27.638870515656375
            ],
            [
              -17.979519056490453,
              27.639461766668134
            ],
            [
              -17.979857613553648,
              27.640125486827145
            ],
            [
              -17.980520167747212,
              27.640877189039966
            ],
            [
              -17.980845731052217,
              27.64074038539649
            ],
            [
              -17.98216482647675,
              27.640045203447574
            ],
            [
              -17.98456230553346,
              27.639123556815264
            ],
            [
              -17.984968496004214,
              27.638833106924743
            ],
            [
              -17.98684628002984,
              27.63773246079305
            ],
            [
              -17.991058502931548,
              27.638658241848006
            ],
            [
              -17.99572129888455,
              27.640865750080987
            ],
            [
              -17.996396263128027,
              27.641946726256492
            ],
            [
              -17.996044428258426,
              27.644663239104805
            ],
            [
              -17.996631621647037,
              27.645333594431225
            ],
            [
              -17.997262521482984,
              27.64482209470853
            ],
            [
              -17.996951210993085,
              27.645333536824666
            ],
            [
              -17.998378779198713,
              27.646580425564018
            ],
            [
              -18.009463287896615,
              27.649626732008485
            ],
            [
              -18.010554745811145,
              27.651915268889148
            ],
            [
              -18.013460653278138,
              27.65448860114712
            ],
            [
              -18.014344338650858,
              27.6543209920379
            ],
            [
              -18.01461697627355,
              27.65598635713718
            ],
            [
              -18.019363795452872,
              27.660440486913046
            ],
            [
              -18.019764859432737,
              27.66314431445561
            ],
            [
              -18.02037391227457,
              27.663176945890402
            ],
            [
              -18.019520000750724,
              27.6634088507279
            ],
            [
              -18.019468573435688,
              27.66568096993664
            ],
            [
              -18.020465844744734,
              27.665958016058354
            ],
            [
              -18.02053623593491,
              27.667292532474484
            ],
            [
              -18.022262961893883,
              27.667518929309026
            ],
            [
              -18.021602215921195,
              27.668006757585353
            ],
            [
              -18.022897033983746,
              27.669171595943233
            ],
            [
              -18.02418531159295,
              27.669207183740376
            ],
            [
              -18.025002984200537,
              27.670908020347504
            ],
            [
              -18.02665749900445,
              27.67017142608659
            ],
            [
              -18.027389981153352,
              27.671460688945338
            ],
            [
              -18.02844586743429,
              27.671510202004363
            ],
            [
              -18.02820746066252,
              27.672148602547956
            ],
            [
              -18.027955964721933,
              27.67249266116114
            ],
            [
              -18.02872372219051,
              27.673864979873404
            ],
            [
              -18.02792549736173,
              27.676005715405363
            ],
            [
              -18.028712300897215,
              27.67624860046751
            ],
            [
              -18.02771197766027,
              27.676977573512207
            ],
            [
              -18.02893602356035,
              27.67885764831252
            ],
            [
              -18.03151536487073,
              27.679380857682034
            ],
            [
              -18.033097032141875,
              27.682214125449807
            ],
            [
              -18.037777180465124,
              27.686287396509243
            ],
            [
              -18.04785404383457,
              27.690529074489206
            ],
            [
              -18.049616805975422,
              27.692103994973625
            ],
            [
              -18.050409940564336,
              27.69194916865253
            ],
            [
              -18.050338708347375,
              27.69270852343454
            ],
            [
              -18.05379834166352,
              27.692917312897936
            ],
            [
              -18.059347949039964,
              27.694894985033468
            ],
            [
              -18.062579583934472,
              27.694363953314276
            ],
            [
              -18.071851187675072,
              27.697048443232088
            ],
            [
              -18.08516904805369,
              27.6972309254399
            ],
            [
              -18.09929578568137,
              27.70123472345067
            ],
            [
              -18.10538288491676,
              27.701403431666595
            ],
            [
              -18.10589176568896,
              27.700650626849015
            ],
            [
              -18.107347279039562,
              27.70064738337291
            ],
            [
              -18.111071815965754,
              27.702348163274685
            ],
            [
              -18.124771194001866,
              27.705210959496608
            ],
            [
              -18.133093353361122,
              27.704748161534706
            ],
            [
              -18.13779530447883,
              27.70315822443177
            ],
            [
              -18.140605852844804,
              27.70390595817783
            ],
            [
              -18.145984549843778,
              27.703810623976853
            ],
            [
              -18.148148895706875,
              27.70479373792365
            ],
            [
              -18.149873626795618,
              27.707689626508454
            ],
            [
              -18.154261495887685,
              27.709078034945083
            ],
            [
              -18.155688991697264,
              27.710855171227212
            ],
            [
              -18.15674445278971,
              27.71064046818885
            ],
            [
              -18.156171296420453,
              27.711347861222954
            ],
            [
              -18.157503706509754,
              27.711262887055643
            ],
            [
              -18.157041180537735,
              27.711770196811507
            ],
            [
              -18.156960439155746,
              27.711858755926592
            ],
            [
              -18.158768779981273,
              27.71460887964859
            ],
            [
              -18.159870513970866,
              27.715248146873964
            ],
            [
              -18.159867381404307,
              27.71589556262949
            ],
            [
              -18.16082821799879,
              27.716972579490147
            ],
            [
              -18.15951251903047,
              27.722710159558776
            ],
            [
              -18.160183087335167,
              27.723796127744436
            ],
            [
              -18.159582485092063,
              27.725065792471913
            ],
            [
              -18.160337590963575,
              27.725603081416
            ],
            [
              -18.159317716400306,
              27.725334788898678
            ],
            [
              -18.158844370058844,
              27.726072999492807
            ],
            [
              -18.158218695088685,
              27.72618882986584
            ],
            [
              -18.15929926814279,
              27.72737229239107
            ],
            [
              -18.158008049508002,
              27.727624772799093
            ],
            [
              -18.158488922841737,
              27.728076260876
            ],
            [
              -18.159107275824113,
              27.72938243560094
            ],
            [
              -18.15785094758694,
              27.728580250966004
            ],
            [
              -18.15715319374428,
              27.72864783514795
            ],
            [
              -18.156773895226962,
              27.730132141458707
            ],
            [
              -18.155525636628408,
              27.72926577317287
            ],
            [
              -18.154506970128242,
              27.729893612550406
            ],
            [
              -18.153535544400167,
              27.729497444450352
            ],
            [
              -18.15173879366761,
              27.732401538449366
            ],
            [
              -18.152427664234576,
              27.736220736739796
            ],
            [
              -18.151331456193255,
              27.743712149308475
            ],
            [
              -18.15221895604892,
              27.74514837833376
            ],
            [
              -18.151609356290702,
              27.747640015134213
            ],
            [
              -18.15541071022041,
              27.75027506654493
            ],
            [
              -18.15484137610444,
              27.750642185272664
            ],
            [
              -18.155097352410714,
              27.75256360554539
            ],
            [
              -18.154177822544185,
              27.75354268617392
            ],
            [
              -18.155087918599953,
              27.753547342100877
            ],
            [
              -18.154298305456106,
              27.7538953165888
            ],
            [
              -18.15396059477577,
              27.75591345473209
            ],
            [
              -18.1530559323156,
              27.755957285387577
            ],
            [
              -18.153580284294215,
              27.75694363143423
            ],
            [
              -18.1504710599934,
              27.75834598882649
            ],
            [
              -18.15158498011435,
              27.76056579757205
            ],
            [
              -18.14716099140717,
              27.7595088692931
            ],
            [
              -18.146651451356636,
              27.761321831726857
            ],
            [
              -18.146106889702416,
              27.760794667435384
            ],
            [
              -18.14509287392458,
              27.761754740950938
            ],
            [
              -18.144772749685647,
              27.761451114499692
            ],
            [
              -18.144467178057422,
              27.762753052492553
            ],
            [
              -18.143560965927417,
              27.762350376134986
            ],
            [
              -18.143933236943955,
              27.761689045851107
            ],
            [
              -18.14316641330638,
              27.76218409841252
            ],
            [
              -18.143699299521806,
              27.762936586091726
            ],
            [
              -18.14074687467305,
              27.762618237640524
            ],
            [
              -18.139554060946057,
              27.764398458582843
            ],
            [
              -18.140588809678256,
              27.766059398229437
            ],
            [
              -18.138414575442763,
              27.765886568018157
            ],
            [
              -18.13792775013611,
              27.767228603941405
            ],
            [
              -18.136555992657165,
              27.76650470638366
            ],
            [
              -18.13566334246045,
              27.768483375513892
            ],
            [
              -18.134832758993362,
              27.76846966809291
            ],
            [
              -18.134849328312782,
              27.768828103836864
            ],
            [
              -18.133271994595344,
              27.770638924826542
            ],
            [
              -18.132366711775177,
              27.770283960977437
            ],
            [
              -18.132238130351137,
              27.771316951574562
            ],
            [
              -18.130408978825958,
              27.770291006570798
            ],
            [
              -18.130071256490123,
              27.771195782897955
            ],
            [
              -18.126775239858244,
              27.77006229575153
            ],
            [
              -18.12633181834932,
              27.770118795668267
            ],
            [
              -18.125128031108876,
              27.76931382303794
            ],
            [
              -18.12285989302538,
              27.76866356241303
            ],
            [
              -18.121896924157998,
              27.768788412411666
            ],
            [
              -18.12144341086676,
              27.769176013127556
            ],
            [
              -18.121282662529794,
              27.765124879598705
            ],
            [
              -18.120537822967524,
              27.764048469331843
            ],
            [
              -18.118697790149774,
              27.761959323609084
            ],
            [
              -18.11381134442373,
              27.75934166957078
            ],
            [
              -18.113408093686864,
              27.759312892130822
            ],
            [
              -18.111344985872176,
              27.75858751978205
            ],
            [
              -18.110531631185392,
              27.758906130286995
            ],
            [
              -18.110227593976504,
              27.758203937720722
            ],
            [
              -18.109428772732997,
              27.75851700096523
            ],
            [
              -18.10561184918266,
              27.756560743777868
            ],
            [
              -18.098764149977825,
              27.756488043812844
            ],
            [
              -18.09845608740431,
              27.755867389019656
            ],
            [
              -18.0968039042014,
              27.755464575637305
            ],
            [
              -18.091483258500585,
              27.75463199115929
            ],
            [
              -18.09046264378608,
              27.75553090446971
            ],
            [
              -18.088143706255842,
              27.754460767153837
            ],
            [
              -18.087060930749637,
              27.75502859949691
            ],
            [
              -18.08651542129844,
              27.75405112282439
            ],
            [
              -18.084883045021023,
              27.75398126719023
            ],
            [
              -18.082262247594684,
              27.75313965196945
            ],
            [
              -18.070176629963207,
              27.753222845168477
            ],
            [
              -18.060090338988836,
              27.75602795567183
            ],
            [
              -18.058496889253945,
              27.756882668738204
            ],
            [
              -18.058309366342197,
              27.758221398281044
            ],
            [
              -18.055941267109016,
              27.758247316184814
            ],
            [
              -18.055567367868896,
              27.75902652398486
            ],
            [
              -18.052586699306065,
              27.75879221985482
            ],
            [
              -18.050436410263337,
              27.75949466230331
            ],
            [
              -18.047502206939928,
              27.76006113912335
            ],
            [
              -18.046698144432806,
              27.760502577173394
            ],
            [
              -18.04189747065616,
              27.761255252329086
            ],
            [
              -18.03878884712401,
              27.762458087295517
            ],
            [
              -18.036551889240485,
              27.762023531007728
            ],
            [
              -18.034127699849538,
              27.76473860617101
            ],
            [
              -18.033298632282534,
              27.766088170559907
            ],
            [
              -18.03251152014036,
              27.7659342005088
            ],
            [
              -18.03264426842082,
              27.767180701776788
            ],
            [
              -18.03160049689721,
              27.76683043992953
            ],
            [
              -18.028826110776432,
              27.768653621734906
            ],
            [
              -18.028600192926078,
              27.77025717379077
            ],
            [
              -18.027221404930458,
              27.769755465961314
            ],
            [
              -18.018690071650887,
              27.774973618290527
            ],
            [
              -18.01772861406633,
              27.777164322253626
            ],
            [
              -18.016520783837834,
              27.7776953156566
            ],
            [
              -18.016576896262663,
              27.78019744927768
            ],
            [
              -18.015218392628192,
              27.780562230190114
            ],
            [
              -18.014653826936158,
              27.783055366707945
            ],
            [
              -18.012510969599656,
              27.783493714110598
            ],
            [
              -18.01195551567046,
              27.784653868398166
            ],
            [
              -18.01050785586212,
              27.784881365422113
            ],
            [
              -18.010710087600078,
              27.785683026493487
            ],
            [
              -18.00939431174284,
              27.785794429619187
            ],
            [
              -18.006165211567485,
              27.788801490012098
            ],
            [
              -18.001848276747452,
              27.789403096244207
            ],
            [
              -18.001945797721344,
              27.790876823523078
            ],
            [
              -18.00076070640054,
              27.790165791334985
            ],
            [
              -18.000593411118732,
              27.791153657434002
            ],
            [
              -17.999673344310402,
              27.790116986940642
            ],
            [
              -17.999306761537518,
              27.7908587720679
            ],
            [
              -17.997874627424853,
              27.79078415799337
            ],
            [
              -17.99696965391107,
              27.792594835916535
            ],
            [
              -17.995546987602015,
              27.792699772857002
            ],
            [
              -17.996108792329338,
              27.79353749689153
            ],
            [
              -17.995287064685595,
              27.793034392285556
            ],
            [
              -17.994320332088975,
              27.79394912135004
            ],
            [
              -17.992981128671005,
              27.79475717928353
            ],
            [
              -17.992551735557164,
              27.79615159590191
            ],
            [
              -17.99167737311189,
              27.796259076612678
            ],
            [
              -17.991495796382992,
              27.796876320089858
            ],
            [
              -17.992668084901137,
              27.797611639998355
            ],
            [
              -17.99145340521889,
              27.797034359000342
            ],
            [
              -17.991480028861623,
              27.797999532712748
            ],
            [
              -17.99020660792448,
              27.798310226725302
            ],
            [
              -17.990670894928886,
              27.798957758225548
            ],
            [
              -17.989802542566878,
              27.798642303957077
            ],
            [
              -17.990210498900016,
              27.799366839016
            ],
            [
              -17.989086642659274,
              27.799866836607265
            ],
            [
              -17.98867784642848,
              27.80110447171155
            ],
            [
              -17.986948739169346,
              27.8050468218953
            ],
            [
              -17.986536145928632,
              27.809590215652563
            ],
            [
              -17.98917429656188,
              27.81551219255003
            ],
            [
              -17.98948218197241,
              27.817880002870425
            ],
            [
              -17.992085414890113,
              27.82164223622619
            ],
            [
              -17.991946477795857,
              27.821958262239647
            ],
            [
              -17.991699113739795,
              27.822520915985415
            ],
            [
              -17.98790505170382,
              27.82114334792973
            ],
            [
              -17.984043020380362,
              27.82251760392636
            ],
            [
              -17.982728008222963,
              27.825378595467587
            ],
            [
              -17.982128363239298,
              27.824600004260123
            ],
            [
              -17.980380683313776,
              27.825050557412435
            ],
            [
              -17.976643026021932,
              27.825522395800967
            ],
            [
              -17.97212578061893,
              27.82753560033154
            ],
            [
              -17.971634737920816,
              27.829596207924848
            ],
            [
              -17.968545239546945,
              27.831140226366227
            ],
            [
              -17.968792837537293,
              27.8318260583672
            ],
            [
              -17.966455017705286,
              27.833238478465706
            ],
            [
              -17.96634289791557,
              27.834559940371378
            ],
            [
              -17.965284677751395,
              27.83443750374874
            ],
            [
              -17.9655346461303,
              27.83566579299848
            ],
            [
              -17.96360448080684,
              27.83587461802848
            ],
            [
              -17.96365291877125,
              27.837610955619
            ],
            [
              -17.963224867094116,
              27.839379001875397
            ],
            [
              -17.960167177944136,
              27.83904550883813
            ],
            [
              -17.957744301258536,
              27.841727026013455
            ],
            [
              -17.95699964878808,
              27.84108078845704
            ],
            [
              -17.95514014721976,
              27.842129615908377
            ],
            [
              -17.95394160754256,
              27.841065145719817
            ],
            [
              -17.952887221351435,
              27.841316042769183
            ],
            [
              -17.952208833453163,
              27.840994456961717
            ],
            [
              -17.94942465191946,
              27.840565203817782
            ],
            [
              -17.948631829944404,
              27.84147439880023
            ],
            [
              -17.948522551465608,
              27.84065377502178
            ],
            [
              -17.947361636167766,
              27.840294553896953
            ],
            [
              -17.946673037456204,
              27.840766049384243
            ],
            [
              -17.946126981283633,
              27.84036954141189
            ],
            [
              -17.945204273739332,
              27.84118104717197
            ],
            [
              -17.945215556154945,
              27.84249566880815
            ],
            [
              -17.944646824833512,
              27.842066791445646
            ],
            [
              -17.94438093655411,
              27.84348980788485
            ],
            [
              -17.94384009464732,
              27.843266906783587
            ],
            [
              -17.942682292228376,
              27.84505238021037
            ],
            [
              -17.94137247082005,
              27.846001347218706
            ],
            [
              -17.93978047776837,
              27.845859215182013
            ],
            [
              -17.94006433975993,
              27.84666033977479
            ],
            [
              -17.93812506532146,
              27.845781290657737
            ],
            [
              -17.93738284484388,
              27.84674284240057
            ],
            [
              -17.93770652542602,
              27.84733131670964
            ],
            [
              -17.937214391448745,
              27.84708967138227
            ],
            [
              -17.936667844352016,
              27.847487312486436
            ],
            [
              -17.93700038989299,
              27.848284159845754
            ],
            [
              -17.935940501401824,
              27.847612315019813
            ],
            [
              -17.935901975839048,
              27.848445933223978
            ],
            [
              -17.9354127567365,
              27.847932152859503
            ],
            [
              -17.934618614161796,
              27.848851407123934
            ],
            [
              -17.934311785112556,
              27.848078091346398
            ],
            [
              -17.933610606237366,
              27.848967577711534
            ],
            [
              -17.93006873763208,
              27.84724000012
            ],
            [
              -17.92942571016072,
              27.84905890718685
            ],
            [
              -17.926867490694082,
              27.848701259831575
            ],
            [
              -17.9267091196763,
              27.84925849985585
            ],
            [
              -17.926443785625672,
              27.848240901020365
            ],
            [
              -17.926076070472597,
              27.849532187556168
            ],
            [
              -17.925243751544137,
              27.849577634198067
            ],
            [
              -17.923721173224216,
              27.84921770601621
            ],
            [
              -17.923621972048714,
              27.848319891796468
            ],
            [
              -17.923576736329547,
              27.849360772217622
            ],
            [
              -17.922817911668137,
              27.848949183817115
            ],
            [
              -17.92156951653774,
              27.847198448517236
            ],
            [
              -17.921179667699757,
              27.848071446684937
            ],
            [
              -17.919466499598236,
              27.847899893529068
            ],
            [
              -17.91926757164971,
              27.847233044656406
            ],
            [
              -17.91720472523158,
              27.848245185811578
            ],
            [
              -17.91702500454655,
              27.846407740534726
            ],
            [
              -17.916359549473935,
              27.846885399858948
            ],
            [
              -17.916766315343477,
              27.845429939192847
            ],
            [
              -17.915565096324755,
              27.845842520428032
            ],
            [
              -17.915753722430406,
              27.8440399509077
            ],
            [
              -17.914604052381293,
              27.84406157796261
            ],
            [
              -17.914631919877596,
              27.843429951648048
            ],
            [
              -17.913378826170835,
              27.84342783722137
            ],
            [
              -17.912892995903547,
              27.844683434068806
            ],
            [
              -17.913100585899205,
              27.843421447354192
            ],
            [
              -17.912246143424234,
              27.843552888641554
            ],
            [
              -17.911439924229047,
              27.842583750252775
            ],
            [
              -17.909957707836437,
              27.8437603308892
            ],
            [
              -17.908031364335386,
              27.842462178151308
            ],
            [
              -17.907352171570178,
              27.8435134535623
            ],
            [
              -17.905676410334546,
              27.84082951127673
            ],
            [
              -17.90357212958431,
              27.84232133308809
            ],
            [
              -17.90273549118821,
              27.842401372272764
            ],
            [
              -17.902589013421327,
              27.841516254775097
            ],
            [
              -17.901883529297553,
              27.842028066134823
            ],
            [
              -17.903793808053564,
              27.840605305174773
            ],
            [
              -17.902800857826065,
              27.838600019009615
            ],
            [
              -17.903158176460398,
              27.837749933149063
            ],
            [
              -17.900293146923083,
              27.83682288291215
            ],
            [
              -17.900029991435357,
              27.836600998775303
            ],
            [
              -17.899335710388797,
              27.836152460844037
            ],
            [
              -17.898677149008364,
              27.83690169232035
            ],
            [
              -17.89874506010389,
              27.83347627118661
            ],
            [
              -17.897845027629437,
              27.83358178570051
            ],
            [
              -17.896917492907175,
              27.83243116138091
            ],
            [
              -17.893857947208296,
              27.832291694809648
            ],
            [
              -17.894719143035957,
              27.831530204534438
            ],
            [
              -17.89356927234124,
              27.830220670065785
            ],
            [
              -17.893782109653042,
              27.827347712562933
            ],
            [
              -17.892476850995628,
              27.825935067414317
            ],
            [
              -17.893755864380793,
              27.825253996058773
            ],
            [
              -17.893810911518322,
              27.82443162475185
            ],
            [
              -17.895821225166756,
              27.82413979332165
            ],
            [
              -17.893988719568288,
              27.82391531324859
            ],
            [
              -17.893432973334992,
              27.822244014488287
            ],
            [
              -17.89241958469743,
              27.82273967884315
            ],
            [
              -17.892379893787254,
              27.821885952005726
            ],
            [
              -17.8903769529782,
              27.820971071517544
            ],
            [
              -17.890465943206724,
              27.820174997684994
            ],
            [
              -17.889613334017984,
              27.820587355478224
            ],
            [
              -17.888859037235495,
              27.819998807002506
            ],
            [
              -17.888507587826513,
              27.81878644282024
            ],
            [
              -17.886841536357664,
              27.818365516252605
            ],
            [
              -17.887158810426378,
              27.81781545097444
            ],
            [
              -17.88632848113576,
              27.81779705501746
            ],
            [
              -17.885556985694606,
              27.815580910406933
            ],
            [
              -17.88470050120566,
              27.81472939847983
            ],
            [
              -17.883170872937782,
              27.811537426605465
            ],
            [
              -17.883446652422634,
              27.80892658405907
            ],
            [
              -17.883308858679424,
              27.80867633237142
            ],
            [
              -17.88429043486259,
              27.80781686362714
            ],
            [
              -17.882838506208458,
              27.807255148865732
            ],
            [
              -17.883656401882725,
              27.80624096488569
            ],
            [
              -17.883361337906575,
              27.80364762275761
            ],
            [
              -17.884525672637782,
              27.801312651019927
            ],
            [
              -17.885750535949374,
              27.800368317857984
            ],
            [
              -17.888743540353442,
              27.80002192865584
            ],
            [
              -17.890984934942143,
              27.79508253888984
            ],
            [
              -17.892100879769483,
              27.794381414929582
            ],
            [
              -17.891605866507824,
              27.79325215791455
            ],
            [
              -17.893021321357992,
              27.791872778037042
            ],
            [
              -17.894162510753027,
              27.79198417501234
            ],
            [
              -17.895339445287682,
              27.789155134966975
            ],
            [
              -17.89674430034028,
              27.78824025534434
            ],
            [
              -17.895318423061447,
              27.787945226095783
            ],
            [
              -17.89786134599406,
              27.786728349122917
            ],
            [
              -17.897623835164772,
              27.78581634823994
            ],
            [
              -17.898976797752766,
              27.78725539554488
            ],
            [
              -17.899824394433193,
              27.78704599094621
            ],
            [
              -17.9010572815916,
              27.780520989057617
            ],
            [
              -17.901362846206993,
              27.780570833499958
            ],
            [
              -17.90099196206643,
              27.784238057930313
            ],
            [
              -17.90163794892323,
              27.78404781535259
            ],
            [
              -17.900945002271264,
              27.785802019456675
            ],
            [
              -17.90174714543744,
              27.78594779496759
            ],
            [
              -17.902777106555696,
              27.78482307814365
            ],
            [
              -17.90356828551968,
              27.7847435943602
            ],
            [
              -17.904270747317803,
              27.783728620155845
            ],
            [
              -17.904826588679054,
              27.779619085198917
            ],
            [
              -17.907073760527343,
              27.7777837068267
            ],
            [
              -17.909749774754847,
              27.77294382302968
            ],
            [
              -17.914291849081003,
              27.770553727908197
            ],
            [
              -17.913813195540293,
              27.768887832666483
            ],
            [
              -17.910494574486425,
              27.767262612631562
            ],
            [
              -17.91056021030983,
              27.76570608696538
            ],
            [
              -17.90955223137488,
              27.76529324023164
            ],
            [
              -17.910234613172666,
              27.765173537669693
            ],
            [
              -17.910186795567785,
              27.764293160002353
            ],
            [
              -17.910926744479887,
              27.764726913972112
            ],
            [
              -17.91088484175904,
              27.76406999689056
            ],
            [
              -17.912555916584992,
              27.763494104890434
            ],
            [
              -17.91271841821399,
              27.762159329228773
            ],
            [
              -17.91371089323655,
              27.762127422870673
            ],
            [
              -17.91673880327063,
              27.756896115902375
            ],
            [
              -17.919072532999895,
              27.754490057833568
            ],
            [
              -17.919884911236682,
              27.75160343250219
            ],
            [
              -17.92399393405199,
              27.74693199892152
            ],
            [
              -17.923823103284295,
              27.745185309618638
            ],
            [
              -17.92569171965443,
              27.742183990773206
            ],
            [
              -17.925307704420113,
              27.740390549699047
            ],
            [
              -17.926725643459168,
              27.73742950176494
            ],
            [
              -17.925821613230514,
              27.736933697365053
            ],
            [
              -17.92666180916779,
              27.73584999055255
            ],
            [
              -17.924981532695178,
              27.735199989227763
            ],
            [
              -17.92665420333364,
              27.73464612874631
            ],
            [
              -17.927186247220824,
              27.7318098987414
            ],
            [
              -17.928308447917832,
              27.73181142907704
            ],
            [
              -17.928782790530654,
              27.730541817552385
            ],
            [
              -17.93167114464054,
              27.728512393596024
            ],
            [
              -17.93591614346461,
              27.728609801550594
            ],
            [
              -17.937185329085906,
              27.72765893586355
            ],
            [
              -17.938504966525244,
              27.72860375323666
            ],
            [
              -17.94007550654708,
              27.72831646444969
            ],
            [
              -17.940402468491673,
              27.72944624908628
            ],
            [
              -17.942561515136454,
              27.730517720186953
            ],
            [
              -17.945851573954283,
              27.728999695598212
            ],
            [
              -17.948884777470564,
              27.728695947955348
            ],
            [
              -17.957213087201374,
              27.71972460850117
            ],
            [
              -17.958263156782635,
              27.714845714168426
            ],
            [
              -17.957370370386162,
              27.709761683554202
            ],
            [
              -17.959542256922077,
              27.7037347659562
            ],
            [
              -17.959558780463716,
              27.69807466874437
            ],
            [
              -17.95864112203543,
              27.69802744996822
            ],
            [
              -17.958225340685978,
              27.69549788244056
            ],
            [
              -17.959447720379735,
              27.69479040214004
            ],
            [
              -17.95876182039342,
              27.692537146525673
            ],
            [
              -17.959998600375705,
              27.691917669044408
            ],
            [
              -17.960788451619248,
              27.692453844968863
            ],
            [
              -17.963267481077807,
              27.69122448093074
            ]
          ]
        ]
      },
      "properties": {
        "island_id": "el-hierro",
        "island_name": "El Hierro"
      }
    },
    {
      "type": "Feature",
      "geometry": {
        "type": "Polygon",
        "coordinates": [
          [
            [
              -17.19623607653461,
              28.02842809110194
            ],
            [
              -17.196013443449758,
              28.02787917628088
            ],
            [
              -17.196697699844627,
              28.02851660146888
            ],
            [
              -17.197706031985724,
              28.027878433075596
            ],
            [
              -17.198183812424517,
              28.025922237562657
            ],
            [
              -17.19636288675059,
              28.02668123692581
            ],
            [
              -17.19824979901138,
              28.02542248717731
            ],
            [
              -17.19792824507321,
              28.0242372401059
            ],
            [
              -17.19863537801517,
              28.02389223269196
            ],
            [
              -17.20845518197422,
              28.02424407242725
            ],
            [
              -17.210269394303637,
              28.026877540853455
            ],
            [
              -17.213011313051773,
              28.02754263326392
            ],
            [
              -17.215847114446973,
              28.02719985784265
            ],
            [
              -17.217250779904866,
              28.025759167319965
            ],
            [
              -17.219361304340485,
              28.025154707496558
            ],
            [
              -17.220071728508334,
              28.025741210532455
            ],
            [
              -17.225597246163154,
              28.025594757292893
            ],
            [
              -17.22774197727755,
              28.02659939555348
            ],
            [
              -17.23388884777334,
              28.025233246246756
            ],
            [
              -17.235115996411672,
              28.02379440594761
            ],
            [
              -17.234629556693047,
              28.022340529038487
            ],
            [
              -17.243547762124027,
              28.019745214470934
            ],
            [
              -17.245146412382816,
              28.02022656936928
            ],
            [
              -17.246290419650858,
              28.021695188080646
            ],
            [
              -17.248954162981093,
              28.021767009599916
            ],
            [
              -17.250161646888426,
              28.025188650446687
            ],
            [
              -17.253386714571597,
              28.02592107741568
            ],
            [
              -17.255115630742537,
              28.02560639024079
            ],
            [
              -17.25639858211173,
              28.026492524444983
            ],
            [
              -17.259529611428242,
              28.025265942674046
            ],
            [
              -17.270199132903848,
              28.025193497582997
            ],
            [
              -17.272743184593537,
              28.027443424018305
            ],
            [
              -17.27267096351644,
              28.03024372686706
            ],
            [
              -17.273592173973732,
              28.03070824549611
            ],
            [
              -17.273832017650502,
              28.032674232573537
            ],
            [
              -17.27271498202769,
              28.03514849521104
            ],
            [
              -17.27346729037575,
              28.036114433259993
            ],
            [
              -17.2754407159602,
              28.03573922231855
            ],
            [
              -17.276844339575103,
              28.03679829337694
            ],
            [
              -17.279429075312382,
              28.03661708280974
            ],
            [
              -17.28018633675311,
              28.03765544539267
            ],
            [
              -17.279555534769017,
              28.038186830709332
            ],
            [
              -17.28086552248335,
              28.038737779929725
            ],
            [
              -17.28363730243905,
              28.037805085567378
            ],
            [
              -17.283640699985224,
              28.03873126240515
            ],
            [
              -17.28582562663476,
              28.038469956065285
            ],
            [
              -17.28656511591923,
              28.039289672905827
            ],
            [
              -17.28931907088373,
              28.03804070942387
            ],
            [
              -17.28937113028292,
              28.04001845708826
            ],
            [
              -17.290916667320573,
              28.04297538255395
            ],
            [
              -17.290418756077827,
              28.045663216064426
            ],
            [
              -17.29166136089886,
              28.046993645521777
            ],
            [
              -17.293629200050066,
              28.046245684794762
            ],
            [
              -17.296187764986776,
              28.048204590612453
            ],
            [
              -17.298816228666578,
              28.0502170127793
            ],
            [
              -17.301948880044712,
              28.04909367389357
            ],
            [
              -17.30338345666784,
              28.050046904622917
            ],
            [
              -17.303682006456782,
              28.051349942001355
            ],
            [
              -17.308868768441474,
              28.051509629015907
            ],
            [
              -17.312802059006533,
              28.054017717906202
            ],
            [
              -17.312713302279068,
              28.055104412369985
            ],
            [
              -17.31344522296448,
              28.057212612098446
            ],
            [
              -17.315372479325145,
              28.057413926238105
            ],
            [
              -17.315081294040645,
              28.058086772392855
            ],
            [
              -17.316822035542952,
              28.05976220777663
            ],
            [
              -17.319486631722533,
              28.058729089708223
            ],
            [
              -17.319013185033242,
              28.059254581961277
            ],
            [
              -17.31973228522369,
              28.06043437555098
            ],
            [
              -17.31871854331896,
              28.063010423038683
            ],
            [
              -17.320924393199032,
              28.064927489815997
            ],
            [
              -17.31837276722613,
              28.06945583668759
            ],
            [
              -17.320639839097428,
              28.07619067028457
            ],
            [
              -17.322645794783952,
              28.07743495168346
            ],
            [
              -17.32446472324105,
              28.0799006601815
            ],
            [
              -17.328788820194656,
              28.080369002376905
            ],
            [
              -17.330261209199023,
              28.081650612936397
            ],
            [
              -17.33133112577522,
              28.082581899694016
            ],
            [
              -17.332924791926235,
              28.0814260888027
            ],
            [
              -17.33118484857065,
              28.079975222635177
            ],
            [
              -17.332598922481274,
              28.08078183988491
            ],
            [
              -17.3332408074209,
              28.079580735299384
            ],
            [
              -17.330778902111987,
              28.077887538745085
            ],
            [
              -17.33412109150482,
              28.079422401400475
            ],
            [
              -17.33460857942616,
              28.082273589887176
            ],
            [
              -17.338116261953086,
              28.084939716634324
            ],
            [
              -17.33760410068578,
              28.085868880501987
            ],
            [
              -17.339389558176794,
              28.086100283164722
            ],
            [
              -17.339721131913393,
              28.090006577807486
            ],
            [
              -17.341622325883815,
              28.094150301392286
            ],
            [
              -17.342602318689885,
              28.094814695609276
            ],
            [
              -17.344325526411442,
              28.094477715728466
            ],
            [
              -17.344784862061903,
              28.095719899456522
            ],
            [
              -17.3485357394124,
              28.097982472988935
            ],
            [
              -17.3485566826334,
              28.099695051916097
            ],
            [
              -17.347166017462545,
              28.10142794429408
            ],
            [
              -17.34661824208286,
              28.105218006815992
            ],
            [
              -17.34737689967573,
              28.112036797987354
            ],
            [
              -17.347287412088452,
              28.11265592163107
            ],
            [
              -17.34656708223209,
              28.11539496142692
            ],
            [
              -17.34720389634986,
              28.117016137827193
            ],
            [
              -17.347540191291653,
              28.117234785275237
            ],
            [
              -17.347301841597723,
              28.118279317757455
            ],
            [
              -17.345841199808916,
              28.11959604778686
            ],
            [
              -17.34516728781246,
              28.12174744602646
            ],
            [
              -17.345206463790646,
              28.123191884174062
            ],
            [
              -17.34233700969345,
              28.12726131282098
            ],
            [
              -17.341083308909155,
              28.13126543559594
            ],
            [
              -17.343179109530325,
              28.136905227656733
            ],
            [
              -17.34234146396184,
              28.137506493066102
            ],
            [
              -17.343154343003373,
              28.138987269572755
            ],
            [
              -17.342587644041433,
              28.140425503473782
            ],
            [
              -17.346334665646985,
              28.143332846804267
            ],
            [
              -17.345497565491506,
              28.14574766794208
            ],
            [
              -17.346547336127596,
              28.14817211451751
            ],
            [
              -17.344929704216295,
              28.149031984394327
            ],
            [
              -17.345221905315473,
              28.14958151766202
            ],
            [
              -17.343976425912025,
              28.14974206441985
            ],
            [
              -17.34453069561197,
              28.15134711186506
            ],
            [
              -17.345842616821077,
              28.151969878640962
            ],
            [
              -17.3423230506107,
              28.153339446409436
            ],
            [
              -17.34202404497897,
              28.153714087810275
            ],
            [
              -17.34133647698141,
              28.15457558140921
            ],
            [
              -17.341504335807144,
              28.156106816241053
            ],
            [
              -17.33909406870921,
              28.157008175331814
            ],
            [
              -17.338029232887244,
              28.158991476249614
            ],
            [
              -17.33842647970076,
              28.160077670770608
            ],
            [
              -17.33728597199058,
              28.159913484798135
            ],
            [
              -17.33742148440077,
              28.16068977476065
            ],
            [
              -17.33536495676796,
              28.161815314382523
            ],
            [
              -17.335822865778173,
              28.16239094101905
            ],
            [
              -17.334559855402173,
              28.162794577157197
            ],
            [
              -17.334759584729525,
              28.164336865755924
            ],
            [
              -17.3357729470477,
              28.16435932518063
            ],
            [
              -17.33539187627172,
              28.164779679679718
            ],
            [
              -17.336578385303397,
              28.16589918659804
            ],
            [
              -17.336126475827367,
              28.166996413359815
            ],
            [
              -17.33669682059262,
              28.168408234592317
            ],
            [
              -17.335464438509277,
              28.169971539992854
            ],
            [
              -17.3360486465439,
              28.17241286327367
            ],
            [
              -17.337168451009486,
              28.17261340855513
            ],
            [
              -17.337156407000656,
              28.173559789428822
            ],
            [
              -17.33652689632318,
              28.173582122854935
            ],
            [
              -17.336632865768625,
              28.17482940517976
            ],
            [
              -17.335930515481216,
              28.174408693011323
            ],
            [
              -17.335409469368315,
              28.175558745044547
            ],
            [
              -17.334392786012604,
              28.17539062448289
            ],
            [
              -17.332954829093822,
              28.177964506923896
            ],
            [
              -17.332153232776413,
              28.17793518429778
            ],
            [
              -17.3319127066848,
              28.17954499674519
            ],
            [
              -17.332737055201797,
              28.18021931252038
            ],
            [
              -17.330871316800454,
              28.182291324076335
            ],
            [
              -17.331811940647892,
              28.182481832711755
            ],
            [
              -17.32867420044733,
              28.184549193919253
            ],
            [
              -17.329377306854962,
              28.185274703710448
            ],
            [
              -17.328295246348105,
              28.18861960908269
            ],
            [
              -17.325465113996174,
              28.188364913643515
            ],
            [
              -17.32369448922764,
              28.18952314865092
            ],
            [
              -17.322980083767774,
              28.190966259627544
            ],
            [
              -17.32153309281714,
              28.19177363062541
            ],
            [
              -17.321434387998274,
              28.194788660748408
            ],
            [
              -17.322861512176214,
              28.197802276646307
            ],
            [
              -17.321771894383698,
              28.197913106412976
            ],
            [
              -17.320246434643895,
              28.201473579283714
            ],
            [
              -17.317859297594577,
              28.202035702849983
            ],
            [
              -17.318570064111583,
              28.203764564244956
            ],
            [
              -17.315192736183626,
              28.20436489127867
            ],
            [
              -17.313461189161863,
              28.20252512690431
            ],
            [
              -17.308490083486205,
              28.202598551750953
            ],
            [
              -17.30351936376498,
              28.20497647116577
            ],
            [
              -17.299885921850432,
              28.20838013368852
            ],
            [
              -17.2971936713059,
              28.20697568680747
            ],
            [
              -17.293337457370754,
              28.207140631248155
            ],
            [
              -17.291591424443318,
              28.20964526872071
            ],
            [
              -17.29084024839351,
              28.20925546399042
            ],
            [
              -17.29050555607193,
              28.209339633312876
            ],
            [
              -17.289776023929036,
              28.209453151295083
            ],
            [
              -17.2889092672362,
              28.211855582133506
            ],
            [
              -17.287564852173823,
              28.212837233322176
            ],
            [
              -17.28748017248927,
              28.211314807453395
            ],
            [
              -17.286172074118014,
              28.211294860326706
            ],
            [
              -17.28587236899552,
              28.210315973261967
            ],
            [
              -17.283749297693006,
              28.211124690327864
            ],
            [
              -17.28340751752354,
              28.212544540455017
            ],
            [
              -17.28311166476958,
              28.21143982830662
            ],
            [
              -17.281679487445743,
              28.21116073792526
            ],
            [
              -17.28080279803828,
              28.21238387172876
            ],
            [
              -17.281218117044666,
              28.213705694000026
            ],
            [
              -17.27995334979947,
              28.214204394711007
            ],
            [
              -17.27883058376968,
              28.21343333249963
            ],
            [
              -17.27868382826072,
              28.216814085285094
            ],
            [
              -17.27636001853459,
              28.21798584247984
            ],
            [
              -17.27497715154294,
              28.217744229951634
            ],
            [
              -17.27422139034656,
              28.216503022051103
            ],
            [
              -17.27551982681671,
              28.215925934132194
            ],
            [
              -17.273058947629654,
              28.214234067177152
            ],
            [
              -17.270608073803718,
              28.217477117011505
            ],
            [
              -17.26245957036299,
              28.216976412408233
            ],
            [
              -17.26062746938688,
              28.217950178766518
            ],
            [
              -17.261183147665058,
              28.215716796744847
            ],
            [
              -17.260443090908474,
              28.21538786909385
            ],
            [
              -17.260457259885005,
              28.21336727171367
            ],
            [
              -17.257870372404327,
              28.2127106273401
            ],
            [
              -17.25830127472668,
              28.21223737800933
            ],
            [
              -17.257044242402586,
              28.211992851131516
            ],
            [
              -17.257226770572625,
              28.211275748890447
            ],
            [
              -17.25673779609707,
              28.211181857634717
            ],
            [
              -17.256273510129216,
              28.21049821204066
            ],
            [
              -17.254913562536856,
              28.211293518220437
            ],
            [
              -17.254051967979628,
              28.21094688721291
            ],
            [
              -17.25379271082602,
              28.209680071633066
            ],
            [
              -17.252609295905245,
              28.209102417995258
            ],
            [
              -17.25261434402482,
              28.207833681728932
            ],
            [
              -17.25406450925857,
              28.207538192566187
            ],
            [
              -17.252255218942338,
              28.206922484345913
            ],
            [
              -17.253169130775834,
              28.20605131598525
            ],
            [
              -17.253032863013043,
              28.205678468914442
            ],
            [
              -17.252718747847126,
              28.20374249456679
            ],
            [
              -17.250329021218032,
              28.203050893756277
            ],
            [
              -17.25019677030404,
              28.20399722497504
            ],
            [
              -17.248956547495244,
              28.20454962807104
            ],
            [
              -17.24835171769154,
              28.203980104597683
            ],
            [
              -17.249060299813976,
              28.20304565701859
            ],
            [
              -17.24751415205835,
              28.20250062704511
            ],
            [
              -17.24735787504813,
              28.20401692033198
            ],
            [
              -17.245688037003678,
              28.20465828299275
            ],
            [
              -17.244871373137947,
              28.200816620788416
            ],
            [
              -17.242528741160253,
              28.20099004220104
            ],
            [
              -17.241431336050894,
              28.202138994746665
            ],
            [
              -17.239987036159736,
              28.20182085598047
            ],
            [
              -17.23922859411482,
              28.203503376306386
            ],
            [
              -17.237685428795157,
              28.202889517942705
            ],
            [
              -17.23554895379211,
              28.20399586790118
            ],
            [
              -17.2352741640778,
              28.202557046628314
            ],
            [
              -17.23522760116626,
              28.2023132394399
            ],
            [
              -17.233211629552375,
              28.200527178906107
            ],
            [
              -17.2304153321238,
              28.201407450363067
            ],
            [
              -17.2296425875837,
              28.202933333129128
            ],
            [
              -17.22583013269742,
              28.200043202863977
            ],
            [
              -17.22273300190827,
              28.202084182064308
            ],
            [
              -17.220024899346747,
              28.200626059747187
            ],
            [
              -17.21936355975476,
              28.201606069834455
            ],
            [
              -17.21755769241613,
              28.20179840840578
            ],
            [
              -17.215492829080567,
              28.199692089011634
            ],
            [
              -17.214067417617596,
              28.201144544909656
            ],
            [
              -17.211309933159214,
              28.20219768248584
            ],
            [
              -17.209561338173852,
              28.20092315656764
            ],
            [
              -17.208932848202814,
              28.197712621752995
            ],
            [
              -17.207408438081828,
              28.198276731467722
            ],
            [
              -17.20719635099255,
              28.19713554740683
            ],
            [
              -17.206354158340456,
              28.196858221496193
            ],
            [
              -17.204989694545283,
              28.19740961847735
            ],
            [
              -17.20466621493933,
              28.198763636777034
            ],
            [
              -17.20186226497698,
              28.199236773541084
            ],
            [
              -17.201187015662594,
              28.2007385642157
            ],
            [
              -17.198651498922562,
              28.19940707312166
            ],
            [
              -17.196065516415075,
              28.200071944340305
            ],
            [
              -17.19679281760236,
              28.198024420852523
            ],
            [
              -17.193819324643687,
              28.197837711587816
            ],
            [
              -17.19306392628796,
              28.19678209022382
            ],
            [
              -17.193494941959827,
              28.19420361463151
            ],
            [
              -17.192697008607343,
              28.193138294683532
            ],
            [
              -17.18561067388911,
              28.18781653558904
            ],
            [
              -17.184247170541045,
              28.181067331453093
            ],
            [
              -17.18399646120074,
              28.180811014643627
            ],
            [
              -17.183477900370214,
              28.18028085546634
            ],
            [
              -17.175964672129695,
              28.177426757013993
            ],
            [
              -17.17144118913827,
              28.179705643376415
            ],
            [
              -17.170583894328136,
              28.17885624014806
            ],
            [
              -17.167696607813042,
              28.180835818101237
            ],
            [
              -17.166769996663557,
              28.1785629543704
            ],
            [
              -17.165902001070904,
              28.178662280973626
            ],
            [
              -17.166178626709222,
              28.177567218852875
            ],
            [
              -17.164287819703315,
              28.17862993084912
            ],
            [
              -17.16624964504216,
              28.176295654099302
            ],
            [
              -17.165501601566643,
              28.17515916467849
            ],
            [
              -17.166275918482146,
              28.174583035448045
            ],
            [
              -17.166259423946983,
              28.17278952113605
            ],
            [
              -17.164742598416865,
              28.17246142170412
            ],
            [
              -17.16507099349723,
              28.171839563632613
            ],
            [
              -17.16041758957054,
              28.173086771560747
            ],
            [
              -17.15897555180171,
              28.172339639398764
            ],
            [
              -17.155417583452703,
              28.17335093903852
            ],
            [
              -17.15497906366326,
              28.172693623237926
            ],
            [
              -17.156818876133652,
              28.16881991186376
            ],
            [
              -17.155033701976055,
              28.168165758465765
            ],
            [
              -17.155965620521105,
              28.166978660377715
            ],
            [
              -17.153061026764714,
              28.165799970737684
            ],
            [
              -17.153614065337614,
              28.165308196186352
            ],
            [
              -17.15307326090455,
              28.164561212396595
            ],
            [
              -17.1517183943221,
              28.16585067654302
            ],
            [
              -17.151057382524545,
              28.163686638924805
            ],
            [
              -17.149416983185688,
              28.16267120132781
            ],
            [
              -17.14781337177183,
              28.162918165625133
            ],
            [
              -17.14526946176253,
              28.161231663279366
            ],
            [
              -17.142427610971083,
              28.16195634723928
            ],
            [
              -17.142142312506103,
              28.160999919096593
            ],
            [
              -17.13848540697264,
              28.160270010729
            ],
            [
              -17.136731585249734,
              28.15991995269794
            ],
            [
              -17.131934525933833,
              28.154817527315533
            ],
            [
              -17.12922569726659,
              28.154817532145263
            ],
            [
              -17.12570196783403,
              28.152154359642523
            ],
            [
              -17.12405626216109,
              28.152822557120764
            ],
            [
              -17.121272002781524,
              28.151948369375063
            ],
            [
              -17.1204860013538,
              28.15349663653777
            ],
            [
              -17.11851438268329,
              28.15342780083008
            ],
            [
              -17.11906469245301,
              28.152911796662092
            ],
            [
              -17.117707975234346,
              28.15180085621064
            ],
            [
              -17.11841144481141,
              28.150656154657703
            ],
            [
              -17.11777465315937,
              28.14822122402411
            ],
            [
              -17.116873976701036,
              28.14832520385497
            ],
            [
              -17.11815018635233,
              28.147459324685137
            ],
            [
              -17.11744652819334,
              28.14508073963635
            ],
            [
              -17.114138883570398,
              28.143343069552945
            ],
            [
              -17.112176382670118,
              28.14442956676206
            ],
            [
              -17.112253124353845,
              28.143157849219193
            ],
            [
              -17.11073595559324,
              28.141574207655676
            ],
            [
              -17.11356465084028,
              28.13688520112094
            ],
            [
              -17.113471886687616,
              28.134425963462302
            ],
            [
              -17.111212477270396,
              28.132469449585273
            ],
            [
              -17.109843279135653,
              28.13245435549079
            ],
            [
              -17.110446953642406,
              28.131833522170783
            ],
            [
              -17.109647204387002,
              28.130712732055855
            ],
            [
              -17.104725090104605,
              28.129362680679776
            ],
            [
              -17.103397516996175,
              28.128284815661733
            ],
            [
              -17.103523501495143,
              28.126503646381565
            ],
            [
              -17.106087872921886,
              28.12268575474832
            ],
            [
              -17.10566521150618,
              28.12079789862427
            ],
            [
              -17.105325942703526,
              28.118864091733755
            ],
            [
              -17.104522053347186,
              28.11837778639815
            ],
            [
              -17.105121706364187,
              28.117016732013365
            ],
            [
              -17.103793597088853,
              28.114649713113305
            ],
            [
              -17.10390679425672,
              28.11416610793517
            ],
            [
              -17.10123783691591,
              28.114301616578434
            ],
            [
              -17.102266783703325,
              28.113044262139137
            ],
            [
              -17.10531495555949,
              28.112379353625837
            ],
            [
              -17.105873967216436,
              28.110971636374117
            ],
            [
              -17.103952584845906,
              28.110266516492036
            ],
            [
              -17.103628200012807,
              28.108439583815475
            ],
            [
              -17.10448699724116,
              28.106128596091626
            ],
            [
              -17.103786639207453,
              28.104637612354754
            ],
            [
              -17.104366600473906,
              28.103824154193333
            ],
            [
              -17.103768556109976,
              28.103304783747188
            ],
            [
              -17.10167364959545,
              28.103985269314105
            ],
            [
              -17.10172594282952,
              28.102490611246687
            ],
            [
              -17.100788727843774,
              28.101970099880976
            ],
            [
              -17.101752040566844,
              28.10015227165654
            ],
            [
              -17.10077381463033,
              28.09963898424031
            ],
            [
              -17.101521943342885,
              28.098452138596727
            ],
            [
              -17.100697180412418,
              28.097481916423273
            ],
            [
              -17.09892646064333,
              28.0982090059455
            ],
            [
              -17.09911626184077,
              28.097522035238928
            ],
            [
              -17.09885648067231,
              28.09713625679011
            ],
            [
              -17.099210447271567,
              28.096579927978585
            ],
            [
              -17.098385493908168,
              28.09559599510911
            ],
            [
              -17.10415882385276,
              28.091744593430466
            ],
            [
              -17.103893532897132,
              28.09075564304432
            ],
            [
              -17.10469101938915,
              28.09147927682494
            ],
            [
              -17.1053161088352,
              28.091014081669858
            ],
            [
              -17.10582474726874,
              28.089810371538437
            ],
            [
              -17.104381544361917,
              28.089408153542976
            ],
            [
              -17.10541224111024,
              28.08927951997834
            ],
            [
              -17.10595883605227,
              28.087664654538777
            ],
            [
              -17.10682388766385,
              28.08777527466189
            ],
            [
              -17.10967521424362,
              28.082448889435394
            ],
            [
              -17.107659981910206,
              28.08661773806209
            ],
            [
              -17.107497315326484,
              28.087796349328688
            ],
            [
              -17.10830816898724,
              28.087819098251554
            ],
            [
              -17.107507007978807,
              28.08919293381125
            ],
            [
              -17.10953170398558,
              28.08976138984345
            ],
            [
              -17.109876724733525,
              28.088710076529388
            ],
            [
              -17.108209596717185,
              28.088190479175466
            ],
            [
              -17.11007711410034,
              28.088401624590887
            ],
            [
              -17.110324575449088,
              28.08921895671531
            ],
            [
              -17.11208691149347,
              28.08843753382012
            ],
            [
              -17.11211310936626,
              28.08782261342943
            ],
            [
              -17.11370287669276,
              28.086258780932184
            ],
            [
              -17.11256939529672,
              28.085004798055195
            ],
            [
              -17.11375389240935,
              28.082597964709215
            ],
            [
              -17.113501747337967,
              28.081277524905374
            ],
            [
              -17.11718821254643,
              28.078461037975757
            ],
            [
              -17.11798863431068,
              28.075865096454987
            ],
            [
              -17.12375744705409,
              28.0725478601232
            ],
            [
              -17.12812711745652,
              28.07385067361947
            ],
            [
              -17.133101938307565,
              28.069429682113626
            ],
            [
              -17.137222086564083,
              28.066924180537757
            ],
            [
              -17.13850132385254,
              28.06573048004762
            ],
            [
              -17.141013908735683,
              28.065125245802104
            ],
            [
              -17.144600948757954,
              28.060836484589647
            ],
            [
              -17.143721698732765,
              28.05863312331327
            ],
            [
              -17.14439413433253,
              28.057713844572074
            ],
            [
              -17.143950568107087,
              28.05575803462107
            ],
            [
              -17.145161833392866,
              28.05523053500563
            ],
            [
              -17.14533873190842,
              28.05420674162963
            ],
            [
              -17.147471134349054,
              28.053531723396187
            ],
            [
              -17.150112757126212,
              28.055721559280293
            ],
            [
              -17.152787814739842,
              28.054801374791072
            ],
            [
              -17.154736739853213,
              28.052757600915015
            ],
            [
              -17.15472565410394,
              28.050982914257748
            ],
            [
              -17.156400018618633,
              28.050297805654523
            ],
            [
              -17.15696444129353,
              28.049159476130022
            ],
            [
              -17.160883324666678,
              28.047805678875978
            ],
            [
              -17.16097459886634,
              28.044814054730743
            ],
            [
              -17.162537654706387,
              28.04497080883563
            ],
            [
              -17.16278092597606,
              28.043364191115497
            ],
            [
              -17.16388320815057,
              28.04290150673477
            ],
            [
              -17.16406184249574,
              28.042624102335854
            ],
            [
              -17.166498146907855,
              28.043255954001364
            ],
            [
              -17.167610199056845,
              28.042672801404393
            ],
            [
              -17.168595441915176,
              28.040180081556265
            ],
            [
              -17.16696408816137,
              28.036875490578772
            ],
            [
              -17.16793510523595,
              28.03587072382439
            ],
            [
              -17.17078773966545,
              28.035601421012913
            ],
            [
              -17.172370272609776,
              28.038304049204402
            ],
            [
              -17.173821834703386,
              28.039370314717832
            ],
            [
              -17.175356605247465,
              28.039167521213457
            ],
            [
              -17.178483509735845,
              28.03821306143643
            ],
            [
              -17.178850888805606,
              28.037947443458542
            ],
            [
              -17.179313352402833,
              28.038044868038057
            ],
            [
              -17.181129140005243,
              28.037219616386306
            ],
            [
              -17.18137304642223,
              28.035210162508953
            ],
            [
              -17.18234540451392,
              28.035347481831476
            ],
            [
              -17.18405938803574,
              28.03388957229743
            ],
            [
              -17.183023146646775,
              28.031820683889794
            ],
            [
              -17.185160217987537,
              28.02972946724998
            ],
            [
              -17.194983227908132,
              28.029098587758302
            ],
            [
              -17.194984621599136,
              28.029098498248967
            ],
            [
              -17.19623607653461,
              28.02842809110194
            ]
          ]
        ]
      },
      "properties": {
        "island_id": "la-gomera",
        "island_name": "La Gomera"
      }
    },
    {
      "type": "Feature",
      "geometry": {
        "type": "Polygon",
        "coordinates": [
          [
            [
              -17.79883236156893,
              28.51871462226878
            ],
            [
              -17.800524902113967,
              28.517953551494898
            ],
            [
              -17.80086429848894,
              28.51429650114265
            ],
            [
              -17.803455499400183,
              28.512972818181495
            ],
            [
              -17.80453581025623,
              28.511121562163545
            ],
            [
              -17.804263802857758,
              28.50998930913765
            ],
            [
              -17.806248419683186,
              28.50853720160651
            ],
            [
              -17.8058228054784,
              28.506806234986943
            ],
            [
              -17.807703470958067,
              28.503689174027077
            ],
            [
              -17.808363775987573,
              28.501931700930815
            ],
            [
              -17.814233488129045,
              28.49867040464644
            ],
            [
              -17.814791196699264,
              28.49632357731156
            ],
            [
              -17.817181046489186,
              28.494585183058348
            ],
            [
              -17.81844662233932,
              28.491498671430236
            ],
            [
              -17.817881228561163,
              28.48990679809227
            ],
            [
              -17.819128138019757,
              28.489815167128143
            ],
            [
              -17.82139517038589,
              28.4867305794038
            ],
            [
              -17.82149369936084,
              28.485602395200672
            ],
            [
              -17.82017838820861,
              28.48521998649866
            ],
            [
              -17.82186920118076,
              28.485026024863647
            ],
            [
              -17.820957278937456,
              28.48481980702134
            ],
            [
              -17.821280296875653,
              28.48333741105555
            ],
            [
              -17.822539440531653,
              28.48300266272046
            ],
            [
              -17.821666073357523,
              28.482736833191627
            ],
            [
              -17.822764220448658,
              28.482326044836014
            ],
            [
              -17.822447505935436,
              28.48052614879973
            ],
            [
              -17.824455528364723,
              28.4778965802362
            ],
            [
              -17.8237202679536,
              28.476711663816502
            ],
            [
              -17.825309026639385,
              28.475247875955287
            ],
            [
              -17.824774057148197,
              28.474783158238576
            ],
            [
              -17.82556785117705,
              28.473596677895557
            ],
            [
              -17.8264363097243,
              28.472699736938463
            ],
            [
              -17.82643995578894,
              28.471315082554828
            ],
            [
              -17.828160588879555,
              28.47057883453903
            ],
            [
              -17.827411133594325,
              28.46944285335699
            ],
            [
              -17.82936931648891,
              28.468834433411644
            ],
            [
              -17.828959750943454,
              28.468324813710005
            ],
            [
              -17.830993895919583,
              28.466818681326018
            ],
            [
              -17.830485872780613,
              28.46567931174457
            ],
            [
              -17.831640474719187,
              28.465643896797932
            ],
            [
              -17.831001739051366,
              28.465294843369396
            ],
            [
              -17.832181529544396,
              28.463338137375274
            ],
            [
              -17.83195242112554,
              28.46087991811536
            ],
            [
              -17.833298569304652,
              28.456740535711226
            ],
            [
              -17.834683147163187,
              28.456185409415767
            ],
            [
              -17.835227575683255,
              28.456735229312976
            ],
            [
              -17.836604867718183,
              28.454795932035612
            ],
            [
              -17.83920916303763,
              28.454081983053133
            ],
            [
              -17.840158785459955,
              28.452856093788377
            ],
            [
              -17.842254908361742,
              28.452629893700134
            ],
            [
              -17.842611533623348,
              28.454608952854908
            ],
            [
              -17.844509416448577,
              28.455017219592566
            ],
            [
              -17.84392782616768,
              28.45518490175717
            ],
            [
              -17.84429993436678,
              28.45584274611001
            ],
            [
              -17.847973637908513,
              28.45693887092308
            ],
            [
              -17.848714250727667,
              28.456360109632765
            ],
            [
              -17.849529292752564,
              28.457531938183095
            ],
            [
              -17.850383470403816,
              28.45700131171379
            ],
            [
              -17.850196748017492,
              28.457969605240596
            ],
            [
              -17.85166706781051,
              28.45893400751837
            ],
            [
              -17.85455775089241,
              28.458618507532233
            ],
            [
              -17.855617720899055,
              28.460066321465337
            ],
            [
              -17.85694586721343,
              28.460023350226805
            ],
            [
              -17.858113344112937,
              28.463930671730527
            ],
            [
              -17.85898288567989,
              28.463962809492777
            ],
            [
              -17.85914473392628,
              28.46476448570685
            ],
            [
              -17.86082905118666,
              28.464663466084417
            ],
            [
              -17.862153735365492,
              28.466931745452985
            ],
            [
              -17.863653903737568,
              28.466549790068733
            ],
            [
              -17.86311876553757,
              28.467380846267734
            ],
            [
              -17.865060612553545,
              28.468450076434376
            ],
            [
              -17.864632167527393,
              28.469221158030333
            ],
            [
              -17.865634585416984,
              28.4694923791822
            ],
            [
              -17.86624413027746,
              28.47159040642671
            ],
            [
              -17.868720396754096,
              28.47335803528561
            ],
            [
              -17.86801092421041,
              28.473914057763693
            ],
            [
              -17.86859650565226,
              28.4766104514448
            ],
            [
              -17.86766621187492,
              28.47711430570553
            ],
            [
              -17.867880753669127,
              28.47810563660874
            ],
            [
              -17.869147569981514,
              28.47882199816683
            ],
            [
              -17.86935037742486,
              28.480099702169554
            ],
            [
              -17.870641579279408,
              28.480308764305704
            ],
            [
              -17.869510991021365,
              28.48039867575068
            ],
            [
              -17.870779822841378,
              28.481131484754815
            ],
            [
              -17.868449787651457,
              28.482405041891123
            ],
            [
              -17.868359719160686,
              28.483091325154483
            ],
            [
              -17.869541719253576,
              28.483236401096438
            ],
            [
              -17.86807634976825,
              28.484040666320944
            ],
            [
              -17.869139388916413,
              28.484139365672267
            ],
            [
              -17.868592790259967,
              28.484766824078537
            ],
            [
              -17.869493580272948,
              28.484166523836194
            ],
            [
              -17.86925558767328,
              28.48479648679988
            ],
            [
              -17.872445265797815,
              28.487724319586462
            ],
            [
              -17.8729515230241,
              28.490480720202946
            ],
            [
              -17.87464982486958,
              28.49073073884393
            ],
            [
              -17.873119529825495,
              28.491586498582098
            ],
            [
              -17.874700859175903,
              28.49211212788764
            ],
            [
              -17.874695622620425,
              28.494065338947042
            ],
            [
              -17.875817342114072,
              28.494053681677432
            ],
            [
              -17.875207471146123,
              28.494757826736013
            ],
            [
              -17.87619072917675,
              28.495005366640548
            ],
            [
              -17.874729822193025,
              28.495254948872823
            ],
            [
              -17.87503898900321,
              28.49572134523607
            ],
            [
              -17.874240974414878,
              28.496491529425622
            ],
            [
              -17.874992944051304,
              28.496666486244965
            ],
            [
              -17.874739968307082,
              28.49786172319668
            ],
            [
              -17.876858436957303,
              28.50113730303491
            ],
            [
              -17.876091382797238,
              28.50148165762633
            ],
            [
              -17.876985037080484,
              28.502978940378927
            ],
            [
              -17.875788629779624,
              28.503413175815602
            ],
            [
              -17.876859511167098,
              28.5045354889112
            ],
            [
              -17.87629099072164,
              28.50532124722921
            ],
            [
              -17.876833749818243,
              28.50591631724815
            ],
            [
              -17.876141339067278,
              28.506166191270943
            ],
            [
              -17.876696302000223,
              28.506583238242307
            ],
            [
              -17.87599152327491,
              28.506975057084507
            ],
            [
              -17.877452150782982,
              28.507611893036778
            ],
            [
              -17.8759314780068,
              28.507667291098784
            ],
            [
              -17.87626365299006,
              28.508136892968075
            ],
            [
              -17.87543097585611,
              28.508185829134554
            ],
            [
              -17.876009674042727,
              28.508640649336424
            ],
            [
              -17.87475703199069,
              28.50907931726978
            ],
            [
              -17.875536707051644,
              28.510256567152712
            ],
            [
              -17.874598094401147,
              28.512295657643737
            ],
            [
              -17.876155949886126,
              28.51258415260381
            ],
            [
              -17.87511722713695,
              28.513091088808824
            ],
            [
              -17.875775510502216,
              28.513670147769158
            ],
            [
              -17.87690242975664,
              28.513511418772005
            ],
            [
              -17.876221038235656,
              28.514296737728873
            ],
            [
              -17.875043365138513,
              28.51462521763248
            ],
            [
              -17.87530130465419,
              28.516433665406918
            ],
            [
              -17.876395027432633,
              28.51696930975941
            ],
            [
              -17.87560583163344,
              28.51865227424987
            ],
            [
              -17.875197874606208,
              28.52117056695634
            ],
            [
              -17.87677923731677,
              28.52295466956678
            ],
            [
              -17.878408114223404,
              28.52320473149363
            ],
            [
              -17.878037561207908,
              28.52400457714857
            ],
            [
              -17.878905630379336,
              28.523615070939744
            ],
            [
              -17.8791632511289,
              28.524183662817517
            ],
            [
              -17.880179476906026,
              28.52571135031927
            ],
            [
              -17.877557698686704,
              28.5265022081568
            ],
            [
              -17.878868648824096,
              28.52780274764226
            ],
            [
              -17.87835115720886,
              28.53122621657162
            ],
            [
              -17.879452527163128,
              28.533421951160015
            ],
            [
              -17.88009319574471,
              28.54015602748842
            ],
            [
              -17.881443426165276,
              28.541713226748133
            ],
            [
              -17.883378939728395,
              28.54161410872719
            ],
            [
              -17.882616319835403,
              28.54247786320029
            ],
            [
              -17.884223632007448,
              28.5485795086719
            ],
            [
              -17.88749018442667,
              28.551512959002356
            ],
            [
              -17.887656265140787,
              28.55166210386923
            ],
            [
              -17.88886894200399,
              28.551407854098272
            ],
            [
              -17.889973213094546,
              28.55374662970549
            ],
            [
              -17.89141138488499,
              28.553782939070942
            ],
            [
              -17.89231221325976,
              28.556046441576296
            ],
            [
              -17.893624237278758,
              28.557198390634344
            ],
            [
              -17.893778232138757,
              28.56058244998229
            ],
            [
              -17.895613147028207,
              28.5618493296855
            ],
            [
              -17.895640442042183,
              28.563722253860018
            ],
            [
              -17.898602230245686,
              28.56698348131686
            ],
            [
              -17.898036173736838,
              28.56874189812242
            ],
            [
              -17.8988518202208,
              28.569426237966777
            ],
            [
              -17.899054153663027,
              28.57150531536263
            ],
            [
              -17.900225015930168,
              28.57259950594654
            ],
            [
              -17.90214461918591,
              28.57210273070377
            ],
            [
              -17.902407199675125,
              28.57284966680822
            ],
            [
              -17.903474179657472,
              28.57263820998465
            ],
            [
              -17.90561263893589,
              28.57403292625254
            ],
            [
              -17.90584571680908,
              28.575749435970728
            ],
            [
              -17.9068765993858,
              28.575584547461084
            ],
            [
              -17.906617489530756,
              28.577765592915934
            ],
            [
              -17.90764392832927,
              28.57814398862478
            ],
            [
              -17.908224275087623,
              28.58101069279752
            ],
            [
              -17.91028268608206,
              28.581822902028375
            ],
            [
              -17.910055118304616,
              28.58375322440068
            ],
            [
              -17.911253111739097,
              28.586567039468687
            ],
            [
              -17.915424124806297,
              28.59021705975859
            ],
            [
              -17.918150670927876,
              28.59103299198624
            ],
            [
              -17.91847968290388,
              28.592002067904485
            ],
            [
              -17.91849234764351,
              28.592039370784274
            ],
            [
              -17.92149703572565,
              28.593263057391873
            ],
            [
              -17.925172637010782,
              28.59512311960838
            ],
            [
              -17.925923731220763,
              28.596237392919818
            ],
            [
              -17.92626747127594,
              28.599722367777048
            ],
            [
              -17.925045492323203,
              28.59969607420672
            ],
            [
              -17.924167524183495,
              28.600613695513896
            ],
            [
              -17.923807062040936,
              28.602422065079963
            ],
            [
              -17.924867906838802,
              28.60452502350193
            ],
            [
              -17.92321630595312,
              28.606595149187957
            ],
            [
              -17.9239592495423,
              28.610300443995925
            ],
            [
              -17.925542589681488,
              28.615037249005127
            ],
            [
              -17.929175676658247,
              28.621414747798497
            ],
            [
              -17.932274894413624,
              28.624312479486267
            ],
            [
              -17.93485664939121,
              28.630609084503234
            ],
            [
              -17.937467080861936,
              28.633946167049647
            ],
            [
              -17.93867413954492,
              28.640796005753337
            ],
            [
              -17.940482833130346,
              28.642251460216006
            ],
            [
              -17.94170746296914,
              28.641933142701525
            ],
            [
              -17.942101654812728,
              28.6431735413487
            ],
            [
              -17.942336321191377,
              28.643909063345156
            ],
            [
              -17.942012834350148,
              28.64424194815658
            ],
            [
              -17.94269382228703,
              28.64517342203258
            ],
            [
              -17.944091678163048,
              28.646469448150697
            ],
            [
              -17.944436278923696,
              28.645492712887616
            ],
            [
              -17.944358324634564,
              28.645260060940352
            ],
            [
              -17.94427378972094,
              28.645007789322612
            ],
            [
              -17.944271000247213,
              28.644999443391537
            ],
            [
              -17.944143487191504,
              28.644713379598976
            ],
            [
              -17.943911514888352,
              28.64402324708967
            ],
            [
              -17.943764618835296,
              28.643578401946964
            ],
            [
              -17.94376093921535,
              28.643569299640344
            ],
            [
              -17.94380624273877,
              28.642515395877325
            ],
            [
              -17.943466891437904,
              28.641101537839337
            ],
            [
              -17.94392049409001,
              28.641019064629862
            ],
            [
              -17.944023585601848,
              28.641486412816878
            ],
            [
              -17.944851585804425,
              28.6412101349185
            ],
            [
              -17.944683371277634,
              28.640293987663245
            ],
            [
              -17.945002954964345,
              28.64019433253513
            ],
            [
              -17.94444282441667,
              28.638507068124657
            ],
            [
              -17.94475897171965,
              28.63841772214773
            ],
            [
              -17.946042026421267,
              28.642740026681352
            ],
            [
              -17.94528558220859,
              28.643202776305106
            ],
            [
              -17.945452138371863,
              28.646822928751124
            ],
            [
              -17.946680061565758,
              28.650670514026217
            ],
            [
              -17.94840733213797,
              28.651753138323336
            ],
            [
              -17.948996162929248,
              28.650434764331052
            ],
            [
              -17.94993289238538,
              28.652119115862632
            ],
            [
              -17.950595342919485,
              28.653310281107213
            ],
            [
              -17.955289582593398,
              28.65740454841117
            ],
            [
              -17.956394283796605,
              28.661253290997195
            ],
            [
              -17.95811401062532,
              28.663893890686506
            ],
            [
              -17.964282690070526,
              28.66792443690168
            ],
            [
              -17.963404593292534,
              28.6702150615575
            ],
            [
              -17.962800287407124,
              28.67104828319624
            ],
            [
              -17.962899724144634,
              28.67520786495723
            ],
            [
              -17.963720432172636,
              28.676774041706317
            ],
            [
              -17.96499244646055,
              28.677978095286498
            ],
            [
              -17.964274985345952,
              28.67773594294364
            ],
            [
              -17.96439557277183,
              28.67839652910226
            ],
            [
              -17.96586158605731,
              28.67961670577353
            ],
            [
              -17.966543589470398,
              28.679366241801826
            ],
            [
              -17.966140438036888,
              28.67978476394106
            ],
            [
              -17.96770914998802,
              28.681301041796836
            ],
            [
              -17.96510799870038,
              28.682871979573097
            ],
            [
              -17.966220567555023,
              28.68404424420117
            ],
            [
              -17.965883661611745,
              28.68492637570025
            ],
            [
              -17.967147971001964,
              28.686867760357128
            ],
            [
              -17.966629305389137,
              28.687633703061863
            ],
            [
              -17.967598739070976,
              28.688672659360968
            ],
            [
              -17.967640055700564,
              28.690158849526338
            ],
            [
              -17.970013224097052,
              28.690886236666486
            ],
            [
              -17.968952383127572,
              28.690876339479036
            ],
            [
              -17.969352386342916,
              28.691416781502607
            ],
            [
              -17.968285085980597,
              28.69197286089513
            ],
            [
              -17.969560759022325,
              28.692225241797455
            ],
            [
              -17.968011364414824,
              28.692969055796294
            ],
            [
              -17.96909195863008,
              28.69321439255794
            ],
            [
              -17.96929804752542,
              28.69550787829516
            ],
            [
              -17.971402387583673,
              28.696294744495734
            ],
            [
              -17.97068499631732,
              28.697368602344547
            ],
            [
              -17.97166969438757,
              28.69847319208409
            ],
            [
              -17.97037053270693,
              28.69896319347959
            ],
            [
              -17.97183027082943,
              28.70123972905889
            ],
            [
              -17.973050429435013,
              28.70125800079605
            ],
            [
              -17.972358357853608,
              28.70178247536753
            ],
            [
              -17.974090064449523,
              28.702604335710625
            ],
            [
              -17.973548317666406,
              28.703405122337635
            ],
            [
              -17.974824887556498,
              28.704099791099114
            ],
            [
              -17.97323465928845,
              28.70738604354973
            ],
            [
              -17.974642682226925,
              28.709448012342104
            ],
            [
              -17.973523417468293,
              28.710046765640826
            ],
            [
              -17.977689533638685,
              28.713536414493348
            ],
            [
              -17.980613567765634,
              28.71803657743256
            ],
            [
              -17.980265371558506,
              28.72045189304476
            ],
            [
              -17.979519799846464,
              28.72199293898151
            ],
            [
              -17.981187545360285,
              28.723831085786973
            ],
            [
              -17.981196481646883,
              28.725032315404036
            ],
            [
              -17.980457007799902,
              28.726287577606726
            ],
            [
              -17.981734921154622,
              28.72892714409984
            ],
            [
              -17.9852381351437,
              28.730294651387794
            ],
            [
              -17.98599553028265,
              28.73263106163391
            ],
            [
              -17.989376274056244,
              28.733159622671334
            ],
            [
              -17.990071403587002,
              28.736273253307175
            ],
            [
              -17.991727501314934,
              28.737228388303482
            ],
            [
              -17.991058754641923,
              28.739347259477896
            ],
            [
              -17.99204476260878,
              28.74008571885701
            ],
            [
              -17.99332211805175,
              28.74104237959306
            ],
            [
              -17.994494699039073,
              28.74399954603339
            ],
            [
              -18.000448033256443,
              28.747194037133152
            ],
            [
              -18.000615853142918,
              28.749632999625398
            ],
            [
              -18.001510289364333,
              28.75046340114999
            ],
            [
              -18.000941661806554,
              28.75178397161936
            ],
            [
              -18.00263021510433,
              28.75313834115825
            ],
            [
              -18.00476541483968,
              28.753279626105197
            ],
            [
              -18.005148148185086,
              28.75585612201993
            ],
            [
              -18.007175051118722,
              28.75780098466315
            ],
            [
              -18.00426287430051,
              28.760411680917937
            ],
            [
              -18.00366398235875,
              28.762814293836307
            ],
            [
              -18.003993953196094,
              28.765330991574427
            ],
            [
              -18.006047330295296,
              28.767011268933544
            ],
            [
              -18.00535138269839,
              28.767351378956445
            ],
            [
              -18.006362369741712,
              28.7698568081924
            ],
            [
              -18.006060150336857,
              28.771701338331294
            ],
            [
              -18.006763425109646,
              28.776089113007973
            ],
            [
              -18.005736623749055,
              28.781551770050605
            ],
            [
              -18.00452730016728,
              28.783404592598604
            ],
            [
              -18.005833961144116,
              28.78458424000463
            ],
            [
              -18.003449579473568,
              28.785328816226144
            ],
            [
              -18.003313751642374,
              28.786543094478837
            ],
            [
              -18.00085314160799,
              28.78630941097036
            ],
            [
              -17.9984808913966,
              28.787471149510576
            ],
            [
              -17.998288844368673,
              28.788728985713295
            ],
            [
              -17.996284538569846,
              28.79015646462438
            ],
            [
              -17.996644498154378,
              28.792288087939255
            ],
            [
              -17.99565195396424,
              28.793131922294275
            ],
            [
              -17.99583731985462,
              28.794788141119486
            ],
            [
              -17.994951584962124,
              28.796086180413187
            ],
            [
              -17.993179523781397,
              28.795091799462952
            ],
            [
              -17.991516667998205,
              28.795014791371933
            ],
            [
              -17.990777158661242,
              28.795953108497038
            ],
            [
              -17.99032681547743,
              28.794987232612478
            ],
            [
              -17.988059692890165,
              28.79555815833414
            ],
            [
              -17.988069390034987,
              28.79566543334834
            ],
            [
              -17.98819089241579,
              28.79700955781645
            ],
            [
              -17.98693406955603,
              28.798815961465
            ],
            [
              -17.984621457918145,
              28.798440554465913
            ],
            [
              -17.984790041341505,
              28.799389892992064
            ],
            [
              -17.983910804852638,
              28.79918866985092
            ],
            [
              -17.98108401008907,
              28.801300864389496
            ],
            [
              -17.978479694307644,
              28.804414090643416
            ],
            [
              -17.977167318708574,
              28.808184391114764
            ],
            [
              -17.978381924363664,
              28.809898403277884
            ],
            [
              -17.977659267948404,
              28.81067110910647
            ],
            [
              -17.97871392124778,
              28.81083036825487
            ],
            [
              -17.97890025421757,
              28.812160709268866
            ],
            [
              -17.97804338233428,
              28.81185613494467
            ],
            [
              -17.977522187556875,
              28.812401588345192
            ],
            [
              -17.976410448449247,
              28.81106430548353
            ],
            [
              -17.9753193557138,
              28.811049722789456
            ],
            [
              -17.97196633975298,
              28.814089124468673
            ],
            [
              -17.971986752012075,
              28.815072847254292
            ],
            [
              -17.972978503971234,
              28.815241563258557
            ],
            [
              -17.970357808632105,
              28.8158627192783
            ],
            [
              -17.971087067665895,
              28.817274901482403
            ],
            [
              -17.970556096470954,
              28.81830445181818
            ],
            [
              -17.971030904898747,
              28.818709509452113
            ],
            [
              -17.970116318649584,
              28.820367180060178
            ],
            [
              -17.96863113659283,
              28.819658955673813
            ],
            [
              -17.966672622391638,
              28.822433240348854
            ],
            [
              -17.967421235330214,
              28.824888430847146
            ],
            [
              -17.968376169497994,
              28.82536508862746
            ],
            [
              -17.968249395635706,
              28.826356355340444
            ],
            [
              -17.967636060501018,
              28.82570082252162
            ],
            [
              -17.96681163073501,
              28.826133646973794
            ],
            [
              -17.967598129026186,
              28.827458014803536
            ],
            [
              -17.96682242637553,
              28.82764165390397
            ],
            [
              -17.96600089001316,
              28.826552094826564
            ],
            [
              -17.96572843802323,
              28.826661075246818
            ],
            [
              -17.96294167504713,
              28.82666243125996
            ],
            [
              -17.95593210277629,
              28.830473177247924
            ],
            [
              -17.955486697432335,
              28.830874877177568
            ],
            [
              -17.95508969317941,
              28.830834395817412
            ],
            [
              -17.949825270709397,
              28.83540527040228
            ],
            [
              -17.948982856277453,
              28.837664182520157
            ],
            [
              -17.949451800079032,
              28.83884951659933
            ],
            [
              -17.948379960222297,
              28.839147871149958
            ],
            [
              -17.949225876225714,
              28.839672434203656
            ],
            [
              -17.948816955058806,
              28.84041416388865
            ],
            [
              -17.947725709853934,
              28.840496248066565
            ],
            [
              -17.947508228318796,
              28.83953850624766
            ],
            [
              -17.945992409814995,
              28.840128445532027
            ],
            [
              -17.946401301440716,
              28.841671158698176
            ],
            [
              -17.94642073195066,
              28.842498964202
            ],
            [
              -17.94526860429633,
              28.842358021052885
            ],
            [
              -17.94542168439387,
              28.841727233905438
            ],
            [
              -17.943599584686933,
              28.841919422060077
            ],
            [
              -17.942730788502054,
              28.84061275803637
            ],
            [
              -17.941264831366333,
              28.842656087242034
            ],
            [
              -17.941175663972768,
              28.841772786772644
            ],
            [
              -17.939091528889602,
              28.84095149515301
            ],
            [
              -17.934719934569973,
              28.842252531622762
            ],
            [
              -17.9329337210989,
              28.844032473320976
            ],
            [
              -17.929175840457933,
              28.844848136199865
            ],
            [
              -17.928092640522983,
              28.845850345187483
            ],
            [
              -17.928208042565792,
              28.847103488714975
            ],
            [
              -17.92696208005558,
              28.84609057787221
            ],
            [
              -17.92606409344774,
              28.84690452795455
            ],
            [
              -17.926599970522588,
              28.847940789362863
            ],
            [
              -17.925136517675803,
              28.8475213277704
            ],
            [
              -17.924821029426344,
              28.848231488931475
            ],
            [
              -17.924252827478455,
              28.848342614470393
            ],
            [
              -17.923190662700943,
              28.850093944053633
            ],
            [
              -17.92559590790085,
              28.85292394527385
            ],
            [
              -17.92387055853279,
              28.85276905607444
            ],
            [
              -17.92374816611626,
              28.85303795965447
            ],
            [
              -17.92307297871431,
              28.8535906424507
            ],
            [
              -17.92211341707196,
              28.855170924672557
            ],
            [
              -17.92272349040578,
              28.855543363091368
            ],
            [
              -17.922715557042007,
              28.856024256977467
            ],
            [
              -17.921292913812984,
              28.856053179487883
            ],
            [
              -17.919757633517133,
              28.857546890617673
            ],
            [
              -17.918435760770592,
              28.85655325496402
            ],
            [
              -17.91892879732847,
              28.856127137708295
            ],
            [
              -17.918217029126453,
              28.8562116748843
            ],
            [
              -17.917661359208658,
              28.853855271418734
            ],
            [
              -17.9167414375682,
              28.853249010092323
            ],
            [
              -17.91585419329586,
              28.85489455115156
            ],
            [
              -17.916259309159308,
              28.855601826420294
            ],
            [
              -17.915493202022674,
              28.85550225688741
            ],
            [
              -17.914745200620782,
              28.856490702329772
            ],
            [
              -17.91429428403811,
              28.856541956812446
            ],
            [
              -17.91415128607952,
              28.857574371772944
            ],
            [
              -17.913533874402724,
              28.85688402009844
            ],
            [
              -17.910660017966407,
              28.85770887533008
            ],
            [
              -17.90959666002057,
              28.854608827878053
            ],
            [
              -17.908046780326796,
              28.854331487952837
            ],
            [
              -17.90744411097103,
              28.855835593647992
            ],
            [
              -17.906560340350833,
              28.85565151468682
            ],
            [
              -17.905940755652548,
              28.8544567236813
            ],
            [
              -17.90498806152728,
              28.85456378594699
            ],
            [
              -17.905673134440562,
              28.852336427053274
            ],
            [
              -17.90344115409218,
              28.85226583610368
            ],
            [
              -17.904734485241963,
              28.850152464419928
            ],
            [
              -17.903817665726077,
              28.849359951828546
            ],
            [
              -17.9050432199151,
              28.849062019399106
            ],
            [
              -17.904881503567175,
              28.84785883709497
            ],
            [
              -17.90288877314981,
              28.84620578459882
            ],
            [
              -17.900301896255048,
              28.846285528680742
            ],
            [
              -17.89588797772625,
              28.842097755295153
            ],
            [
              -17.88840863507097,
              28.83988140549632
            ],
            [
              -17.885697527398168,
              28.840716271276513
            ],
            [
              -17.885449851549872,
              28.843438828039847
            ],
            [
              -17.883489646116434,
              28.8417106807584
            ],
            [
              -17.883634288979774,
              28.83939247815197
            ],
            [
              -17.882817151150117,
              28.838678658013364
            ],
            [
              -17.880434198668848,
              28.837796243838472
            ],
            [
              -17.877438089995945,
              28.837998666119365
            ],
            [
              -17.868416991248104,
              28.83533003391702
            ],
            [
              -17.86425391660935,
              28.836426029960382
            ],
            [
              -17.86271538415474,
              28.83610505155158
            ],
            [
              -17.862726056012615,
              28.83527468485341
            ],
            [
              -17.862069303098405,
              28.836063666766144
            ],
            [
              -17.86234559730386,
              28.834330103266655
            ],
            [
              -17.85811386099436,
              28.832766218033203
            ],
            [
              -17.852117201888404,
              28.83331089932742
            ],
            [
              -17.848397813842407,
              28.834938886063306
            ],
            [
              -17.84688789338675,
              28.835599782545106
            ],
            [
              -17.843953331968617,
              28.83536321996465
            ],
            [
              -17.843261358779117,
              28.83640049167604
            ],
            [
              -17.8425495291764,
              28.834727687526772
            ],
            [
              -17.837603346969985,
              28.8349210676694
            ],
            [
              -17.83409326991097,
              28.836457540645917
            ],
            [
              -17.825574224254616,
              28.8377184962041
            ],
            [
              -17.822020969960253,
              28.839987279618164
            ],
            [
              -17.81451497011546,
              28.83910478812449
            ],
            [
              -17.80893645313794,
              28.842015294354436
            ],
            [
              -17.80835560192229,
              28.84329058908258
            ],
            [
              -17.80930442272278,
              28.844704229091505
            ],
            [
              -17.80888745404925,
              28.84534345051578
            ],
            [
              -17.80778371202018,
              28.84465622329916
            ],
            [
              -17.807492779559965,
              28.843158393505572
            ],
            [
              -17.802685871360858,
              28.841754269826186
            ],
            [
              -17.79906704065635,
              28.84279931351277
            ],
            [
              -17.800197281405428,
              28.84341915246789
            ],
            [
              -17.799779524126507,
              28.84403245801017
            ],
            [
              -17.798627780092914,
              28.84362511347776
            ],
            [
              -17.79862244004151,
              28.84269133489141
            ],
            [
              -17.797165779253994,
              28.843300916170985
            ],
            [
              -17.79598679965024,
              28.8410962940724
            ],
            [
              -17.79458577575419,
              28.84178567822884
            ],
            [
              -17.792748982939354,
              28.841562986247126
            ],
            [
              -17.792161621113248,
              28.84240660230039
            ],
            [
              -17.790662591907818,
              28.842097911006505
            ],
            [
              -17.78876101594101,
              28.843978228796413
            ],
            [
              -17.7877277593632,
              28.84342829495345
            ],
            [
              -17.78807794406976,
              28.841031594016364
            ],
            [
              -17.78744044388199,
              28.840183607090307
            ],
            [
              -17.78321775647122,
              28.840973439279104
            ],
            [
              -17.782883967119247,
              28.839758005602615
            ],
            [
              -17.78181992053832,
              28.84096628536339
            ],
            [
              -17.781892041690057,
              28.83987094024892
            ],
            [
              -17.78089646811015,
              28.839165056409097
            ],
            [
              -17.780481749190482,
              28.83894571853625
            ],
            [
              -17.77953092341651,
              28.839945897862894
            ],
            [
              -17.778413726045297,
              28.839493055395096
            ],
            [
              -17.77805887057093,
              28.839495723656437
            ],
            [
              -17.777446203096417,
              28.840240234239367
            ],
            [
              -17.777348818751424,
              28.838610093862442
            ],
            [
              -17.77825732229266,
              28.837493806115283
            ],
            [
              -17.77737977593492,
              28.83736061598608
            ],
            [
              -17.777058720763108,
              28.836319490594164
            ],
            [
              -17.777495195172257,
              28.835233211514613
            ],
            [
              -17.77601277786789,
              28.834921075697753
            ],
            [
              -17.77673607596321,
              28.83432121019853
            ],
            [
              -17.775768589890188,
              28.8339691382822
            ],
            [
              -17.776412976278458,
              28.83269326242791
            ],
            [
              -17.774918499743208,
              28.830933138608305
            ],
            [
              -17.774038319811353,
              28.83091737071877
            ],
            [
              -17.773465033608822,
              28.8322143700104
            ],
            [
              -17.773018993488137,
              28.83178852245205
            ],
            [
              -17.77423454830026,
              28.829526783198457
            ],
            [
              -17.774571493011564,
              28.826640127389087
            ],
            [
              -17.77451145448471,
              28.825367262049777
            ],
            [
              -17.77316211815701,
              28.825165366915503
            ],
            [
              -17.77322566281119,
              28.824203448028552
            ],
            [
              -17.772605434285705,
              28.82388342684246
            ],
            [
              -17.770130516664214,
              28.825252822359985
            ],
            [
              -17.76941897232464,
              28.824742155306854
            ],
            [
              -17.771101494643812,
              28.821411815531512
            ],
            [
              -17.769697086208573,
              28.819115401607668
            ],
            [
              -17.770355265488842,
              28.818537792731004
            ],
            [
              -17.77024231658071,
              28.818445594840036
            ],
            [
              -17.76882665598622,
              28.817290019958467
            ],
            [
              -17.768479277963113,
              28.81594546016756
            ],
            [
              -17.7655951477131,
              28.81491674611042
            ],
            [
              -17.766330267011433,
              28.813709352112255
            ],
            [
              -17.765438491955127,
              28.81115978622943
            ],
            [
              -17.76410673674562,
              28.810887033451042
            ],
            [
              -17.764390478684653,
              28.812046467141354
            ],
            [
              -17.762308107731503,
              28.811679452036664
            ],
            [
              -17.762160812045746,
              28.811020106311943
            ],
            [
              -17.763066743011525,
              28.81140059395964
            ],
            [
              -17.76358062201972,
              28.810485790765863
            ],
            [
              -17.763202497237007,
              28.80992326645463
            ],
            [
              -17.763018322021424,
              28.810148358840166
            ],
            [
              -17.762240006928472,
              28.81013455905745
            ],
            [
              -17.763019104682062,
              28.809157541916687
            ],
            [
              -17.7617915832292,
              28.80895243970288
            ],
            [
              -17.76110256912631,
              28.807680066993825
            ],
            [
              -17.761698867370782,
              28.805579398667188
            ],
            [
              -17.760776650157577,
              28.80486084323155
            ],
            [
              -17.75996995383678,
              28.805633419270706
            ],
            [
              -17.760126181740894,
              28.804010802742045
            ],
            [
              -17.759109476425294,
              28.804127597897853
            ],
            [
              -17.759667024324713,
              28.801675628706565
            ],
            [
              -17.759151819273495,
              28.800789871718
            ],
            [
              -17.75864294681672,
              28.796144009131954
            ],
            [
              -17.758545255010574,
              28.792099094722715
            ],
            [
              -17.757014376117557,
              28.789363156431552
            ],
            [
              -17.758172047097275,
              28.787448906779105
            ],
            [
              -17.757456930029043,
              28.786377014914184
            ],
            [
              -17.756376484030053,
              28.787005010448578
            ],
            [
              -17.754460805865705,
              28.786185838469937
            ],
            [
              -17.755861652699263,
              28.785343534911625
            ],
            [
              -17.753372179557445,
              28.78255307733007
            ],
            [
              -17.75223622142725,
              28.781279778605338
            ],
            [
              -17.753153837327922,
              28.780814226932954
            ],
            [
              -17.753447637212005,
              28.77902766854616
            ],
            [
              -17.75253320690406,
              28.776145984477836
            ],
            [
              -17.750090228469812,
              28.77188912742665
            ],
            [
              -17.744694420638332,
              28.76762330346192
            ],
            [
              -17.74326071828096,
              28.762631605834514
            ],
            [
              -17.741511285096873,
              28.76046095225394
            ],
            [
              -17.739016593532146,
              28.758709373790282
            ],
            [
              -17.737425392644603,
              28.759156249301157
            ],
            [
              -17.736430425555678,
              28.758269525370597
            ],
            [
              -17.73542566268809,
              28.758816106175004
            ],
            [
              -17.735046821874953,
              28.756949767456714
            ],
            [
              -17.733303404313457,
              28.756130756053533
            ],
            [
              -17.734401681807277,
              28.75308887566694
            ],
            [
              -17.732616686954575,
              28.75088573786103
            ],
            [
              -17.730751958566216,
              28.750099279838015
            ],
            [
              -17.731010088436786,
              28.7481780516545
            ],
            [
              -17.7300808130122,
              28.7477227241803
            ],
            [
              -17.729933419686784,
              28.744112101570554
            ],
            [
              -17.72771971153933,
              28.74249285701292
            ],
            [
              -17.72636691943288,
              28.743399629132824
            ],
            [
              -17.724765211238385,
              28.743049302120387
            ],
            [
              -17.72541856536214,
              28.74037802945714
            ],
            [
              -17.72427918281587,
              28.738429109754993
            ],
            [
              -17.726442682281075,
              28.735400297356346
            ],
            [
              -17.725722932703686,
              28.73509153233523
            ],
            [
              -17.725930996804475,
              28.734196287737824
            ],
            [
              -17.72731598452732,
              28.732155962558977
            ],
            [
              -17.729226331499433,
              28.73141821591893
            ],
            [
              -17.729225537569565,
              28.72994489425368
            ],
            [
              -17.730531091852317,
              28.73010756738135
            ],
            [
              -17.731500180363277,
              28.729282931027708
            ],
            [
              -17.730994568794802,
              28.726840165914112
            ],
            [
              -17.733056372712028,
              28.725060792801315
            ],
            [
              -17.733223162416635,
              28.723536147056215
            ],
            [
              -17.732187947921926,
              28.72227068022032
            ],
            [
              -17.732596384805458,
              28.720218530185015
            ],
            [
              -17.734984058014582,
              28.719126296666992
            ],
            [
              -17.73875400633671,
              28.71484675248836
            ],
            [
              -17.74148191421735,
              28.71480997324975
            ],
            [
              -17.74374583491534,
              28.713627821653972
            ],
            [
              -17.744635572814435,
              28.7120009099093
            ],
            [
              -17.74644245098408,
              28.71211611161018
            ],
            [
              -17.74770818140423,
              28.709717378433226
            ],
            [
              -17.75156842575121,
              28.706774992001545
            ],
            [
              -17.7521649096685,
              28.705389318882357
            ],
            [
              -17.75263790003608,
              28.70429052976334
            ],
            [
              -17.75611191472936,
              28.701891873125774
            ],
            [
              -17.757789572083837,
              28.698418252782037
            ],
            [
              -17.759278685773655,
              28.69710980385115
            ],
            [
              -17.759467149765506,
              28.68865101833626
            ],
            [
              -17.759551514352676,
              28.687437311236557
            ],
            [
              -17.75998604145951,
              28.686438089722845
            ],
            [
              -17.762423748315268,
              28.684810910448874
            ],
            [
              -17.763733893095733,
              28.682857869196603
            ],
            [
              -17.76462818651152,
              28.681858568811663
            ],
            [
              -17.76573813681435,
              28.67968452366893
            ],
            [
              -17.766417919117824,
              28.679333998649508
            ],
            [
              -17.767595850124184,
              28.67914915600416
            ],
            [
              -17.768747635823374,
              28.677330860069656
            ],
            [
              -17.768577143183467,
              28.676289848828997
            ],
            [
              -17.768141397072952,
              28.673629226063284
            ],
            [
              -17.769244111227422,
              28.673609519131553
            ],
            [
              -17.76917433048861,
              28.672909030274365
            ],
            [
              -17.768810492015945,
              28.671465454837712
            ],
            [
              -17.7688983915441,
              28.66951536867796
            ],
            [
              -17.768304430447746,
              28.66883616775073
            ],
            [
              -17.76831553743791,
              28.668171575827763
            ],
            [
              -17.76638054163628,
              28.664552697941826
            ],
            [
              -17.766323549727055,
              28.664501329293454
            ],
            [
              -17.763742751402773,
              28.662175172415328
            ],
            [
              -17.762970023683962,
              28.662990096625776
            ],
            [
              -17.76120956840402,
              28.661824107644858
            ],
            [
              -17.762928103767532,
              28.660613362000745
            ],
            [
              -17.762419132278566,
              28.660065189105623
            ],
            [
              -17.761576996918993,
              28.66058266543968
            ],
            [
              -17.761728647576934,
              28.659478383055262
            ],
            [
              -17.761164893367372,
              28.659613678434216
            ],
            [
              -17.761221789967777,
              28.65883890003327
            ],
            [
              -17.76006857290355,
              28.658452160676415
            ],
            [
              -17.76069354255397,
              28.657878594943064
            ],
            [
              -17.760006789305343,
              28.657249964594584
            ],
            [
              -17.761301177263054,
              28.656265921639342
            ],
            [
              -17.761489089024824,
              28.655803564083115
            ],
            [
              -17.762012297434495,
              28.655885711301767
            ],
            [
              -17.76207744684962,
              28.654895529628483
            ],
            [
              -17.76008873630484,
              28.654497167643566
            ],
            [
              -17.76152622851129,
              28.654055851687477
            ],
            [
              -17.76002889930485,
              28.653619930385954
            ],
            [
              -17.760420508434922,
              28.653149126509295
            ],
            [
              -17.75936314516379,
              28.6521013855255
            ],
            [
              -17.75831977551624,
              28.652307612651725
            ],
            [
              -17.7587018226871,
              28.651143637829957
            ],
            [
              -17.757400208086953,
              28.651182427112673
            ],
            [
              -17.75829084385,
              28.650180144757346
            ],
            [
              -17.75602962989229,
              28.64947673061056
            ],
            [
              -17.756782480144786,
              28.647873476916722
            ],
            [
              -17.755843929010506,
              28.647495222382375
            ],
            [
              -17.756815627941744,
              28.64696204815979
            ],
            [
              -17.755525446785057,
              28.646613882010417
            ],
            [
              -17.756222049595532,
              28.646121961535584
            ],
            [
              -17.757144391898933,
              28.64627635126787
            ],
            [
              -17.75669601675848,
              28.64520355954822
            ],
            [
              -17.75790041315535,
              28.6445631823503
            ],
            [
              -17.757806556960148,
              28.64366527381767
            ],
            [
              -17.756458193238206,
              28.643008057752557
            ],
            [
              -17.757804236887324,
              28.642853903932426
            ],
            [
              -17.757242397128884,
              28.642430005487483
            ],
            [
              -17.757904995984585,
              28.642171686292038
            ],
            [
              -17.756981999729973,
              28.642072222704712
            ],
            [
              -17.757735150377787,
              28.642003661368875
            ],
            [
              -17.757630258732885,
              28.641137098675316
            ],
            [
              -17.756733783827503,
              28.64083547866217
            ],
            [
              -17.757878341007206,
              28.64076652436628
            ],
            [
              -17.757964942038406,
              28.639422290788993
            ],
            [
              -17.756740230379677,
              28.639213594218752
            ],
            [
              -17.75730850212133,
              28.637926216079876
            ],
            [
              -17.754395777669764,
              28.637425651982902
            ],
            [
              -17.75437422644433,
              28.633564511098633
            ],
            [
              -17.75365438020146,
              28.632941002716038
            ],
            [
              -17.754417320656696,
              28.632703214320713
            ],
            [
              -17.753618534601063,
              28.6320764758838
            ],
            [
              -17.753625355759286,
              28.630950840669872
            ],
            [
              -17.75369961942985,
              28.63035716740872
            ],
            [
              -17.75393944547158,
              28.628439967420825
            ],
            [
              -17.752676371088693,
              28.62756735515709
            ],
            [
              -17.75297420327502,
              28.626561256148214
            ],
            [
              -17.750590177232336,
              28.62607133310799
            ],
            [
              -17.75106804317926,
              28.624860507324673
            ],
            [
              -17.751394398944047,
              28.624684647759214
            ],
            [
              -17.75036572127322,
              28.624760657792613
            ],
            [
              -17.751134470647507,
              28.624212907623352
            ],
            [
              -17.749903966257826,
              28.62439422679865
            ],
            [
              -17.750877806619833,
              28.623850522930294
            ],
            [
              -17.750637438453715,
              28.622842909170316
            ],
            [
              -17.750223281291856,
              28.62247839888002
            ],
            [
              -17.750921817255737,
              28.622320061096428
            ],
            [
              -17.75018263023195,
              28.622056509097128
            ],
            [
              -17.75030764750412,
              28.62117777933973
            ],
            [
              -17.751248949505033,
              28.621026057425517
            ],
            [
              -17.750088644025954,
              28.620628257862414
            ],
            [
              -17.75286354647866,
              28.61707840492095
            ],
            [
              -17.75194260923327,
              28.616327867273146
            ],
            [
              -17.75357601336135,
              28.615557513652636
            ],
            [
              -17.753520068629612,
              28.61495113804536
            ],
            [
              -17.75447711949323,
              28.614396710212375
            ],
            [
              -17.75513481946946,
              28.614434639580573
            ],
            [
              -17.754423226421373,
              28.613639183634202
            ],
            [
              -17.755503278512176,
              28.613823264152266
            ],
            [
              -17.75547777818,
              28.613367132005077
            ],
            [
              -17.75647418443102,
              28.61245840412792
            ],
            [
              -17.755962936792283,
              28.612041408794695
            ],
            [
              -17.756831690682326,
              28.611753560807113
            ],
            [
              -17.755772900281077,
              28.61156789379746
            ],
            [
              -17.756789838449954,
              28.611255111470538
            ],
            [
              -17.755216565871066,
              28.609167317049998
            ],
            [
              -17.756659265313324,
              28.607943888416
            ],
            [
              -17.756322494615926,
              28.607217889975175
            ],
            [
              -17.755067635906364,
              28.607206245702297
            ],
            [
              -17.75559524366283,
              28.60489457990858
            ],
            [
              -17.75491421424489,
              28.604610741122638
            ],
            [
              -17.755885632967427,
              28.603985962172676
            ],
            [
              -17.754516867423717,
              28.60368164698012
            ],
            [
              -17.756037265851013,
              28.603255711045843
            ],
            [
              -17.755461182217715,
              28.60296640230992
            ],
            [
              -17.756045064626676,
              28.601871219463135
            ],
            [
              -17.75463102205267,
              28.601444600582685
            ],
            [
              -17.754918122365893,
              28.600640963541018
            ],
            [
              -17.756145339209432,
              28.600790922914893
            ],
            [
              -17.754642288810924,
              28.597423072428153
            ],
            [
              -17.75605069378491,
              28.596668894149417
            ],
            [
              -17.75684730847812,
              28.594112521877395
            ],
            [
              -17.75503845025754,
              28.59370196070657
            ],
            [
              -17.755737108003295,
              28.593066313131853
            ],
            [
              -17.7558231585502,
              28.592470813324688
            ],
            [
              -17.75443513226795,
              28.59237436024042
            ],
            [
              -17.755921322263507,
              28.5917481442664
            ],
            [
              -17.75806035172656,
              28.58826436838441
            ],
            [
              -17.757655430082668,
              28.58698858387375
            ],
            [
              -17.755931617677913,
              28.58671097933373
            ],
            [
              -17.756735148937196,
              28.586222671447178
            ],
            [
              -17.756168614163236,
              28.585880484973657
            ],
            [
              -17.757348637390166,
              28.585666058274757
            ],
            [
              -17.75665146236005,
              28.585029024258272
            ],
            [
              -17.75953549239812,
              28.58415179831507
            ],
            [
              -17.761045691548908,
              28.581298438109766
            ],
            [
              -17.76011954464981,
              28.57909826701827
            ],
            [
              -17.760796292501016,
              28.578974073389922
            ],
            [
              -17.760277703058332,
              28.57823247696231
            ],
            [
              -17.76115633219451,
              28.577805492574623
            ],
            [
              -17.761135941947,
              28.57605163058203
            ],
            [
              -17.760203652760655,
              28.57515554093421
            ],
            [
              -17.76051446139643,
              28.574269593696286
            ],
            [
              -17.759520537763237,
              28.57354346030711
            ],
            [
              -17.76043100580008,
              28.571614751838705
            ],
            [
              -17.759898181737476,
              28.569920670877007
            ],
            [
              -17.76163192367272,
              28.569202390318925
            ],
            [
              -17.7625417271583,
              28.567168834968903
            ],
            [
              -17.76437894199324,
              28.56700443884518
            ],
            [
              -17.766591967698005,
              28.56493089354424
            ],
            [
              -17.766540114712296,
              28.563285384254378
            ],
            [
              -17.767965536022025,
              28.562124190661052
            ],
            [
              -17.767484265736023,
              28.561413069248655
            ],
            [
              -17.770816783972254,
              28.559064485135398
            ],
            [
              -17.771927124681458,
              28.555651245840586
            ],
            [
              -17.774493477887773,
              28.55479259261573
            ],
            [
              -17.77688209316876,
              28.553049797124306
            ],
            [
              -17.779248279352018,
              28.550433130120997
            ],
            [
              -17.78085071743735,
              28.54801953454902
            ],
            [
              -17.78287582339235,
              28.54767193714496
            ],
            [
              -17.786749676784286,
              28.543661546620203
            ],
            [
              -17.78972821143912,
              28.537168830127538
            ],
            [
              -17.790619408403735,
              28.53025839618093
            ],
            [
              -17.792770827663297,
              28.52930801232989
            ],
            [
              -17.793446685901344,
              28.52478175574897
            ],
            [
              -17.79608280771322,
              28.52216000394545
            ],
            [
              -17.79646248647156,
              28.51851101346031
            ],
            [
              -17.79883236156893,
              28.51871462226878
            ]
          ]
        ]
      },
      "properties": {
        "island_id": "la-palma",
        "island_name": "La Palma"
      }
    },
    {
      "type": "Feature",
      "geometry": {
        "type": "Polygon",
        "coordinates": [
          [
            [
              -16.643609572990485,
              28.003777195437127
            ],
            [
              -16.64655611853471,
              28.00402857850898
            ],
            [
              -16.649140043077793,
              28.007566591554042
            ],
            [
              -16.650449249853573,
              28.007873128887873
            ],
            [
              -16.65081745397816,
              28.00751274463364
            ],
            [
              -16.65153755194803,
              28.00824830034067
            ],
            [
              -16.653429245467045,
              28.006308409978203
            ],
            [
              -16.656216935713687,
              28.00605192389853
            ],
            [
              -16.65817200905171,
              28.007333488220148
            ],
            [
              -16.659528497314437,
              28.006483561143316
            ],
            [
              -16.66103192208703,
              28.006668222006745
            ],
            [
              -16.66150248059304,
              28.00696413676684
            ],
            [
              -16.660990399596397,
              28.00705840285901
            ],
            [
              -16.66092246130042,
              28.006852259088124
            ],
            [
              -16.659998671951467,
              28.006685777658298
            ],
            [
              -16.65988600587513,
              28.006688067987998
            ],
            [
              -16.658449652279522,
              28.007743165565472
            ],
            [
              -16.661145377969273,
              28.009016359459743
            ],
            [
              -16.661634796739598,
              28.008164852828283
            ],
            [
              -16.663527521019038,
              28.008229090653963
            ],
            [
              -16.664186871930013,
              28.008517836835694
            ],
            [
              -16.66563254832527,
              28.008001765739458
            ],
            [
              -16.666877264792458,
              28.005299015767765
            ],
            [
              -16.66663379832138,
              28.00349902474229
            ],
            [
              -16.6718284324699,
              28.004663420040664
            ],
            [
              -16.67456851631052,
              28.0007697024774
            ],
            [
              -16.67829285850214,
              27.998062177761533
            ],
            [
              -16.68198601227403,
              27.998734318916902
            ],
            [
              -16.685340597605723,
              27.998177871567997
            ],
            [
              -16.689740217805607,
              27.99938135407821
            ],
            [
              -16.691296424876175,
              27.998928596491677
            ],
            [
              -16.691094721507696,
              27.99953869182368
            ],
            [
              -16.692428396190056,
              28.000165251781
            ],
            [
              -16.69394589110721,
              27.999709836210265
            ],
            [
              -16.69378727118421,
              28.000308709357057
            ],
            [
              -16.69513734385949,
              28.000378129977253
            ],
            [
              -16.69555670222124,
              28.00146287945825
            ],
            [
              -16.699590477461765,
              28.00263198646486
            ],
            [
              -16.69998562637933,
              28.003886311758713
            ],
            [
              -16.70193260894967,
              28.004101001805562
            ],
            [
              -16.70307266605789,
              28.005713175462244
            ],
            [
              -16.703823678607556,
              28.006214531347663
            ],
            [
              -16.70466078616983,
              28.006280602329447
            ],
            [
              -16.705533282933374,
              28.007751291882034
            ],
            [
              -16.70485182356578,
              28.007836062718106
            ],
            [
              -16.706352598519544,
              28.008222571299957
            ],
            [
              -16.706906317729356,
              28.009193503220786
            ],
            [
              -16.706393533208878,
              28.00980531543103
            ],
            [
              -16.70782223635583,
              28.01147338901966
            ],
            [
              -16.707135365648178,
              28.01522014299486
            ],
            [
              -16.7061896738535,
              28.01566138063517
            ],
            [
              -16.707188688709483,
              28.01914616759805
            ],
            [
              -16.705557004391032,
              28.022742424695625
            ],
            [
              -16.70552640261273,
              28.024922903558355
            ],
            [
              -16.704746318563128,
              28.026050715449284
            ],
            [
              -16.704807933718946,
              28.027920971790394
            ],
            [
              -16.70651691426314,
              28.0295807771019
            ],
            [
              -16.706442975593763,
              28.03073874664361
            ],
            [
              -16.708687199711992,
              28.031993571135065
            ],
            [
              -16.709419920153557,
              28.032893542102304
            ],
            [
              -16.708742689249,
              28.034449024764147
            ],
            [
              -16.70979331440449,
              28.034789368642688
            ],
            [
              -16.710082265709953,
              28.035897767472054
            ],
            [
              -16.708777089415246,
              28.03811254551692
            ],
            [
              -16.708913667310483,
              28.040103753323375
            ],
            [
              -16.70942277328988,
              28.041984397277584
            ],
            [
              -16.711533805444347,
              28.042605951719114
            ],
            [
              -16.710300060468388,
              28.04363230158001
            ],
            [
              -16.711870161349285,
              28.044321946669914
            ],
            [
              -16.710928983837785,
              28.04580752773085
            ],
            [
              -16.711231017500033,
              28.047071014833083
            ],
            [
              -16.714570867938743,
              28.049419774431627
            ],
            [
              -16.718508972226928,
              28.049901549730777
            ],
            [
              -16.71898808387013,
              28.049502912535793
            ],
            [
              -16.718244558715817,
              28.048919225934373
            ],
            [
              -16.71906405284564,
              28.049339801073256
            ],
            [
              -16.71966646796911,
              28.048649998102533
            ],
            [
              -16.718421825625782,
              28.048333769836553
            ],
            [
              -16.7187744467414,
              28.047605798588062
            ],
            [
              -16.717070422930497,
              28.046192357997118
            ],
            [
              -16.717335303010437,
              28.045874263848752
            ],
            [
              -16.723122087596995,
              28.04928967236951
            ],
            [
              -16.722163460623516,
              28.049204374905376
            ],
            [
              -16.72208990746123,
              28.050254798940724
            ],
            [
              -16.724074060603165,
              28.05204189702143
            ],
            [
              -16.726359641083565,
              28.05246416069312
            ],
            [
              -16.727548144573753,
              28.051755861711186
            ],
            [
              -16.726684311313353,
              28.05083828922521
            ],
            [
              -16.72822934224871,
              28.051923870102637
            ],
            [
              -16.729484488813103,
              28.051099846770544
            ],
            [
              -16.730100589879278,
              28.051810503978526
            ],
            [
              -16.73225162753272,
              28.05298341388065
            ],
            [
              -16.73329918614588,
              28.052653417800563
            ],
            [
              -16.737234429502653,
              28.055218018974255
            ],
            [
              -16.736415743164866,
              28.0595364462652
            ],
            [
              -16.73321476774156,
              28.06325313043544
            ],
            [
              -16.73255273644537,
              28.065287460787125
            ],
            [
              -16.733089988539316,
              28.066538684657676
            ],
            [
              -16.733093721341593,
              28.06671324446416
            ],
            [
              -16.733115152923684,
              28.067715465462335
            ],
            [
              -16.732768275369803,
              28.069531123063484
            ],
            [
              -16.732959488695013,
              28.070115804701153
            ],
            [
              -16.732907987613004,
              28.07077526286552
            ],
            [
              -16.73330955455381,
              28.07166293983555
            ],
            [
              -16.732779991919756,
              28.072594166484347
            ],
            [
              -16.73356758072713,
              28.073854227710324
            ],
            [
              -16.734320795190822,
              28.073870954289102
            ],
            [
              -16.73564477096787,
              28.076338518762103
            ],
            [
              -16.737606755196563,
              28.077239746698563
            ],
            [
              -16.738295416082966,
              28.078503367348596
            ],
            [
              -16.738401280152928,
              28.07942127159815
            ],
            [
              -16.737810416681686,
              28.080161584758628
            ],
            [
              -16.73762874890916,
              28.079994479964725
            ],
            [
              -16.738075790809237,
              28.07916429693931
            ],
            [
              -16.73774580543827,
              28.077866414262964
            ],
            [
              -16.73666354217833,
              28.0771222625622
            ],
            [
              -16.736324644337195,
              28.077799003721868
            ],
            [
              -16.736047283024202,
              28.07808794296782
            ],
            [
              -16.736033644735834,
              28.078371785263965
            ],
            [
              -16.73612935911451,
              28.078831347938248
            ],
            [
              -16.737209117934096,
              28.07900241083794
            ],
            [
              -16.736770838894913,
              28.079635801397092
            ],
            [
              -16.736029482150006,
              28.079131506367933
            ],
            [
              -16.735570820252793,
              28.07969441429117
            ],
            [
              -16.73578459188635,
              28.08052859509205
            ],
            [
              -16.73667324212676,
              28.080120589165922
            ],
            [
              -16.736368646833732,
              28.081237436083605
            ],
            [
              -16.7375003540025,
              28.082326027875908
            ],
            [
              -16.736744035435343,
              28.082033460870917
            ],
            [
              -16.73624349934447,
              28.082969303207346
            ],
            [
              -16.737411702616683,
              28.085272431796763
            ],
            [
              -16.73782605940965,
              28.086325031990267
            ],
            [
              -16.739491027939383,
              28.088331236061876
            ],
            [
              -16.74051317932018,
              28.087475494097816
            ],
            [
              -16.7409933512203,
              28.08879584549238
            ],
            [
              -16.7404772834419,
              28.089822409582805
            ],
            [
              -16.743121568785664,
              28.089321832623476
            ],
            [
              -16.743099709175073,
              28.090391219769824
            ],
            [
              -16.74571727215314,
              28.09196782531058
            ],
            [
              -16.746414069493223,
              28.092031586904223
            ],
            [
              -16.746528675536243,
              28.092092994568976
            ],
            [
              -16.749142236343776,
              28.093568477316392
            ],
            [
              -16.749797153792215,
              28.092458861461022
            ],
            [
              -16.750534256844034,
              28.095310610523786
            ],
            [
              -16.752752965537223,
              28.0985442440112
            ],
            [
              -16.75660661032937,
              28.098858708804993
            ],
            [
              -16.755654718476,
              28.100896882796327
            ],
            [
              -16.756852474218515,
              28.10061420190653
            ],
            [
              -16.757429069349456,
              28.101652326196767
            ],
            [
              -16.758958707260422,
              28.10088687918248
            ],
            [
              -16.759720217114904,
              28.101880619742
            ],
            [
              -16.758092679120995,
              28.10508064615708
            ],
            [
              -16.759082202628104,
              28.10558063477785
            ],
            [
              -16.761688199913852,
              28.104751454745383
            ],
            [
              -16.760575633832236,
              28.107856818542732
            ],
            [
              -16.761674446344873,
              28.109081732861156
            ],
            [
              -16.762437403196987,
              28.108928605280493
            ],
            [
              -16.762479970469354,
              28.10994774791826
            ],
            [
              -16.763846549179593,
              28.11059675121722
            ],
            [
              -16.76939934938836,
              28.10963265348135
            ],
            [
              -16.76845151513709,
              28.111161960124264
            ],
            [
              -16.76923859013714,
              28.11188574243642
            ],
            [
              -16.767862645798736,
              28.112623937423226
            ],
            [
              -16.768240653297656,
              28.11361768623861
            ],
            [
              -16.770874000460076,
              28.11256543455398
            ],
            [
              -16.77293697309335,
              28.11290126763576
            ],
            [
              -16.77362351223818,
              28.113812837355667
            ],
            [
              -16.773315521643536,
              28.11570464098958
            ],
            [
              -16.7745511764193,
              28.116007052306568
            ],
            [
              -16.77396431835291,
              28.11648010704117
            ],
            [
              -16.774506383149326,
              28.116543186182724
            ],
            [
              -16.774514131131305,
              28.118381520586304
            ],
            [
              -16.776548985863847,
              28.117426003150612
            ],
            [
              -16.777015236080253,
              28.118009790626548
            ],
            [
              -16.77613504294026,
              28.11969705152218
            ],
            [
              -16.778948616148657,
              28.11945215770961
            ],
            [
              -16.77938085505162,
              28.120422496857525
            ],
            [
              -16.77804209810295,
              28.121543338384207
            ],
            [
              -16.78014272319798,
              28.1213580411021
            ],
            [
              -16.779375430745073,
              28.122285112326466
            ],
            [
              -16.780480031265302,
              28.122180132768875
            ],
            [
              -16.779835472600215,
              28.123235513656297
            ],
            [
              -16.781049116538572,
              28.123766689803784
            ],
            [
              -16.78050398736825,
              28.125041191727476
            ],
            [
              -16.781681546965224,
              28.127021031130226
            ],
            [
              -16.783820925060965,
              28.126404377180354
            ],
            [
              -16.78391601435415,
              28.12853225152756
            ],
            [
              -16.78667255281156,
              28.13039409469001
            ],
            [
              -16.785894686350534,
              28.131031124071548
            ],
            [
              -16.78658246329449,
              28.131630863967324
            ],
            [
              -16.78635824153452,
              28.133763924900695
            ],
            [
              -16.78689245441732,
              28.133635352166653
            ],
            [
              -16.786542420210356,
              28.134538538523056
            ],
            [
              -16.787738719515307,
              28.134304132792064
            ],
            [
              -16.78764088160547,
              28.135400949192935
            ],
            [
              -16.788842154307172,
              28.13674311267237
            ],
            [
              -16.788373008672746,
              28.13713673765232
            ],
            [
              -16.790416946106546,
              28.13893157097622
            ],
            [
              -16.791620021968257,
              28.13893259389844
            ],
            [
              -16.791678353007867,
              28.1396308531833
            ],
            [
              -16.792392481718498,
              28.13886245865201
            ],
            [
              -16.793327625144165,
              28.139648216701563
            ],
            [
              -16.79397174083376,
              28.14291876009944
            ],
            [
              -16.795123672993157,
              28.14268501291167
            ],
            [
              -16.794629533832587,
              28.144778162606514
            ],
            [
              -16.795234851161243,
              28.145858502498072
            ],
            [
              -16.797632882693996,
              28.1466820026815
            ],
            [
              -16.797643427748145,
              28.148095941145208
            ],
            [
              -16.79902037374514,
              28.149687656870114
            ],
            [
              -16.79863965337192,
              28.152761999901433
            ],
            [
              -16.800818793116417,
              28.153803232900195
            ],
            [
              -16.800513985182583,
              28.15469209372507
            ],
            [
              -16.80220818887328,
              28.155301045280364
            ],
            [
              -16.802061008794254,
              28.156231351848547
            ],
            [
              -16.8019882937584,
              28.156690974345768
            ],
            [
              -16.80355100072192,
              28.156649611108907
            ],
            [
              -16.8043604393448,
              28.157753061889817
            ],
            [
              -16.803610478070166,
              28.158669596427462
            ],
            [
              -16.8048634121808,
              28.160661159029654
            ],
            [
              -16.804638482819126,
              28.161567953643534
            ],
            [
              -16.806129819849875,
              28.1631447218913
            ],
            [
              -16.805357033575742,
              28.163971772597087
            ],
            [
              -16.805784984631877,
              28.165570356539124
            ],
            [
              -16.80505439983129,
              28.167489355623154
            ],
            [
              -16.806434078588744,
              28.16819961422654
            ],
            [
              -16.804794826512,
              28.168833576785573
            ],
            [
              -16.804889341577088,
              28.16920546093945
            ],
            [
              -16.80431923796739,
              28.17042293622851
            ],
            [
              -16.805747170399364,
              28.17065895500133
            ],
            [
              -16.80557087868262,
              28.172330825557758
            ],
            [
              -16.807818667163517,
              28.172393735728317
            ],
            [
              -16.8074026691458,
              28.173257491462145
            ],
            [
              -16.807625072660493,
              28.173594392971975
            ],
            [
              -16.806849459403686,
              28.174500310937848
            ],
            [
              -16.80794097857784,
              28.174539848795153
            ],
            [
              -16.807802085524436,
              28.175549293185632
            ],
            [
              -16.809879647920464,
              28.17629622004945
            ],
            [
              -16.811583103057362,
              28.178629355750374
            ],
            [
              -16.81321440584937,
              28.178880631506246
            ],
            [
              -16.812584424867808,
              28.178937996440386
            ],
            [
              -16.81298926917312,
              28.180008703022896
            ],
            [
              -16.8150720556991,
              28.180241891124616
            ],
            [
              -16.81553359479991,
              28.17955198125742
            ],
            [
              -16.814071292243806,
              28.178315378961088
            ],
            [
              -16.814274259735093,
              28.178130700122445
            ],
            [
              -16.81642261368772,
              28.17973078476501
            ],
            [
              -16.819607104935653,
              28.180643887634456
            ],
            [
              -16.81917709468663,
              28.181847870280972
            ],
            [
              -16.820584678668972,
              28.18246891172156
            ],
            [
              -16.821156568992414,
              28.186031544722997
            ],
            [
              -16.82355862022577,
              28.189264389814507
            ],
            [
              -16.82349677125832,
              28.190724782173387
            ],
            [
              -16.825641895798377,
              28.191511733068385
            ],
            [
              -16.827793731450008,
              28.19359034204255
            ],
            [
              -16.826459488737832,
              28.195110545128973
            ],
            [
              -16.827011314904357,
              28.195697261782925
            ],
            [
              -16.82689621741671,
              28.196530826614367
            ],
            [
              -16.827962416838407,
              28.196918789478822
            ],
            [
              -16.828299452360174,
              28.198206455877017
            ],
            [
              -16.829305694383002,
              28.19812374314518
            ],
            [
              -16.827978321445013,
              28.199705813458436
            ],
            [
              -16.829139595184035,
              28.19954885232115
            ],
            [
              -16.828379778305035,
              28.19995733066521
            ],
            [
              -16.829567558094507,
              28.2011633832393
            ],
            [
              -16.831612554187625,
              28.20085383433617
            ],
            [
              -16.833347824463793,
              28.201881950096716
            ],
            [
              -16.834825662855543,
              28.20635093527215
            ],
            [
              -16.837610049660018,
              28.207668994396137
            ],
            [
              -16.83639717157581,
              28.208125774598813
            ],
            [
              -16.836975957394387,
              28.209181334651202
            ],
            [
              -16.836150017185215,
              28.21025484443764
            ],
            [
              -16.838609662639954,
              28.212198705007122
            ],
            [
              -16.838127547176065,
              28.213307934304467
            ],
            [
              -16.83644795661266,
              28.21388277392894
            ],
            [
              -16.837142219649245,
              28.215263383954767
            ],
            [
              -16.836474911760387,
              28.217799719094174
            ],
            [
              -16.8398066085877,
              28.22048264083729
            ],
            [
              -16.83983245796477,
              28.222308979108817
            ],
            [
              -16.838368313961897,
              28.224260248009813
            ],
            [
              -16.83933359027606,
              28.22631931706922
            ],
            [
              -16.840441092116812,
              28.22658688978565
            ],
            [
              -16.841952436509807,
              28.226952030961776
            ],
            [
              -16.84281618050453,
              28.226622471627753
            ],
            [
              -16.84327277895256,
              28.22781329511921
            ],
            [
              -16.843179447414435,
              28.228562793235362
            ],
            [
              -16.841499736434255,
              28.228941954253134
            ],
            [
              -16.841088798661012,
              28.22964749335659
            ],
            [
              -16.84236217503834,
              28.230406727019542
            ],
            [
              -16.841790812980793,
              28.233627002417684
            ],
            [
              -16.843351024113264,
              28.235469636454052
            ],
            [
              -16.84291462047484,
              28.237335825994194
            ],
            [
              -16.845354035455294,
              28.237467160128098
            ],
            [
              -16.84596407632922,
              28.23926092017938
            ],
            [
              -16.845459409131546,
              28.24045756275074
            ],
            [
              -16.842639790478046,
              28.240461192626757
            ],
            [
              -16.84355530626174,
              28.2416557504066
            ],
            [
              -16.843315531232484,
              28.242665942724113
            ],
            [
              -16.84204408121615,
              28.24276622579244
            ],
            [
              -16.843855545806345,
              28.24445754214291
            ],
            [
              -16.842928210845223,
              28.246367316838626
            ],
            [
              -16.844162425623505,
              28.247377542557466
            ],
            [
              -16.842021996950002,
              28.248895196608018
            ],
            [
              -16.84185153654848,
              28.24873200509247
            ],
            [
              -16.84368912117415,
              28.247366791271617
            ],
            [
              -16.842620624713867,
              28.246295442855903
            ],
            [
              -16.842283744442145,
              28.24657181675859
            ],
            [
              -16.84206844232576,
              28.246748654765184
            ],
            [
              -16.84151584774286,
              28.247202465733082
            ],
            [
              -16.84135726123439,
              28.247333326303714
            ],
            [
              -16.842007075289118,
              28.248336608313984
            ],
            [
              -16.84092690327214,
              28.247432995691394
            ],
            [
              -16.83979030980351,
              28.24824658033538
            ],
            [
              -16.837795160410796,
              28.255410053212675
            ],
            [
              -16.8394268828837,
              28.261155320810538
            ],
            [
              -16.841440818719658,
              28.26277747445914
            ],
            [
              -16.840914041844677,
              28.26418945950865
            ],
            [
              -16.846978968675412,
              28.266276345012276
            ],
            [
              -16.850933420358363,
              28.268762240429364
            ],
            [
              -16.849411194559444,
              28.270027214671806
            ],
            [
              -16.84940683149312,
              28.271677029518898
            ],
            [
              -16.850394500668518,
              28.272880971152567
            ],
            [
              -16.85289042622747,
              28.27291976998982
            ],
            [
              -16.854975275284186,
              28.272952178696464
            ],
            [
              -16.859341884142953,
              28.27486428908069
            ],
            [
              -16.859171979886078,
              28.27577823649363
            ],
            [
              -16.861479737194813,
              28.279291072682764
            ],
            [
              -16.861309001743347,
              28.280450087635323
            ],
            [
              -16.863366656105004,
              28.28297784601966
            ],
            [
              -16.862286391677856,
              28.283805128941136
            ],
            [
              -16.862433164814746,
              28.28427856216111
            ],
            [
              -16.86137556323394,
              28.285276954497544
            ],
            [
              -16.86186793351465,
              28.288132877240287
            ],
            [
              -16.863281850447688,
              28.28944810698388
            ],
            [
              -16.864067043163338,
              28.288961006968186
            ],
            [
              -16.866099521104182,
              28.29006635584752
            ],
            [
              -16.864984971615893,
              28.2914559621749
            ],
            [
              -16.866791209242187,
              28.292978764607916
            ],
            [
              -16.86957020447247,
              28.295092838003118
            ],
            [
              -16.870776878842445,
              28.297474579832464
            ],
            [
              -16.8708368751141,
              28.299503488811474
            ],
            [
              -16.875840540958574,
              28.299970486439577
            ],
            [
              -16.880074162223217,
              28.302962863536287
            ],
            [
              -16.881289813382445,
              28.305279148358483
            ],
            [
              -16.881149044993744,
              28.306724482064823
            ],
            [
              -16.88189511537979,
              28.308610062222677
            ],
            [
              -16.880325509993845,
              28.310882972862775
            ],
            [
              -16.88034940047784,
              28.312225218088866
            ],
            [
              -16.88584406773077,
              28.316975909747956
            ],
            [
              -16.88825055856036,
              28.316954070148007
            ],
            [
              -16.890595429992334,
              28.32043077764384
            ],
            [
              -16.89253127415884,
              28.320748760016098
            ],
            [
              -16.894867193489894,
              28.323898293658065
            ],
            [
              -16.89497686463134,
              28.32684147201179
            ],
            [
              -16.897707354099563,
              28.328192254737324
            ],
            [
              -16.895923752162883,
              28.330838809221948
            ],
            [
              -16.896664002445803,
              28.33209965595523
            ],
            [
              -16.900083281287603,
              28.332608411710634
            ],
            [
              -16.902353422852023,
              28.334380027669763
            ],
            [
              -16.90502385343762,
              28.33858041436085
            ],
            [
              -16.90810023248874,
              28.339689158379873
            ],
            [
              -16.91040039647452,
              28.33842162271502
            ],
            [
              -16.911308840541775,
              28.340027117504253
            ],
            [
              -16.91528497133692,
              28.341276815411696
            ],
            [
              -16.915831690264614,
              28.34240940621774
            ],
            [
              -16.919894548907816,
              28.342817174255305
            ],
            [
              -16.91919120621845,
              28.341908562679556
            ],
            [
              -16.920126020136756,
              28.341974318174145
            ],
            [
              -16.92106859761889,
              28.340814276531724
            ],
            [
              -16.921912246918787,
              28.34211434888662
            ],
            [
              -16.9237889230759,
              28.341311196611613
            ],
            [
              -16.924579646878712,
              28.342263697277446
            ],
            [
              -16.920700324798432,
              28.342880834824566
            ],
            [
              -16.922219259893982,
              28.3441582068006
            ],
            [
              -16.921717420352312,
              28.34471801145987
            ],
            [
              -16.923082681298435,
              28.34608502591118
            ],
            [
              -16.92231003308704,
              28.3469025972577
            ],
            [
              -16.923398079824963,
              28.34747994219023
            ],
            [
              -16.92400949345403,
              28.35032352985908
            ],
            [
              -16.9232957912842,
              28.352036171194
            ],
            [
              -16.92368145133246,
              28.35317610373404
            ],
            [
              -16.922801387792866,
              28.355773269232497
            ],
            [
              -16.921975781652748,
              28.355306331903627
            ],
            [
              -16.921805574523557,
              28.356202037462435
            ],
            [
              -16.92041399002617,
              28.356157316320896
            ],
            [
              -16.92018918040353,
              28.35685460217341
            ],
            [
              -16.917288696515214,
              28.359980572860533
            ],
            [
              -16.917861830069135,
              28.36092457205749
            ],
            [
              -16.912980034922903,
              28.362394579526367
            ],
            [
              -16.910977789562242,
              28.36185162464146
            ],
            [
              -16.910928400590453,
              28.36312912024214
            ],
            [
              -16.91033591315979,
              28.362454097808076
            ],
            [
              -16.910076381029665,
              28.363346784208378
            ],
            [
              -16.909517948961952,
              28.36265624677624
            ],
            [
              -16.90814312288981,
              28.363260954128716
            ],
            [
              -16.907668847533362,
              28.36256581036294
            ],
            [
              -16.906753548910373,
              28.363533002089
            ],
            [
              -16.906002970612562,
              28.3631727649144
            ],
            [
              -16.906493363283342,
              28.3640742408956
            ],
            [
              -16.905085410576152,
              28.364236092933385
            ],
            [
              -16.905118264049143,
              28.365353795919393
            ],
            [
              -16.90455877601625,
              28.364522476983876
            ],
            [
              -16.904007141976518,
              28.36493847802264
            ],
            [
              -16.903336886509557,
              28.364080591019704
            ],
            [
              -16.902891290940715,
              28.364705908982312
            ],
            [
              -16.90182302277261,
              28.36389878094939
            ],
            [
              -16.90080980582677,
              28.36427047597068
            ],
            [
              -16.90064777617611,
              28.365229747494002
            ],
            [
              -16.89994849632257,
              28.364125439265088
            ],
            [
              -16.898272346708783,
              28.3642218260838
            ],
            [
              -16.897334720124533,
              28.362536648410295
            ],
            [
              -16.89559571184229,
              28.36262124278202
            ],
            [
              -16.892437827561945,
              28.363906731733383
            ],
            [
              -16.89089175334405,
              28.36347531505924
            ],
            [
              -16.889466882944333,
              28.365024805262674
            ],
            [
              -16.88961444496492,
              28.365864690316997
            ],
            [
              -16.88801969361835,
              28.364972071732744
            ],
            [
              -16.886329761349824,
              28.365299168575707
            ],
            [
              -16.885013234295766,
              28.366842549064838
            ],
            [
              -16.885309659658237,
              28.368931664070793
            ],
            [
              -16.88220443102943,
              28.367321159385085
            ],
            [
              -16.87658254720302,
              28.370443320188407
            ],
            [
              -16.876164198110395,
              28.370052117589424
            ],
            [
              -16.875782957354403,
              28.3709945493265
            ],
            [
              -16.874403745593717,
              28.36996201562706
            ],
            [
              -16.87253120646752,
              28.371269403200902
            ],
            [
              -16.871966091540504,
              28.37072945554199
            ],
            [
              -16.870521795744423,
              28.372283483264514
            ],
            [
              -16.870709804488335,
              28.37505150533544
            ],
            [
              -16.870128149721513,
              28.37560554054606
            ],
            [
              -16.867467713874195,
              28.37478804478573
            ],
            [
              -16.867139986488016,
              28.376332047720023
            ],
            [
              -16.86587211271784,
              28.37564533227527
            ],
            [
              -16.86495173250572,
              28.376485213103305
            ],
            [
              -16.8632399527721,
              28.37510307198662
            ],
            [
              -16.86142048720182,
              28.375309811889394
            ],
            [
              -16.8615686128753,
              28.3761151809481
            ],
            [
              -16.86019449238961,
              28.375629811408935
            ],
            [
              -16.860993798840337,
              28.37754039616722
            ],
            [
              -16.859926447678685,
              28.37770231656933
            ],
            [
              -16.861116121870918,
              28.378794573987665
            ],
            [
              -16.859755329436027,
              28.379626295725178
            ],
            [
              -16.858080348884556,
              28.379383864436548
            ],
            [
              -16.85683911461501,
              28.38091205598982
            ],
            [
              -16.855782304808844,
              28.38063166171443
            ],
            [
              -16.85435293319854,
              28.382700389190894
            ],
            [
              -16.854430438864636,
              28.38422168671297
            ],
            [
              -16.8529843098386,
              28.385295171738015
            ],
            [
              -16.85122796621523,
              28.385100988945688
            ],
            [
              -16.851021762227262,
              28.38626291181074
            ],
            [
              -16.85093194264298,
              28.38565254486106
            ],
            [
              -16.850091805604766,
              28.385846389940962
            ],
            [
              -16.848949442407886,
              28.388123334797967
            ],
            [
              -16.847596281360772,
              28.387515198477
            ],
            [
              -16.846708011199258,
              28.38862811388878
            ],
            [
              -16.846134950272216,
              28.387775171252247
            ],
            [
              -16.844918408512818,
              28.388562030609517
            ],
            [
              -16.84418974152206,
              28.387031014107894
            ],
            [
              -16.843821190322476,
              28.387706185628403
            ],
            [
              -16.84321922940089,
              28.386773106832504
            ],
            [
              -16.84170115375751,
              28.387108321746783
            ],
            [
              -16.841292413847558,
              28.390671281820463
            ],
            [
              -16.83863865122406,
              28.390210398729902
            ],
            [
              -16.83831718686357,
              28.39131585449088
            ],
            [
              -16.83292729689021,
              28.393004610724596
            ],
            [
              -16.83024085404945,
              28.39250505463992
            ],
            [
              -16.829777132614822,
              28.39241882356113
            ],
            [
              -16.829457623529642,
              28.393553527719927
            ],
            [
              -16.828002768335914,
              28.39361892172972
            ],
            [
              -16.827419386534356,
              28.39215874859046
            ],
            [
              -16.825377257263643,
              28.392167206390567
            ],
            [
              -16.82610632329211,
              28.39177280267859
            ],
            [
              -16.825449875310905,
              28.39153776619217
            ],
            [
              -16.825688712697076,
              28.39034587254896
            ],
            [
              -16.825021133960856,
              28.390433257047654
            ],
            [
              -16.825633352952988,
              28.38835767760435
            ],
            [
              -16.825201001484906,
              28.387034540734078
            ],
            [
              -16.82312691826892,
              28.388156415393805
            ],
            [
              -16.821803050412544,
              28.386319684369017
            ],
            [
              -16.820717564227223,
              28.38618989796081
            ],
            [
              -16.821008381640283,
              28.384500375973456
            ],
            [
              -16.818901847783966,
              28.38458862730338
            ],
            [
              -16.81814269582565,
              28.383351469405405
            ],
            [
              -16.8175264014288,
              28.383670570085705
            ],
            [
              -16.81663417193739,
              28.381485353623276
            ],
            [
              -16.81482865561718,
              28.38214871440832
            ],
            [
              -16.814538362709897,
              28.37962703232536
            ],
            [
              -16.81277289687276,
              28.379461003989814
            ],
            [
              -16.812046112120456,
              28.37889742057691
            ],
            [
              -16.812931965678473,
              28.378615358911567
            ],
            [
              -16.81178839629937,
              28.37772992580854
            ],
            [
              -16.810186452850285,
              28.377934329236023
            ],
            [
              -16.80885694041723,
              28.37626411325363
            ],
            [
              -16.80655767827255,
              28.376265882445843
            ],
            [
              -16.80586317984184,
              28.378797720699854
            ],
            [
              -16.804459142725968,
              28.37917292713188
            ],
            [
              -16.802583513343812,
              28.376666563798903
            ],
            [
              -16.799631640627776,
              28.377060571981964
            ],
            [
              -16.799081523226256,
              28.377693275028914
            ],
            [
              -16.794844804176133,
              28.37689950754146
            ],
            [
              -16.793486825071884,
              28.375076785337317
            ],
            [
              -16.792178129918117,
              28.37332021359938
            ],
            [
              -16.787521425612987,
              28.375500823278546
            ],
            [
              -16.783235647385954,
              28.37449788263379
            ],
            [
              -16.78237904211834,
              28.37536924032332
            ],
            [
              -16.781067937777813,
              28.374983958442986
            ],
            [
              -16.780926575806568,
              28.373493558972335
            ],
            [
              -16.78010461390687,
              28.373468823617667
            ],
            [
              -16.77978400349754,
              28.37384085484516
            ],
            [
              -16.779399940251146,
              28.373021157424013
            ],
            [
              -16.77754220326085,
              28.374536865536605
            ],
            [
              -16.776700940923917,
              28.374009052376632
            ],
            [
              -16.775506510169414,
              28.37438057886361
            ],
            [
              -16.774039248399827,
              28.374626246189205
            ],
            [
              -16.77182028945593,
              28.37424506412127
            ],
            [
              -16.77072114338613,
              28.372689994514477
            ],
            [
              -16.76989977076706,
              28.373640053322404
            ],
            [
              -16.7694033408467,
              28.372834960225113
            ],
            [
              -16.770086368624508,
              28.371369385032455
            ],
            [
              -16.76822714203989,
              28.370861684045234
            ],
            [
              -16.768398803663743,
              28.372565236888995
            ],
            [
              -16.76643276325514,
              28.372530289374502
            ],
            [
              -16.766255153764742,
              28.373365267218496
            ],
            [
              -16.764649929853366,
              28.375751485947248
            ],
            [
              -16.762521182876743,
              28.375526974695656
            ],
            [
              -16.76046320717171,
              28.37417134757008
            ],
            [
              -16.75500067097251,
              28.374979006555524
            ],
            [
              -16.753416219634925,
              28.374498987406724
            ],
            [
              -16.75153284090376,
              28.37304001919672
            ],
            [
              -16.75187213762345,
              28.372510204157383
            ],
            [
              -16.75430437883685,
              28.3742408817214
            ],
            [
              -16.755124015686324,
              28.37438535622852
            ],
            [
              -16.755822231475836,
              28.37394301600956
            ],
            [
              -16.754520409918506,
              28.37376505776188
            ],
            [
              -16.755207114075343,
              28.37294655499436
            ],
            [
              -16.754146649918223,
              28.37203659190442
            ],
            [
              -16.753317374733726,
              28.37297065657419
            ],
            [
              -16.753055420717946,
              28.37274449636077
            ],
            [
              -16.753525754168365,
              28.371367044037985
            ],
            [
              -16.7515636810796,
              28.370707280898653
            ],
            [
              -16.74966732062685,
              28.371039420415283
            ],
            [
              -16.746990770245215,
              28.372934958777048
            ],
            [
              -16.74470562831345,
              28.375878098105392
            ],
            [
              -16.74282368905516,
              28.375829334803893
            ],
            [
              -16.74363966144917,
              28.3773462105318
            ],
            [
              -16.743119669595295,
              28.377881707725034
            ],
            [
              -16.742113184517574,
              28.37849538516529
            ],
            [
              -16.74047079680949,
              28.37823170477981
            ],
            [
              -16.741360132107364,
              28.379767222141293
            ],
            [
              -16.738939493267896,
              28.380504914916223
            ],
            [
              -16.73851207375126,
              28.38063517155928
            ],
            [
              -16.735886203899234,
              28.379797235202336
            ],
            [
              -16.735796253910152,
              28.381110923747926
            ],
            [
              -16.734157479609546,
              28.382419228057472
            ],
            [
              -16.73149596894363,
              28.381441618634142
            ],
            [
              -16.73230796090271,
              28.379859199240503
            ],
            [
              -16.732054485969588,
              28.37892515299007
            ],
            [
              -16.73099369888631,
              28.379030484646695
            ],
            [
              -16.731667730348494,
              28.37843183385352
            ],
            [
              -16.73068707363182,
              28.378382872094747
            ],
            [
              -16.730869952572608,
              28.377022150570767
            ],
            [
              -16.729068853852215,
              28.377923004176626
            ],
            [
              -16.727161146442377,
              28.376307124276384
            ],
            [
              -16.72471083479812,
              28.376873504355636
            ],
            [
              -16.723920211219443,
              28.378665612602937
            ],
            [
              -16.725672187953375,
              28.378986900752075
            ],
            [
              -16.725793432297195,
              28.37980173377325
            ],
            [
              -16.72236645374213,
              28.38122279190711
            ],
            [
              -16.72440903668054,
              28.38322287451932
            ],
            [
              -16.722866397819846,
              28.384455541023296
            ],
            [
              -16.72016170605553,
              28.383858594102538
            ],
            [
              -16.720629166960453,
              28.38706527509884
            ],
            [
              -16.719655872617583,
              28.387681495697407
            ],
            [
              -16.717030195792717,
              28.386894291657732
            ],
            [
              -16.717100328857736,
              28.3856649587853
            ],
            [
              -16.714239117915472,
              28.38519881873055
            ],
            [
              -16.71316565536493,
              28.383827339639218
            ],
            [
              -16.712802543290113,
              28.385228068240192
            ],
            [
              -16.71152902694404,
              28.38385899125269
            ],
            [
              -16.710736874949568,
              28.385022316198654
            ],
            [
              -16.710536370610658,
              28.383746873360572
            ],
            [
              -16.70887156452965,
              28.383132515683787
            ],
            [
              -16.70081775732024,
              28.383863254073994
            ],
            [
              -16.69941190610719,
              28.38629438043161
            ],
            [
              -16.694697657739688,
              28.387239970126128
            ],
            [
              -16.694390641052586,
              28.392112365052533
            ],
            [
              -16.6950601394204,
              28.39459344440855
            ],
            [
              -16.694021801713937,
              28.395890102090284
            ],
            [
              -16.69342257225483,
              28.394717261903157
            ],
            [
              -16.692723999706754,
              28.39497798408519
            ],
            [
              -16.69325100247501,
              28.392622230337604
            ],
            [
              -16.69202131026983,
              28.393314563516157
            ],
            [
              -16.68791660876485,
              28.392931846648448
            ],
            [
              -16.68758833768691,
              28.392236596206658
            ],
            [
              -16.684245786730518,
              28.39135707087904
            ],
            [
              -16.68091186445533,
              28.39047981601603
            ],
            [
              -16.67553871724518,
              28.394262776453747
            ],
            [
              -16.67588972243613,
              28.395671835309948
            ],
            [
              -16.677391858479346,
              28.396927398808046
            ],
            [
              -16.675728882072814,
              28.39671953590487
            ],
            [
              -16.67698809891047,
              28.397714509102737
            ],
            [
              -16.675934870455677,
              28.39903896988375
            ],
            [
              -16.673560576311083,
              28.398083124612118
            ],
            [
              -16.675464591657352,
              28.40061239927802
            ],
            [
              -16.67450599116014,
              28.40122814477868
            ],
            [
              -16.673205945840774,
              28.400704539231764
            ],
            [
              -16.67416750432302,
              28.40201516678049
            ],
            [
              -16.671582596441375,
              28.40044066591145
            ],
            [
              -16.67094188558302,
              28.3989663642142
            ],
            [
              -16.66947780380379,
              28.400994795062918
            ],
            [
              -16.668556631524677,
              28.40105627894562
            ],
            [
              -16.66770080401402,
              28.39987273557374
            ],
            [
              -16.667207292313467,
              28.401300152788043
            ],
            [
              -16.66584349386223,
              28.39905501610616
            ],
            [
              -16.665652908053985,
              28.399842113990456
            ],
            [
              -16.664299621250926,
              28.400246294206806
            ],
            [
              -16.663582268812792,
              28.39906122053889
            ],
            [
              -16.661638455846965,
              28.39876941914477
            ],
            [
              -16.66069583788081,
              28.401371142908516
            ],
            [
              -16.658971531524074,
              28.40064141246858
            ],
            [
              -16.658084345095997,
              28.40155660691489
            ],
            [
              -16.657627620867974,
              28.399204088331192
            ],
            [
              -16.656625895783108,
              28.399295007614974
            ],
            [
              -16.655684189565285,
              28.39760089984508
            ],
            [
              -16.65311816312474,
              28.395800017372387
            ],
            [
              -16.652700900653365,
              28.39618085175591
            ],
            [
              -16.652304684585545,
              28.396542477141086
            ],
            [
              -16.651154652272883,
              28.395707550028806
            ],
            [
              -16.650561737917673,
              28.396313561623376
            ],
            [
              -16.64982476516034,
              28.39558308658217
            ],
            [
              -16.647204690060658,
              28.396136009945355
            ],
            [
              -16.64423420812941,
              28.398604784939906
            ],
            [
              -16.642639146295988,
              28.397581756563287
            ],
            [
              -16.640934783425127,
              28.397927533807696
            ],
            [
              -16.641043613745474,
              28.397066689195515
            ],
            [
              -16.64015611066536,
              28.397101646593708
            ],
            [
              -16.639503199647613,
              28.39539678367847
            ],
            [
              -16.637251673787027,
              28.394155112697284
            ],
            [
              -16.632003011110193,
              28.39601795921808
            ],
            [
              -16.62724252405354,
              28.39634940191409
            ],
            [
              -16.62390566797517,
              28.396123433974978
            ],
            [
              -16.621121671834096,
              28.395934905055622
            ],
            [
              -16.61777522917388,
              28.394178153531726
            ],
            [
              -16.614103750582032,
              28.394801903644993
            ],
            [
              -16.607668451646724,
              28.393809794272904
            ],
            [
              -16.601946444262026,
              28.39476870579376
            ],
            [
              -16.597250959842263,
              28.400382126007077
            ],
            [
              -16.596861250591047,
              28.399761509203948
            ],
            [
              -16.59598319549236,
              28.400436182506482
            ],
            [
              -16.593175902149238,
              28.397768761437398
            ],
            [
              -16.588597446078193,
              28.398124642408554
            ],
            [
              -16.581478646397777,
              28.40185155667939
            ],
            [
              -16.581096088027422,
              28.40304105421853
            ],
            [
              -16.579418656897555,
              28.403370648620335
            ],
            [
              -16.578246690183924,
              28.405103239273746
            ],
            [
              -16.57565862043142,
              28.405478075587897
            ],
            [
              -16.574604257487692,
              28.40386274102185
            ],
            [
              -16.572755725358796,
              28.404126094425703
            ],
            [
              -16.571050151168993,
              28.407411102471396
            ],
            [
              -16.570378861277337,
              28.407682395595614
            ],
            [
              -16.56969480125461,
              28.407958849603077
            ],
            [
              -16.566464486387023,
              28.41024593589496
            ],
            [
              -16.566393938270686,
              28.412130938090346
            ],
            [
              -16.565590323381553,
              28.412365504895057
            ],
            [
              -16.565163618293195,
              28.41170007204013
            ],
            [
              -16.564933036945042,
              28.412138554603832
            ],
            [
              -16.564603966388756,
              28.412117403609876
            ],
            [
              -16.564180681399293,
              28.411268204336437
            ],
            [
              -16.562248997257434,
              28.411389284348388
            ],
            [
              -16.56213873005151,
              28.412030893503992
            ],
            [
              -16.55903159155404,
              28.413903398853215
            ],
            [
              -16.559744616562668,
              28.414680706571882
            ],
            [
              -16.557530216777554,
              28.416767291298363
            ],
            [
              -16.554891150617134,
              28.41892463761184
            ],
            [
              -16.550996494748215,
              28.419172944787228
            ],
            [
              -16.54980192408566,
              28.419950806309878
            ],
            [
              -16.550683457696312,
              28.417789542343804
            ],
            [
              -16.549766959801556,
              28.418291024223656
            ],
            [
              -16.54969576785648,
              28.41845119151227
            ],
            [
              -16.54807868517198,
              28.41872935845715
            ],
            [
              -16.547411202385174,
              28.417272498039207
            ],
            [
              -16.54703636390252,
              28.417994691241688
            ],
            [
              -16.545462648391116,
              28.417784928353267
            ],
            [
              -16.545124123000342,
              28.41939341344719
            ],
            [
              -16.543199877554347,
              28.421097604756618
            ],
            [
              -16.539453361408025,
              28.42026421440245
            ],
            [
              -16.541505529541464,
              28.419742870503047
            ],
            [
              -16.540373703300556,
              28.41687628060732
            ],
            [
              -16.537303515911354,
              28.41676629332537
            ],
            [
              -16.53596114285323,
              28.417113363691623
            ],
            [
              -16.535582028907314,
              28.4169377275134
            ],
            [
              -16.533176938203084,
              28.416604212684767
            ],
            [
              -16.531531720378794,
              28.417592038143333
            ],
            [
              -16.529942618337394,
              28.418044565422218
            ],
            [
              -16.528443786418148,
              28.417451744980728
            ],
            [
              -16.527543789357235,
              28.41804207051766
            ],
            [
              -16.526998298198528,
              28.417526933967803
            ],
            [
              -16.525888565279043,
              28.41845630500307
            ],
            [
              -16.525010933186152,
              28.41714195663677
            ],
            [
              -16.523321470557228,
              28.41732748889222
            ],
            [
              -16.5229721079968,
              28.417365854951754
            ],
            [
              -16.52177274459742,
              28.41820171005361
            ],
            [
              -16.520627856220596,
              28.417855779942542
            ],
            [
              -16.518869750138133,
              28.418598577861754
            ],
            [
              -16.519230920186992,
              28.419445027643306
            ],
            [
              -16.518583549161114,
              28.41988045919648
            ],
            [
              -16.51403987094497,
              28.419089005216044
            ],
            [
              -16.50775004998479,
              28.421872036071754
            ],
            [
              -16.50714889616507,
              28.422430274865732
            ],
            [
              -16.5076780561183,
              28.423259401130135
            ],
            [
              -16.506360715190024,
              28.422725660319365
            ],
            [
              -16.50317035716729,
              28.424773558539417
            ],
            [
              -16.502946280902204,
              28.424917393614088
            ],
            [
              -16.502952565787,
              28.426403520268813
            ],
            [
              -16.502333191602013,
              28.426508685146416
            ],
            [
              -16.50269895445698,
              28.428133231455135
            ],
            [
              -16.501902124489927,
              28.42818437135349
            ],
            [
              -16.502447127994465,
              28.429035020929103
            ],
            [
              -16.500480403663843,
              28.42937703193938
            ],
            [
              -16.50072244879582,
              28.430431988121857
            ],
            [
              -16.499206579344445,
              28.430740039317755
            ],
            [
              -16.499117625791023,
              28.43140297777074
            ],
            [
              -16.49800965597859,
              28.432117757185246
            ],
            [
              -16.49912011425918,
              28.433342455468203
            ],
            [
              -16.49715259862244,
              28.438604286579604
            ],
            [
              -16.495860193042688,
              28.43815570469439
            ],
            [
              -16.494262873809486,
              28.43890042672156
            ],
            [
              -16.493801590912685,
              28.440621365575634
            ],
            [
              -16.493661345668727,
              28.439554955362947
            ],
            [
              -16.4927656402732,
              28.440169108931514
            ],
            [
              -16.49173530255382,
              28.438598246956293
            ],
            [
              -16.48929437759561,
              28.43994115760304
            ],
            [
              -16.48818630153901,
              28.438968566793214
            ],
            [
              -16.488370881810454,
              28.43788664764652
            ],
            [
              -16.487575414856153,
              28.437579094729234
            ],
            [
              -16.48747626693911,
              28.437540760979523
            ],
            [
              -16.484573606215935,
              28.439421202312694
            ],
            [
              -16.483686706856755,
              28.43969344073485
            ],
            [
              -16.483478978789385,
              28.439993026717598
            ],
            [
              -16.481104299940135,
              28.440786781294946
            ],
            [
              -16.480545924225797,
              28.439961974691606
            ],
            [
              -16.478835213056207,
              28.44124429238685
            ],
            [
              -16.47669922327408,
              28.440950618655112
            ],
            [
              -16.474840828459588,
              28.44294273051571
            ],
            [
              -16.47440514473184,
              28.443409762986285
            ],
            [
              -16.47500796211223,
              28.44535824842034
            ],
            [
              -16.473059223126544,
              28.445004467394817
            ],
            [
              -16.47215311415204,
              28.446994771311857
            ],
            [
              -16.46997411471926,
              28.44865090273961
            ],
            [
              -16.471211093687387,
              28.450578634876194
            ],
            [
              -16.470714019517374,
              28.450719854552794
            ],
            [
              -16.473309719684742,
              28.45175038223164
            ],
            [
              -16.47339994943152,
              28.453105456230535
            ],
            [
              -16.474602360195526,
              28.45305121071951
            ],
            [
              -16.474476592235238,
              28.45371355992292
            ],
            [
              -16.47312833665185,
              28.45380893170763
            ],
            [
              -16.47338550703846,
              28.45503914080444
            ],
            [
              -16.47247749355529,
              28.454803716450012
            ],
            [
              -16.472517907292403,
              28.455618295819253
            ],
            [
              -16.47137110728962,
              28.455749682082512
            ],
            [
              -16.46985737934625,
              28.454533511722552
            ],
            [
              -16.467404834244245,
              28.45539760563282
            ],
            [
              -16.465982630786904,
              28.45994800948929
            ],
            [
              -16.464910991337213,
              28.459698152964947
            ],
            [
              -16.464423468461693,
              28.458434965030587
            ],
            [
              -16.463832218879407,
              28.458493024656892
            ],
            [
              -16.464381379760052,
              28.459266681315732
            ],
            [
              -16.463899158661658,
              28.459602297827374
            ],
            [
              -16.459976423311595,
              28.457898259096183
            ],
            [
              -16.45587351115006,
              28.459982499633714
            ],
            [
              -16.454965434464583,
              28.462525621587016
            ],
            [
              -16.455779971957227,
              28.465013550824416
            ],
            [
              -16.455175805473697,
              28.465932269787807
            ],
            [
              -16.45510270403318,
              28.466043430670585
            ],
            [
              -16.456857746602797,
              28.467171052430547
            ],
            [
              -16.456116955463454,
              28.467963734598015
            ],
            [
              -16.456696177276953,
              28.468524893015786
            ],
            [
              -16.455634918488204,
              28.468807812063528
            ],
            [
              -16.455957951308516,
              28.469827942094835
            ],
            [
              -16.455303731139345,
              28.469211799314234
            ],
            [
              -16.453596269936178,
              28.470644534613314
            ],
            [
              -16.452786871560612,
              28.470441004317138
            ],
            [
              -16.453054058724696,
              28.47176140696528
            ],
            [
              -16.450918563954737,
              28.47158457402472
            ],
            [
              -16.45106787413736,
              28.47235487822071
            ],
            [
              -16.449855376852522,
              28.472623546168613
            ],
            [
              -16.44915914429463,
              28.473835545985306
            ],
            [
              -16.45187747387883,
              28.4757726260662
            ],
            [
              -16.45110712064988,
              28.47567616763158
            ],
            [
              -16.45173210398331,
              28.476153267563976
            ],
            [
              -16.451326803876356,
              28.477500588925047
            ],
            [
              -16.450151332760424,
              28.47536133521501
            ],
            [
              -16.449608330016922,
              28.4757618011145
            ],
            [
              -16.44810726494309,
              28.47424696058392
            ],
            [
              -16.44759073215538,
              28.475267503113262
            ],
            [
              -16.446951063048004,
              28.475349373245635
            ],
            [
              -16.447011917356676,
              28.474454573982243
            ],
            [
              -16.445268103713037,
              28.474229343025815
            ],
            [
              -16.443332531902605,
              28.476449561664676
            ],
            [
              -16.443566007664995,
              28.479257993424792
            ],
            [
              -16.444353274124758,
              28.48012669956125
            ],
            [
              -16.44331275727976,
              28.480131233328727
            ],
            [
              -16.442440544754017,
              28.481312840147837
            ],
            [
              -16.43800108458311,
              28.481728643392394
            ],
            [
              -16.431194749252338,
              28.4873469631896
            ],
            [
              -16.42871436219623,
              28.489394409726515
            ],
            [
              -16.428715091966488,
              28.49222426107921
            ],
            [
              -16.426995201489948,
              28.49256447970475
            ],
            [
              -16.42708374819374,
              28.494105814891146
            ],
            [
              -16.425856436560835,
              28.496345605428377
            ],
            [
              -16.426345072389534,
              28.49752396747115
            ],
            [
              -16.425732968527495,
              28.49772149679316
            ],
            [
              -16.4268229707909,
              28.498420495790295
            ],
            [
              -16.425804586769843,
              28.499094917088392
            ],
            [
              -16.426613817438092,
              28.500087155128522
            ],
            [
              -16.425592725575182,
              28.499728418671957
            ],
            [
              -16.424433048698102,
              28.50053524843442
            ],
            [
              -16.426366804152753,
              28.50278817187258
            ],
            [
              -16.424872073776694,
              28.503038541783592
            ],
            [
              -16.425103999592846,
              28.503890425784004
            ],
            [
              -16.42386578756223,
              28.504280998049012
            ],
            [
              -16.424786011768912,
              28.50555860244968
            ],
            [
              -16.4230471282005,
              28.504989443557637
            ],
            [
              -16.423930223520067,
              28.50636388478485
            ],
            [
              -16.423170868096474,
              28.506695807456886
            ],
            [
              -16.423127681707285,
              28.507253467310974
            ],
            [
              -16.422239623600625,
              28.506975839572814
            ],
            [
              -16.421315257650164,
              28.507763611187773
            ],
            [
              -16.42294162631136,
              28.509054452181385
            ],
            [
              -16.421556541472683,
              28.509145438466764
            ],
            [
              -16.421325151775253,
              28.51008902384685
            ],
            [
              -16.420783949972904,
              28.510798317333442
            ],
            [
              -16.42116299739455,
              28.51151999360277
            ],
            [
              -16.42044820567758,
              28.511682975592635
            ],
            [
              -16.419921007239836,
              28.51250122387193
            ],
            [
              -16.421738953624867,
              28.51613715856009
            ],
            [
              -16.421151730119053,
              28.516955119055368
            ],
            [
              -16.42167553011575,
              28.517611782220108
            ],
            [
              -16.4208919409599,
              28.518207658440506
            ],
            [
              -16.420302200733154,
              28.51772984607144
            ],
            [
              -16.42046111708098,
              28.51829042968668
            ],
            [
              -16.417751549708402,
              28.51983969916451
            ],
            [
              -16.417713988917384,
              28.520789179282914
            ],
            [
              -16.416612529751475,
              28.5208482102025
            ],
            [
              -16.413595940022574,
              28.523677449887824
            ],
            [
              -16.41211145665537,
              28.524189100500312
            ],
            [
              -16.411265022632303,
              28.526652116496194
            ],
            [
              -16.41104596455698,
              28.527289547800752
            ],
            [
              -16.408317974557104,
              28.528249488236305
            ],
            [
              -16.405662664875607,
              28.530586332737208
            ],
            [
              -16.40354140331649,
              28.530732530086553
            ],
            [
              -16.40214614768216,
              28.53382609504891
            ],
            [
              -16.398476925789534,
              28.533619946457303
            ],
            [
              -16.398151621647422,
              28.534637133002157
            ],
            [
              -16.39894904030053,
              28.535514870960885
            ],
            [
              -16.397672683856605,
              28.53694882961583
            ],
            [
              -16.39776684889418,
              28.538428168943835
            ],
            [
              -16.3953828029803,
              28.53834914458878
            ],
            [
              -16.395416253860155,
              28.54010175879008
            ],
            [
              -16.392196493220982,
              28.541055797746164
            ],
            [
              -16.391383598304635,
              28.542548185918697
            ],
            [
              -16.39003251980871,
              28.542441954891512
            ],
            [
              -16.389489657220818,
              28.54299289112202
            ],
            [
              -16.38776389736167,
              28.54390115988789
            ],
            [
              -16.387735459022537,
              28.543591311012676
            ],
            [
              -16.386748533837217,
              28.543868169109068
            ],
            [
              -16.385849361799984,
              28.544725315897228
            ],
            [
              -16.385831903918834,
              28.546332716607644
            ],
            [
              -16.38444375571439,
              28.545261011769465
            ],
            [
              -16.384427629338685,
              28.54623881485732
            ],
            [
              -16.3834204823971,
              28.5458570839365
            ],
            [
              -16.383429007108695,
              28.546279418553503
            ],
            [
              -16.383298098500344,
              28.547123447433542
            ],
            [
              -16.38046780627032,
              28.546315969743034
            ],
            [
              -16.380491093539668,
              28.547751181587287
            ],
            [
              -16.377905420708636,
              28.54753852805953
            ],
            [
              -16.377468892429018,
              28.547970163379205
            ],
            [
              -16.374699962420593,
              28.54769841538705
            ],
            [
              -16.372738736215897,
              28.546237169831482
            ],
            [
              -16.371911291124558,
              28.547493190062177
            ],
            [
              -16.370943380581533,
              28.546857208815137
            ],
            [
              -16.370023519920352,
              28.547768947911635
            ],
            [
              -16.370164720618863,
              28.546930041995157
            ],
            [
              -16.369339514858485,
              28.546664111388175
            ],
            [
              -16.3684078186431,
              28.546860579482523
            ],
            [
              -16.368055730301606,
              28.546559871572413
            ],
            [
              -16.365576084377462,
              28.545190339072906
            ],
            [
              -16.363789514341615,
              28.547964351639667
            ],
            [
              -16.36292777177028,
              28.54806572159962
            ],
            [
              -16.36259067896445,
              28.54701870122144
            ],
            [
              -16.359607072214644,
              28.549658751583255
            ],
            [
              -16.357709900689045,
              28.548018026007487
            ],
            [
              -16.35745478712217,
              28.549563938173627
            ],
            [
              -16.356465514125603,
              28.549605622713088
            ],
            [
              -16.355782457867498,
              28.54980811244524
            ],
            [
              -16.354336045047518,
              28.54969848135073
            ],
            [
              -16.3540898524283,
              28.553029716075176
            ],
            [
              -16.34962945649675,
              28.55288348088551
            ],
            [
              -16.345488975212398,
              28.554996059325546
            ],
            [
              -16.345353580889032,
              28.555597026808048
            ],
            [
              -16.34633059122696,
              28.555540254847912
            ],
            [
              -16.344342638352085,
              28.556717062140287
            ],
            [
              -16.336904846094335,
              28.556083969763737
            ],
            [
              -16.33546506732077,
              28.557479967927687
            ],
            [
              -16.33417868504392,
              28.55751633732
            ],
            [
              -16.33301673282949,
              28.55905254769293
            ],
            [
              -16.333227775667616,
              28.562820390259883
            ],
            [
              -16.331914519903023,
              28.563704083721486
            ],
            [
              -16.332017501255987,
              28.56472341899258
            ],
            [
              -16.331563022627513,
              28.565537125353593
            ],
            [
              -16.333008644543522,
              28.567110774538857
            ],
            [
              -16.332434328043647,
              28.56824907025468
            ],
            [
              -16.333481758706288,
              28.568899966649333
            ],
            [
              -16.332766382494587,
              28.569539970327813
            ],
            [
              -16.333492224768403,
              28.570776639020337
            ],
            [
              -16.33369916852933,
              28.570725580144376
            ],
            [
              -16.333762735099086,
              28.571250888394598
            ],
            [
              -16.3326377722889,
              28.57148932483657
            ],
            [
              -16.331689452172892,
              28.573288677363575
            ],
            [
              -16.33118954656418,
              28.573616243249088
            ],
            [
              -16.330695760544376,
              28.574600863702315
            ],
            [
              -16.329155096491434,
              28.574643943938522
            ],
            [
              -16.32966489111158,
              28.576925124194407
            ],
            [
              -16.326340414045752,
              28.577206049249384
            ],
            [
              -16.322955497035863,
              28.579326343731253
            ],
            [
              -16.3193611135563,
              28.579106954402402
            ],
            [
              -16.318056714665474,
              28.578476324753368
            ],
            [
              -16.318297471998413,
              28.57728232137223
            ],
            [
              -16.318367419001348,
              28.57668986641643
            ],
            [
              -16.317363038525407,
              28.57596809166825
            ],
            [
              -16.317492415954057,
              28.574824628952797
            ],
            [
              -16.31603434452138,
              28.574958599045004
            ],
            [
              -16.31738401684371,
              28.57401681296288
            ],
            [
              -16.316038934576017,
              28.573216430992158
            ],
            [
              -16.316689000890044,
              28.572263999324342
            ],
            [
              -16.31588878385699,
              28.57120252412836
            ],
            [
              -16.313516789725213,
              28.571891001726648
            ],
            [
              -16.31073547937334,
              28.57141833268719
            ],
            [
              -16.309015979228835,
              28.573090317333403
            ],
            [
              -16.307216910392153,
              28.57432873989004
            ],
            [
              -16.306365990502965,
              28.572468043097135
            ],
            [
              -16.30507018415488,
              28.572871207641537
            ],
            [
              -16.303430002720525,
              28.5707964339156
            ],
            [
              -16.301807720535457,
              28.57073672831829
            ],
            [
              -16.299546262023448,
              28.569610391341
            ],
            [
              -16.297876810377105,
              28.57032809424607
            ],
            [
              -16.297926525671045,
              28.56942503672342
            ],
            [
              -16.296454937246242,
              28.56923179416641
            ],
            [
              -16.294609970069416,
              28.569885791029368
            ],
            [
              -16.293154433292276,
              28.57183792282922
            ],
            [
              -16.291853738741683,
              28.570515057679764
            ],
            [
              -16.288261879205024,
              28.57107908241055
            ],
            [
              -16.286605678368314,
              28.57252879939523
            ],
            [
              -16.285958154314407,
              28.57485959267848
            ],
            [
              -16.286491947672115,
              28.57614254087513
            ],
            [
              -16.284413497589355,
              28.575680373061694
            ],
            [
              -16.2836907256645,
              28.576166890158117
            ],
            [
              -16.28242314587954,
              28.57493508296364
            ],
            [
              -16.2822821930439,
              28.57473321051525
            ],
            [
              -16.280695816466174,
              28.57271897128773
            ],
            [
              -16.280068982221866,
              28.57322029472829
            ],
            [
              -16.277824969100156,
              28.5713198855678
            ],
            [
              -16.275985987529506,
              28.572128901636823
            ],
            [
              -16.275028762965057,
              28.57187399973943
            ],
            [
              -16.274755791168495,
              28.57258919658225
            ],
            [
              -16.274437715868505,
              28.573422566377953
            ],
            [
              -16.27269801216711,
              28.574186996100362
            ],
            [
              -16.27286372449101,
              28.575124769867777
            ],
            [
              -16.27220941435024,
              28.575289391477224
            ],
            [
              -16.273765765998007,
              28.577516560113892
            ],
            [
              -16.27271067913144,
              28.578125986805222
            ],
            [
              -16.266975302228037,
              28.573816121758217
            ],
            [
              -16.264519506304342,
              28.57397433063492
            ],
            [
              -16.2648132914666,
              28.573411976220587
            ],
            [
              -16.26382087635806,
              28.572871156494294
            ],
            [
              -16.261465882631065,
              28.57353581168211
            ],
            [
              -16.260768476332316,
              28.572155089213936
            ],
            [
              -16.25834276225549,
              28.570922198609235
            ],
            [
              -16.25772868655134,
              28.570253300914846
            ],
            [
              -16.25830313760935,
              28.56996869449457
            ],
            [
              -16.257048436620444,
              28.56931476698226
            ],
            [
              -16.255667236523955,
              28.569766449465575
            ],
            [
              -16.25524811851047,
              28.57074113104384
            ],
            [
              -16.254230569737807,
              28.569933528666105
            ],
            [
              -16.251351674879455,
              28.571578717672985
            ],
            [
              -16.246067388264702,
              28.57067626332429
            ],
            [
              -16.244494921437127,
              28.57153663425552
            ],
            [
              -16.244975565070018,
              28.571795811173555
            ],
            [
              -16.24333087005713,
              28.57206739324572
            ],
            [
              -16.242926247819668,
              28.57119543981092
            ],
            [
              -16.234281060931412,
              28.567738736639665
            ],
            [
              -16.23365178464341,
              28.56685744222393
            ],
            [
              -16.230102017069562,
              28.56681568513637
            ],
            [
              -16.22795720612191,
              28.565941440773138
            ],
            [
              -16.227034073529094,
              28.566616065190217
            ],
            [
              -16.22335549195138,
              28.56559533345038
            ],
            [
              -16.221913824316825,
              28.567047507599693
            ],
            [
              -16.21708562904235,
              28.568271170876884
            ],
            [
              -16.213616564353785,
              28.568094926522207
            ],
            [
              -16.20837086370586,
              28.569283197414187
            ],
            [
              -16.20633427847196,
              28.56856604153259
            ],
            [
              -16.204242441408944,
              28.570957946110152
            ],
            [
              -16.202456383335292,
              28.571602155811053
            ],
            [
              -16.201423866028236,
              28.572401110654003
            ],
            [
              -16.198557697617538,
              28.572182509538617
            ],
            [
              -16.19722226367987,
              28.573129969034692
            ],
            [
              -16.193596249326095,
              28.572162687331353
            ],
            [
              -16.191482117873356,
              28.573107281860967
            ],
            [
              -16.19134308878012,
              28.574697689792224
            ],
            [
              -16.189384812320803,
              28.57536834191719
            ],
            [
              -16.187648370810333,
              28.57570343390269
            ],
            [
              -16.187022912661792,
              28.576037759745223
            ],
            [
              -16.186183068469973,
              28.57602596190454
            ],
            [
              -16.184631578395845,
              28.576629756820456
            ],
            [
              -16.183721915575173,
              28.577519991504403
            ],
            [
              -16.18254310025653,
              28.578888552488525
            ],
            [
              -16.18123937792549,
              28.578255779381593
            ],
            [
              -16.18013309236417,
              28.58071773061991
            ],
            [
              -16.174798641897272,
              28.5818019805504
            ],
            [
              -16.17308668249724,
              28.583725912848404
            ],
            [
              -16.17319537148002,
              28.585514420900505
            ],
            [
              -16.172126071291505,
              28.585947276396542
            ],
            [
              -16.17143526663798,
              28.58487402962863
            ],
            [
              -16.16842400948425,
              28.584000979800887
            ],
            [
              -16.164792227459788,
              28.58655180930668
            ],
            [
              -16.16116325846533,
              28.586892777953114
            ],
            [
              -16.15784573555545,
              28.588739735522612
            ],
            [
              -16.15726179146565,
              28.588082992587744
            ],
            [
              -16.15453742648901,
              28.586964796833165
            ],
            [
              -16.151409147285193,
              28.58671293184396
            ],
            [
              -16.150409714250692,
              28.587424771190882
            ],
            [
              -16.148648439446013,
              28.58680694466496
            ],
            [
              -16.147366485970036,
              28.585032299964332
            ],
            [
              -16.145223454015266,
              28.58542647665972
            ],
            [
              -16.144574691799843,
              28.58457597913296
            ],
            [
              -16.142156217669857,
              28.584622718443807
            ],
            [
              -16.142141546365952,
              28.583880129833386
            ],
            [
              -16.13833485955479,
              28.58386447225955
            ],
            [
              -16.137659452179516,
              28.58278770353962
            ],
            [
              -16.13579397989518,
              28.583005327185155
            ],
            [
              -16.136000196184256,
              28.58179489767881
            ],
            [
              -16.13239396196585,
              28.581328010157048
            ],
            [
              -16.132671512127587,
              28.580435321010235
            ],
            [
              -16.13403248067833,
              28.580830101673936
            ],
            [
              -16.133071433589393,
              28.579951460284562
            ],
            [
              -16.134423538838337,
              28.58040687270338
            ],
            [
              -16.13425039325909,
              28.579097718185217
            ],
            [
              -16.134989570139794,
              28.57895795792227
            ],
            [
              -16.135084279879035,
              28.576922803058014
            ],
            [
              -16.13381696381514,
              28.576656766123804
            ],
            [
              -16.134592754943704,
              28.575766858066547
            ],
            [
              -16.1340339705536,
              28.57388690013339
            ],
            [
              -16.13277602002994,
              28.573594329366777
            ],
            [
              -16.13146671993901,
              28.574741573979622
            ],
            [
              -16.130859374238298,
              28.573611400224138
            ],
            [
              -16.12837669601554,
              28.573051724365367
            ],
            [
              -16.128366234199017,
              28.57196594335401
            ],
            [
              -16.126281987031977,
              28.571132958803062
            ],
            [
              -16.126521721326906,
              28.569250216265313
            ],
            [
              -16.12510212054953,
              28.567507869577003
            ],
            [
              -16.12642166822492,
              28.56657559025135
            ],
            [
              -16.126576534246972,
              28.564058871031513
            ],
            [
              -16.125394859817998,
              28.563331644597216
            ],
            [
              -16.12557509408087,
              28.561890385988615
            ],
            [
              -16.122794263361556,
              28.561596079535125
            ],
            [
              -16.1238468984146,
              28.560621266326546
            ],
            [
              -16.12169560364603,
              28.558993666736992
            ],
            [
              -16.120682194910756,
              28.559270297282907
            ],
            [
              -16.120791555680224,
              28.558501874085277
            ],
            [
              -16.119377006829197,
              28.55583511368179
            ],
            [
              -16.120154465905873,
              28.554916616096296
            ],
            [
              -16.119963891752253,
              28.55457294957331
            ],
            [
              -16.120670861931664,
              28.554242066095764
            ],
            [
              -16.119900754562032,
              28.554217120892833
            ],
            [
              -16.120383480296148,
              28.553546757823792
            ],
            [
              -16.119382547272654,
              28.55362889912139
            ],
            [
              -16.120169534214554,
              28.552987183902097
            ],
            [
              -16.11959292104757,
              28.55264523048382
            ],
            [
              -16.120730517523057,
              28.551154982252758
            ],
            [
              -16.12232877953683,
              28.55084144156668
            ],
            [
              -16.12207003456126,
              28.55039544024305
            ],
            [
              -16.122788064759128,
              28.550721077812508
            ],
            [
              -16.125118810773035,
              28.549566412231815
            ],
            [
              -16.12748117155426,
              28.54634268306242
            ],
            [
              -16.127401672743755,
              28.54436404273945
            ],
            [
              -16.12661835717921,
              28.543454299567333
            ],
            [
              -16.127917262580603,
              28.54114559184495
            ],
            [
              -16.126926494427096,
              28.541299130860544
            ],
            [
              -16.12869232663211,
              28.539277986327996
            ],
            [
              -16.128311923877447,
              28.5383732147721
            ],
            [
              -16.129440040405825,
              28.53653889977627
            ],
            [
              -16.125379748190635,
              28.533697257583444
            ],
            [
              -16.125622187894237,
              28.532047320045045
            ],
            [
              -16.12772440714092,
              28.532433371398902
            ],
            [
              -16.130046259488083,
              28.535081542631584
            ],
            [
              -16.1329191045097,
              28.534979137722114
            ],
            [
              -16.13927262961199,
              28.531075170185765
            ],
            [
              -16.139358004462213,
              28.52929647297241
            ],
            [
              -16.139787414053544,
              28.52893814234441
            ],
            [
              -16.138458552061643,
              28.52697760386898
            ],
            [
              -16.140132953140782,
              28.526944587344396
            ],
            [
              -16.14005598380529,
              28.52605994616177
            ],
            [
              -16.14140274257617,
              28.525699858646732
            ],
            [
              -16.140997088870378,
              28.525258628540954
            ],
            [
              -16.142288404029024,
              28.525569655952815
            ],
            [
              -16.143115806831524,
              28.52487728974104
            ],
            [
              -16.142633677137884,
              28.52469281913735
            ],
            [
              -16.143761494860048,
              28.52358913331982
            ],
            [
              -16.143080741829603,
              28.522661451863687
            ],
            [
              -16.14389383870363,
              28.52173314544716
            ],
            [
              -16.151631199047003,
              28.523294401937978
            ],
            [
              -16.153660952258814,
              28.52236902221379
            ],
            [
              -16.156238988663922,
              28.522728894943743
            ],
            [
              -16.16164554068488,
              28.51978395504049
            ],
            [
              -16.163282963141327,
              28.519820676285626
            ],
            [
              -16.16509236495416,
              28.518459851899983
            ],
            [
              -16.167128660414,
              28.518511707500924
            ],
            [
              -16.176211410880274,
              28.512953377727882
            ],
            [
              -16.17741068668859,
              28.511156025521515
            ],
            [
              -16.177003926606336,
              28.510250439263203
            ],
            [
              -16.177996447406592,
              28.51024755130763
            ],
            [
              -16.180521202792637,
              28.50812495485056
            ],
            [
              -16.17954466008455,
              28.50925359061453
            ],
            [
              -16.18169020862781,
              28.510098000783366
            ],
            [
              -16.186707068310934,
              28.508137636112263
            ],
            [
              -16.189021286241747,
              28.50532961703309
            ],
            [
              -16.188248131354086,
              28.504377801511115
            ],
            [
              -16.189291595005212,
              28.504771683036513
            ],
            [
              -16.191176221979827,
              28.504044449461183
            ],
            [
              -16.19524722555728,
              28.49983247089452
            ],
            [
              -16.194768906683315,
              28.49778238656318
            ],
            [
              -16.19568687482814,
              28.49652575376787
            ],
            [
              -16.205062259749415,
              28.49580553378226
            ],
            [
              -16.21105665131469,
              28.492810787468905
            ],
            [
              -16.21143086333834,
              28.493560715355628
            ],
            [
              -16.211189003620113,
              28.493609099499132
            ],
            [
              -16.2109099361395,
              28.49317149154868
            ],
            [
              -16.210793008916458,
              28.493345850584227
            ],
            [
              -16.20193813081292,
              28.497891166456654
            ],
            [
              -16.202713551118137,
              28.499071617720727
            ],
            [
              -16.213932232105538,
              28.493402943939852
            ],
            [
              -16.213180614196826,
              28.49156550262764
            ],
            [
              -16.214589564482477,
              28.492953855016044
            ],
            [
              -16.216458278738777,
              28.491848457666155
            ],
            [
              -16.21825918231411,
              28.48972977816098
            ],
            [
              -16.218162777254918,
              28.488583876109967
            ],
            [
              -16.225244019893843,
              28.48373663811743
            ],
            [
              -16.228394799849347,
              28.483030579608997
            ],
            [
              -16.225327791466547,
              28.483870760585486
            ],
            [
              -16.219776549417553,
              28.487806585905048
            ],
            [
              -16.21966376117056,
              28.489448430095948
            ],
            [
              -16.2269863987137,
              28.48910081965896
            ],
            [
              -16.23009944186582,
              28.4857596190208
            ],
            [
              -16.229155136799303,
              28.484928380846604
            ],
            [
              -16.23166461750719,
              28.486284911801484
            ],
            [
              -16.23231513806172,
              28.485989749082247
            ],
            [
              -16.23234433478353,
              28.485982778470927
            ],
            [
              -16.23346109156795,
              28.485566782714827
            ],
            [
              -16.23308916303499,
              28.486003417165318
            ],
            [
              -16.23394762835627,
              28.486568702474962
            ],
            [
              -16.235514641048084,
              28.486425324271405
            ],
            [
              -16.236129331001184,
              28.48597717098488
            ],
            [
              -16.235733926071077,
              28.485422429977937
            ],
            [
              -16.236842482184624,
              28.485648185508733
            ],
            [
              -16.236468483147156,
              28.485115084614577
            ],
            [
              -16.237009695289093,
              28.485545307760354
            ],
            [
              -16.239239368334257,
              28.481820665987648
            ],
            [
              -16.238858278380633,
              28.481520015608744
            ],
            [
              -16.24033679655464,
              28.480714845830235
            ],
            [
              -16.240749383576382,
              28.4791307792868
            ],
            [
              -16.240953131036587,
              28.47783278550029
            ],
            [
              -16.241757071182395,
              28.477844002466643
            ],
            [
              -16.241103357324267,
              28.47718672265986
            ],
            [
              -16.241345663768573,
              28.476936417770695
            ],
            [
              -16.242137919418344,
              28.477544821394837
            ],
            [
              -16.244571592043904,
              28.47484328532526
            ],
            [
              -16.246247321135694,
              28.471025846940933
            ],
            [
              -16.24633583516177,
              28.46950893177173
            ],
            [
              -16.245241882192303,
              28.469314407622644
            ],
            [
              -16.24485228880658,
              28.469415034561244
            ],
            [
              -16.244318076287747,
              28.47066018146218
            ],
            [
              -16.244206117450172,
              28.470634643738073
            ],
            [
              -16.24459877772254,
              28.469357326151798
            ],
            [
              -16.243445466184408,
              28.46903458173904
            ],
            [
              -16.242781599543857,
              28.46957688248535
            ],
            [
              -16.24060002922522,
              28.47329586162125
            ],
            [
              -16.235832974972784,
              28.47920846955629
            ],
            [
              -16.235586445458495,
              28.47907208720807
            ],
            [
              -16.240364710621048,
              28.473149664909695
            ],
            [
              -16.242430092878287,
              28.469626214516627
            ],
            [
              -16.241924351746068,
              28.4659623593076
            ],
            [
              -16.24459317275861,
              28.46092209706652
            ],
            [
              -16.245035115079315,
              28.45943821068864
            ],
            [
              -16.247016792454847,
              28.455679342560604
            ],
            [
              -16.247570446398377,
              28.45590549117894
            ],
            [
              -16.24702962449032,
              28.4559782404138
            ],
            [
              -16.245203473123553,
              28.459442382818608
            ],
            [
              -16.245148047051696,
              28.459579148429135
            ],
            [
              -16.244523888670226,
              28.461707680258385
            ],
            [
              -16.242247099463146,
              28.466000694592232
            ],
            [
              -16.24241608273364,
              28.466677328307174
            ],
            [
              -16.242757659836684,
              28.46805749390903
            ],
            [
              -16.24486379426406,
              28.467634440202804
            ],
            [
              -16.244963596341247,
              28.466764343028085
            ],
            [
              -16.244968529941232,
              28.466743466990422
            ],
            [
              -16.24513186452323,
              28.466064643345042
            ],
            [
              -16.243320325764635,
              28.46462081488286
            ],
            [
              -16.245332456550717,
              28.465227324326065
            ],
            [
              -16.246213086212382,
              28.46340294656621
            ],
            [
              -16.24727484210432,
              28.463686534532982
            ],
            [
              -16.247449943252676,
              28.46335724859824
            ],
            [
              -16.24641289963176,
              28.462899874876307
            ],
            [
              -16.24946879014587,
              28.45583841070558
            ],
            [
              -16.248988601335114,
              28.454480138541204
            ],
            [
              -16.251902997076836,
              28.455332102128676
            ],
            [
              -16.252470117546345,
              28.455675077300402
            ],
            [
              -16.252677769560805,
              28.45531819209053
            ],
            [
              -16.251916699482198,
              28.454656633086724
            ],
            [
              -16.253807260567736,
              28.453123839481197
            ],
            [
              -16.253841909664327,
              28.450505444706177
            ],
            [
              -16.260482668372152,
              28.45174669890583
            ],
            [
              -16.262888635210036,
              28.450524916926966
            ],
            [
              -16.262125152295386,
              28.449879963357784
            ],
            [
              -16.263025104912536,
              28.44955786781222
            ],
            [
              -16.262943983310777,
              28.450495602812556
            ],
            [
              -16.26443819275632,
              28.449926097220036
            ],
            [
              -16.2644995245937,
              28.448615332205954
            ],
            [
              -16.264766089220462,
              28.448677513278337
            ],
            [
              -16.264762340933753,
              28.450012734652237
            ],
            [
              -16.266165332497618,
              28.44968082402846
            ],
            [
              -16.269729054163736,
              28.447304263365936
            ],
            [
              -16.27376605492743,
              28.442659446804846
            ],
            [
              -16.27500756219151,
              28.439282695034716
            ],
            [
              -16.279547281830176,
              28.434570899179022
            ],
            [
              -16.29152605862907,
              28.42683614881894
            ],
            [
              -16.291784157183137,
              28.42571009186012
            ],
            [
              -16.293610193899923,
              28.424372587641304
            ],
            [
              -16.293273860512976,
              28.422130579614677
            ],
            [
              -16.29394705093979,
              28.420670052995682
            ],
            [
              -16.29692234798012,
              28.419603588800587
            ],
            [
              -16.297147998186553,
              28.417791236673583
            ],
            [
              -16.297825048605333,
              28.417890987533656
            ],
            [
              -16.300590391081286,
              28.41440466985706
            ],
            [
              -16.304919983704774,
              28.412855246112823
            ],
            [
              -16.306315406311803,
              28.41026535031142
            ],
            [
              -16.30732431734205,
              28.409569129939573
            ],
            [
              -16.308621144466617,
              28.408674226983994
            ],
            [
              -16.310625944428033,
              28.40773110200874
            ],
            [
              -16.31171560473086,
              28.408018252566862
            ],
            [
              -16.313169769129704,
              28.406568731329703
            ],
            [
              -16.314541629842203,
              28.406239446207508
            ],
            [
              -16.31590704852739,
              28.405771077024916
            ],
            [
              -16.316521574271043,
              28.404579736496203
            ],
            [
              -16.3168564331365,
              28.404612550493844
            ],
            [
              -16.31801756912415,
              28.40399260203007
            ],
            [
              -16.318465772448555,
              28.401996266391063
            ],
            [
              -16.320288751677285,
              28.399982810706582
            ],
            [
              -16.320342676108883,
              28.40057480863748
            ],
            [
              -16.320898310174336,
              28.400132851615083
            ],
            [
              -16.323977538886574,
              28.400458808034575
            ],
            [
              -16.32396804013439,
              28.400675180109964
            ],
            [
              -16.321162967697617,
              28.400465128892495
            ],
            [
              -16.321713619720185,
              28.401157561875905
            ],
            [
              -16.32367455258059,
              28.400903289465518
            ],
            [
              -16.32820840953845,
              28.402281570696914
            ],
            [
              -16.333725405583632,
              28.40058193727771
            ],
            [
              -16.335018563293396,
              28.39872231617363
            ],
            [
              -16.335156982821346,
              28.39690200324878
            ],
            [
              -16.33719575602474,
              28.39641397548039
            ],
            [
              -16.338732256929653,
              28.396046178264637
            ],
            [
              -16.340161845472508,
              28.394175106412835
            ],
            [
              -16.34205839227066,
              28.393289129754674
            ],
            [
              -16.342337599950074,
              28.392222544501024
            ],
            [
              -16.34370675384355,
              28.392034342279953
            ],
            [
              -16.347062672301224,
              28.386771519107683
            ],
            [
              -16.35518115747318,
              28.383467376166838
            ],
            [
              -16.357100021481106,
              28.3800030412711
            ],
            [
              -16.35910237243525,
              28.380345310760113
            ],
            [
              -16.361077100350805,
              28.378624928980848
            ],
            [
              -16.359965763950708,
              28.377484275416183
            ],
            [
              -16.361771124372552,
              28.375562015773113
            ],
            [
              -16.361082063400488,
              28.373981476313492
            ],
            [
              -16.361692033309172,
              28.372951406990033
            ],
            [
              -16.360905834906248,
              28.37139463420886
            ],
            [
              -16.361568957311054,
              28.370415786324617
            ],
            [
              -16.361145928170274,
              28.368677359591384
            ],
            [
              -16.362838124301348,
              28.367735329320908
            ],
            [
              -16.364277524734185,
              28.364398093743528
            ],
            [
              -16.363651209664443,
              28.361828942801008
            ],
            [
              -16.36473801124463,
              28.361538415310196
            ],
            [
              -16.365314204120445,
              28.35943891438103
            ],
            [
              -16.365900193984718,
              28.359680133327075
            ],
            [
              -16.365413823529074,
              28.359704342253497
            ],
            [
              -16.365084522952337,
              28.360890875100896
            ],
            [
              -16.36576381589027,
              28.361160555859783
            ],
            [
              -16.366157733860963,
              28.36039586675221
            ],
            [
              -16.366020156500273,
              28.360010380375222
            ],
            [
              -16.366918631614,
              28.3602292302925
            ],
            [
              -16.367006157452668,
              28.360012916340946
            ],
            [
              -16.36657389701005,
              28.35970507020516
            ],
            [
              -16.367936006302152,
              28.358074409961283
            ],
            [
              -16.367383306108135,
              28.35695059628636
            ],
            [
              -16.36820051420825,
              28.355984919956143
            ],
            [
              -16.36767091191292,
              28.35725052295027
            ],
            [
              -16.36896153360706,
              28.357559957753253
            ],
            [
              -16.369708560055447,
              28.354545642327896
            ],
            [
              -16.368919248662596,
              28.3497691729095
            ],
            [
              -16.368066669104067,
              28.349393742741967
            ],
            [
              -16.36894698105354,
              28.346466919882708
            ],
            [
              -16.367390211088203,
              28.34565762364513
            ],
            [
              -16.36765908301446,
              28.34354797920182
            ],
            [
              -16.36661461073657,
              28.342799122092185
            ],
            [
              -16.367275692188496,
              28.342086672110305
            ],
            [
              -16.367271004136924,
              28.34121402367523
            ],
            [
              -16.36602050510597,
              28.33945385493885
            ],
            [
              -16.365802491904926,
              28.339146985432283
            ],
            [
              -16.362107342643785,
              28.332294752097464
            ],
            [
              -16.36240658894792,
              28.330287951564003
            ],
            [
              -16.3626129146619,
              28.328904293529956
            ],
            [
              -16.363207620365884,
              28.328798467907582
            ],
            [
              -16.36283014294819,
              28.326253595879038
            ],
            [
              -16.3609790381531,
              28.32180935320986
            ],
            [
              -16.359232184625085,
              28.320420001619034
            ],
            [
              -16.360301244157988,
              28.315212248754918
            ],
            [
              -16.35929725043575,
              28.313651052456056
            ],
            [
              -16.361938549469762,
              28.308475145411624
            ],
            [
              -16.360908691203498,
              28.30670520450969
            ],
            [
              -16.362077641837192,
              28.305870321974385
            ],
            [
              -16.361431464598912,
              28.304373908035338
            ],
            [
              -16.365487492195015,
              28.30082104985819
            ],
            [
              -16.36720251377126,
              28.300827558861847
            ],
            [
              -16.370258802523978,
              28.299164786464882
            ],
            [
              -16.37149360399719,
              28.296340213069747
            ],
            [
              -16.372924451686337,
              28.2954235290443
            ],
            [
              -16.37251845307006,
              28.294284922950688
            ],
            [
              -16.373663850668912,
              28.29553698818773
            ],
            [
              -16.375173864343484,
              28.29409655814143
            ],
            [
              -16.37449093036295,
              28.293426533505134
            ],
            [
              -16.37484439733228,
              28.29275428683278
            ],
            [
              -16.37511442005071,
              28.293795372249413
            ],
            [
              -16.37630733101332,
              28.29308371694128
            ],
            [
              -16.376006796692568,
              28.29174819676577
            ],
            [
              -16.377411107724264,
              28.29126651882658
            ],
            [
              -16.378594451227503,
              28.289416107580927
            ],
            [
              -16.378421014908653,
              28.287981320734357
            ],
            [
              -16.379625484776103,
              28.286622939550426
            ],
            [
              -16.380575233686205,
              28.286353336641422
            ],
            [
              -16.380019418159925,
              28.286742216444672
            ],
            [
              -16.378772503483045,
              28.288029324913758
            ],
            [
              -16.37927712207674,
              28.288494239235852
            ],
            [
              -16.380159198900742,
              28.28771235011457
            ],
            [
              -16.380453324945876,
              28.287466312354987
            ],
            [
              -16.380397080072544,
              28.28680139722859
            ],
            [
              -16.383496328393232,
              28.2849413223426
            ],
            [
              -16.38403004703938,
              28.278705979216397
            ],
            [
              -16.38268619378142,
              28.277110158586027
            ],
            [
              -16.384230709854336,
              28.27589278268049
            ],
            [
              -16.383581548569765,
              28.27533966292599
            ],
            [
              -16.38429413054503,
              28.274864454598614
            ],
            [
              -16.383490970363578,
              28.274688363485982
            ],
            [
              -16.384354181192485,
              28.27293059857528
            ],
            [
              -16.383909330857822,
              28.27224899827903
            ],
            [
              -16.384710156182063,
              28.272599871365433
            ],
            [
              -16.384784255528587,
              28.271312980982486
            ],
            [
              -16.387066376643403,
              28.268738525955417
            ],
            [
              -16.38730750803915,
              28.264554664534327
            ],
            [
              -16.391072098317725,
              28.260233963349584
            ],
            [
              -16.392299152833136,
              28.26025964390021
            ],
            [
              -16.39290381350872,
              28.258421274269665
            ],
            [
              -16.3947988066346,
              28.257902728198033
            ],
            [
              -16.393906043170244,
              28.257311779063244
            ],
            [
              -16.394091823071165,
              28.25635824693957
            ],
            [
              -16.39580589850137,
              28.255035459322105
            ],
            [
              -16.395460715785756,
              28.253710750515122
            ],
            [
              -16.397047312553777,
              28.250091643755123
            ],
            [
              -16.398126765259182,
              28.24965176938039
            ],
            [
              -16.398643072019254,
              28.248052633226273
            ],
            [
              -16.400400511852332,
              28.247498173378048
            ],
            [
              -16.400378016253228,
              28.245793555075874
            ],
            [
              -16.40220895230317,
              28.244358399644643
            ],
            [
              -16.402265147796452,
              28.241952164349478
            ],
            [
              -16.40154136743117,
              28.241071895061044
            ],
            [
              -16.403227059363516,
              28.239660400636847
            ],
            [
              -16.404009887150437,
              28.239805047572563
            ],
            [
              -16.404036360427074,
              28.23884590021601
            ],
            [
              -16.40537960298372,
              28.23810621570778
            ],
            [
              -16.405241436538486,
              28.236648018142162
            ],
            [
              -16.40693277403909,
              28.23567994336407
            ],
            [
              -16.407686066979167,
              28.233713428013413
            ],
            [
              -16.408845416256835,
              28.230686878805265
            ],
            [
              -16.408144252268624,
              28.230080341821626
            ],
            [
              -16.409034118057807,
              28.228666928227796
            ],
            [
              -16.408435186837227,
              28.227704917246182
            ],
            [
              -16.40988924550502,
              28.225889910008398
            ],
            [
              -16.40929959329911,
              28.224318721949135
            ],
            [
              -16.411236674059467,
              28.22188452984401
            ],
            [
              -16.412835026460872,
              28.22195454574295
            ],
            [
              -16.413508209013536,
              28.220203407342037
            ],
            [
              -16.412933929188398,
              28.220015374714745
            ],
            [
              -16.4143731941827,
              28.2196015092572
            ],
            [
              -16.41543721706227,
              28.21639577197397
            ],
            [
              -16.417478242099655,
              28.215474263549364
            ],
            [
              -16.417986123252085,
              28.213191420708654
            ],
            [
              -16.42002522403142,
              28.210011911565573
            ],
            [
              -16.421365986221296,
              28.20978505865366
            ],
            [
              -16.420846569620316,
              28.208624326794453
            ],
            [
              -16.422561760870334,
              28.20700031995547
            ],
            [
              -16.42247780018962,
              28.206017704926904
            ],
            [
              -16.424639858320038,
              28.204580634544904
            ],
            [
              -16.42504831050298,
              28.202015260929894
            ],
            [
              -16.423361259090363,
              28.19983054974595
            ],
            [
              -16.420960192805087,
              28.198488134441423
            ],
            [
              -16.422436809404033,
              28.195798595163133
            ],
            [
              -16.421703150782246,
              28.195078385499436
            ],
            [
              -16.422167778470754,
              28.19322218573653
            ],
            [
              -16.422882225489403,
              28.193391320709615
            ],
            [
              -16.42323835628687,
              28.193475629512466
            ],
            [
              -16.42320643472884,
              28.19280549389044
            ],
            [
              -16.4251255180629,
              28.1919459363409
            ],
            [
              -16.42631260026746,
              28.189208594911243
            ],
            [
              -16.427553441964953,
              28.188591401968523
            ],
            [
              -16.427887792178343,
              28.185237274023596
            ],
            [
              -16.427326792859855,
              28.182971155817715
            ],
            [
              -16.425731564591945,
              28.1826139529784
            ],
            [
              -16.42586197563675,
              28.18119884955464
            ],
            [
              -16.428542505693617,
              28.178814526799382
            ],
            [
              -16.428167757061704,
              28.177537628312752
            ],
            [
              -16.42853471162331,
              28.17612874618727
            ],
            [
              -16.429291086188716,
              28.17593130740829
            ],
            [
              -16.428621088655376,
              28.174780888193336
            ],
            [
              -16.43023814961375,
              28.173734150826498
            ],
            [
              -16.425729031938683,
              28.169387081850505
            ],
            [
              -16.4250624621692,
              28.167823598743993
            ],
            [
              -16.42704012157842,
              28.164217671230354
            ],
            [
              -16.431352747946047,
              28.164692370633148
            ],
            [
              -16.43305655184627,
              28.159843811490223
            ],
            [
              -16.43231092946298,
              28.159324620532992
            ],
            [
              -16.43371199834262,
              28.15918823426639
            ],
            [
              -16.434409320109285,
              28.156915493981387
            ],
            [
              -16.43421774335464,
              28.15490994637036
            ],
            [
              -16.432655073994937,
              28.153732015978747
            ],
            [
              -16.432451562663918,
              28.15263600935066
            ],
            [
              -16.42971327467923,
              28.153610193998407
            ],
            [
              -16.42881035299636,
              28.152172425909942
            ],
            [
              -16.42628317883253,
              28.151821124811452
            ],
            [
              -16.42546674530359,
              28.150476649814163
            ],
            [
              -16.426680506686306,
              28.147501968410094
            ],
            [
              -16.427621423233656,
              28.14753423470334
            ],
            [
              -16.42893339153604,
              28.145314724903788
            ],
            [
              -16.42962313810295,
              28.14582011654152
            ],
            [
              -16.43017097273125,
              28.145296811554804
            ],
            [
              -16.429714915872324,
              28.144740110921767
            ],
            [
              -16.430943210892732,
              28.144111484664116
            ],
            [
              -16.431456095752466,
              28.142542236687905
            ],
            [
              -16.433321096539032,
              28.14299704916457
            ],
            [
              -16.432784222073618,
              28.141630494709226
            ],
            [
              -16.433508654970286,
              28.141162633366076
            ],
            [
              -16.43546814646021,
              28.141503383735394
            ],
            [
              -16.436660308697327,
              28.14283211784062
            ],
            [
              -16.43737304016058,
              28.142088764723805
            ],
            [
              -16.438455873844653,
              28.142923705852787
            ],
            [
              -16.439585721349136,
              28.142623022767907
            ],
            [
              -16.440172343318224,
              28.140961614295385
            ],
            [
              -16.441689980205474,
              28.14058798231852
            ],
            [
              -16.44253835524381,
              28.139368000875592
            ],
            [
              -16.442147761618983,
              28.13725665757831
            ],
            [
              -16.44334093045419,
              28.136902813374228
            ],
            [
              -16.441926166138146,
              28.136212706216984
            ],
            [
              -16.441843546595102,
              28.13502604266014
            ],
            [
              -16.444145451052446,
              28.134867675709753
            ],
            [
              -16.44523089153774,
              28.133939105109846
            ],
            [
              -16.446057373124095,
              28.135304277199108
            ],
            [
              -16.449102566960374,
              28.13456030405372
            ],
            [
              -16.448763219644043,
              28.129375099341658
            ],
            [
              -16.452846170388252,
              28.12661426344072
            ],
            [
              -16.4528754153748,
              28.12550354520887
            ],
            [
              -16.456171158936634,
              28.125218827165078
            ],
            [
              -16.457707936233696,
              28.123200194354844
            ],
            [
              -16.458905289812037,
              28.12330467919666
            ],
            [
              -16.45968342586795,
              28.12170406284125
            ],
            [
              -16.46157010142675,
              28.121726929229965
            ],
            [
              -16.461142928260347,
              28.120858366681322
            ],
            [
              -16.462355674132954,
              28.12002471962492
            ],
            [
              -16.46304405153234,
              28.120585682798893
            ],
            [
              -16.462824567690028,
              28.119361081516463
            ],
            [
              -16.463869201564737,
              28.119020400773753
            ],
            [
              -16.463779461230676,
              28.118175507898172
            ],
            [
              -16.461950767576138,
              28.11415925118861
            ],
            [
              -16.463642620550086,
              28.11315172588089
            ],
            [
              -16.463467762312256,
              28.111881944473378
            ],
            [
              -16.46429751822364,
              28.11106755056068
            ],
            [
              -16.4654052596515,
              28.11169873761548
            ],
            [
              -16.46838176786179,
              28.11096054934924
            ],
            [
              -16.468934783142984,
              28.11026962721818
            ],
            [
              -16.468665427398488,
              28.109743943659502
            ],
            [
              -16.46920564321375,
              28.108332508149058
            ],
            [
              -16.47008953347727,
              28.10772432881647
            ],
            [
              -16.470323764054925,
              28.107882137259068
            ],
            [
              -16.469301749338175,
              28.108857294546013
            ],
            [
              -16.469749309069826,
              28.109146232633744
            ],
            [
              -16.470608055167975,
              28.108642121588975
            ],
            [
              -16.472071419620622,
              28.108402587300997
            ],
            [
              -16.473031820016875,
              28.10660999290471
            ],
            [
              -16.47256615793709,
              28.104850881305477
            ],
            [
              -16.47322967026552,
              28.103880211621433
            ],
            [
              -16.47405305361667,
              28.104138084889353
            ],
            [
              -16.473376162391688,
              28.10353033514736
            ],
            [
              -16.474866630109887,
              28.10296655697836
            ],
            [
              -16.47527069631282,
              28.10181514369595
            ],
            [
              -16.47628192891273,
              28.1021525283206
            ],
            [
              -16.47607252316823,
              28.101515516233267
            ],
            [
              -16.477465035917945,
              28.100364980395106
            ],
            [
              -16.478303632370107,
              28.101032295317687
            ],
            [
              -16.478234661615357,
              28.100109849259006
            ],
            [
              -16.47969255565228,
              28.099412442295346
            ],
            [
              -16.48030919834282,
              28.099296363136986
            ],
            [
              -16.480900612351306,
              28.095917544890263
            ],
            [
              -16.481734875236175,
              28.095159192384195
            ],
            [
              -16.48411653170557,
              28.092994245117676
            ],
            [
              -16.486153899718722,
              28.09280927687536
            ],
            [
              -16.489840381048257,
              28.09022372614356
            ],
            [
              -16.491055722665866,
              28.087486030786405
            ],
            [
              -16.48979775216414,
              28.08654606615009
            ],
            [
              -16.48925827156356,
              28.085430634591876
            ],
            [
              -16.489389706400196,
              28.08455780713736
            ],
            [
              -16.489626105165648,
              28.085492274481265
            ],
            [
              -16.490546148318433,
              28.085582608909103
            ],
            [
              -16.490090007173126,
              28.084939246076047
            ],
            [
              -16.49137844677709,
              28.08171721760611
            ],
            [
              -16.487686425087656,
              28.078456560462637
            ],
            [
              -16.48791845391765,
              28.07839671023282
            ],
            [
              -16.489361720801522,
              28.07954584887536
            ],
            [
              -16.49169269263906,
              28.07702166615221
            ],
            [
              -16.49351025010992,
              28.078850790668202
            ],
            [
              -16.495547987479398,
              28.07923105421282
            ],
            [
              -16.49690364441215,
              28.078377934055883
            ],
            [
              -16.496978524015493,
              28.075202090097857
            ],
            [
              -16.496194120419457,
              28.072624814066096
            ],
            [
              -16.495231321455137,
              28.072774358542304
            ],
            [
              -16.49642254569127,
              28.071687170530076
            ],
            [
              -16.49532335219853,
              28.070739626723284
            ],
            [
              -16.495440124559384,
              28.070633051394665
            ],
            [
              -16.496664329746707,
              28.071688356229917
            ],
            [
              -16.4961534809437,
              28.072154595724882
            ],
            [
              -16.497720857096958,
              28.076277265595976
            ],
            [
              -16.49918383394908,
              28.077559979389846
            ],
            [
              -16.502922419561997,
              28.076907642434044
            ],
            [
              -16.505010633556097,
              28.07505018437548
            ],
            [
              -16.505957739150382,
              28.07299854467896
            ],
            [
              -16.506983547447597,
              28.067448977127736
            ],
            [
              -16.51012996457794,
              28.065740965872518
            ],
            [
              -16.509602307741062,
              28.065061889669067
            ],
            [
              -16.511743597290074,
              28.06533844580895
            ],
            [
              -16.51334581778513,
              28.063820832954814
            ],
            [
              -16.514795471426044,
              28.063869049587797
            ],
            [
              -16.51369035170597,
              28.063235019076146
            ],
            [
              -16.514773082089583,
              28.063206314689587
            ],
            [
              -16.5145258692072,
              28.062386246931677
            ],
            [
              -16.515800223096317,
              28.06175695220887
            ],
            [
              -16.515390346275936,
              28.059219966391318
            ],
            [
              -16.517769676358494,
              28.0603334854263
            ],
            [
              -16.52040389927333,
              28.05936781055159
            ],
            [
              -16.521372744502067,
              28.057636007687023
            ],
            [
              -16.521153778081345,
              28.056121357545077
            ],
            [
              -16.522185606407433,
              28.055302054172373
            ],
            [
              -16.52125859565856,
              28.05399522885696
            ],
            [
              -16.523714202865346,
              28.051809086782548
            ],
            [
              -16.52549407320032,
              28.05136613837496
            ],
            [
              -16.525307976665648,
              28.05007780345666
            ],
            [
              -16.531960429986338,
              28.048977686532286
            ],
            [
              -16.53300415243166,
              28.046738248337174
            ],
            [
              -16.532926293074265,
              28.043491977933808
            ],
            [
              -16.534007072462806,
              28.042022141038593
            ],
            [
              -16.535501830938465,
              28.042078000681858
            ],
            [
              -16.535057672666714,
              28.04254895762924
            ],
            [
              -16.53633149991604,
              28.043938237595604
            ],
            [
              -16.5384111326029,
              28.0438718234407
            ],
            [
              -16.541142943900123,
              28.042166609822587
            ],
            [
              -16.54224705417675,
              28.040435777711895
            ],
            [
              -16.542838212481577,
              28.036640010111157
            ],
            [
              -16.54218741647502,
              28.035488672682987
            ],
            [
              -16.54085035177988,
              28.035217248107692
            ],
            [
              -16.54090357761124,
              28.03407984560117
            ],
            [
              -16.539503845548364,
              28.033009620365544
            ],
            [
              -16.541227531646882,
              28.028926721607075
            ],
            [
              -16.542817649923485,
              28.028648263456105
            ],
            [
              -16.545374845046695,
              28.025516853323932
            ],
            [
              -16.5468792310853,
              28.024792357496427
            ],
            [
              -16.55098085293137,
              28.025986566243517
            ],
            [
              -16.55169840403137,
              28.029426148105998
            ],
            [
              -16.55730118939799,
              28.031213600000214
            ],
            [
              -16.560352131542885,
              28.03095927307807
            ],
            [
              -16.562039026203042,
              28.02980068409659
            ],
            [
              -16.56659952982802,
              28.028778045855013
            ],
            [
              -16.56870996636026,
              28.030602797352838
            ],
            [
              -16.571976270712828,
              28.031118088741703
            ],
            [
              -16.57323935039613,
              28.030427079712805
            ],
            [
              -16.574897934481456,
              28.03078328469772
            ],
            [
              -16.57876335439188,
              28.029001997313554
            ],
            [
              -16.58147148023918,
              28.02994554605585
            ],
            [
              -16.582180116906713,
              28.02887098981598
            ],
            [
              -16.586915362342964,
              28.02947637296924
            ],
            [
              -16.588514191573605,
              28.028205559932708
            ],
            [
              -16.59171411242675,
              28.0275022456022
            ],
            [
              -16.5932060805627,
              28.027567622423234
            ],
            [
              -16.592681163863446,
              28.02857669064688
            ],
            [
              -16.595314107470703,
              28.029188144397857
            ],
            [
              -16.596864932930774,
              28.027317107341542
            ],
            [
              -16.59700264224309,
              28.027878036958978
            ],
            [
              -16.599117020163956,
              28.027732977957463
            ],
            [
              -16.600336234914295,
              28.026206648378185
            ],
            [
              -16.604062314577163,
              28.025209627300836
            ],
            [
              -16.604279846118427,
              28.024313906560238
            ],
            [
              -16.60708026069037,
              28.023273761759125
            ],
            [
              -16.607610322637445,
              28.022916721159344
            ],
            [
              -16.61009579981614,
              28.022664448181782
            ],
            [
              -16.61026454738881,
              28.022256370524172
            ],
            [
              -16.60977245952912,
              28.020839449395456
            ],
            [
              -16.613300258449687,
              28.018833541734402
            ],
            [
              -16.614543085252347,
              28.01891526110149
            ],
            [
              -16.614919168337835,
              28.019376084299875
            ],
            [
              -16.61472241386451,
              28.01943656445409
            ],
            [
              -16.614217400873727,
              28.019067517042814
            ],
            [
              -16.61374958166795,
              28.01902228128514
            ],
            [
              -16.610522464842226,
              28.020746777552706
            ],
            [
              -16.610775474740638,
              28.021140508029763
            ],
            [
              -16.610425069592747,
              28.02134915516734
            ],
            [
              -16.61092859769211,
              28.02208988514763
            ],
            [
              -16.611779015129216,
              28.021577664662217
            ],
            [
              -16.612261772452644,
              28.021468480824304
            ],
            [
              -16.61269955076372,
              28.021334213203293
            ],
            [
              -16.61439879495069,
              28.020042947440547
            ],
            [
              -16.61495753240565,
              28.020806515179558
            ],
            [
              -16.615636459813516,
              28.02060691825841
            ],
            [
              -16.616535802697076,
              28.02070809065246
            ],
            [
              -16.616899800966927,
              28.01957722183069
            ],
            [
              -16.61768513312951,
              28.0198787081731
            ],
            [
              -16.619327561693236,
              28.018337614595644
            ],
            [
              -16.621740475887385,
              28.018801113541244
            ],
            [
              -16.62335308362662,
              28.018010593606782
            ],
            [
              -16.62417254140004,
              28.01876742278971
            ],
            [
              -16.625720895378066,
              28.01843988023142
            ],
            [
              -16.626702887392632,
              28.01567776563652
            ],
            [
              -16.629450658012416,
              28.014805087735322
            ],
            [
              -16.629552326435917,
              28.01405955384667
            ],
            [
              -16.63176965014628,
              28.012554838757477
            ],
            [
              -16.631193969009768,
              28.01021675382523
            ],
            [
              -16.631813412948397,
              28.009857501475633
            ],
            [
              -16.633350060722485,
              28.008627412705952
            ],
            [
              -16.638396225241316,
              28.00929323701706
            ],
            [
              -16.63837725507919,
              28.008623080195367
            ],
            [
              -16.638312840375338,
              28.006347509068316
            ],
            [
              -16.640507071457407,
              28.005020343569004
            ],
            [
              -16.64164990086579,
              28.00529505366963
            ],
            [
              -16.643609572990485,
              28.003777195437127
            ]
          ]
        ]
      },
      "properties": {
        "island_id": "tenerife",
        "island_name": "Tenerife"
      }
    },
    {
      "type": "Feature",
      "geometry": {
        "type": "Polygon",
        "coordinates": [
          [
            [
              -15.678991072281868,
              27.756236992996364
            ],
            [
              -15.681004044948692,
              27.75631545351034
            ],
            [
              -15.68307911634248,
              27.75512639556957
            ],
            [
              -15.685766399879618,
              27.75634771664392
            ],
            [
              -15.686617247387098,
              27.758712812644003
            ],
            [
              -15.686354747060577,
              27.75869822786207
            ],
            [
              -15.684670392929196,
              27.756334758847412
            ],
            [
              -15.683423465125953,
              27.757695239922846
            ],
            [
              -15.683622278441392,
              27.75778811351201
            ],
            [
              -15.68458397055674,
              27.758314383730777
            ],
            [
              -15.682821506850129,
              27.757802054043534
            ],
            [
              -15.682367376262281,
              27.759596213583535
            ],
            [
              -15.68308248022831,
              27.76021735928023
            ],
            [
              -15.683846616421356,
              27.759942187470457
            ],
            [
              -15.685239844755166,
              27.76131414720767
            ],
            [
              -15.685502659907463,
              27.763271466845552
            ],
            [
              -15.68710710333011,
              27.763721969213446
            ],
            [
              -15.68883792514996,
              27.76787779086151
            ],
            [
              -15.688392803505959,
              27.76944246790341
            ],
            [
              -15.689792377163048,
              27.771278715679575
            ],
            [
              -15.692475253676553,
              27.771423017071903
            ],
            [
              -15.693543969501063,
              27.77213380683525
            ],
            [
              -15.692271478585452,
              27.771616010577755
            ],
            [
              -15.69230686910724,
              27.772331303778827
            ],
            [
              -15.693525380993167,
              27.77273785714329
            ],
            [
              -15.694829490058188,
              27.77274372065587
            ],
            [
              -15.695021983177007,
              27.772102939913143
            ],
            [
              -15.695295815930379,
              27.772815705996965
            ],
            [
              -15.696162588434975,
              27.7718780648076
            ],
            [
              -15.695639121216946,
              27.771702917984005
            ],
            [
              -15.696422288937304,
              27.771135423604985
            ],
            [
              -15.69738388896697,
              27.771004808733238
            ],
            [
              -15.697561303807174,
              27.771931469046063
            ],
            [
              -15.698231503939121,
              27.77156071397541
            ],
            [
              -15.698604715961087,
              27.77132365140599
            ],
            [
              -15.69830813409514,
              27.770356487227772
            ],
            [
              -15.696001366242495,
              27.77017334989865
            ],
            [
              -15.696012673697123,
              27.76957634912766
            ],
            [
              -15.700089587339297,
              27.770566807619794
            ],
            [
              -15.701201606036902,
              27.771824900936927
            ],
            [
              -15.701035789603301,
              27.773953780321712
            ],
            [
              -15.703591774531574,
              27.776867449612556
            ],
            [
              -15.70541026391313,
              27.777470197937202
            ],
            [
              -15.705718194714427,
              27.778102055537577
            ],
            [
              -15.711067434036774,
              27.78108451222681
            ],
            [
              -15.710967622124494,
              27.781307771593262
            ],
            [
              -15.710044473014065,
              27.780928148743143
            ],
            [
              -15.709832581647184,
              27.781799503379034
            ],
            [
              -15.709514461544044,
              27.782414859375727
            ],
            [
              -15.7093993384852,
              27.782633303495505
            ],
            [
              -15.710192162423914,
              27.782970341905987
            ],
            [
              -15.710860786229135,
              27.783048239265714
            ],
            [
              -15.711240175661295,
              27.782309723045444
            ],
            [
              -15.71169930549839,
              27.782643649186543
            ],
            [
              -15.712465098806032,
              27.782292599138856
            ],
            [
              -15.710979587753995,
              27.780187029667903
            ],
            [
              -15.711402764910023,
              27.77988411128696
            ],
            [
              -15.712951813291033,
              27.78234231141822
            ],
            [
              -15.71206409685152,
              27.7833331622133
            ],
            [
              -15.713468386456201,
              27.78288151130707
            ],
            [
              -15.712416238122369,
              27.784217699431167
            ],
            [
              -15.715285922822515,
              27.783896908840386
            ],
            [
              -15.716050395234067,
              27.783120006699036
            ],
            [
              -15.71555552308128,
              27.782686891045962
            ],
            [
              -15.714113484906338,
              27.782648744558344
            ],
            [
              -15.715373192771624,
              27.78219178139511
            ],
            [
              -15.71900830453295,
              27.78450932300644
            ],
            [
              -15.720138922764242,
              27.786671735673405
            ],
            [
              -15.725503129159625,
              27.788288462396697
            ],
            [
              -15.725840987807013,
              27.78894158164135
            ],
            [
              -15.724296982309514,
              27.788290321360794
            ],
            [
              -15.724092290520334,
              27.789928172316774
            ],
            [
              -15.726017802989166,
              27.791063046410354
            ],
            [
              -15.726485031799633,
              27.789657553431105
            ],
            [
              -15.728562521397409,
              27.79266784983514
            ],
            [
              -15.727234484167257,
              27.794991064043394
            ],
            [
              -15.731079612841642,
              27.798562831939627
            ],
            [
              -15.734913230625885,
              27.797481116310955
            ],
            [
              -15.73748727475672,
              27.79873675926471
            ],
            [
              -15.738613904466382,
              27.798477682606624
            ],
            [
              -15.739455668297973,
              27.80142559329442
            ],
            [
              -15.741532586078774,
              27.8006923077639
            ],
            [
              -15.742838382668262,
              27.804243143812197
            ],
            [
              -15.745617235185208,
              27.80512656853045
            ],
            [
              -15.745477369720746,
              27.807220215384586
            ],
            [
              -15.74750099164049,
              27.807481554182104
            ],
            [
              -15.748645540313273,
              27.806629668178957
            ],
            [
              -15.749946577520475,
              27.807883453749273
            ],
            [
              -15.753668262897252,
              27.81475268796258
            ],
            [
              -15.755349296507996,
              27.81465499262689
            ],
            [
              -15.756762055585265,
              27.815981732912437
            ],
            [
              -15.761298633401866,
              27.817329094533058
            ],
            [
              -15.76297755108969,
              27.81692422523428
            ],
            [
              -15.762186380654526,
              27.81756711613014
            ],
            [
              -15.763393806499582,
              27.818086093161618
            ],
            [
              -15.763681952123315,
              27.8174418619863
            ],
            [
              -15.763475843375526,
              27.81693784623425
            ],
            [
              -15.763918826739042,
              27.816341315022953
            ],
            [
              -15.764706804235123,
              27.817243976631186
            ],
            [
              -15.765102258341045,
              27.81726921035002
            ],
            [
              -15.765488704792407,
              27.817295594171746
            ],
            [
              -15.766414710418395,
              27.816633214179973
            ],
            [
              -15.76668970993775,
              27.81716468240512
            ],
            [
              -15.767028719518626,
              27.81651023227656
            ],
            [
              -15.766140715166625,
              27.815943549209294
            ],
            [
              -15.76395055089469,
              27.815924404264337
            ],
            [
              -15.763431037686853,
              27.815545531028167
            ],
            [
              -15.76623056840412,
              27.81568609483273
            ],
            [
              -15.767018893011231,
              27.816030723315393
            ],
            [
              -15.767662021754832,
              27.81776512365889
            ],
            [
              -15.773300947040791,
              27.822172954164365
            ],
            [
              -15.776280446575585,
              27.827633382756314
            ],
            [
              -15.77874912632575,
              27.829960300962085
            ],
            [
              -15.77964072650688,
              27.830423826111726
            ],
            [
              -15.781116872888381,
              27.829802174832764
            ],
            [
              -15.784996171322147,
              27.83306235515805
            ],
            [
              -15.787551607247051,
              27.834198104352097
            ],
            [
              -15.788058587601977,
              27.83614943608765
            ],
            [
              -15.789231074786201,
              27.83711214893731
            ],
            [
              -15.790823199845441,
              27.840903013998897
            ],
            [
              -15.791758467295299,
              27.841535969874418
            ],
            [
              -15.791079531346103,
              27.845546620932595
            ],
            [
              -15.792495250026965,
              27.847531282057002
            ],
            [
              -15.795897546447923,
              27.848463714508572
            ],
            [
              -15.796196169536485,
              27.84911023870717
            ],
            [
              -15.795225758248538,
              27.849604331074925
            ],
            [
              -15.795497175702057,
              27.851352054657056
            ],
            [
              -15.796472630952442,
              27.852819434392142
            ],
            [
              -15.798715142247088,
              27.853180278271335
            ],
            [
              -15.799197918525051,
              27.855222619455926
            ],
            [
              -15.798330400656496,
              27.857292592971547
            ],
            [
              -15.79928330073738,
              27.859109508937188
            ],
            [
              -15.799739680384434,
              27.85997969825059
            ],
            [
              -15.801870327592535,
              27.86096013456281
            ],
            [
              -15.801353011356511,
              27.862257131041556
            ],
            [
              -15.806520796766993,
              27.872422200880003
            ],
            [
              -15.80808780401572,
              27.873597782798527
            ],
            [
              -15.8091259805177,
              27.875547100985287
            ],
            [
              -15.810602180455682,
              27.8761056755597
            ],
            [
              -15.811121684673317,
              27.878530417733945
            ],
            [
              -15.812212228130186,
              27.879000778388477
            ],
            [
              -15.81510190772801,
              27.887597086119932
            ],
            [
              -15.817670252752004,
              27.890880467026356
            ],
            [
              -15.817872349715763,
              27.892733406176724
            ],
            [
              -15.821346673645031,
              27.895768076796628
            ],
            [
              -15.82373584482342,
              27.900001111934003
            ],
            [
              -15.82501683793431,
              27.900664147863612
            ],
            [
              -15.825477229722418,
              27.902156922028997
            ],
            [
              -15.826669848772811,
              27.903680860422057
            ],
            [
              -15.82804135447536,
              27.90592898714206
            ],
            [
              -15.830758603021119,
              27.906857719388892
            ],
            [
              -15.833000528213455,
              27.909764126672254
            ],
            [
              -15.833125083418832,
              27.913121135937146
            ],
            [
              -15.83454942180296,
              27.915853379433585
            ],
            [
              -15.834311008862487,
              27.91969416546575
            ],
            [
              -15.833479240235153,
              27.922324455650063
            ],
            [
              -15.831538838555154,
              27.923608456305
            ],
            [
              -15.830813347924856,
              27.926991795218584
            ],
            [
              -15.831612913878812,
              27.928347397919428
            ],
            [
              -15.829503239431627,
              27.930995068725124
            ],
            [
              -15.830199611582408,
              27.933852501442477
            ],
            [
              -15.829466367782409,
              27.937944077907748
            ],
            [
              -15.830135914490999,
              27.93840827424235
            ],
            [
              -15.828091386503038,
              27.941410989389272
            ],
            [
              -15.827978742281642,
              27.94678110121376
            ],
            [
              -15.82840405212136,
              27.949741582259467
            ],
            [
              -15.83091871183544,
              27.952958932067585
            ],
            [
              -15.83009775714451,
              27.955446713173792
            ],
            [
              -15.830624987135614,
              27.957784123328313
            ],
            [
              -15.833334971700205,
              27.959543513624485
            ],
            [
              -15.833912251120834,
              27.96129363712203
            ],
            [
              -15.83299267471906,
              27.961936147153633
            ],
            [
              -15.8328908557166,
              27.96437239475127
            ],
            [
              -15.833786762488486,
              27.966574690586715
            ],
            [
              -15.833179381531545,
              27.96749826406753
            ],
            [
              -15.834130406196284,
              27.970081126181416
            ],
            [
              -15.833382299191195,
              27.971969859041995
            ],
            [
              -15.833081814149383,
              27.974692573374274
            ],
            [
              -15.832516448907729,
              27.974865309378462
            ],
            [
              -15.831038927246361,
              27.97725848967624
            ],
            [
              -15.829940246968672,
              27.9770976484544
            ],
            [
              -15.829305779019403,
              27.97920937541625
            ],
            [
              -15.82741543579449,
              27.979718785197402
            ],
            [
              -15.826385863528886,
              27.98336232939742
            ],
            [
              -15.82742763785024,
              27.98592060361332
            ],
            [
              -15.825455332770474,
              27.985432497345148
            ],
            [
              -15.823108625155065,
              27.987750550406005
            ],
            [
              -15.822091341849417,
              27.991310770185095
            ],
            [
              -15.822694317032441,
              27.992967848699053
            ],
            [
              -15.82179605433167,
              27.99318329107296
            ],
            [
              -15.82078675573662,
              27.99419977729595
            ],
            [
              -15.821352640995338,
              27.998266013819183
            ],
            [
              -15.819000999294682,
              28.00078745504548
            ],
            [
              -15.817400619423534,
              28.004744803656155
            ],
            [
              -15.817807276300822,
              28.006628989594716
            ],
            [
              -15.819398344219548,
              28.00566288511074
            ],
            [
              -15.818961786889666,
              28.006966487788784
            ],
            [
              -15.81960487344325,
              28.008504300613364
            ],
            [
              -15.818809273302444,
              28.009315610671727
            ],
            [
              -15.819934768051032,
              28.009723013698583
            ],
            [
              -15.819907814116656,
              28.010562320502107
            ],
            [
              -15.822721303782329,
              28.012822157399473
            ],
            [
              -15.822820838209415,
              28.013679789460006
            ],
            [
              -15.816420626725195,
              28.015693705925262
            ],
            [
              -15.814190384060357,
              28.017380217925762
            ],
            [
              -15.813231388637998,
              28.016769557482135
            ],
            [
              -15.811507247463728,
              28.017485551446434
            ],
            [
              -15.80860883989974,
              28.0172244661747
            ],
            [
              -15.805572734804175,
              28.015408506616538
            ],
            [
              -15.804412199914855,
              28.01626693505406
            ],
            [
              -15.803279883628493,
              28.016176971200917
            ],
            [
              -15.800920703149233,
              28.017065380274847
            ],
            [
              -15.798379177456447,
              28.01665921279169
            ],
            [
              -15.794941717090648,
              28.01762983927125
            ],
            [
              -15.793269243060566,
              28.01808785444801
            ],
            [
              -15.793027323953792,
              28.018774473990394
            ],
            [
              -15.791856091042712,
              28.018438290760024
            ],
            [
              -15.792281437906004,
              28.01952671751431
            ],
            [
              -15.79106138480676,
              28.019851651179753
            ],
            [
              -15.790955565539956,
              28.019125017085106
            ],
            [
              -15.790184706615713,
              28.01915083595341
            ],
            [
              -15.78874004802425,
              28.020828576411226
            ],
            [
              -15.788042619633694,
              28.020343307426046
            ],
            [
              -15.786254133439785,
              28.021127680201992
            ],
            [
              -15.785326138433991,
              28.0224894933308
            ],
            [
              -15.780303347997156,
              28.02488454693509
            ],
            [
              -15.778852093433251,
              28.028180501069375
            ],
            [
              -15.776888726291963,
              28.028449701394283
            ],
            [
              -15.776176455946475,
              28.03015622521673
            ],
            [
              -15.774551907281092,
              28.030066062266773
            ],
            [
              -15.77270570358363,
              28.031739113713623
            ],
            [
              -15.771859577316834,
              28.032505883261766
            ],
            [
              -15.771859893700256,
              28.03369761586186
            ],
            [
              -15.770576977023568,
              28.034162287530847
            ],
            [
              -15.76920799514511,
              28.036346436714087
            ],
            [
              -15.767824576473988,
              28.036979200209192
            ],
            [
              -15.768511782845291,
              28.04006743939514
            ],
            [
              -15.767583094071389,
              28.041093868787865
            ],
            [
              -15.766754328149627,
              28.04504991925712
            ],
            [
              -15.765672192996991,
              28.046182914101653
            ],
            [
              -15.763867222652854,
              28.04634073323041
            ],
            [
              -15.76160778769525,
              28.044858516958733
            ],
            [
              -15.756807274219211,
              28.04605573755734
            ],
            [
              -15.75530397862151,
              28.047440400673036
            ],
            [
              -15.751822214804353,
              28.047847990979328
            ],
            [
              -15.750495192136095,
              28.049735765809242
            ],
            [
              -15.746043081748278,
              28.050812920395355
            ],
            [
              -15.745215454351655,
              28.05101315861234
            ],
            [
              -15.74420289412252,
              28.052144697990187
            ],
            [
              -15.742177724968613,
              28.053168248710666
            ],
            [
              -15.740885226710194,
              28.052868073113594
            ],
            [
              -15.737892016714131,
              28.05462367320897
            ],
            [
              -15.73697832464279,
              28.05863955903886
            ],
            [
              -15.735150599085198,
              28.05961984679462
            ],
            [
              -15.735056718623312,
              28.06094069061497
            ],
            [
              -15.733937495822278,
              28.06240128388246
            ],
            [
              -15.73441680990365,
              28.064233977076015
            ],
            [
              -15.73198797807751,
              28.063804337652595
            ],
            [
              -15.73024080118971,
              28.064374278726152
            ],
            [
              -15.729164179686999,
              28.065432607544864
            ],
            [
              -15.726059456216547,
              28.066823222313822
            ],
            [
              -15.72555661406631,
              28.068083034692226
            ],
            [
              -15.724435662818646,
              28.067982357353294
            ],
            [
              -15.724711768037709,
              28.06848668076289
            ],
            [
              -15.723396043433386,
              28.06871417254129
            ],
            [
              -15.723233926244193,
              28.069441567076236
            ],
            [
              -15.720245962314296,
              28.070501082895806
            ],
            [
              -15.720044883148082,
              28.072606484308093
            ],
            [
              -15.713859672928214,
              28.07871756860374
            ],
            [
              -15.713885957241281,
              28.080020054197462
            ],
            [
              -15.710882975797555,
              28.08306034200248
            ],
            [
              -15.710393323383038,
              28.086406782468057
            ],
            [
              -15.708770429170238,
              28.087740480068376
            ],
            [
              -15.70903109915489,
              28.088530629709563
            ],
            [
              -15.707569643937319,
              28.088532947537022
            ],
            [
              -15.707098075697914,
              28.089463721241884
            ],
            [
              -15.708060988431404,
              28.090518157890617
            ],
            [
              -15.707055124061752,
              28.092497775370784
            ],
            [
              -15.708726977402016,
              28.100000624893664
            ],
            [
              -15.710287090217301,
              28.10062509775628
            ],
            [
              -15.710676891274149,
              28.099718514483474
            ],
            [
              -15.712089389217157,
              28.101541503176126
            ],
            [
              -15.71287948386861,
              28.10048574401291
            ],
            [
              -15.712362668933489,
              28.099893049954566
            ],
            [
              -15.712346229729741,
              28.099421504355387
            ],
            [
              -15.711492526879248,
              28.097764493335298
            ],
            [
              -15.713364163759886,
              28.0997573091583
            ],
            [
              -15.713488372825326,
              28.100886571469534
            ],
            [
              -15.712063588541916,
              28.10509615392075
            ],
            [
              -15.711028491385001,
              28.105954833408695
            ],
            [
              -15.711077303508729,
              28.10680984858631
            ],
            [
              -15.706004195951687,
              28.108427838089572
            ],
            [
              -15.706522525635785,
              28.11001337476265
            ],
            [
              -15.705072031761773,
              28.114237901767673
            ],
            [
              -15.705904416344028,
              28.115906305518447
            ],
            [
              -15.707481370013548,
              28.11637233587694
            ],
            [
              -15.706540446226308,
              28.117372026598023
            ],
            [
              -15.70513309694942,
              28.11686566505389
            ],
            [
              -15.705053133216333,
              28.116836894257595
            ],
            [
              -15.704518092059446,
              28.117788645817495
            ],
            [
              -15.706791753780406,
              28.11981638682587
            ],
            [
              -15.708722809433768,
              28.11977758725033
            ],
            [
              -15.709311424127222,
              28.1212261985657
            ],
            [
              -15.706918300339225,
              28.12293324104017
            ],
            [
              -15.706287297694946,
              28.125206052983025
            ],
            [
              -15.70472181465414,
              28.125079195487757
            ],
            [
              -15.705158992787133,
              28.126200200107217
            ],
            [
              -15.70424157059223,
              28.127778549238187
            ],
            [
              -15.704826042381294,
              28.130181922340014
            ],
            [
              -15.704091012638528,
              28.131091741208568
            ],
            [
              -15.702600527557712,
              28.1310688065337
            ],
            [
              -15.701813934604873,
              28.13190922732391
            ],
            [
              -15.70033770606773,
              28.130931210439275
            ],
            [
              -15.699169013028667,
              28.13298405484686
            ],
            [
              -15.700080579333122,
              28.13386289466365
            ],
            [
              -15.698897206335472,
              28.134815505425937
            ],
            [
              -15.699224178966757,
              28.136580055436514
            ],
            [
              -15.700839482607782,
              28.137609139892884
            ],
            [
              -15.70015740529145,
              28.138674233790077
            ],
            [
              -15.70105300475402,
              28.139560025641785
            ],
            [
              -15.70020304187306,
              28.140418119683265
            ],
            [
              -15.704051508044074,
              28.142210933882602
            ],
            [
              -15.702708806805758,
              28.143149311980377
            ],
            [
              -15.703214625881925,
              28.144104489225874
            ],
            [
              -15.70128255643403,
              28.14559035098982
            ],
            [
              -15.699635831876432,
              28.14724708554109
            ],
            [
              -15.699977539893672,
              28.147898947585542
            ],
            [
              -15.698560017314923,
              28.1474761123558
            ],
            [
              -15.69751674411341,
              28.148478041258596
            ],
            [
              -15.696770925044987,
              28.147977584807837
            ],
            [
              -15.697047816913733,
              28.149780754868218
            ],
            [
              -15.696238203795517,
              28.15160528229473
            ],
            [
              -15.6970606980804,
              28.152642477179047
            ],
            [
              -15.697710416326142,
              28.152275384001385
            ],
            [
              -15.69822971393989,
              28.15342890808176
            ],
            [
              -15.699022302421787,
              28.15326720567432
            ],
            [
              -15.69880855741119,
              28.153891446698783
            ],
            [
              -15.699700887405243,
              28.153310003620003
            ],
            [
              -15.69980952094769,
              28.154535439655305
            ],
            [
              -15.703993184675262,
              28.15614875164396
            ],
            [
              -15.704204525889248,
              28.157165715886826
            ],
            [
              -15.706123663672129,
              28.157429499719807
            ],
            [
              -15.709503586322949,
              28.162641374942268
            ],
            [
              -15.70921794202301,
              28.165672231253257
            ],
            [
              -15.70616631584001,
              28.165059054945164
            ],
            [
              -15.705698823588136,
              28.165987901480346
            ],
            [
              -15.703837847785765,
              28.164801078773998
            ],
            [
              -15.704130625844662,
              28.164194171196968
            ],
            [
              -15.702547280375498,
              28.164700332016615
            ],
            [
              -15.701831588353258,
              28.16350865803402
            ],
            [
              -15.701135257092126,
              28.1636129171413
            ],
            [
              -15.700288064612991,
              28.162875292078187
            ],
            [
              -15.699726160596198,
              28.16327487847911
            ],
            [
              -15.698550941031627,
              28.16264475596737
            ],
            [
              -15.697357598175733,
              28.16411592577514
            ],
            [
              -15.69678551997316,
              28.163578056130103
            ],
            [
              -15.696310701510622,
              28.164991769660023
            ],
            [
              -15.693127630931093,
              28.16489633570989
            ],
            [
              -15.690136419409441,
              28.170262790762454
            ],
            [
              -15.689637616238684,
              28.169298145794663
            ],
            [
              -15.688358569927304,
              28.16974847813435
            ],
            [
              -15.68794196722909,
              28.168619894612867
            ],
            [
              -15.686390257949416,
              28.169248844565026
            ],
            [
              -15.686262721777965,
              28.170660728944025
            ],
            [
              -15.685401090372,
              28.17085042556859
            ],
            [
              -15.68456861936025,
              28.16996477212061
            ],
            [
              -15.683201769633964,
              28.17059493755525
            ],
            [
              -15.682024244298368,
              28.169848050952098
            ],
            [
              -15.68207862353789,
              28.168094944936275
            ],
            [
              -15.6805645098092,
              28.166570940471342
            ],
            [
              -15.681727392338631,
              28.165194819411248
            ],
            [
              -15.681277250874958,
              28.16205036061977
            ],
            [
              -15.678919150997354,
              28.163070932287997
            ],
            [
              -15.67763642686543,
              28.161241680355943
            ],
            [
              -15.677942926120487,
              28.15995014426747
            ],
            [
              -15.676725349776202,
              28.159278744401504
            ],
            [
              -15.67558407454507,
              28.16151881986321
            ],
            [
              -15.674258848845863,
              28.161909229585657
            ],
            [
              -15.672753597888258,
              28.160956411660216
            ],
            [
              -15.673256031040008,
              28.159426068291932
            ],
            [
              -15.671523542685918,
              28.159742970896826
            ],
            [
              -15.66997608352156,
              28.158450859616167
            ],
            [
              -15.667531322943578,
              28.15928216144107
            ],
            [
              -15.666461358784932,
              28.15797579384574
            ],
            [
              -15.66447640429607,
              28.158746481753436
            ],
            [
              -15.663862917012073,
              28.16000889536662
            ],
            [
              -15.662288632414306,
              28.159978829177778
            ],
            [
              -15.65970916819888,
              28.163069515592458
            ],
            [
              -15.658356825672183,
              28.162770042540718
            ],
            [
              -15.658040818846645,
              28.163964085003148
            ],
            [
              -15.657035434541266,
              28.163241111632836
            ],
            [
              -15.653747569519002,
              28.165740879649693
            ],
            [
              -15.649942880654152,
              28.16483026031493
            ],
            [
              -15.649440435008481,
              28.165417474555245
            ],
            [
              -15.648948314578671,
              28.165992621592192
            ],
            [
              -15.648211693314627,
              28.164569800895162
            ],
            [
              -15.647605288561236,
              28.16542836097882
            ],
            [
              -15.646229875904101,
              28.16507440983895
            ],
            [
              -15.645613804119114,
              28.16600386693295
            ],
            [
              -15.642553465458198,
              28.16676019510204
            ],
            [
              -15.640969675843506,
              28.168590381229254
            ],
            [
              -15.639665155333802,
              28.16887805212699
            ],
            [
              -15.638895192820913,
              28.17172622201917
            ],
            [
              -15.637473676669837,
              28.1721219900849
            ],
            [
              -15.634006934355227,
              28.168211080002834
            ],
            [
              -15.633364823778024,
              28.168491687298378
            ],
            [
              -15.632560965702034,
              28.167586280424086
            ],
            [
              -15.631160597468583,
              28.170067023724414
            ],
            [
              -15.630548040890902,
              28.167774780117004
            ],
            [
              -15.628420556416675,
              28.167429932598736
            ],
            [
              -15.62820026967962,
              28.165884160106607
            ],
            [
              -15.627322446945964,
              28.166025453722355
            ],
            [
              -15.625827754846245,
              28.162956407142623
            ],
            [
              -15.624023336464228,
              28.162668001417824
            ],
            [
              -15.6251969311338,
              28.16027001917797
            ],
            [
              -15.621664036598888,
              28.157103422739002
            ],
            [
              -15.621094257338344,
              28.15365258041517
            ],
            [
              -15.618456750981942,
              28.15485954307035
            ],
            [
              -15.617337199822243,
              28.154288023613944
            ],
            [
              -15.613928315009918,
              28.14764343421485
            ],
            [
              -15.613431090141846,
              28.14808812846492
            ],
            [
              -15.612652969959587,
              28.146879642569218
            ],
            [
              -15.61129691842316,
              28.147807869474086
            ],
            [
              -15.610582789509156,
              28.147186361725794
            ],
            [
              -15.609358946449264,
              28.147601518982114
            ],
            [
              -15.608343010228275,
              28.14918532919308
            ],
            [
              -15.607172602013351,
              28.149009785736776
            ],
            [
              -15.605296082173288,
              28.147047370823667
            ],
            [
              -15.602322346793283,
              28.147104959050075
            ],
            [
              -15.6017041635232,
              28.14510270480416
            ],
            [
              -15.598548988144394,
              28.144274079417194
            ],
            [
              -15.58857747066335,
              28.14721394002766
            ],
            [
              -15.587840837383535,
              28.14743111852309
            ],
            [
              -15.584808886958955,
              28.145458882113765
            ],
            [
              -15.580485065482465,
              28.144115810613837
            ],
            [
              -15.576793234723718,
              28.14485835015944
            ],
            [
              -15.575360700528847,
              28.143668179027557
            ],
            [
              -15.573669997664089,
              28.144173062190777
            ],
            [
              -15.57323049900522,
              28.14568184443724
            ],
            [
              -15.573181017955962,
              28.14502061773484
            ],
            [
              -15.570638640829616,
              28.144293499628287
            ],
            [
              -15.566265648029722,
              28.146358642956148
            ],
            [
              -15.562187284992733,
              28.14563570281468
            ],
            [
              -15.559423061705369,
              28.147192355901392
            ],
            [
              -15.55939679897552,
              28.147207145574743
            ],
            [
              -15.556104597423795,
              28.14585633394117
            ],
            [
              -15.548507970853283,
              28.146650400664488
            ],
            [
              -15.545918624585966,
              28.14623661343195
            ],
            [
              -15.542526934889235,
              28.147383218948026
            ],
            [
              -15.540599566954494,
              28.149751177147753
            ],
            [
              -15.539043017515137,
              28.149653182928255
            ],
            [
              -15.539259189960978,
              28.15166101980968
            ],
            [
              -15.537732148781483,
              28.151225980141522
            ],
            [
              -15.537040424394736,
              28.151769804818365
            ],
            [
              -15.537060040590513,
              28.15060627360807
            ],
            [
              -15.535156886168902,
              28.150180800155617
            ],
            [
              -15.534740400758073,
              28.15210781439067
            ],
            [
              -15.53209863285176,
              28.152785736645807
            ],
            [
              -15.532168212461315,
              28.154255827473783
            ],
            [
              -15.531820088994502,
              28.15356674950006
            ],
            [
              -15.529473553561424,
              28.155235493006916
            ],
            [
              -15.528672410314373,
              28.15414676780866
            ],
            [
              -15.52793961463681,
              28.154713060483743
            ],
            [
              -15.527488507127885,
              28.15423187804845
            ],
            [
              -15.526840214969175,
              28.155211279663003
            ],
            [
              -15.52643370826574,
              28.153682415801928
            ],
            [
              -15.521660441754749,
              28.15327260072436
            ],
            [
              -15.522742821493562,
              28.151504486055508
            ],
            [
              -15.521059914538958,
              28.151503467428903
            ],
            [
              -15.520791929158982,
              28.149900236307946
            ],
            [
              -15.518819325157425,
              28.149342825877426
            ],
            [
              -15.517482930961444,
              28.147067405656486
            ],
            [
              -15.51565960690639,
              28.147639525774014
            ],
            [
              -15.515141044274527,
              28.145198625380388
            ],
            [
              -15.51254758037462,
              28.148507674239298
            ],
            [
              -15.509694614534894,
              28.147523578838392
            ],
            [
              -15.508599968941477,
              28.148211732149033
            ],
            [
              -15.507237635200084,
              28.146858034202797
            ],
            [
              -15.507361266035854,
              28.14551703561464
            ],
            [
              -15.506257347622816,
              28.14640007758338
            ],
            [
              -15.502744496108843,
              28.14543184892629
            ],
            [
              -15.502663130869712,
              28.144292274008702
            ],
            [
              -15.500763852851243,
              28.142620573345102
            ],
            [
              -15.4985332750797,
              28.142556219893677
            ],
            [
              -15.495669142325463,
              28.14515056498224
            ],
            [
              -15.496261575948425,
              28.14320525918788
            ],
            [
              -15.495314630413015,
              28.143206049268528
            ],
            [
              -15.492477642502237,
              28.140837056597704
            ],
            [
              -15.491317531633507,
              28.140797485121166
            ],
            [
              -15.490754546969296,
              28.141673182417684
            ],
            [
              -15.489598014167804,
              28.140453691981424
            ],
            [
              -15.48881655627716,
              28.140851617255787
            ],
            [
              -15.489039836222892,
              28.139645861032864
            ],
            [
              -15.488270473852527,
              28.139413533921605
            ],
            [
              -15.488370280376333,
              28.138586663444393
            ],
            [
              -15.486561060718703,
              28.13800394657743
            ],
            [
              -15.485748682744324,
              28.135141777874875
            ],
            [
              -15.484699992832375,
              28.135173825802966
            ],
            [
              -15.48373273874464,
              28.135203385055036
            ],
            [
              -15.483060339957854,
              28.136348693391675
            ],
            [
              -15.482005320039317,
              28.135760700804184
            ],
            [
              -15.479010394764854,
              28.136700551079368
            ],
            [
              -15.477606689457442,
              28.135731559936808
            ],
            [
              -15.47719605285827,
              28.134380311578273
            ],
            [
              -15.475412945839691,
              28.133745874431416
            ],
            [
              -15.474865794752134,
              28.13214806028708
            ],
            [
              -15.473758080147428,
              28.131652061956242
            ],
            [
              -15.472801201621257,
              28.132287947491086
            ],
            [
              -15.473023346708073,
              28.1313199070503
            ],
            [
              -15.47229743641218,
              28.131426797790784
            ],
            [
              -15.472752442057638,
              28.129535138592388
            ],
            [
              -15.47113676449796,
              28.129555776054932
            ],
            [
              -15.470452279316211,
              28.127636856163402
            ],
            [
              -15.467410639972135,
              28.126054561351424
            ],
            [
              -15.461660819370143,
              28.128438017337274
            ],
            [
              -15.458725071805292,
              28.127595392867118
            ],
            [
              -15.453677915428743,
              28.1279915382037
            ],
            [
              -15.449892112889707,
              28.13157738638469
            ],
            [
              -15.447820648819679,
              28.130592349055767
            ],
            [
              -15.444899606959376,
              28.13159070232858
            ],
            [
              -15.437581885052312,
              28.137684409770763
            ],
            [
              -15.436046311087514,
              28.14077125519674
            ],
            [
              -15.43155816452761,
              28.145560284525
            ],
            [
              -15.431425587322467,
              28.14792629848125
            ],
            [
              -15.433461887862377,
              28.14850122613135
            ],
            [
              -15.431477494577358,
              28.15118544450409
            ],
            [
              -15.43346517445783,
              28.15295406814058
            ],
            [
              -15.432104019130202,
              28.154346965761412
            ],
            [
              -15.433065407915965,
              28.157405943312472
            ],
            [
              -15.435074267432164,
              28.15786830227242
            ],
            [
              -15.43966154655476,
              28.161926665616942
            ],
            [
              -15.442182003696319,
              28.16203660678257
            ],
            [
              -15.442292498780017,
              28.162680881437197
            ],
            [
              -15.441471773764782,
              28.16290283841735
            ],
            [
              -15.441497998107797,
              28.164036094330587
            ],
            [
              -15.441348748676834,
              28.164692670768332
            ],
            [
              -15.441777110821038,
              28.16583391865161
            ],
            [
              -15.440993464609097,
              28.167095899218893
            ],
            [
              -15.440071585671436,
              28.166832606081268
            ],
            [
              -15.440596564633081,
              28.16764673597573
            ],
            [
              -15.439428216591894,
              28.16927596836078
            ],
            [
              -15.438629543523271,
              28.16893932375451
            ],
            [
              -15.439108414275998,
              28.169497991301988
            ],
            [
              -15.437790301789503,
              28.169916140854344
            ],
            [
              -15.43697491441684,
              28.169063362248927
            ],
            [
              -15.436570525672034,
              28.170541583660203
            ],
            [
              -15.43585325268606,
              28.170230191573324
            ],
            [
              -15.434699443886961,
              28.170725564514225
            ],
            [
              -15.434522859431773,
              28.170604378720903
            ],
            [
              -15.433000888920168,
              28.1706650307495
            ],
            [
              -15.432262857794974,
              28.172052354828867
            ],
            [
              -15.430278973151895,
              28.172508260826636
            ],
            [
              -15.430243758872361,
              28.173740863029884
            ],
            [
              -15.429092663113364,
              28.175281814457925
            ],
            [
              -15.428994486438103,
              28.175827032404072
            ],
            [
              -15.425576218349415,
              28.175945841157226
            ],
            [
              -15.422212167660025,
              28.180977807358907
            ],
            [
              -15.420104502495175,
              28.18026398702509
            ],
            [
              -15.418956768304291,
              28.180840496817595
            ],
            [
              -15.41865446711752,
              28.178704043890864
            ],
            [
              -15.41612801540904,
              28.179231037397717
            ],
            [
              -15.41501869041891,
              28.177435887610415
            ],
            [
              -15.41315746615986,
              28.177816846931456
            ],
            [
              -15.414127868078879,
              28.17853269393878
            ],
            [
              -15.413974307135511,
              28.17941167722028
            ],
            [
              -15.41311441288598,
              28.178439356721636
            ],
            [
              -15.412787530294791,
              28.178616990418885
            ],
            [
              -15.410300474871322,
              28.17775233742641
            ],
            [
              -15.408800973279734,
              28.17846436256073
            ],
            [
              -15.408055591727456,
              28.177904099502275
            ],
            [
              -15.406874163778701,
              28.178094472701478
            ],
            [
              -15.406603403663263,
              28.17642894044406
            ],
            [
              -15.404679504925445,
              28.175383533681664
            ],
            [
              -15.40340791981091,
              28.172833310517543
            ],
            [
              -15.405278084085595,
              28.17005347422826
            ],
            [
              -15.4055729583044,
              28.168679972563716
            ],
            [
              -15.405570740076165,
              28.16819165726564
            ],
            [
              -15.404777083399829,
              28.166454123444336
            ],
            [
              -15.405265178594247,
              28.166136375675432
            ],
            [
              -15.40307144074629,
              28.16569568083884
            ],
            [
              -15.40205774679579,
              28.166770917990913
            ],
            [
              -15.401178898462181,
              28.16647494654858
            ],
            [
              -15.401631532871503,
              28.165457861864468
            ],
            [
              -15.398741081044841,
              28.16504812414957
            ],
            [
              -15.398129357667337,
              28.161706488819526
            ],
            [
              -15.398215894413129,
              28.152012748100947
            ],
            [
              -15.399515566101009,
              28.152013716311185
            ],
            [
              -15.398472613680095,
              28.152230395849507
            ],
            [
              -15.398508521598197,
              28.161095890224598
            ],
            [
              -15.40336725859902,
              28.162233026187103
            ],
            [
              -15.405024142429388,
              28.161907337025823
            ],
            [
              -15.405304513187744,
              28.154221871848257
            ],
            [
              -15.403657298842864,
              28.153600690226853
            ],
            [
              -15.405484500763682,
              28.15265671994402
            ],
            [
              -15.406789508116294,
              28.14997520988622
            ],
            [
              -15.4071846052098,
              28.133045489618738
            ],
            [
              -15.404399034858782,
              28.130764263696307
            ],
            [
              -15.404587314468843,
              28.12130302685795
            ],
            [
              -15.40484506546702,
              28.121302067437814
            ],
            [
              -15.404634284238913,
              28.130673859157458
            ],
            [
              -15.407617073990599,
              28.132893940888167
            ],
            [
              -15.407352313662905,
              28.137319723442555
            ],
            [
              -15.407924085286004,
              28.137110004939927
            ],
            [
              -15.40689487159697,
              28.158286775308348
            ],
            [
              -15.408037155698299,
              28.158196249473708
            ],
            [
              -15.408596781384492,
              28.15439527688085
            ],
            [
              -15.410268748092312,
              28.154420448356674
            ],
            [
              -15.410339252347633,
              28.15081928784325
            ],
            [
              -15.412320557234716,
              28.150840807066324
            ],
            [
              -15.41559889848166,
              28.147568830285145
            ],
            [
              -15.411691343805611,
              28.14405458128825
            ],
            [
              -15.411754105640416,
              28.14065051717512
            ],
            [
              -15.414956143085766,
              28.142981925012513
            ],
            [
              -15.415415613737421,
              28.13954291491068
            ],
            [
              -15.411821310552344,
              28.137066834394144
            ],
            [
              -15.411976452015578,
              28.1281255228474
            ],
            [
              -15.41315262852951,
              28.12874220104069
            ],
            [
              -15.417710873452487,
              28.128337590799305
            ],
            [
              -15.417273705479381,
              28.146272964811445
            ],
            [
              -15.420168505620877,
              28.146659247652398
            ],
            [
              -15.420255777977642,
              28.141702865411755
            ],
            [
              -15.421275051411916,
              28.14170973782581
            ],
            [
              -15.421190284895475,
              28.146680284986626
            ],
            [
              -15.422614752413732,
              28.146699098425835
            ],
            [
              -15.422447866512412,
              28.14376465643646
            ],
            [
              -15.422981853453168,
              28.14377216261051
            ],
            [
              -15.42270122395346,
              28.146700880828817
            ],
            [
              -15.42413081582873,
              28.146730359649997
            ],
            [
              -15.424217943279716,
              28.142869138065137
            ],
            [
              -15.425226932191231,
              28.14287095772833
            ],
            [
              -15.4251571060763,
              28.146740620366696
            ],
            [
              -15.42770098103827,
              28.146783502187873
            ],
            [
              -15.427519535534298,
              28.1430967295678
            ],
            [
              -15.425795973947265,
              28.14124985149093
            ],
            [
              -15.423744368126082,
              28.141504723003806
            ],
            [
              -15.421186578274886,
              28.13899512942127
            ],
            [
              -15.422310445325499,
              28.139854667123302
            ],
            [
              -15.423214975992888,
              28.139320883058016
            ],
            [
              -15.420372742300392,
              28.13679166969166
            ],
            [
              -15.420494496426901,
              28.136688127736104
            ],
            [
              -15.42531636684743,
              28.141122294787376
            ],
            [
              -15.427621743100298,
              28.140808228982653
            ],
            [
              -15.428716256390317,
              28.136330055402166
            ],
            [
              -15.426374802598838,
              28.136366489359933
            ],
            [
              -15.425671883576024,
              28.136434408690132
            ],
            [
              -15.42597319129472,
              28.138922480927473
            ],
            [
              -15.4253660040581,
              28.138991157374257
            ],
            [
              -15.424828482369158,
              28.13453186316735
            ],
            [
              -15.427163701120657,
              28.134234929619485
            ],
            [
              -15.427270703349247,
              28.13285006045618
            ],
            [
              -15.425982073622599,
              28.133001287579443
            ],
            [
              -15.425953518677195,
              28.133000816644824
            ],
            [
              -15.425244580003016,
              28.132999570830332
            ],
            [
              -15.425107026339166,
              28.13405577409273
            ],
            [
              -15.424677767735663,
              28.134197591663575
            ],
            [
              -15.425141040624617,
              28.13274584432487
            ],
            [
              -15.427665388776054,
              28.132561938364887
            ],
            [
              -15.428368405089017,
              28.13270953689862
            ],
            [
              -15.428636250421324,
              28.129401339081216
            ],
            [
              -15.424251350738649,
              28.129590220767813
            ],
            [
              -15.423135501119516,
              28.128210193102078
            ],
            [
              -15.42429399903662,
              28.129430762419467
            ],
            [
              -15.42515146418573,
              28.129300409963502
            ],
            [
              -15.425826067719521,
              28.12919066924745
            ],
            [
              -15.42583963563649,
              28.129189273052155
            ],
            [
              -15.426852362355973,
              28.129010349850283
            ],
            [
              -15.427992355622777,
              28.12884369579774
            ],
            [
              -15.427918771019735,
              28.128011754595654
            ],
            [
              -15.427957523496673,
              28.12738828394686
            ],
            [
              -15.427313192700359,
              28.126524199304104
            ],
            [
              -15.427421785262943,
              28.126410653290304
            ],
            [
              -15.425263268799785,
              28.12340641811658
            ],
            [
              -15.424592751043251,
              28.123460187940363
            ],
            [
              -15.425493954068507,
              28.127160447278797
            ],
            [
              -15.425067354082637,
              28.127626588497503
            ],
            [
              -15.424809152540128,
              28.126965349313053
            ],
            [
              -15.424000996494874,
              28.128205162863864
            ],
            [
              -15.424202273665829,
              28.123360700510922
            ],
            [
              -15.42306498130116,
              28.122410006773347
            ],
            [
              -15.424090444267563,
              28.122941643155944
            ],
            [
              -15.424001032466617,
              28.12179436254137
            ],
            [
              -15.424003063409414,
              28.12168169931196
            ],
            [
              -15.422901887020954,
              28.12093383718419
            ],
            [
              -15.422745837584072,
              28.122308877768905
            ],
            [
              -15.422500242994163,
              28.12060638425451
            ],
            [
              -15.421212301265482,
              28.119540006148256
            ],
            [
              -15.421008204744707,
              28.120938626878175
            ],
            [
              -15.420703081601584,
              28.118950093098345
            ],
            [
              -15.414464081335126,
              28.110668429160192
            ],
            [
              -15.414741643053196,
              28.109477503793542
            ],
            [
              -15.411019242895343,
              28.10089112383942
            ],
            [
              -15.412309455675418,
              28.090978567473304
            ],
            [
              -15.415587162893123,
              28.087616719438504
            ],
            [
              -15.41644203098407,
              28.0838310258998
            ],
            [
              -15.414867764309239,
              28.082366009048314
            ],
            [
              -15.41580646373263,
              28.080916338465126
            ],
            [
              -15.414464062378086,
              28.07748172983772
            ],
            [
              -15.413223702290438,
              28.076758998808714
            ],
            [
              -15.413289886737584,
              28.075535605045058
            ],
            [
              -15.4145311069483,
              28.075934541316425
            ],
            [
              -15.414754485972018,
              28.073226784553597
            ],
            [
              -15.417005087197417,
              28.07087392978422
            ],
            [
              -15.4169548330019,
              28.067726432590362
            ],
            [
              -15.418412306343878,
              28.06522554245758
            ],
            [
              -15.41734232467188,
              28.064917738815048
            ],
            [
              -15.41930744477735,
              28.063074940188454
            ],
            [
              -15.419745750440924,
              28.060758032940292
            ],
            [
              -15.416993047652172,
              28.055445232702354
            ],
            [
              -15.41496179165567,
              28.054284877957834
            ],
            [
              -15.414547921917206,
              28.055311750144156
            ],
            [
              -15.41417113636148,
              28.053744871929577
            ],
            [
              -15.413352480288669,
              28.053511975103174
            ],
            [
              -15.413490505852682,
              28.050664702025493
            ],
            [
              -15.416068028577778,
              28.047948814729942
            ],
            [
              -15.414793657621175,
              28.04540110448497
            ],
            [
              -15.411767821018577,
              28.043465670610438
            ],
            [
              -15.409921424828395,
              28.04487443040502
            ],
            [
              -15.408957942851899,
              28.044303990731784
            ],
            [
              -15.410159377034574,
              28.04426479640732
            ],
            [
              -15.409366211801407,
              28.043595022022227
            ],
            [
              -15.410103717826793,
              28.04235377883043
            ],
            [
              -15.409158408159115,
              28.041670275504305
            ],
            [
              -15.408258327865383,
              28.04096864005736
            ],
            [
              -15.408488790662043,
              28.040528090679988
            ],
            [
              -15.40703834631638,
              28.039830754532787
            ],
            [
              -15.405700191803414,
              28.037313474672114
            ],
            [
              -15.40262640069594,
              28.03534312208206
            ],
            [
              -15.399668775848397,
              28.034265993111767
            ],
            [
              -15.397065436731632,
              28.03216147266896
            ],
            [
              -15.394728733604415,
              28.03146676620651
            ],
            [
              -15.392498990020831,
              28.030803859027984
            ],
            [
              -15.39205221703838,
              28.02955763811556
            ],
            [
              -15.390365803886944,
              28.028668644291557
            ],
            [
              -15.388082133155264,
              28.02916289484752
            ],
            [
              -15.387288191636413,
              28.029400725334398
            ],
            [
              -15.387771272830774,
              28.028303621112883
            ],
            [
              -15.38633718557169,
              28.02644880883506
            ],
            [
              -15.386816802038936,
              28.02510333526939
            ],
            [
              -15.385045774616648,
              28.02193634847373
            ],
            [
              -15.385901058752502,
              28.019998473304216
            ],
            [
              -15.385492369353463,
              28.016969645542016
            ],
            [
              -15.381063815501836,
              28.01441570764899
            ],
            [
              -15.379879261642754,
              28.01234807288735
            ],
            [
              -15.380188411021145,
              28.011560942639555
            ],
            [
              -15.377658488689113,
              28.009622127467647
            ],
            [
              -15.373178980601198,
              28.009395673296307
            ],
            [
              -15.374655477173198,
              28.00778475636015
            ],
            [
              -15.376341128999737,
              28.007640275990816
            ],
            [
              -15.376839467943102,
              28.006617530769123
            ],
            [
              -15.374005205107036,
              28.002520104840585
            ],
            [
              -15.374190717696504,
              28.00123904850891
            ],
            [
              -15.375521305841575,
              28.0000064956605
            ],
            [
              -15.375210982694124,
              27.997554321265167
            ],
            [
              -15.373363725368945,
              27.99586548678283
            ],
            [
              -15.370077272798191,
              27.996766194526117
            ],
            [
              -15.37066224401671,
              27.993782330833014
            ],
            [
              -15.369645823117901,
              27.99370190814243
            ],
            [
              -15.369347199454008,
              27.99271592010778
            ],
            [
              -15.367809096237202,
              27.992982201431424
            ],
            [
              -15.367108711974014,
              27.991959187431462
            ],
            [
              -15.367359398286958,
              27.989907970362303
            ],
            [
              -15.368812224877198,
              27.98853502494184
            ],
            [
              -15.367644585875546,
              27.98994783975371
            ],
            [
              -15.367513841971618,
              27.991062092177973
            ],
            [
              -15.367988585961662,
              27.991338860587714
            ],
            [
              -15.36918225954565,
              27.990075436618902
            ],
            [
              -15.369287433792326,
              27.989156464569515
            ],
            [
              -15.37006241350815,
              27.98962545718871
            ],
            [
              -15.37051484752859,
              27.988968809793434
            ],
            [
              -15.374404316472852,
              27.988238474425344
            ],
            [
              -15.375424608276596,
              27.986496891008745
            ],
            [
              -15.37510634033898,
              27.98507416878812
            ],
            [
              -15.37798049167672,
              27.9839461415111
            ],
            [
              -15.378055410472248,
              27.98215409780905
            ],
            [
              -15.375708834041207,
              27.97899654286131
            ],
            [
              -15.375734303887532,
              27.97766082438557
            ],
            [
              -15.37702639117481,
              27.976602296497983
            ],
            [
              -15.376398966974369,
              27.975517008275038
            ],
            [
              -15.376926152003513,
              27.975165997580028
            ],
            [
              -15.377851696343233,
              27.976729518644024
            ],
            [
              -15.381311116607598,
              27.97606211531189
            ],
            [
              -15.381695757022058,
              27.975047174892236
            ],
            [
              -15.3809655402339,
              27.974592241077325
            ],
            [
              -15.383604731741785,
              27.972634938326376
            ],
            [
              -15.382339390151513,
              27.97068941109027
            ],
            [
              -15.384397467628366,
              27.967397740273235
            ],
            [
              -15.382733602519673,
              27.966836705124766
            ],
            [
              -15.38236828191734,
              27.963745398060926
            ],
            [
              -15.381361214937243,
              27.96385898377017
            ],
            [
              -15.381391915965445,
              27.964719780630258
            ],
            [
              -15.380307807125256,
              27.96540903109198
            ],
            [
              -15.378180462382343,
              27.963045895075023
            ],
            [
              -15.378485245396046,
              27.961771196852084
            ],
            [
              -15.379642767724238,
              27.962561683114732
            ],
            [
              -15.380744764527394,
              27.961842842151533
            ],
            [
              -15.380298135783555,
              27.959700207622465
            ],
            [
              -15.381896486494426,
              27.957733756556564
            ],
            [
              -15.378164189304254,
              27.955477059369517
            ],
            [
              -15.377248938070435,
              27.95390978691638
            ],
            [
              -15.380812836375323,
              27.951269523623235
            ],
            [
              -15.379807426671851,
              27.947762352355802
            ],
            [
              -15.377918195603934,
              27.946337968201874
            ],
            [
              -15.374855736890737,
              27.946987528930592
            ],
            [
              -15.374195330899589,
              27.94658843401478
            ],
            [
              -15.375008000053883,
              27.945211127401663
            ],
            [
              -15.372211452392285,
              27.944956492501053
            ],
            [
              -15.371396360078153,
              27.943590729272138
            ],
            [
              -15.369392153194227,
              27.945053238959876
            ],
            [
              -15.368666479103744,
              27.94473559183469
            ],
            [
              -15.368260411510276,
              27.944072010079093
            ],
            [
              -15.369585791815997,
              27.94213223638695
            ],
            [
              -15.369015498809425,
              27.94097093649211
            ],
            [
              -15.369635072167204,
              27.93966558337896
            ],
            [
              -15.368045751325074,
              27.938544365542086
            ],
            [
              -15.364245519144028,
              27.938533762062875
            ],
            [
              -15.361131867157932,
              27.93684288514829
            ],
            [
              -15.35904235889731,
              27.93453767192256
            ],
            [
              -15.359842034029818,
              27.932737846172326
            ],
            [
              -15.358546877187488,
              27.931070291462774
            ],
            [
              -15.35963082020261,
              27.929224742834194
            ],
            [
              -15.361399311339653,
              27.929386486557966
            ],
            [
              -15.361880318523538,
              27.92893842690815
            ],
            [
              -15.361872584868898,
              27.92976264769781
            ],
            [
              -15.367361588530514,
              27.931891960410024
            ],
            [
              -15.372495191617638,
              27.935786033832255
            ],
            [
              -15.373486983773006,
              27.935790235263077
            ],
            [
              -15.377866806075998,
              27.933871780882342
            ],
            [
              -15.380865383237948,
              27.93072742298585
            ],
            [
              -15.384316229366464,
              27.92710880832705
            ],
            [
              -15.3850911790709,
              27.92298812756053
            ],
            [
              -15.384144859743156,
              27.92076334137678
            ],
            [
              -15.385730952749421,
              27.919275906548155
            ],
            [
              -15.384819654217239,
              27.918816619117397
            ],
            [
              -15.386159423021482,
              27.91719384383556
            ],
            [
              -15.386822787888354,
              27.913559102518903
            ],
            [
              -15.385461313008472,
              27.91173025967981
            ],
            [
              -15.386844591514533,
              27.911187146319968
            ],
            [
              -15.38652872583139,
              27.909401801114715
            ],
            [
              -15.385947759176073,
              27.908275034995718
            ],
            [
              -15.386063776399467,
              27.908022857293734
            ],
            [
              -15.38605910462224,
              27.905487452767048
            ],
            [
              -15.387018746524094,
              27.902523008368078
            ],
            [
              -15.388716642371149,
              27.897278012475226
            ],
            [
              -15.39402506033321,
              27.890614402333288
            ],
            [
              -15.393075070433946,
              27.885441605071673
            ],
            [
              -15.390209404048344,
              27.8796718190783
            ],
            [
              -15.388514664965252,
              27.879578053157736
            ],
            [
              -15.388420927476842,
              27.87877258214312
            ],
            [
              -15.387251510017911,
              27.878332737213157
            ],
            [
              -15.387701524241235,
              27.877624334014424
            ],
            [
              -15.385481603959374,
              27.87789387616022
            ],
            [
              -15.385689307305064,
              27.87571458218882
            ],
            [
              -15.380883562807997,
              27.87591512147286
            ],
            [
              -15.383663969942624,
              27.87265857978265
            ],
            [
              -15.382898084436052,
              27.87174815147571
            ],
            [
              -15.38283446742571,
              27.871168844309945
            ],
            [
              -15.385691616394652,
              27.87146739834046
            ],
            [
              -15.386685989202094,
              27.870343696838024
            ],
            [
              -15.38587782706383,
              27.86836672225441
            ],
            [
              -15.386961831961942,
              27.866527214364265
            ],
            [
              -15.383904478100927,
              27.863946819462097
            ],
            [
              -15.384176442070876,
              27.8626823128846
            ],
            [
              -15.386835846877654,
              27.86076106189565
            ],
            [
              -15.385367422825666,
              27.857497788726455
            ],
            [
              -15.387762842050257,
              27.857291734442782
            ],
            [
              -15.390006697872387,
              27.854988260378367
            ],
            [
              -15.391750548880864,
              27.85587010526506
            ],
            [
              -15.394314541665562,
              27.854966825954662
            ],
            [
              -15.394217328978591,
              27.855952178945532
            ],
            [
              -15.395368319458772,
              27.856780756939514
            ],
            [
              -15.398549523215118,
              27.856321968858612
            ],
            [
              -15.398845400800132,
              27.85431900715062
            ],
            [
              -15.403369250678073,
              27.84928887933499
            ],
            [
              -15.396541767115625,
              27.845535027461732
            ],
            [
              -15.399403814894528,
              27.842060567522548
            ],
            [
              -15.397609990306504,
              27.84479483233097
            ],
            [
              -15.404194174806364,
              27.848618665863135
            ],
            [
              -15.408385455150201,
              27.848370185700187
            ],
            [
              -15.411754257581267,
              27.848170466161445
            ],
            [
              -15.414480867440341,
              27.846337692454373
            ],
            [
              -15.418714949560636,
              27.83973083421404
            ],
            [
              -15.419115708291857,
              27.8366530260679
            ],
            [
              -15.418232582256106,
              27.83473529297538
            ],
            [
              -15.42134728980091,
              27.833009391254073
            ],
            [
              -15.422493498646483,
              27.830353535643788
            ],
            [
              -15.422285539495643,
              27.82664803397955
            ],
            [
              -15.421431868838148,
              27.82564028830212
            ],
            [
              -15.422668714433165,
              27.825514032825335
            ],
            [
              -15.42294874481799,
              27.82391573389573
            ],
            [
              -15.42204511422964,
              27.823887851034613
            ],
            [
              -15.423213529449313,
              27.823465096777095
            ],
            [
              -15.423389439124149,
              27.822274873895438
            ],
            [
              -15.422920088872123,
              27.820362225341867
            ],
            [
              -15.420977252719004,
              27.818399982323097
            ],
            [
              -15.421169702626601,
              27.814807925922597
            ],
            [
              -15.423577952410252,
              27.809190083147552
            ],
            [
              -15.427467953951323,
              27.80562385094711
            ],
            [
              -15.429730431796676,
              27.80380293945972
            ],
            [
              -15.433596497000185,
              27.802554121432586
            ],
            [
              -15.432422056722404,
              27.8003368429083
            ],
            [
              -15.43360163475993,
              27.799226935473467
            ],
            [
              -15.432793917345768,
              27.80037025341916
            ],
            [
              -15.434079636251639,
              27.802381814550845
            ],
            [
              -15.435207128210113,
              27.801855020365984
            ],
            [
              -15.433831960529979,
              27.80012015193628
            ],
            [
              -15.435369022197861,
              27.801603133002043
            ],
            [
              -15.438125964774162,
              27.800251201614664
            ],
            [
              -15.44450362304942,
              27.7990625102894
            ],
            [
              -15.457320462327031,
              27.798044174795134
            ],
            [
              -15.462746039733489,
              27.79673413741941
            ],
            [
              -15.462741783355769,
              27.794689118401454
            ],
            [
              -15.463974285971544,
              27.794674612548782
            ],
            [
              -15.462914127122685,
              27.795071528471418
            ],
            [
              -15.463138590649534,
              27.796577512029106
            ],
            [
              -15.4639970111894,
              27.796920805294437
            ],
            [
              -15.473760474287488,
              27.793409750758716
            ],
            [
              -15.480445413084391,
              27.793699060262615
            ],
            [
              -15.48716369197986,
              27.792770766428486
            ],
            [
              -15.49571198560662,
              27.789568087430556
            ],
            [
              -15.499179416281477,
              27.786387355527715
            ],
            [
              -15.50181707389862,
              27.785495033075097
            ],
            [
              -15.503251437250958,
              27.783194560184473
            ],
            [
              -15.508730427877024,
              27.78031428311482
            ],
            [
              -15.51158291600051,
              27.780387835293116
            ],
            [
              -15.514284829134587,
              27.781955694151048
            ],
            [
              -15.51928309230665,
              27.78084859232612
            ],
            [
              -15.527570299031227,
              27.776601534018837
            ],
            [
              -15.529866337746522,
              27.77389871284934
            ],
            [
              -15.53276549733904,
              27.772582933738114
            ],
            [
              -15.532667886455222,
              27.771443766428987
            ],
            [
              -15.533738889373183,
              27.770243029937383
            ],
            [
              -15.536386122160529,
              27.769738183353894
            ],
            [
              -15.538539520537357,
              27.770499286663078
            ],
            [
              -15.543105367268058,
              27.767618259229085
            ],
            [
              -15.543617646313356,
              27.76684528132561
            ],
            [
              -15.549660930154108,
              27.767383295696607
            ],
            [
              -15.551161180498728,
              27.76603740923178
            ],
            [
              -15.550867139565675,
              27.765015951950915
            ],
            [
              -15.552447807724246,
              27.765759999817867
            ],
            [
              -15.554981047118131,
              27.764919084264836
            ],
            [
              -15.557402329768806,
              27.763838816249812
            ],
            [
              -15.558946279420327,
              27.76193934670542
            ],
            [
              -15.559253959357811,
              27.762763131430997
            ],
            [
              -15.560905913807009,
              27.762323848769345
            ],
            [
              -15.56169259400801,
              27.76046271571661
            ],
            [
              -15.562309164351754,
              27.761047132819254
            ],
            [
              -15.563838541860825,
              27.76023732535344
            ],
            [
              -15.563946607071745,
              27.75893568054534
            ],
            [
              -15.565585517132995,
              27.757770216566772
            ],
            [
              -15.567263590379236,
              27.753726278329182
            ],
            [
              -15.568681083411674,
              27.74208557103171
            ],
            [
              -15.568317798708428,
              27.739649905133756
            ],
            [
              -15.570407730819724,
              27.7375068601713
            ],
            [
              -15.578866112910179,
              27.73549480504306
            ],
            [
              -15.590288540012398,
              27.736362136463278
            ],
            [
              -15.598933209462515,
              27.734585547099982
            ],
            [
              -15.602694766583793,
              27.73629241860763
            ],
            [
              -15.611070790756795,
              27.744223230665238
            ],
            [
              -15.619635463445936,
              27.74894031242596
            ],
            [
              -15.621650425824377,
              27.748611694609817
            ],
            [
              -15.621675613199702,
              27.746750237297896
            ],
            [
              -15.622003163610733,
              27.747299702423476
            ],
            [
              -15.622758993305792,
              27.747080701909994
            ],
            [
              -15.625381113499408,
              27.74701793030526
            ],
            [
              -15.62305566830699,
              27.747067585213763
            ],
            [
              -15.625380272763552,
              27.746989759834225
            ],
            [
              -15.62535752545918,
              27.746235025044278
            ],
            [
              -15.621754129770288,
              27.745848232305804
            ],
            [
              -15.621486293283864,
              27.746322344209528
            ],
            [
              -15.621059047411075,
              27.74546681147534
            ],
            [
              -15.625246161978202,
              27.74592327335693
            ],
            [
              -15.628087195872586,
              27.745050586006418
            ],
            [
              -15.630444989200868,
              27.74533167723406
            ],
            [
              -15.63352307264272,
              27.746855534566134
            ],
            [
              -15.634141623908775,
              27.74842546563819
            ],
            [
              -15.636628618951683,
              27.7482418451141
            ],
            [
              -15.637742997336515,
              27.75043123169985
            ],
            [
              -15.639795911524404,
              27.75087742163952
            ],
            [
              -15.641349043230708,
              27.749937039987643
            ],
            [
              -15.642642239616787,
              27.750984848301094
            ],
            [
              -15.647024961326034,
              27.75095118958245
            ],
            [
              -15.650522046475464,
              27.754096440162662
            ],
            [
              -15.65733696263033,
              27.75634796430957
            ],
            [
              -15.661110150942967,
              27.7567839500812
            ],
            [
              -15.662364300389003,
              27.755775596427753
            ],
            [
              -15.670210004203655,
              27.754472136872362
            ],
            [
              -15.672120927804228,
              27.752020409554483
            ],
            [
              -15.671206830087314,
              27.75018048727026
            ],
            [
              -15.672238092532647,
              27.750440221511493
            ],
            [
              -15.672978865027027,
              27.749635737737766
            ],
            [
              -15.66903294022833,
              27.74862375870278
            ],
            [
              -15.668865282093979,
              27.748020373974366
            ],
            [
              -15.674577795928085,
              27.749202646863008
            ],
            [
              -15.67499583403378,
              27.751249724832746
            ],
            [
              -15.676876199368825,
              27.753944813882654
            ],
            [
              -15.678987824257003,
              27.75623347266438
            ],
            [
              -15.678991072281868,
              27.756236992996364
            ]
          ]
        ]
      },
      "properties": {
        "island_id": "gran-canaria",
        "island_name": "Gran Canaria"
      }
    },
    {
      "type": "Feature",
      "geometry": {
        "type": "MultiPolygon",
        "coordinates": [
          [
            [
              [
                -14.131543025235853,
                28.188338071366832
              ],
              [
                -14.133726760831832,
                28.187261789878452
              ],
              [
                -14.137238895307664,
                28.187209754545165
              ],
              [
                -14.13926831888897,
                28.18384180440071
              ],
              [
                -14.142697991705335,
                28.183243872431323
              ],
              [
                -14.143313808469925,
                28.182012117615933
              ],
              [
                -14.145618804418232,
                28.18260916382203
              ],
              [
                -14.146176960945738,
                28.181548611296435
              ],
              [
                -14.147596716000168,
                28.181191659123936
              ],
              [
                -14.149213026144567,
                28.183126271348943
              ],
              [
                -14.15187496042678,
                28.182786313185552
              ],
              [
                -14.156278055364373,
                28.17970523060428
              ],
              [
                -14.157106792953549,
                28.177396576874916
              ],
              [
                -14.158744475325092,
                28.175901665606634
              ],
              [
                -14.162244373587138,
                28.17746389742265
              ],
              [
                -14.16480071326582,
                28.176697167044114
              ],
              [
                -14.165422489202276,
                28.17533081202689
              ],
              [
                -14.167718585667041,
                28.173965018095156
              ],
              [
                -14.172954399572715,
                28.175323254752854
              ],
              [
                -14.174106403583856,
                28.17459432795491
              ],
              [
                -14.175550876687856,
                28.1749146559778
              ],
              [
                -14.177033411444768,
                28.17375024922385
              ],
              [
                -14.180839075223174,
                28.173732899852364
              ],
              [
                -14.182165456986398,
                28.174911635333686
              ],
              [
                -14.184335470513911,
                28.17494147643752
              ],
              [
                -14.18792572350888,
                28.17271754836435
              ],
              [
                -14.191307876225764,
                28.174305496258633
              ],
              [
                -14.198325048054963,
                28.17386061367693
              ],
              [
                -14.202120150986417,
                28.17198157353266
              ],
              [
                -14.205877407006332,
                28.167265744346196
              ],
              [
                -14.21338253364737,
                28.164178512438287
              ],
              [
                -14.218002920691102,
                28.165577556554837
              ],
              [
                -14.222295501818845,
                28.162982022621367
              ],
              [
                -14.229864266562073,
                28.14993796227336
              ],
              [
                -14.233075628040238,
                28.14722800452935
              ],
              [
                -14.23389634254021,
                28.145319288093614
              ],
              [
                -14.236161148344662,
                28.144015917077425
              ],
              [
                -14.240526877223735,
                28.13474118669657
              ],
              [
                -14.24329731842433,
                28.130739961380183
              ],
              [
                -14.24581700172805,
                28.128821558740277
              ],
              [
                -14.251383995660776,
                28.117654104611912
              ],
              [
                -14.254003950628798,
                28.114684765311647
              ],
              [
                -14.2585984733125,
                28.112014023847596
              ],
              [
                -14.262896149608174,
                28.11104422396672
              ],
              [
                -14.266190277577653,
                28.10894670883973
              ],
              [
                -14.27300076309509,
                28.098656942714825
              ],
              [
                -14.282704653620867,
                28.090540952267293
              ],
              [
                -14.28620011145735,
                28.084181448087786
              ],
              [
                -14.289062022159056,
                28.08334625170491
              ],
              [
                -14.293096182129377,
                28.08057797253415
              ],
              [
                -14.295385718972717,
                28.077657378555973
              ],
              [
                -14.300788618755847,
                28.074616758586085
              ],
              [
                -14.305567137322708,
                28.068288683842503
              ],
              [
                -14.312625385114858,
                28.06095447296905
              ],
              [
                -14.314735203256294,
                28.0574164084594
              ],
              [
                -14.317989152222008,
                28.05524869491157
              ],
              [
                -14.321954359359676,
                28.04967980341087
              ],
              [
                -14.324970462732098,
                28.04866899111276
              ],
              [
                -14.331409711027446,
                28.044218981469047
              ],
              [
                -14.337086244303503,
                28.044387839226562
              ],
              [
                -14.35217485537246,
                28.0494721896182
              ],
              [
                -14.354211292904216,
                28.048746114481467
              ],
              [
                -14.356561379396272,
                28.049172455205433
              ],
              [
                -14.361049181961008,
                28.04747839262351
              ],
              [
                -14.36501335677275,
                28.049537494191156
              ],
              [
                -14.36091093906636,
                28.048094360209785
              ],
              [
                -14.3598237472378,
                28.04848726653311
              ],
              [
                -14.359440702933547,
                28.048352189053986
              ],
              [
                -14.358474553033586,
                28.049518353020474
              ],
              [
                -14.359073885793915,
                28.049868380655926
              ],
              [
                -14.359508067145166,
                28.05009051855612
              ],
              [
                -14.359602298822987,
                28.05013837638423
              ],
              [
                -14.360265933081559,
                28.050748240559773
              ],
              [
                -14.361132611616242,
                28.050188679606777
              ],
              [
                -14.360766314707526,
                28.050971152292515
              ],
              [
                -14.363579372861789,
                28.052370273471563
              ],
              [
                -14.364030716045955,
                28.051832022219553
              ],
              [
                -14.364081127674861,
                28.05158749080651
              ],
              [
                -14.364083842787409,
                28.051577393231693
              ],
              [
                -14.364200019088885,
                28.050901580292813
              ],
              [
                -14.36210834191563,
                28.05002984605288
              ],
              [
                -14.364293948937052,
                28.05073654268255
              ],
              [
                -14.364163622485869,
                28.05239260438219
              ],
              [
                -14.369160777008283,
                28.0544063034569
              ],
              [
                -14.371076822267554,
                28.054399150773982
              ],
              [
                -14.37242345058251,
                28.05328328329812
              ],
              [
                -14.375415022487376,
                28.05309498104679
              ],
              [
                -14.376477772030967,
                28.051968944111067
              ],
              [
                -14.377972503244937,
                28.05195647725049
              ],
              [
                -14.383051647991408,
                28.05285847745438
              ],
              [
                -14.38841154890472,
                28.055703722867676
              ],
              [
                -14.38991815651597,
                28.055379389027134
              ],
              [
                -14.396566741765337,
                28.05682124878178
              ],
              [
                -14.399935871774309,
                28.05839034486346
              ],
              [
                -14.405020632061385,
                28.057957956446046
              ],
              [
                -14.409420590317394,
                28.05854385323577
              ],
              [
                -14.417040263166728,
                28.061100893954706
              ],
              [
                -14.417545409485038,
                28.06198491715803
              ],
              [
                -14.419791367022214,
                28.061787664443788
              ],
              [
                -14.420245199721053,
                28.062368353911953
              ],
              [
                -14.42430516020966,
                28.064471071483148
              ],
              [
                -14.429722634918791,
                28.065210585089837
              ],
              [
                -14.434273352548969,
                28.06817815175826
              ],
              [
                -14.437783188764186,
                28.067812770703473
              ],
              [
                -14.440388388129152,
                28.06979238624258
              ],
              [
                -14.44309619725147,
                28.06981610838407
              ],
              [
                -14.452304649166079,
                28.073503204886542
              ],
              [
                -14.457741570269443,
                28.073403514292433
              ],
              [
                -14.464871162864881,
                28.076086952449348
              ],
              [
                -14.468019268194617,
                28.07544555589681
              ],
              [
                -14.469039222901012,
                28.07623201816794
              ],
              [
                -14.471563667799728,
                28.07608261516131
              ],
              [
                -14.477369556515093,
                28.077788559152108
              ],
              [
                -14.481569401898259,
                28.07755957658506
              ],
              [
                -14.482831992173914,
                28.0763188952271
              ],
              [
                -14.486824548855978,
                28.075995071107652
              ],
              [
                -14.488526237857096,
                28.074612294620895
              ],
              [
                -14.495697843355082,
                28.074053114441853
              ],
              [
                -14.502422879734903,
                28.072029601008776
              ],
              [
                -14.50409666591665,
                28.070658162910725
              ],
              [
                -14.504423481348844,
                28.068245040469183
              ],
              [
                -14.507040907543816,
                28.065350624946117
              ],
              [
                -14.509956538872206,
                28.067587055351
              ],
              [
                -14.510035022600302,
                28.06868396529516
              ],
              [
                -14.506747285985329,
                28.0700455890371
              ],
              [
                -14.505301584350734,
                28.07335586463021
              ],
              [
                -14.502211021978397,
                28.074528736935438
              ],
              [
                -14.50220363719993,
                28.078942879759264
              ],
              [
                -14.50172405819019,
                28.07999477105999
              ],
              [
                -14.495693896304122,
                28.083129936092057
              ],
              [
                -14.494186094736184,
                28.08248516745483
              ],
              [
                -14.4924136837796,
                28.084361436484272
              ],
              [
                -14.492225259033523,
                28.085731722058007
              ],
              [
                -14.492973243922087,
                28.085933027414082
              ],
              [
                -14.492147166763027,
                28.085948712611817
              ],
              [
                -14.492006057797191,
                28.08680824532233
              ],
              [
                -14.4941237520548,
                28.090839395452885
              ],
              [
                -14.492997475560447,
                28.09179426451995
              ],
              [
                -14.492806001989456,
                28.092624950538966
              ],
              [
                -14.49354609569603,
                28.092787254392125
              ],
              [
                -14.4922643923528,
                28.094080704611848
              ],
              [
                -14.49342879208553,
                28.094647326335586
              ],
              [
                -14.492851014185165,
                28.095888386600116
              ],
              [
                -14.4954211231194,
                28.096911159471812
              ],
              [
                -14.495359690741584,
                28.097663882384666
              ],
              [
                -14.496021296641178,
                28.097933133843036
              ],
              [
                -14.499393106728814,
                28.101313696294472
              ],
              [
                -14.497646632188507,
                28.10222423485776
              ],
              [
                -14.496738653960664,
                28.103671206170464
              ],
              [
                -14.493433154719824,
                28.103672316954896
              ],
              [
                -14.493618372144669,
                28.104151801914718
              ],
              [
                -14.493351792747712,
                28.105542872437315
              ],
              [
                -14.49310702294234,
                28.106243344832908
              ],
              [
                -14.491329058053678,
                28.110602802989114
              ],
              [
                -14.48994327499186,
                28.110523878714513
              ],
              [
                -14.489185507128548,
                28.108895313245146
              ],
              [
                -14.486734843819713,
                28.10865603959368
              ],
              [
                -14.486266372970078,
                28.107147407382914
              ],
              [
                -14.486877564930797,
                28.105280185884325
              ],
              [
                -14.486137899476452,
                28.10523233611858
              ],
              [
                -14.485633775700629,
                28.10363919267512
              ],
              [
                -14.484044510592799,
                28.103495201538728
              ],
              [
                -14.48267112127338,
                28.103195831029414
              ],
              [
                -14.481361522798196,
                28.10009454911184
              ],
              [
                -14.47888428412017,
                28.10061191065899
              ],
              [
                -14.478707056496058,
                28.101072478588303
              ],
              [
                -14.477341322633546,
                28.101360323613463
              ],
              [
                -14.476064872301283,
                28.10273739011927
              ],
              [
                -14.476990925192851,
                28.10371253109479
              ],
              [
                -14.47438434321878,
                28.104786008679536
              ],
              [
                -14.47349722592794,
                28.104775890208668
              ],
              [
                -14.473083661937656,
                28.103728286583674
              ],
              [
                -14.471749996871488,
                28.103816919682234
              ],
              [
                -14.471789162517204,
                28.102575468122893
              ],
              [
                -14.468781716062953,
                28.104399031637787
              ],
              [
                -14.468271103154665,
                28.103718669319175
              ],
              [
                -14.46656875068889,
                28.103737398020666
              ],
              [
                -14.466764818358524,
                28.10217905385311
              ],
              [
                -14.46178324689575,
                28.10136277165631
              ],
              [
                -14.459892380999934,
                28.102363061756705
              ],
              [
                -14.460018530082998,
                28.102849297955892
              ],
              [
                -14.457199087688096,
                28.103923279436053
              ],
              [
                -14.455730283969602,
                28.105739382638763
              ],
              [
                -14.452219997375998,
                28.103004628429453
              ],
              [
                -14.450783006076948,
                28.100241082360192
              ],
              [
                -14.446212171785175,
                28.10173019356141
              ],
              [
                -14.444156188163314,
                28.100449442040098
              ],
              [
                -14.443918861088767,
                28.10102904695721
              ],
              [
                -14.442349586489575,
                28.10050524388393
              ],
              [
                -14.435603625341658,
                28.10167502933227
              ],
              [
                -14.433861618818133,
                28.101745057836794
              ],
              [
                -14.423975302862749,
                28.103456733518616
              ],
              [
                -14.416071278469618,
                28.106616098766743
              ],
              [
                -14.407288715015762,
                28.10783640368739
              ],
              [
                -14.38720055642071,
                28.112482609112064
              ],
              [
                -14.368017602508182,
                28.118986807788954
              ],
              [
                -14.358209991567872,
                28.123811582651868
              ],
              [
                -14.357544914821073,
                28.125111885743685
              ],
              [
                -14.358788953853445,
                28.125293624593724
              ],
              [
                -14.35804724372464,
                28.126183735936195
              ],
              [
                -14.358740785959961,
                28.126560773223353
              ],
              [
                -14.357949166527206,
                28.127060764181984
              ],
              [
                -14.356920001218793,
                28.125929285610923
              ],
              [
                -14.355665138114544,
                28.125816786760357
              ],
              [
                -14.336845127655614,
                28.132892450968153
              ],
              [
                -14.307996892379633,
                28.14866970742667
              ],
              [
                -14.306287310361384,
                28.15135448545642
              ],
              [
                -14.303018422754871,
                28.15268596268172
              ],
              [
                -14.298024435667497,
                28.159634641698723
              ],
              [
                -14.29583216571872,
                28.15976548813558
              ],
              [
                -14.291363097645297,
                28.162848718507277
              ],
              [
                -14.289507309332246,
                28.163173426571714
              ],
              [
                -14.287886941784919,
                28.165028301844256
              ],
              [
                -14.286422012063937,
                28.165160482690514
              ],
              [
                -14.285591243097317,
                28.16664801961537
              ],
              [
                -14.28238865876739,
                28.167834452373864
              ],
              [
                -14.27877669719735,
                28.171220196530793
              ],
              [
                -14.269178021254692,
                28.177447972295106
              ],
              [
                -14.262731178429583,
                28.183749428568216
              ],
              [
                -14.253146570291486,
                28.189018907371313
              ],
              [
                -14.251612675263472,
                28.1905630541332
              ],
              [
                -14.245682222198202,
                28.194794734567154
              ],
              [
                -14.244474604033972,
                28.196754266372103
              ],
              [
                -14.244355529819071,
                28.197754992944777
              ],
              [
                -14.242808088892698,
                28.198805819840356
              ],
              [
                -14.242046201025282,
                28.201526713011983
              ],
              [
                -14.240532049147253,
                28.20158954713042
              ],
              [
                -14.239643240171553,
                28.203004349514575
              ],
              [
                -14.238402974257866,
                28.203085904017378
              ],
              [
                -14.237291638482398,
                28.204543799174978
              ],
              [
                -14.233560980967718,
                28.206066896375102
              ],
              [
                -14.232825450247654,
                28.208258651103066
              ],
              [
                -14.230986096780322,
                28.210165072502072
              ],
              [
                -14.22867989815635,
                28.210484494142683
              ],
              [
                -14.222604534784699,
                28.215255720724404
              ],
              [
                -14.222976981929552,
                28.21634980561512
              ],
              [
                -14.221428557397127,
                28.217252638107656
              ],
              [
                -14.221312574564783,
                28.218562226292114
              ],
              [
                -14.22262472878221,
                28.219183133408926
              ],
              [
                -14.21992459662306,
                28.21993786170451
              ],
              [
                -14.217725332067698,
                28.22336312541325
              ],
              [
                -14.216954517689247,
                28.223761312919773
              ],
              [
                -14.214992640764201,
                28.226333830057577
              ],
              [
                -14.214692044903979,
                28.228536345981034
              ],
              [
                -14.215414516700541,
                28.22963093289405
              ],
              [
                -14.213890345725146,
                28.23028497970901
              ],
              [
                -14.214170447829488,
                28.23264724118443
              ],
              [
                -14.212921185387792,
                28.23378372528245
              ],
              [
                -14.213807179101156,
                28.23559410705238
              ],
              [
                -14.213093058193682,
                28.235599025845882
              ],
              [
                -14.212704438527057,
                28.236888356420742
              ],
              [
                -14.21408113002757,
                28.242067717027613
              ],
              [
                -14.212360063166711,
                28.24369502196213
              ],
              [
                -14.213087162846218,
                28.24534960558234
              ],
              [
                -14.21373607384751,
                28.244950991929024
              ],
              [
                -14.213562998896174,
                28.24768048566362
              ],
              [
                -14.21235409463115,
                28.248848342143557
              ],
              [
                -14.212765712070054,
                28.249444952407103
              ],
              [
                -14.211303468350359,
                28.250757832681142
              ],
              [
                -14.210980480265329,
                28.252665712254245
              ],
              [
                -14.211505914455097,
                28.252666090507628
              ],
              [
                -14.209824036128142,
                28.25474255244544
              ],
              [
                -14.209592270186302,
                28.25767689531293
              ],
              [
                -14.208321684702234,
                28.25990834241578
              ],
              [
                -14.20967833786403,
                28.262663709538078
              ],
              [
                -14.210207757618305,
                28.263124376480604
              ],
              [
                -14.210473352962934,
                28.263678132883232
              ],
              [
                -14.211644362957909,
                28.263583616484627
              ],
              [
                -14.212046146265637,
                28.26519983142753
              ],
              [
                -14.208305847215675,
                28.27061169360901
              ],
              [
                -14.2091879155257,
                28.27138881716698
              ],
              [
                -14.208559886580607,
                28.272590736716516
              ],
              [
                -14.209226161241816,
                28.27322904656667
              ],
              [
                -14.208873970454846,
                28.27471028948001
              ],
              [
                -14.21019203100736,
                28.276636083247748
              ],
              [
                -14.209959631673138,
                28.27970574691999
              ],
              [
                -14.21106954265298,
                28.280135823348882
              ],
              [
                -14.210959376069498,
                28.28092229761563
              ],
              [
                -14.211907314165854,
                28.281983558033804
              ],
              [
                -14.211059127050437,
                28.283278669129654
              ],
              [
                -14.211255960640816,
                28.284232953763915
              ],
              [
                -14.21143727786968,
                28.284288998835475
              ],
              [
                -14.211578585315358,
                28.28547417479845
              ],
              [
                -14.212308266234567,
                28.285017151434847
              ],
              [
                -14.212027837536583,
                28.286746996014166
              ],
              [
                -14.213173748338814,
                28.28688697711558
              ],
              [
                -14.212820374483194,
                28.28746502546723
              ],
              [
                -14.213545731040483,
                28.287798804912477
              ],
              [
                -14.21429429667409,
                28.28741099544848
              ],
              [
                -14.211276406755836,
                28.290285988817963
              ],
              [
                -14.21192267579993,
                28.29249704527422
              ],
              [
                -14.212470110960565,
                28.29231003432226
              ],
              [
                -14.211144430635219,
                28.294875124813476
              ],
              [
                -14.211826844897711,
                28.294687325783663
              ],
              [
                -14.211656376302699,
                28.295499623526517
              ],
              [
                -14.210545024587725,
                28.29581484182584
              ],
              [
                -14.209917064807215,
                28.297073303524463
              ],
              [
                -14.210589036393324,
                28.29699683670792
              ],
              [
                -14.210815705604938,
                28.298272083170076
              ],
              [
                -14.210095726717848,
                28.299380995908464
              ],
              [
                -14.206708856652586,
                28.301009458688554
              ],
              [
                -14.206645166215553,
                28.30215616610591
              ],
              [
                -14.20751378352218,
                28.302350566939793
              ],
              [
                -14.20712518107528,
                28.30358068775356
              ],
              [
                -14.208045333292725,
                28.303597690533348
              ],
              [
                -14.207067241157985,
                28.305008510992177
              ],
              [
                -14.20838477306969,
                28.30461954517051
              ],
              [
                -14.207564958794771,
                28.305347138434463
              ],
              [
                -14.208214667475907,
                28.306031165954707
              ],
              [
                -14.207589185324869,
                28.307186709044515
              ],
              [
                -14.208979108193784,
                28.306903487388336
              ],
              [
                -14.208185739215047,
                28.308417148974012
              ],
              [
                -14.20914145345598,
                28.308750447214223
              ],
              [
                -14.208800039992912,
                28.309774826153763
              ],
              [
                -14.2099306036525,
                28.309544033710978
              ],
              [
                -14.209070177154176,
                28.310435743930256
              ],
              [
                -14.209908026726726,
                28.310309424130597
              ],
              [
                -14.20901460487896,
                28.31121540313676
              ],
              [
                -14.209409780541666,
                28.312283594185242
              ],
              [
                -14.208268498784102,
                28.31317112617385
              ],
              [
                -14.20883064572058,
                28.31334201508779
              ],
              [
                -14.206729920691547,
                28.31528677399917
              ],
              [
                -14.206727922769593,
                28.31663760853122
              ],
              [
                -14.205265562788169,
                28.318979295400332
              ],
              [
                -14.204181877152548,
                28.322261205195517
              ],
              [
                -14.20482526337204,
                28.32348869042152
              ],
              [
                -14.204018598801868,
                28.324086273388705
              ],
              [
                -14.20509102470581,
                28.32469084779183
              ],
              [
                -14.203755397477863,
                28.32853775131339
              ],
              [
                -14.201533876214283,
                28.32940743206609
              ],
              [
                -14.200822153176068,
                28.331301710714516
              ],
              [
                -14.200124821970016,
                28.331510430205828
              ],
              [
                -14.200211001810674,
                28.33244670852121
              ],
              [
                -14.199062674322596,
                28.33389032032819
              ],
              [
                -14.192744608863906,
                28.33558908701573
              ],
              [
                -14.190862098120638,
                28.337514295838364
              ],
              [
                -14.190249296461195,
                28.336925986759802
              ],
              [
                -14.188704596807732,
                28.337444525927715
              ],
              [
                -14.187450590009428,
                28.338350529162604
              ],
              [
                -14.188415978879117,
                28.33878868321074
              ],
              [
                -14.187517187275898,
                28.338950158036486
              ],
              [
                -14.188011624526665,
                28.3393807703692
              ],
              [
                -14.187084248792326,
                28.340370717790563
              ],
              [
                -14.185278599456494,
                28.3402101352323
              ],
              [
                -14.183242909521141,
                28.34160020388591
              ],
              [
                -14.183390491459917,
                28.34231997221535
              ],
              [
                -14.180482527519302,
                28.343465440115256
              ],
              [
                -14.180588138537411,
                28.344235885442483
              ],
              [
                -14.17753116967681,
                28.346122141093232
              ],
              [
                -14.176291194974448,
                28.347987286497673
              ],
              [
                -14.177407274535788,
                28.348849907479195
              ],
              [
                -14.1772088773136,
                28.350411546113328
              ],
              [
                -14.1764101522836,
                28.3495846077626
              ],
              [
                -14.174228124250499,
                28.352818487306088
              ],
              [
                -14.173640459657486,
                28.352824882471797
              ],
              [
                -14.17353302391541,
                28.35579501603002
              ],
              [
                -14.171795806670179,
                28.355440158571362
              ],
              [
                -14.170851209835282,
                28.362031670180414
              ],
              [
                -14.16732567989676,
                28.36321436438482
              ],
              [
                -14.163452662921667,
                28.36705746158391
              ],
              [
                -14.163440084556079,
                28.368410017717583
              ],
              [
                -14.162193424383101,
                28.368716043026684
              ],
              [
                -14.16280966921012,
                28.370404962757277
              ],
              [
                -14.161917956215955,
                28.370695843109168
              ],
              [
                -14.161100318308629,
                28.372717175901027
              ],
              [
                -14.162447843019415,
                28.373625156074286
              ],
              [
                -14.162883479703577,
                28.375537592604022
              ],
              [
                -14.16337201445962,
                28.375612721064435
              ],
              [
                -14.161863530912678,
                28.377732912459305
              ],
              [
                -14.162836612229286,
                28.379242154331415
              ],
              [
                -14.161810309640714,
                28.380240460465764
              ],
              [
                -14.162562699884877,
                28.38471057543475
              ],
              [
                -14.161877891202908,
                28.3849642274719
              ],
              [
                -14.162822872740305,
                28.385663090244233
              ],
              [
                -14.162330352790535,
                28.386274895994802
              ],
              [
                -14.16254901179605,
                28.38650581374503
              ],
              [
                -14.161781504841798,
                28.38754093724952
              ],
              [
                -14.162009817635534,
                28.38937781183033
              ],
              [
                -14.162241548394885,
                28.388693268724666
              ],
              [
                -14.162681044599895,
                28.38902857850392
              ],
              [
                -14.16199789260666,
                28.389792260027768
              ],
              [
                -14.16234004432727,
                28.391325161698674
              ],
              [
                -14.161406320784652,
                28.392315003732254
              ],
              [
                -14.158122339212795,
                28.392348458331817
              ],
              [
                -14.155502124140218,
                28.394973292871406
              ],
              [
                -14.155436016358681,
                28.396975939807984
              ],
              [
                -14.157176070173412,
                28.39743058995888
              ],
              [
                -14.156552372632683,
                28.39904163127318
              ],
              [
                -14.157701557341815,
                28.40003623839681
              ],
              [
                -14.156551883152995,
                28.40328501181458
              ],
              [
                -14.15491488785359,
                28.404082468961963
              ],
              [
                -14.154727734689105,
                28.40509124265598
              ],
              [
                -14.154949691544392,
                28.405183402800933
              ],
              [
                -14.158078900804357,
                28.406482702066132
              ],
              [
                -14.158277349417475,
                28.407597945063518
              ],
              [
                -14.157401161622362,
                28.409371414947756
              ],
              [
                -14.157834114923357,
                28.411537505815616
              ],
              [
                -14.15726641785519,
                28.412626265491447
              ],
              [
                -14.156822274422405,
                28.41168457340064
              ],
              [
                -14.156090303844515,
                28.414252618619575
              ],
              [
                -14.152109167589295,
                28.420471710631656
              ],
              [
                -14.14952594451532,
                28.421144479368813
              ],
              [
                -14.149166741007273,
                28.42286668025742
              ],
              [
                -14.150244598024875,
                28.423041963385025
              ],
              [
                -14.150537194192818,
                28.42363165934725
              ],
              [
                -14.150701747957877,
                28.423322600099173
              ],
              [
                -14.151217056756412,
                28.42703418788039
              ],
              [
                -14.150611351934472,
                28.42779077623508
              ],
              [
                -14.151271372441961,
                28.427866668814467
              ],
              [
                -14.151265392993203,
                28.43011535074134
              ],
              [
                -14.150002058055343,
                28.432328127247658
              ],
              [
                -14.148526890593066,
                28.432200520626083
              ],
              [
                -14.146362458971328,
                28.434230048327045
              ],
              [
                -14.146843114519276,
                28.43883618301652
              ],
              [
                -14.146064366434048,
                28.43871881522953
              ],
              [
                -14.145053336689656,
                28.440453182007165
              ],
              [
                -14.144457289724528,
                28.439731522588758
              ],
              [
                -14.144374321879408,
                28.440526909984097
              ],
              [
                -14.143262129023238,
                28.4402865600374
              ],
              [
                -14.142748965223062,
                28.441953538275456
              ],
              [
                -14.142618393588382,
                28.44127115054223
              ],
              [
                -14.141500740537383,
                28.44225172902708
              ],
              [
                -14.141048478549012,
                28.441960245980578
              ],
              [
                -14.140793845810949,
                28.444037425139406
              ],
              [
                -14.138848179264578,
                28.446895108386126
              ],
              [
                -14.138803687589524,
                28.446073989012547
              ],
              [
                -14.138145030282779,
                28.447036618656202
              ],
              [
                -14.136597834543378,
                28.446433929887547
              ],
              [
                -14.134603185917415,
                28.44832996212063
              ],
              [
                -14.13276200686751,
                28.451436526216046
              ],
              [
                -14.130547810357115,
                28.452073287924105
              ],
              [
                -14.129641635895913,
                28.45319737599297
              ],
              [
                -14.128889999739075,
                28.453902515670535
              ],
              [
                -14.127271947327886,
                28.456790686515237
              ],
              [
                -14.126605060075201,
                28.456105557826767
              ],
              [
                -14.125858529022192,
                28.45673514594937
              ],
              [
                -14.123859452284961,
                28.45735056755626
              ],
              [
                -14.122802844971863,
                28.458256190492964
              ],
              [
                -14.119394251325936,
                28.461278494124127
              ],
              [
                -14.11814807049592,
                28.460951005788008
              ],
              [
                -14.113618988120187,
                28.465029155847553
              ],
              [
                -14.112349139920223,
                28.46467074413075
              ],
              [
                -14.1090686676546,
                28.46918653593069
              ],
              [
                -14.108996213901667,
                28.468900603474076
              ],
              [
                -14.105652814303287,
                28.47214192797178
              ],
              [
                -14.105528062484725,
                28.47202775816323
              ],
              [
                -14.105335906776808,
                28.47223935603208
              ],
              [
                -14.104809027715813,
                28.472692454627364
              ],
              [
                -14.104139581706045,
                28.4717414466746
              ],
              [
                -14.102963440863897,
                28.47413726319833
              ],
              [
                -14.102046984255965,
                28.473794082629723
              ],
              [
                -14.100538114540598,
                28.475200002469645
              ],
              [
                -14.099227717481842,
                28.478498520769435
              ],
              [
                -14.098036876607566,
                28.47890265738191
              ],
              [
                -14.096952049538139,
                28.482531419831574
              ],
              [
                -14.094625394121222,
                28.485575837863138
              ],
              [
                -14.094772311949246,
                28.487916084872467
              ],
              [
                -14.092639519264374,
                28.4916076298541
              ],
              [
                -14.091744258812463,
                28.491451981807256
              ],
              [
                -14.091455206867627,
                28.494220290387947
              ],
              [
                -14.090766335639376,
                28.493765701140255
              ],
              [
                -14.08980689726916,
                28.494403837853515
              ],
              [
                -14.089694282809557,
                28.494478739403576
              ],
              [
                -14.09026670075301,
                28.49673952744205
              ],
              [
                -14.087918848465135,
                28.500676689766326
              ],
              [
                -14.087873745024371,
                28.50164179986627
              ],
              [
                -14.087358158506008,
                28.505638997623606
              ],
              [
                -14.08674174645664,
                28.505919148570328
              ],
              [
                -14.086746072597965,
                28.50417221312942
              ],
              [
                -14.084860907089924,
                28.50727814056055
              ],
              [
                -14.084435766083827,
                28.506722488811622
              ],
              [
                -14.083791863481865,
                28.50753362968489
              ],
              [
                -14.082202726348742,
                28.511740290589852
              ],
              [
                -14.082389380767127,
                28.513084717193177
              ],
              [
                -14.081463837432455,
                28.513562879047015
              ],
              [
                -14.081318381285415,
                28.512934680078697
              ],
              [
                -14.080245048105006,
                28.513991482766578
              ],
              [
                -14.078830188000724,
                28.518667498532757
              ],
              [
                -14.077908150472867,
                28.520075396610952
              ],
              [
                -14.077033551949174,
                28.519978493851738
              ],
              [
                -14.076309234447738,
                28.52114274063709
              ],
              [
                -14.075774570178735,
                28.52122381291803
              ],
              [
                -14.075563637521025,
                28.522018377525864
              ],
              [
                -14.073685605429395,
                28.52401452867167
              ],
              [
                -14.074241070259303,
                28.52529520863474
              ],
              [
                -14.074410659488318,
                28.52617486977796
              ],
              [
                -14.073617209865883,
                28.52781156181677
              ],
              [
                -14.072286486973722,
                28.528232078746235
              ],
              [
                -14.071007015128338,
                28.532005828507174
              ],
              [
                -14.070490315407064,
                28.532607004421852
              ],
              [
                -14.07079854576751,
                28.53372212966407
              ],
              [
                -14.069826846668073,
                28.534639066344248
              ],
              [
                -14.07030340767056,
                28.535857266109694
              ],
              [
                -14.068485530350134,
                28.53781193940711
              ],
              [
                -14.07004765478157,
                28.53824870605776
              ],
              [
                -14.069386480024326,
                28.54082733541587
              ],
              [
                -14.068068806736635,
                28.541864033625455
              ],
              [
                -14.067685731465055,
                28.541214605995155
              ],
              [
                -14.066309839365674,
                28.54186491134138
              ],
              [
                -14.066313595930078,
                28.54119549328861
              ],
              [
                -14.065305889092523,
                28.54118394829869
              ],
              [
                -14.063712998728633,
                28.54321130721133
              ],
              [
                -14.063798858201675,
                28.544362821266645
              ],
              [
                -14.06546517896103,
                28.54568630809252
              ],
              [
                -14.065062282692622,
                28.548725900084897
              ],
              [
                -14.066816243051955,
                28.55022181880005
              ],
              [
                -14.06585930867566,
                28.551509481458144
              ],
              [
                -14.06399649746082,
                28.55415821045814
              ],
              [
                -14.06107986389785,
                28.55325399054925
              ],
              [
                -14.058213252860384,
                28.5557241620513
              ],
              [
                -14.058582152018953,
                28.55903451263408
              ],
              [
                -14.05688281433542,
                28.560747057699768
              ],
              [
                -14.057041537755538,
                28.562758053918486
              ],
              [
                -14.056074145243226,
                28.563968839725355
              ],
              [
                -14.056743907645936,
                28.56410464234504
              ],
              [
                -14.056351175403634,
                28.56557650661548
              ],
              [
                -14.056285270836522,
                28.564703570592897
              ],
              [
                -14.052857649344999,
                28.566536270631907
              ],
              [
                -14.052690087421281,
                28.568135938963394
              ],
              [
                -14.050661433609745,
                28.568799190161062
              ],
              [
                -14.050478852244952,
                28.570478926318884
              ],
              [
                -14.049186132359274,
                28.570604378102523
              ],
              [
                -14.047861050507068,
                28.571639370173646
              ],
              [
                -14.047980379102667,
                28.57294872242865
              ],
              [
                -14.046055688098873,
                28.575785768451198
              ],
              [
                -14.04367032111161,
                28.57740511928573
              ],
              [
                -14.043450985175499,
                28.577939297374396
              ],
              [
                -14.04322802030106,
                28.57848231350107
              ],
              [
                -14.04323931834606,
                28.579581668811652
              ],
              [
                -14.038495708483646,
                28.58355314910635
              ],
              [
                -14.03909681713507,
                28.584870684786956
              ],
              [
                -14.038169503993224,
                28.58573892348138
              ],
              [
                -14.038418006437375,
                28.587765385924538
              ],
              [
                -14.036114409033994,
                28.588568129780626
              ],
              [
                -14.033281120493411,
                28.593011430805312
              ],
              [
                -14.033342918985618,
                28.595440085045308
              ],
              [
                -14.032961872179406,
                28.597176632601354
              ],
              [
                -14.033798961262471,
                28.598711895499992
              ],
              [
                -14.033582390143824,
                28.60049206404828
              ],
              [
                -14.034141231571937,
                28.60043912880834
              ],
              [
                -14.033626320129446,
                28.601117504180767
              ],
              [
                -14.034801080717045,
                28.60330529520901
              ],
              [
                -14.036162087774747,
                28.60414211864814
              ],
              [
                -14.036841102561278,
                28.60775667692603
              ],
              [
                -14.038844129077816,
                28.611157975416898
              ],
              [
                -14.037467417723105,
                28.612383803333934
              ],
              [
                -14.038342433343404,
                28.61302263986885
              ],
              [
                -14.038699160700771,
                28.615225766332085
              ],
              [
                -14.037185253980399,
                28.615526908620016
              ],
              [
                -14.037196233443213,
                28.61863926729939
              ],
              [
                -14.035541909219521,
                28.618950900615406
              ],
              [
                -14.035190171580318,
                28.6200482971729
              ],
              [
                -14.033595153739897,
                28.62088318252256
              ],
              [
                -14.033726001375449,
                28.62183749002216
              ],
              [
                -14.031556134682006,
                28.62490479172502
              ],
              [
                -14.031667017762903,
                28.6267042208088
              ],
              [
                -14.032487084798786,
                28.627065656735365
              ],
              [
                -14.032914326359258,
                28.62839811123687
              ],
              [
                -14.031984630844072,
                28.628010469179834
              ],
              [
                -14.031890208854687,
                28.629318259684425
              ],
              [
                -14.029892562381796,
                28.62975651700673
              ],
              [
                -14.031674112584225,
                28.629904545633735
              ],
              [
                -14.030654141916967,
                28.631031909062433
              ],
              [
                -14.03225449018252,
                28.631117430452832
              ],
              [
                -14.031872315592095,
                28.633024641632925
              ],
              [
                -14.030565519469011,
                28.634021688864475
              ],
              [
                -14.028643543360987,
                28.63316033465928
              ],
              [
                -14.026549937386145,
                28.635009182326208
              ],
              [
                -14.026285872873087,
                28.63617239158744
              ],
              [
                -14.027491568816647,
                28.637491706277654
              ],
              [
                -14.026287346163842,
                28.638952448688322
              ],
              [
                -14.026469259065546,
                28.639832429928614
              ],
              [
                -14.027132700211032,
                28.640189560343213
              ],
              [
                -14.02662195329283,
                28.64101628716688
              ],
              [
                -14.025961560204992,
                28.640934659765684
              ],
              [
                -14.024562433216904,
                28.64305795284002
              ],
              [
                -14.024979650397743,
                28.644205265818403
              ],
              [
                -14.024707180607505,
                28.645874193218333
              ],
              [
                -14.023214866830461,
                28.646048026499553
              ],
              [
                -14.018960699301909,
                28.650569073170008
              ],
              [
                -14.019443718708533,
                28.651278273334327
              ],
              [
                -14.018312765226677,
                28.65304501519724
              ],
              [
                -14.018538678793593,
                28.653954972956388
              ],
              [
                -14.019345866968944,
                28.655630973374294
              ],
              [
                -14.016443072749297,
                28.659031144796636
              ],
              [
                -14.015666638867588,
                28.659434810219924
              ],
              [
                -14.013797049071421,
                28.663021820139296
              ],
              [
                -14.013987517759494,
                28.664369867485753
              ],
              [
                -14.01202545450089,
                28.66634508972917
              ],
              [
                -14.00920137130628,
                28.675150067824436
              ],
              [
                -14.00900294811077,
                28.677674999370563
              ],
              [
                -14.010605799248884,
                28.678607052885614
              ],
              [
                -14.011619605103265,
                28.681260874811283
              ],
              [
                -14.013020409409894,
                28.68174363468837
              ],
              [
                -14.011998580792111,
                28.68078992933203
              ],
              [
                -14.012644361701216,
                28.68053307738245
              ],
              [
                -14.013654642624532,
                28.68196478346601
              ],
              [
                -14.013846727595155,
                28.682751858377586
              ],
              [
                -14.011498212990587,
                28.68318413371462
              ],
              [
                -14.011518323036913,
                28.68386005001043
              ],
              [
                -14.013534795823926,
                28.685457907751555
              ],
              [
                -14.014677663226198,
                28.68537316880329
              ],
              [
                -14.014064650094266,
                28.68676312466957
              ],
              [
                -14.01509787136711,
                28.68719329203502
              ],
              [
                -14.014838403948303,
                28.68763596266592
              ],
              [
                -14.014057391185599,
                28.687899583117975
              ],
              [
                -14.013084325016358,
                28.689179306282067
              ],
              [
                -14.012218432592993,
                28.689824569435448
              ],
              [
                -14.013004628738111,
                28.691626094960498
              ],
              [
                -14.015323506604316,
                28.693039418691395
              ],
              [
                -14.01611594133233,
                28.692992111470566
              ],
              [
                -14.016724177651101,
                28.693919676497547
              ],
              [
                -14.01896278882242,
                28.692529581410728
              ],
              [
                -14.018111834907588,
                28.694303793532658
              ],
              [
                -14.018026209378464,
                28.695883032336525
              ],
              [
                -14.017970790978694,
                28.696123292513153
              ],
              [
                -14.018005176540688,
                28.697175642411782
              ],
              [
                -14.016782919563333,
                28.698425926547582
              ],
              [
                -14.017481482917916,
                28.699899934547442
              ],
              [
                -14.01723558698298,
                28.700975847415123
              ],
              [
                -14.017678666807775,
                28.70194585635434
              ],
              [
                -14.018040191451451,
                28.702681760408023
              ],
              [
                -14.019150190113471,
                28.702832850426784
              ],
              [
                -14.018374673827703,
                28.703801634943297
              ],
              [
                -14.01877398685761,
                28.705652009107496
              ],
              [
                -14.018276515417524,
                28.706163222861054
              ],
              [
                -14.019238959363863,
                28.706911443542747
              ],
              [
                -14.01868984685065,
                28.707735248419368
              ],
              [
                -14.017378236749245,
                28.707501513007504
              ],
              [
                -14.017495712983616,
                28.70678258038024
              ],
              [
                -14.016451921536532,
                28.706870081010685
              ],
              [
                -14.016717794721204,
                28.70628344263259
              ],
              [
                -14.013959283667765,
                28.707297026387327
              ],
              [
                -14.01490478654368,
                28.707651554985567
              ],
              [
                -14.014971509757006,
                28.709330601476143
              ],
              [
                -14.01597307961993,
                28.708320548007954
              ],
              [
                -14.01904638494388,
                28.70997625638112
              ],
              [
                -14.017459992212135,
                28.711131171541624
              ],
              [
                -14.01751571270736,
                28.712700376019047
              ],
              [
                -14.015235565723966,
                28.711901724619285
              ],
              [
                -14.014204815166686,
                28.71285513953635
              ],
              [
                -14.016752666561084,
                28.71344163055661
              ],
              [
                -14.017654253322537,
                28.714752394082797
              ],
              [
                -14.01657028706872,
                28.715750712592346
              ],
              [
                -14.0161691681182,
                28.71474048125935
              ],
              [
                -14.01361127722197,
                28.716846619529022
              ],
              [
                -14.013093909454302,
                28.71554063763942
              ],
              [
                -14.013000397748389,
                28.71448577141258
              ],
              [
                -14.012479898711796,
                28.71396956059118
              ],
              [
                -14.012617710064127,
                28.71196202178435
              ],
              [
                -14.011368318116336,
                28.711682614889522
              ],
              [
                -14.010692966771614,
                28.712358471235707
              ],
              [
                -14.00754359281,
                28.711697064236333
              ],
              [
                -14.00499197213757,
                28.71138065457155
              ],
              [
                -14.004331357025668,
                28.7123179777377
              ],
              [
                -14.005580104239534,
                28.71253107933603
              ],
              [
                -14.004897805397858,
                28.71318257594238
              ],
              [
                -14.006709755743293,
                28.713609194683283
              ],
              [
                -14.006629189773017,
                28.71426933230871
              ],
              [
                -14.004728859616561,
                28.714866144220075
              ],
              [
                -14.004257978938236,
                28.71571546345626
              ],
              [
                -14.00292291425348,
                28.71570046579581
              ],
              [
                -14.001787682804146,
                28.71778095158982
              ],
              [
                -14.000784879494546,
                28.719252247250687
              ],
              [
                -13.997902493502387,
                28.720311799682285
              ],
              [
                -13.999468707101268,
                28.72220999859414
              ],
              [
                -13.999544719085502,
                28.72377099510317
              ],
              [
                -13.998135315403154,
                28.72346233750007
              ],
              [
                -13.997546591146609,
                28.723784782366625
              ],
              [
                -13.995589076539845,
                28.723184208252086
              ],
              [
                -13.992130049200194,
                28.723517240399314
              ],
              [
                -13.988830916767064,
                28.72401175477216
              ],
              [
                -13.987921057478623,
                28.724994142458776
              ],
              [
                -13.9872024554431,
                28.72493697371706
              ],
              [
                -13.987305752768169,
                28.72753066765263
              ],
              [
                -13.98627227678195,
                28.727650464224023
              ],
              [
                -13.98541730026899,
                28.727371696471106
              ],
              [
                -13.98412171397558,
                28.729471027118613
              ],
              [
                -13.980795018514746,
                28.727585671799247
              ],
              [
                -13.980379688289675,
                28.728322347719377
              ],
              [
                -13.982545787604252,
                28.73032868243153
              ],
              [
                -13.979748775071196,
                28.73208048003685
              ],
              [
                -13.976994218668287,
                28.73102423586831
              ],
              [
                -13.978540000515386,
                28.73374504954173
              ],
              [
                -13.976304433220568,
                28.735521264313967
              ],
              [
                -13.97418831846554,
                28.734444290754958
              ],
              [
                -13.97270278901555,
                28.731177950181554
              ],
              [
                -13.971575982009224,
                28.731045409499377
              ],
              [
                -13.97009988346603,
                28.733228291447727
              ],
              [
                -13.970957755100565,
                28.733895555900077
              ],
              [
                -13.969046815964006,
                28.73494129064989
              ],
              [
                -13.964882443817308,
                28.733522771533174
              ],
              [
                -13.963607437490527,
                28.733873257985614
              ],
              [
                -13.962052185900125,
                28.73417195875925
              ],
              [
                -13.961955110609098,
                28.73609916410503
              ],
              [
                -13.95986884808484,
                28.736464114682086
              ],
              [
                -13.959074641575342,
                28.737421845801617
              ],
              [
                -13.957471539702327,
                28.737201094011034
              ],
              [
                -13.957001316940506,
                28.73591542926629
              ],
              [
                -13.957680106275399,
                28.735612767818395
              ],
              [
                -13.956878590945543,
                28.73525539434474
              ],
              [
                -13.953828009181755,
                28.737600504409638
              ],
              [
                -13.954198977546348,
                28.738371291706173
              ],
              [
                -13.952001096827317,
                28.739820870162124
              ],
              [
                -13.951691356248537,
                28.741504864884348
              ],
              [
                -13.948623872854046,
                28.742764051729157
              ],
              [
                -13.94439170696859,
                28.74357070012262
              ],
              [
                -13.94222934300124,
                28.745578472841395
              ],
              [
                -13.941944621003131,
                28.746270574290953
              ],
              [
                -13.940099809382092,
                28.745521185510903
              ],
              [
                -13.940736787411723,
                28.744373481169763
              ],
              [
                -13.939488891049757,
                28.74240265903345
              ],
              [
                -13.939448213472,
                28.741313894393357
              ],
              [
                -13.938724586574931,
                28.73918189885892
              ],
              [
                -13.937785208369446,
                28.739805814234202
              ],
              [
                -13.938156753480571,
                28.740976531848503
              ],
              [
                -13.937133251853698,
                28.741481272376824
              ],
              [
                -13.93552856655408,
                28.741827701093953
              ],
              [
                -13.935436627709665,
                28.74420513417333
              ],
              [
                -13.934909090699705,
                28.744870252908207
              ],
              [
                -13.934021726050705,
                28.744578504420982
              ],
              [
                -13.934830544597714,
                28.74735407362275
              ],
              [
                -13.933471790706976,
                28.747653952049337
              ],
              [
                -13.932446860365761,
                28.749083959063086
              ],
              [
                -13.929332783651011,
                28.74962024000386
              ],
              [
                -13.926545815520061,
                28.75193535386427
              ],
              [
                -13.923156747897309,
                28.75211156429896
              ],
              [
                -13.922075844940743,
                28.75146254754298
              ],
              [
                -13.922174729534197,
                28.749854596885893
              ],
              [
                -13.920529271396074,
                28.749545141528355
              ],
              [
                -13.919685987916232,
                28.747437363063305
              ],
              [
                -13.917255574911257,
                28.74766681888723
              ],
              [
                -13.915652206472393,
                28.74490741729981
              ],
              [
                -13.91505303394826,
                28.746852400733996
              ],
              [
                -13.914334463649022,
                28.748688648887715
              ],
              [
                -13.912781189690334,
                28.748292167334135
              ],
              [
                -13.911197813284673,
                28.74803938114708
              ],
              [
                -13.910220670541749,
                28.748523599146242
              ],
              [
                -13.908050160749838,
                28.747101897056922
              ],
              [
                -13.907633096022858,
                28.748439920869462
              ],
              [
                -13.90426351683482,
                28.74907540848137
              ],
              [
                -13.902867864901143,
                28.750421589108296
              ],
              [
                -13.901142448070413,
                28.752992160536564
              ],
              [
                -13.898833262485635,
                28.753120178607865
              ],
              [
                -13.89758813154987,
                28.752595498592466
              ],
              [
                -13.89573637856039,
                28.752786827540543
              ],
              [
                -13.893783936835188,
                28.755318519544513
              ],
              [
                -13.893773624923364,
                28.756511446715706
              ],
              [
                -13.892614017057968,
                28.75624923824149
              ],
              [
                -13.891872909943249,
                28.756868793477924
              ],
              [
                -13.890053147392479,
                28.7567370431112
              ],
              [
                -13.887332186392758,
                28.756581426515734
              ],
              [
                -13.883736006802872,
                28.75382839709628
              ],
              [
                -13.881052735353709,
                28.753391572228946
              ],
              [
                -13.879737093536077,
                28.75185990734108
              ],
              [
                -13.878218250411056,
                28.75269594574366
              ],
              [
                -13.87707959454377,
                28.75074747128437
              ],
              [
                -13.873584181890427,
                28.749093692615773
              ],
              [
                -13.872643159951371,
                28.743421952982185
              ],
              [
                -13.870451474683971,
                28.74509102880115
              ],
              [
                -13.869306751045018,
                28.744892511942435
              ],
              [
                -13.868066889141621,
                28.746689119194777
              ],
              [
                -13.866787562866651,
                28.747045911579523
              ],
              [
                -13.864353769831991,
                28.745453900265076
              ],
              [
                -13.8636261450741,
                28.743197467210564
              ],
              [
                -13.86417799396516,
                28.741957274499455
              ],
              [
                -13.860699032919937,
                28.74020650242167
              ],
              [
                -13.863743429892873,
                28.740181701547634
              ],
              [
                -13.863702505876851,
                28.741093324569363
              ],
              [
                -13.863888683609833,
                28.74134352893112
              ],
              [
                -13.864355363150874,
                28.741788438242832
              ],
              [
                -13.865374738859543,
                28.74142979271912
              ],
              [
                -13.865645385507886,
                28.741216412252964
              ],
              [
                -13.866206132671582,
                28.74075262829734
              ],
              [
                -13.86658101063507,
                28.738971187364342
              ],
              [
                -13.86732743477292,
                28.739007949210283
              ],
              [
                -13.866933609288626,
                28.73767792044855
              ],
              [
                -13.867630139499848,
                28.735968666095975
              ],
              [
                -13.866829339479198,
                28.734852106910445
              ],
              [
                -13.866558859702295,
                28.73359432061109
              ],
              [
                -13.864994491514665,
                28.733466033195395
              ],
              [
                -13.863517512197932,
                28.731507486471493
              ],
              [
                -13.860842422661587,
                28.730753920205625
              ],
              [
                -13.859587192150494,
                28.732157342033855
              ],
              [
                -13.858651148547745,
                28.732255762268636
              ],
              [
                -13.85512393447157,
                28.72938945281508
              ],
              [
                -13.854955790492793,
                28.72942652394679
              ],
              [
                -13.854596565327254,
                28.728304290467456
              ],
              [
                -13.852558555436218,
                28.726992234236135
              ],
              [
                -13.847797910475705,
                28.727486486610708
              ],
              [
                -13.847184806706176,
                28.727982709036567
              ],
              [
                -13.844450872499973,
                28.728265268614606
              ],
              [
                -13.841332693712914,
                28.726047224740583
              ],
              [
                -13.841908989004448,
                28.723322836041813
              ],
              [
                -13.841422554770604,
                28.721616499273747
              ],
              [
                -13.839661428854754,
                28.719993039496547
              ],
              [
                -13.837993345607373,
                28.714449928787808
              ],
              [
                -13.836325289269277,
                28.712811387412714
              ],
              [
                -13.838121379220713,
                28.71118016168258
              ],
              [
                -13.83756557835208,
                28.707801241222416
              ],
              [
                -13.835697657139711,
                28.702926974574478
              ],
              [
                -13.832531719593637,
                28.698597595122315
              ],
              [
                -13.831541349564644,
                28.69464452321667
              ],
              [
                -13.830441357196513,
                28.693918686740428
              ],
              [
                -13.830799212072124,
                28.691848879686663
              ],
              [
                -13.83198989393957,
                28.690662416648294
              ],
              [
                -13.830556132450573,
                28.687143147804242
              ],
              [
                -13.832487807505434,
                28.68589666145
              ],
              [
                -13.831336507891523,
                28.681324263859405
              ],
              [
                -13.831900152760491,
                28.678977223958935
              ],
              [
                -13.832994369673203,
                28.678075838386924
              ],
              [
                -13.832955558992486,
                28.67602831208561
              ],
              [
                -13.833977059032506,
                28.675241977909618
              ],
              [
                -13.832298523698515,
                28.67114008328284
              ],
              [
                -13.83279923567242,
                28.66974643991962
              ],
              [
                -13.831798413167832,
                28.668595383147494
              ],
              [
                -13.832404807979726,
                28.666335745064668
              ],
              [
                -13.830933787202646,
                28.665621472208993
              ],
              [
                -13.830640904498274,
                28.663998523681617
              ],
              [
                -13.832042577839891,
                28.66173405393913
              ],
              [
                -13.831229038924258,
                28.660596088822558
              ],
              [
                -13.831860073339627,
                28.65901114014597
              ],
              [
                -13.83104497449041,
                28.65794935296647
              ],
              [
                -13.831491438676547,
                28.65718178641417
              ],
              [
                -13.83051226162039,
                28.656524091852404
              ],
              [
                -13.831208680664862,
                28.654435649512244
              ],
              [
                -13.830435368541632,
                28.652333842323205
              ],
              [
                -13.831243414693343,
                28.6509854079172
              ],
              [
                -13.830601958698864,
                28.65010897315188
              ],
              [
                -13.830708770834754,
                28.645219202055564
              ],
              [
                -13.82954033137762,
                28.64245399363343
              ],
              [
                -13.830248495919324,
                28.639504842960772
              ],
              [
                -13.829433089971126,
                28.63691100458703
              ],
              [
                -13.829928909129578,
                28.63551956760285
              ],
              [
                -13.828259478823501,
                28.632168809198856
              ],
              [
                -13.82858983859091,
                28.62907557106436
              ],
              [
                -13.825511741403341,
                28.625015010524425
              ],
              [
                -13.82639935694521,
                28.620940122585836
              ],
              [
                -13.825498323038863,
                28.619888723828424
              ],
              [
                -13.824354878825666,
                28.620298412636757
              ],
              [
                -13.824020941941622,
                28.619369794295853
              ],
              [
                -13.825350444002856,
                28.61635834864902
              ],
              [
                -13.824325754950957,
                28.61195543439767
              ],
              [
                -13.823381769978335,
                28.610882665576188
              ],
              [
                -13.824543832879128,
                28.610038306477655
              ],
              [
                -13.824579277477662,
                28.60736536385257
              ],
              [
                -13.824862652215474,
                28.607872135821072
              ],
              [
                -13.825553166588282,
                28.606961809332084
              ],
              [
                -13.82550756171181,
                28.607778380848004
              ],
              [
                -13.826670147505705,
                28.608161595749863
              ],
              [
                -13.827103265459264,
                28.6037083795298
              ],
              [
                -13.824855639132728,
                28.59813540428141
              ],
              [
                -13.82516617479169,
                28.596776548366957
              ],
              [
                -13.823247690770462,
                28.59624901891856
              ],
              [
                -13.8236601435852,
                28.59443378414733
              ],
              [
                -13.82234512725107,
                28.59301376620802
              ],
              [
                -13.823701654767577,
                28.588957457946
              ],
              [
                -13.825491132409237,
                28.587192751686427
              ],
              [
                -13.828191938177559,
                28.586096408423856
              ],
              [
                -13.827080290443043,
                28.584070731546365
              ],
              [
                -13.82855574802778,
                28.582763971773424
              ],
              [
                -13.828301874554613,
                28.579649688215834
              ],
              [
                -13.829232808730662,
                28.578755364550553
              ],
              [
                -13.828711567265536,
                28.57728822851359
              ],
              [
                -13.830229368974813,
                28.575602587676666
              ],
              [
                -13.829742466246067,
                28.57183837036568
              ],
              [
                -13.826553499464527,
                28.56868745272248
              ],
              [
                -13.827205453035138,
                28.5657248771604
              ],
              [
                -13.828621382286327,
                28.56372922124246
              ],
              [
                -13.829388604737892,
                28.562647873410604
              ],
              [
                -13.82969549870744,
                28.55904492161007
              ],
              [
                -13.825990760502878,
                28.557113460565454
              ],
              [
                -13.824990702853706,
                28.55479282866697
              ],
              [
                -13.825884704736117,
                28.554582525776123
              ],
              [
                -13.82525091233741,
                28.55368956211209
              ],
              [
                -13.826188557455572,
                28.55330651598293
              ],
              [
                -13.825126895416428,
                28.5528969499832
              ],
              [
                -13.825941199565925,
                28.551836211829624
              ],
              [
                -13.82831574677262,
                28.5518325935758
              ],
              [
                -13.828360921577696,
                28.550767636255767
              ],
              [
                -13.829904818914112,
                28.55012197963353
              ],
              [
                -13.829635722157265,
                28.548647269320536
              ],
              [
                -13.831564888667776,
                28.545130628555153
              ],
              [
                -13.834750519359861,
                28.543297325012315
              ],
              [
                -13.83670852489066,
                28.543489418283915
              ],
              [
                -13.837580381644864,
                28.542112743018695
              ],
              [
                -13.837525118355243,
                28.539326249197117
              ],
              [
                -13.838840962469243,
                28.538471802060297
              ],
              [
                -13.838043445008283,
                28.53635689550352
              ],
              [
                -13.83550272618789,
                28.534788961699828
              ],
              [
                -13.834339688632937,
                28.5344885837695
              ],
              [
                -13.834173827816102,
                28.532778468630028
              ],
              [
                -13.83583586809735,
                28.531187852618665
              ],
              [
                -13.835040521596303,
                28.530406773835917
              ],
              [
                -13.834867633767898,
                28.525178813400114
              ],
              [
                -13.83933325464628,
                28.52123974688341
              ],
              [
                -13.839837604054047,
                28.516046159115316
              ],
              [
                -13.84367283615838,
                28.51197521743691
              ],
              [
                -13.8437343621168,
                28.510245602948224
              ],
              [
                -13.842215443671208,
                28.509080847272195
              ],
              [
                -13.843941822054385,
                28.50711823159594
              ],
              [
                -13.843231525504615,
                28.503781344706034
              ],
              [
                -13.84486486474484,
                28.502584639775066
              ],
              [
                -13.845158225907479,
                28.501365568308476
              ],
              [
                -13.846777947750507,
                28.501548227846467
              ],
              [
                -13.847654746276167,
                28.49968058955101
              ],
              [
                -13.851120254883728,
                28.500002810642805
              ],
              [
                -13.85478263822821,
                28.499188703271464
              ],
              [
                -13.853634367451987,
                28.491523916332973
              ],
              [
                -13.855189063946538,
                28.491011544596915
              ],
              [
                -13.856509797645387,
                28.498925093150845
              ],
              [
                -13.85888454485224,
                28.497389254540057
              ],
              [
                -13.8590983136935,
                28.49660533840658
              ],
              [
                -13.859580925869567,
                28.496148745928576
              ],
              [
                -13.859829303026364,
                28.495957743686823
              ],
              [
                -13.859511215514647,
                28.495663338603478
              ],
              [
                -13.858121348872379,
                28.49561645137274
              ],
              [
                -13.858124249904524,
                28.49253358970122
              ],
              [
                -13.858243140288158,
                28.492522873058867
              ],
              [
                -13.858706311964522,
                28.494894753554412
              ],
              [
                -13.861614830051096,
                28.49434389299407
              ],
              [
                -13.860967199209936,
                28.493018960223445
              ],
              [
                -13.861848885498064,
                28.494183409048198
              ],
              [
                -13.862774785374462,
                28.493774624052314
              ],
              [
                -13.863016570005884,
                28.49110804442012
              ],
              [
                -13.865239789411032,
                28.487621336385804
              ],
              [
                -13.86601566510859,
                28.482677510474158
              ],
              [
                -13.867807665648085,
                28.4802377989585
              ],
              [
                -13.865793494537257,
                28.474567750008024
              ],
              [
                -13.865032362178061,
                28.4744044066427
              ],
              [
                -13.862945220204937,
                28.472471348450643
              ],
              [
                -13.862778219062443,
                28.470667393820595
              ],
              [
                -13.859293772644605,
                28.467040082810154
              ],
              [
                -13.859169217239243,
                28.46390463835943
              ],
              [
                -13.857118598829267,
                28.461550228070482
              ],
              [
                -13.857039670695334,
                28.45457607042221
              ],
              [
                -13.858617523979706,
                28.453104686447375
              ],
              [
                -13.85897700000272,
                28.451098207240054
              ],
              [
                -13.85669922456372,
                28.445709903903147
              ],
              [
                -13.856835934077306,
                28.443602345973023
              ],
              [
                -13.858716717816884,
                28.442861605133924
              ],
              [
                -13.860460899642293,
                28.440371400484764
              ],
              [
                -13.86196335191414,
                28.439763687899266
              ],
              [
                -13.862821454967968,
                28.436645282929398
              ],
              [
                -13.861220114677405,
                28.432838230154623
              ],
              [
                -13.861379833841914,
                28.431212486083645
              ],
              [
                -13.858155523153318,
                28.428074402827978
              ],
              [
                -13.858025997009024,
                28.425175302415756
              ],
              [
                -13.852032773314225,
                28.423887766722782
              ],
              [
                -13.85086895420903,
                28.421505794472523
              ],
              [
                -13.850274254205132,
                28.421294851554908
              ],
              [
                -13.850960228599034,
                28.420533036422118
              ],
              [
                -13.85145009391138,
                28.419989012022235
              ],
              [
                -13.850925589685529,
                28.419537008921907
              ],
              [
                -13.85164134319717,
                28.41758042612233
              ],
              [
                -13.849234443998203,
                28.414254886817012
              ],
              [
                -13.84953495435329,
                28.411594595218066
              ],
              [
                -13.84876897280445,
                28.410130914527418
              ],
              [
                -13.850699926144944,
                28.405388799082427
              ],
              [
                -13.852971469529745,
                28.40292195409085
              ],
              [
                -13.849851429680944,
                28.400717302896574
              ],
              [
                -13.852272799128986,
                28.400681360603773
              ],
              [
                -13.852317528492076,
                28.398828521000027
              ],
              [
                -13.85376554720721,
                28.39782985331432
              ],
              [
                -13.853571107364822,
                28.395987391813378
              ],
              [
                -13.852575354357684,
                28.39591679382066
              ],
              [
                -13.852337985685743,
                28.394925244261472
              ],
              [
                -13.85339632268531,
                28.392638836648782
              ],
              [
                -13.853936269798114,
                28.391992566658786
              ],
              [
                -13.855359461184458,
                28.391502832714295
              ],
              [
                -13.85623360840149,
                28.391398109803013
              ],
              [
                -13.85495095810433,
                28.39198257478773
              ],
              [
                -13.855197100469553,
                28.392356771912947
              ],
              [
                -13.856292285183997,
                28.395016751354287
              ],
              [
                -13.85829747026104,
                28.394736008454345
              ],
              [
                -13.859723779037767,
                28.393491383471975
              ],
              [
                -13.86009469883905,
                28.392021938272876
              ],
              [
                -13.859390983412583,
                28.390285415728638
              ],
              [
                -13.859710130099208,
                28.38895123120504
              ],
              [
                -13.860484261025492,
                28.389275966403915
              ],
              [
                -13.861821209146838,
                28.38819149014934
              ],
              [
                -13.862346477884376,
                28.387134090336584
              ],
              [
                -13.862814157690122,
                28.386231189649468
              ],
              [
                -13.86209518232308,
                28.38582446870912
              ],
              [
                -13.86224418626667,
                28.385703521579078
              ],
              [
                -13.862900446122772,
                28.386141687793902
              ],
              [
                -13.863695521521496,
                28.38485729575962
              ],
              [
                -13.866198001863365,
                28.37689678038027
              ],
              [
                -13.866485142362427,
                28.373062506263604
              ],
              [
                -13.869172173279697,
                28.369805649177092
              ],
              [
                -13.86862612346697,
                28.36791974519006
              ],
              [
                -13.869197789872578,
                28.365433157470456
              ],
              [
                -13.870084748087022,
                28.36473832807003
              ],
              [
                -13.870699578934527,
                28.365711318286635
              ],
              [
                -13.872205603350432,
                28.365360035031003
              ],
              [
                -13.87210370580331,
                28.362102078197452
              ],
              [
                -13.873587219579262,
                28.361180311434683
              ],
              [
                -13.876135807305667,
                28.357270309278015
              ],
              [
                -13.875942986531145,
                28.35597707314398
              ],
              [
                -13.878148396479027,
                28.355368930648797
              ],
              [
                -13.876486148802533,
                28.352210071431767
              ],
              [
                -13.877140915322896,
                28.350932391130037
              ],
              [
                -13.876411838039168,
                28.34749547864955
              ],
              [
                -13.879076426554182,
                28.34441703137058
              ],
              [
                -13.878498793571676,
                28.343947711449882
              ],
              [
                -13.879172238993231,
                28.342322557860644
              ],
              [
                -13.877876844048034,
                28.341407404568923
              ],
              [
                -13.87877986297206,
                28.340170638335106
              ],
              [
                -13.87831256148553,
                28.339751145025453
              ],
              [
                -13.879198986600997,
                28.337869663560593
              ],
              [
                -13.883452246875585,
                28.335728424926273
              ],
              [
                -13.885954957373965,
                28.33227168928301
              ],
              [
                -13.885925299972827,
                28.33127735984744
              ],
              [
                -13.883720538704996,
                28.330425993908843
              ],
              [
                -13.886544330817326,
                28.327406069658753
              ],
              [
                -13.886090564835634,
                28.3253374153407
              ],
              [
                -13.888322281037853,
                28.324579367769413
              ],
              [
                -13.894309161635523,
                28.325108832159007
              ],
              [
                -13.89535530221699,
                28.323848582888644
              ],
              [
                -13.896143934942083,
                28.32003608736531
              ],
              [
                -13.893628219373555,
                28.31709839412825
              ],
              [
                -13.893677790901801,
                28.315969036117334
              ],
              [
                -13.894657334861527,
                28.31531441395697
              ],
              [
                -13.893806373892126,
                28.31435100345554
              ],
              [
                -13.898366066862547,
                28.3118880169844
              ],
              [
                -13.900157990432827,
                28.304240638075573
              ],
              [
                -13.902414929244753,
                28.303997112166222
              ],
              [
                -13.903383491145842,
                28.300941432352747
              ],
              [
                -13.902355250737996,
                28.299547500459962
              ],
              [
                -13.903252630796507,
                28.297124383686878
              ],
              [
                -13.899066830567266,
                28.294575859610795
              ],
              [
                -13.89935273887403,
                28.29377572725818
              ],
              [
                -13.89802848177849,
                28.29253109530252
              ],
              [
                -13.897758722256999,
                28.290608097875438
              ],
              [
                -13.898611100046233,
                28.28819630749978
              ],
              [
                -13.897851261320206,
                28.28876970018051
              ],
              [
                -13.896674383725406,
                28.288245074912425
              ],
              [
                -13.8976829921778,
                28.287991718748994
              ],
              [
                -13.897282277415176,
                28.28645904756095
              ],
              [
                -13.898694754715779,
                28.284842453153498
              ],
              [
                -13.898077138330311,
                28.28323454477225
              ],
              [
                -13.89909443949788,
                28.28361806749092
              ],
              [
                -13.89888408545269,
                28.282603447056378
              ],
              [
                -13.899734147000967,
                28.282336963026864
              ],
              [
                -13.900128718653432,
                28.28100372381362
              ],
              [
                -13.899682201536743,
                28.28053432258412
              ],
              [
                -13.901445573013689,
                28.279841147962344
              ],
              [
                -13.901638289827,
                28.27835939050167
              ],
              [
                -13.903192643634366,
                28.277462770896204
              ],
              [
                -13.900728793939647,
                28.276752033651263
              ],
              [
                -13.900766854218292,
                28.275820638944026
              ],
              [
                -13.901657863120468,
                28.274605087746586
              ],
              [
                -13.904905489043609,
                28.276717217461066
              ],
              [
                -13.904259694233431,
                28.27593289500522
              ],
              [
                -13.905022931287286,
                28.275361719791434
              ],
              [
                -13.906360480919643,
                28.27607564267263
              ],
              [
                -13.909848245448341,
                28.274174811936742
              ],
              [
                -13.910675314852021,
                28.272524356393756
              ],
              [
                -13.909487580667834,
                28.271434780681233
              ],
              [
                -13.911454174602143,
                28.269816877870344
              ],
              [
                -13.912493427933281,
                28.26602927039553
              ],
              [
                -13.91411369888958,
                28.265142313948935
              ],
              [
                -13.914249394203841,
                28.263000662326
              ],
              [
                -13.915153801677384,
                28.262387999373463
              ],
              [
                -13.915276472960343,
                28.26121088362608
              ],
              [
                -13.913892799796242,
                28.259733060292028
              ],
              [
                -13.915388564108959,
                28.256235960320627
              ],
              [
                -13.91854572646737,
                28.254588079116655
              ],
              [
                -13.918568320380796,
                28.253347218498465
              ],
              [
                -13.91714303149865,
                28.252088982355097
              ],
              [
                -13.919384854044173,
                28.251335602308135
              ],
              [
                -13.92201634524514,
                28.250451271401335
              ],
              [
                -13.92234741743828,
                28.247610133715213
              ],
              [
                -13.92465604355102,
                28.246058434087058
              ],
              [
                -13.92587395967056,
                28.243057310788874
              ],
              [
                -13.92721261637627,
                28.241380239502615
              ],
              [
                -13.930400653566995,
                28.240512807507447
              ],
              [
                -13.931650842768528,
                28.23811232248718
              ],
              [
                -13.933958410767712,
                28.236641042948445
              ],
              [
                -13.935992366153654,
                28.233877472297408
              ],
              [
                -13.938346645792244,
                28.23334915817269
              ],
              [
                -13.938699454474788,
                28.232095342382447
              ],
              [
                -13.94002826579411,
                28.232731114905633
              ],
              [
                -13.942109761069092,
                28.231901485084617
              ],
              [
                -13.945082024058841,
                28.228825835269227
              ],
              [
                -13.95669358601482,
                28.22700816295919
              ],
              [
                -13.966715986692122,
                28.228676986177163
              ],
              [
                -13.978805919181692,
                28.229003617829417
              ],
              [
                -13.981823543557324,
                28.228325079951617
              ],
              [
                -13.983258267392287,
                28.227095399890526
              ],
              [
                -13.984529421816283,
                28.228384119783264
              ],
              [
                -13.986481959518947,
                28.22832708943676
              ],
              [
                -13.98904690478207,
                28.226982637376544
              ],
              [
                -13.991747765931336,
                28.22318503387796
              ],
              [
                -13.992007853898222,
                28.22094828405501
              ],
              [
                -13.993935245550533,
                28.220332695893745
              ],
              [
                -13.995527921772776,
                28.218079357278146
              ],
              [
                -14.002926666897801,
                28.215322622517924
              ],
              [
                -14.007954539486729,
                28.21002189231192
              ],
              [
                -14.01304618136564,
                28.20754603610004
              ],
              [
                -14.016117741685983,
                28.2107474394481
              ],
              [
                -14.019565026053725,
                28.21104125126824
              ],
              [
                -14.022811463500439,
                28.209926497127647
              ],
              [
                -14.022586374084662,
                28.20644447760088
              ],
              [
                -14.023929551818346,
                28.20521509832063
              ],
              [
                -14.02284089332565,
                28.20650141907303
              ],
              [
                -14.023192492768622,
                28.20872038102456
              ],
              [
                -14.024214554046791,
                28.20764017710978
              ],
              [
                -14.025324519116602,
                28.207707021217757
              ],
              [
                -14.0252488587504,
                28.207844404028833
              ],
              [
                -14.02426359878863,
                28.20791116226529
              ],
              [
                -14.024430096488816,
                28.208391952648697
              ],
              [
                -14.025199603715157,
                28.20840325018481
              ],
              [
                -14.026211043324036,
                28.207921609972903
              ],
              [
                -14.026768939496197,
                28.207704188731444
              ],
              [
                -14.027148217780978,
                28.207550639879937
              ],
              [
                -14.027014438911127,
                28.207015683718243
              ],
              [
                -14.028540371108722,
                28.20633340555077
              ],
              [
                -14.02788254608547,
                28.20558785461144
              ],
              [
                -14.02499355997718,
                28.20641856034934
              ],
              [
                -14.027620670858688,
                28.20531135054841
              ],
              [
                -14.028120841735019,
                28.205404255429
              ],
              [
                -14.02987674562552,
                28.207276134731707
              ],
              [
                -14.03270429519496,
                28.2073642208909
              ],
              [
                -14.04279766410219,
                28.202310616296337
              ],
              [
                -14.0450071462867,
                28.202944691455468
              ],
              [
                -14.048421349668988,
                28.202189295872405
              ],
              [
                -14.049885087874102,
                28.203343347517023
              ],
              [
                -14.055680311591393,
                28.201905182
              ],
              [
                -14.06054186599631,
                28.202315972764328
              ],
              [
                -14.065076501667383,
                28.20129944768325
              ],
              [
                -14.068166161323479,
                28.198927008163203
              ],
              [
                -14.069995918256637,
                28.19912226592415
              ],
              [
                -14.071766213326466,
                28.201500629900732
              ],
              [
                -14.07304799397749,
                28.201683744016794
              ],
              [
                -14.07617068912072,
                28.20050870318209
              ],
              [
                -14.077027438478998,
                28.197749107519
              ],
              [
                -14.080883949116238,
                28.197961465782317
              ],
              [
                -14.087034004225798,
                28.19612700836883
              ],
              [
                -14.089548417398431,
                28.194628152579753
              ],
              [
                -14.092347023831877,
                28.19426356044084
              ],
              [
                -14.094812463237146,
                28.19229131465085
              ],
              [
                -14.096517927117484,
                28.194735490955324
              ],
              [
                -14.098497644823754,
                28.194786203335486
              ],
              [
                -14.103250095489326,
                28.192828342643246
              ],
              [
                -14.106028184927956,
                28.19269543125416
              ],
              [
                -14.108619240412622,
                28.190034628504012
              ],
              [
                -14.109858993459115,
                28.190192860069644
              ],
              [
                -14.110241103410393,
                28.188837785723457
              ],
              [
                -14.114432333030368,
                28.189013097643926
              ],
              [
                -14.115579850838076,
                28.191572952185595
              ],
              [
                -14.116359869260343,
                28.191737216504464
              ],
              [
                -14.12296272888945,
                28.191145945160066
              ],
              [
                -14.127376459316295,
                28.188951660813487
              ],
              [
                -14.129266181684633,
                28.186675789375265
              ],
              [
                -14.131543025235853,
                28.188338071366832
              ]
            ]
          ],
          [
            [
              [
                -13.818488323231616,
                28.735942568714076
              ],
              [
                -13.819027652441344,
                28.735487578234807
              ],
              [
                -13.821379067357201,
                28.736203244098537
              ],
              [
                -13.820635982845829,
                28.735167989294766
              ],
              [
                -13.822949707697628,
                28.737867319569915
              ],
              [
                -13.82522990577393,
                28.73859453800377
              ],
              [
                -13.824804730339888,
                28.739128497119705
              ],
              [
                -13.829907156995537,
                28.73893531145312
              ],
              [
                -13.83180553657154,
                28.739986850579818
              ],
              [
                -13.831631658997217,
                28.743005212926462
              ],
              [
                -13.830669702295838,
                28.742745838099722
              ],
              [
                -13.830401983270566,
                28.743366411642935
              ],
              [
                -13.832441978239318,
                28.745659677079047
              ],
              [
                -13.833673071540911,
                28.748811776389452
              ],
              [
                -13.83570525540541,
                28.750695783289647
              ],
              [
                -13.835886946196464,
                28.75246129690804
              ],
              [
                -13.834114992104759,
                28.754207523455097
              ],
              [
                -13.832470618456489,
                28.753327729850444
              ],
              [
                -13.83148802450878,
                28.754308904712296
              ],
              [
                -13.832006312712505,
                28.755699461053684
              ],
              [
                -13.829393645214621,
                28.75567414629339
              ],
              [
                -13.82577038595149,
                28.757279479708753
              ],
              [
                -13.823728562893368,
                28.76104889312796
              ],
              [
                -13.819596580874245,
                28.76061285053312
              ],
              [
                -13.819613711010318,
                28.761773999680713
              ],
              [
                -13.81822921731146,
                28.761948720109512
              ],
              [
                -13.818311402958718,
                28.764093666409504
              ],
              [
                -13.817283677956015,
                28.76537851473152
              ],
              [
                -13.816325597844415,
                28.765075043924593
              ],
              [
                -13.815087771080549,
                28.766113079720867
              ],
              [
                -13.813405197245103,
                28.765434136087187
              ],
              [
                -13.812545227612613,
                28.766902711565805
              ],
              [
                -13.812481965815762,
                28.757094283620273
              ],
              [
                -13.809852252328248,
                28.755525151151417
              ],
              [
                -13.811455462209349,
                28.75476575270259
              ],
              [
                -13.811027762804397,
                28.753368844206758
              ],
              [
                -13.812292437028484,
                28.75118346249539
              ],
              [
                -13.813222949211832,
                28.746032537883803
              ],
              [
                -13.814426896586378,
                28.745009178473566
              ],
              [
                -13.814295778569411,
                28.741622894612924
              ],
              [
                -13.813657181455703,
                28.741280838631692
              ],
              [
                -13.81592363056414,
                28.739896811369743
              ],
              [
                -13.814367550143514,
                28.739463831183414
              ],
              [
                -13.815315440743861,
                28.73712398164801
              ],
              [
                -13.814110508706298,
                28.736667523560783
              ],
              [
                -13.817439412377633,
                28.7369076316339
              ],
              [
                -13.817320101335907,
                28.737873763916703
              ],
              [
                -13.817838028510735,
                28.737189105580004
              ],
              [
                -13.817030073272548,
                28.736355602152017
              ],
              [
                -13.817991734761154,
                28.735637487413804
              ],
              [
                -13.81841401491621,
                28.73697992602758
              ],
              [
                -13.818989286352219,
                28.73734313016936
              ],
              [
                -13.819208041260461,
                28.73632509378143
              ],
              [
                -13.818488323231616,
                28.735942568714076
              ]
            ]
          ]
        ]
      },
      "properties": {
        "island_id": "fuerteventura",
        "island_name": "Fuerteventura"
      }
    },
    {
      "type": "Feature",
      "geometry": {
        "type": "MultiPolygon",
        "coordinates": [
          [
            [
              [
                -13.702629501220322,
                28.917531913248343
              ],
              [
                -13.703454002466943,
                28.91727622130528
              ],
              [
                -13.703966728233398,
                28.91697921323529
              ],
              [
                -13.704305756449408,
                28.916334564466286
              ],
              [
                -13.705020814718962,
                28.916749709120726
              ],
              [
                -13.706560929903642,
                28.915934893836116
              ],
              [
                -13.707356293792317,
                28.916596138135443
              ],
              [
                -13.71089745316234,
                28.91570352230269
              ],
              [
                -13.7128441403002,
                28.9138638533769
              ],
              [
                -13.722642026757388,
                28.910650090087625
              ],
              [
                -13.728127940225894,
                28.9062712567669
              ],
              [
                -13.729892197336637,
                28.90584681361349
              ],
              [
                -13.734658410906148,
                28.90722969138143
              ],
              [
                -13.736479747418619,
                28.906674890829894
              ],
              [
                -13.73901023307279,
                28.904897620326487
              ],
              [
                -13.73954423531682,
                28.903025497402837
              ],
              [
                -13.742676142689108,
                28.900168171064614
              ],
              [
                -13.743896334015774,
                28.897346544947364
              ],
              [
                -13.743017766766116,
                28.895701974550963
              ],
              [
                -13.745860082228344,
                28.8902283079359
              ],
              [
                -13.74512034962647,
                28.88873438740737
              ],
              [
                -13.747476549163316,
                28.887129291671908
              ],
              [
                -13.749484879376615,
                28.883321964033993
              ],
              [
                -13.750124295800372,
                28.880457368214962
              ],
              [
                -13.748287592968207,
                28.877804559041323
              ],
              [
                -13.749394063145603,
                28.877882924742508
              ],
              [
                -13.749922608754297,
                28.877048550559948
              ],
              [
                -13.749137818263955,
                28.87458923611493
              ],
              [
                -13.75267516951834,
                28.87424941399669
              ],
              [
                -13.757597878953616,
                28.870014694583947
              ],
              [
                -13.758376725645324,
                28.86808631441326
              ],
              [
                -13.76039187210231,
                28.867803317337223
              ],
              [
                -13.760922599878478,
                28.86561752848735
              ],
              [
                -13.762438335640795,
                28.863867097190358
              ],
              [
                -13.764440905297391,
                28.863473004434166
              ],
              [
                -13.764716918902375,
                28.86176288196212
              ],
              [
                -13.766717337616797,
                28.861130897889595
              ],
              [
                -13.766772537624954,
                28.859533322454762
              ],
              [
                -13.768979611305785,
                28.8585451702883
              ],
              [
                -13.769202790224446,
                28.857311147511908
              ],
              [
                -13.77180641708435,
                28.856739814369593
              ],
              [
                -13.77239180226355,
                28.855268521363154
              ],
              [
                -13.771280703079464,
                28.85377648805182
              ],
              [
                -13.774764616356709,
                28.851470276322136
              ],
              [
                -13.774486349316255,
                28.847966981389106
              ],
              [
                -13.778811238313766,
                28.846159676025596
              ],
              [
                -13.77906800265567,
                28.843543240310684
              ],
              [
                -13.781014465155863,
                28.844059076322562
              ],
              [
                -13.784013464331691,
                28.842818801348656
              ],
              [
                -13.785828230661823,
                28.839333442635304
              ],
              [
                -13.787256603673397,
                28.838453250522942
              ],
              [
                -13.787906658229799,
                28.839478965592615
              ],
              [
                -13.789508970638991,
                28.839484772019578
              ],
              [
                -13.788556150650678,
                28.84019683557998
              ],
              [
                -13.789452210692046,
                28.841788243711562
              ],
              [
                -13.788210285553347,
                28.842471698687152
              ],
              [
                -13.789623640668184,
                28.843041517883652
              ],
              [
                -13.788841394157187,
                28.84442611970623
              ],
              [
                -13.79148496596866,
                28.85082783961201
              ],
              [
                -13.795129036830344,
                28.85490667702034
              ],
              [
                -13.798057686546775,
                28.854496983996544
              ],
              [
                -13.798858417452138,
                28.857660258076113
              ],
              [
                -13.801815466202013,
                28.858876103721464
              ],
              [
                -13.805448796281361,
                28.856879626794186
              ],
              [
                -13.807199121942944,
                28.857424020966054
              ],
              [
                -13.80868562579841,
                28.856478470988947
              ],
              [
                -13.809455304138432,
                28.85690259047463
              ],
              [
                -13.811435369987617,
                28.854522374719973
              ],
              [
                -13.811591217759872,
                28.856188747301665
              ],
              [
                -13.813868401945399,
                28.855710487347935
              ],
              [
                -13.815060150415043,
                28.855685951350022
              ],
              [
                -13.816190635195076,
                28.855886171490607
              ],
              [
                -13.818110601255276,
                28.85653260747335
              ],
              [
                -13.819674240160852,
                28.857620304087284
              ],
              [
                -13.819308383195088,
                28.857873160306085
              ],
              [
                -13.817997459878473,
                28.856737494117358
              ],
              [
                -13.81614472286745,
                28.856122867454058
              ],
              [
                -13.815405740150561,
                28.855986848531455
              ],
              [
                -13.81504456350649,
                28.85596088648497
              ],
              [
                -13.813918927833324,
                28.855992622361725
              ],
              [
                -13.813128167311179,
                28.856117575227508
              ],
              [
                -13.813308651362608,
                28.85777189777285
              ],
              [
                -13.813446950616393,
                28.858010881670424
              ],
              [
                -13.81369088750049,
                28.85815393737586
              ],
              [
                -13.813937917168778,
                28.858412947503382
              ],
              [
                -13.815058499786307,
                28.85896199724587
              ],
              [
                -13.815319491206075,
                28.858395130567036
              ],
              [
                -13.816468108161313,
                28.858816709581067
              ],
              [
                -13.816686011133955,
                28.85853249872925
              ],
              [
                -13.816814575938146,
                28.858359884369555
              ],
              [
                -13.816766290587768,
                28.858090024593032
              ],
              [
                -13.816188806318653,
                28.857768006029353
              ],
              [
                -13.816434166297698,
                28.857073987802906
              ],
              [
                -13.816893339972768,
                28.857189657507316
              ],
              [
                -13.816693546846976,
                28.857782026599583
              ],
              [
                -13.817112164640115,
                28.857990506994895
              ],
              [
                -13.817120755044632,
                28.858031312747013
              ],
              [
                -13.81848125870198,
                28.857697814135197
              ],
              [
                -13.81863020810833,
                28.858304317249495
              ],
              [
                -13.817508929701654,
                28.85829396443346
              ],
              [
                -13.816752677499474,
                28.859229714980714
              ],
              [
                -13.817695885994915,
                28.86059490764492
              ],
              [
                -13.821281037830925,
                28.86142097121294
              ],
              [
                -13.821963559387502,
                28.86153680867148
              ],
              [
                -13.82345782408051,
                28.862155542721037
              ],
              [
                -13.824950991361938,
                28.861754988557678
              ],
              [
                -13.824857418966163,
                28.860819864046455
              ],
              [
                -13.825197387026554,
                28.861900409867857
              ],
              [
                -13.82749244614047,
                28.86181513835691
              ],
              [
                -13.828975522040892,
                28.86262419921229
              ],
              [
                -13.83361547193773,
                28.860753825696573
              ],
              [
                -13.833548344439992,
                28.859789914373113
              ],
              [
                -13.83427138806903,
                28.86001802833374
              ],
              [
                -13.835122283384239,
                28.859177718681224
              ],
              [
                -13.834331399430923,
                28.85864453088559
              ],
              [
                -13.832421612768236,
                28.859587117732055
              ],
              [
                -13.832297037503082,
                28.859288371391774
              ],
              [
                -13.83435599818677,
                28.858125806231218
              ],
              [
                -13.835721797280232,
                28.858765451132715
              ],
              [
                -13.837087438388165,
                28.85656606387794
              ],
              [
                -13.83995742703107,
                28.855449815788912
              ],
              [
                -13.840888789154082,
                28.856955858818164
              ],
              [
                -13.841350375632658,
                28.85690943861807
              ],
              [
                -13.841618229995463,
                28.857657868756732
              ],
              [
                -13.84317675060861,
                28.85807551401872
              ],
              [
                -13.8428742221732,
                28.856999955311437
              ],
              [
                -13.846636597041954,
                28.860854394091795
              ],
              [
                -13.854089254237758,
                28.86185828664308
              ],
              [
                -13.858000047267854,
                28.86045299928262
              ],
              [
                -13.860697542876228,
                28.86125776402405
              ],
              [
                -13.863141469888406,
                28.86059746102671
              ],
              [
                -13.867020285694675,
                28.858366003570453
              ],
              [
                -13.869543865978429,
                28.85550240197049
              ],
              [
                -13.872079958902546,
                28.85485375216875
              ],
              [
                -13.87466428282128,
                28.856441699956605
              ],
              [
                -13.877013570146529,
                28.859705530653518
              ],
              [
                -13.876647389820198,
                28.861876475747643
              ],
              [
                -13.877349141062396,
                28.86422136046861
              ],
              [
                -13.876389811980593,
                28.86659396751745
              ],
              [
                -13.87559276830013,
                28.866786860192157
              ],
              [
                -13.875850576181433,
                28.867605024939092
              ],
              [
                -13.874772273110326,
                28.86829418254444
              ],
              [
                -13.875430284044212,
                28.871909892324606
              ],
              [
                -13.874390136072575,
                28.874185813951243
              ],
              [
                -13.875751308273282,
                28.878068408288815
              ],
              [
                -13.880318473603142,
                28.881694390468752
              ],
              [
                -13.880433031758228,
                28.883300880321908
              ],
              [
                -13.882106016186226,
                28.885216866505157
              ],
              [
                -13.881925888499245,
                28.886207259462953
              ],
              [
                -13.878867184123393,
                28.88826632140401
              ],
              [
                -13.87886207224207,
                28.888756491108616
              ],
              [
                -13.877406014771292,
                28.890477338934215
              ],
              [
                -13.873976209334263,
                28.892447389455757
              ],
              [
                -13.87338792107497,
                28.89394943201727
              ],
              [
                -13.869304602013015,
                28.89384888903997
              ],
              [
                -13.86867618582572,
                28.894931416741304
              ],
              [
                -13.866057879587256,
                28.894914530347314
              ],
              [
                -13.866318887756139,
                28.895864468125293
              ],
              [
                -13.864629236479342,
                28.894846596133945
              ],
              [
                -13.861995992859319,
                28.89585173892967
              ],
              [
                -13.860475591148727,
                28.89537468750811
              ],
              [
                -13.858882324871196,
                28.8966551097806
              ],
              [
                -13.857807230112277,
                28.897441330661447
              ],
              [
                -13.857749484446474,
                28.89848718000956
              ],
              [
                -13.857693620685183,
                28.898676387722404
              ],
              [
                -13.857542877925848,
                28.899470693618397
              ],
              [
                -13.856188189824326,
                28.90105802783358
              ],
              [
                -13.856998479780954,
                28.9043358857346
              ],
              [
                -13.856264853753176,
                28.904211144920097
              ],
              [
                -13.855416540154206,
                28.905261056688488
              ],
              [
                -13.854100391586334,
                28.905312635552114
              ],
              [
                -13.853957297004808,
                28.907442069743613
              ],
              [
                -13.851865171357435,
                28.907335029005257
              ],
              [
                -13.850689729378853,
                28.91148191805039
              ],
              [
                -13.848114347506892,
                28.91219084928922
              ],
              [
                -13.848756011128991,
                28.912712418976206
              ],
              [
                -13.847595492927782,
                28.915459554283398
              ],
              [
                -13.845425874849594,
                28.91635731487471
              ],
              [
                -13.84334368522634,
                28.915826973790793
              ],
              [
                -13.841841010743531,
                28.917453583423782
              ],
              [
                -13.839983350521956,
                28.917902854204637
              ],
              [
                -13.839307748324671,
                28.91996144818652
              ],
              [
                -13.835330654151829,
                28.922627660868216
              ],
              [
                -13.829012215981797,
                28.930360126676195
              ],
              [
                -13.829861086450043,
                28.93395362128489
              ],
              [
                -13.831373561204577,
                28.936388813590117
              ],
              [
                -13.832961287204729,
                28.937281358574893
              ],
              [
                -13.833514983523646,
                28.939510490153904
              ],
              [
                -13.8345676448476,
                28.940446400809655
              ],
              [
                -13.833750322159347,
                28.940669567840697
              ],
              [
                -13.834204501945361,
                28.941343892309703
              ],
              [
                -13.833425190856355,
                28.94145845414431
              ],
              [
                -13.833684521567056,
                28.942908716112946
              ],
              [
                -13.832516093185841,
                28.94466838649639
              ],
              [
                -13.832493292888268,
                28.94841996893981
              ],
              [
                -13.832555419246674,
                28.949457737108098
              ],
              [
                -13.83439443555385,
                28.951088854453225
              ],
              [
                -13.833438592014547,
                28.952081537270637
              ],
              [
                -13.834398440721065,
                28.953984986125555
              ],
              [
                -13.832812464248848,
                28.954256292700148
              ],
              [
                -13.834111830020648,
                28.95508266303136
              ],
              [
                -13.833063009693959,
                28.955816167641434
              ],
              [
                -13.833872858593335,
                28.956980576911818
              ],
              [
                -13.832186251531521,
                28.957505120352067
              ],
              [
                -13.832310709513225,
                28.958099206603602
              ],
              [
                -13.830793346212717,
                28.95923167423463
              ],
              [
                -13.830459806092504,
                28.96023885492912
              ],
              [
                -13.834175644523256,
                28.964106425469723
              ],
              [
                -13.833381026458492,
                28.96637874972786
              ],
              [
                -13.834776492404455,
                28.96962897526783
              ],
              [
                -13.833715951391085,
                28.969922996531917
              ],
              [
                -13.833589169028754,
                28.973339604086608
              ],
              [
                -13.830994155031757,
                28.974907322901906
              ],
              [
                -13.830033163741595,
                28.97469432430233
              ],
              [
                -13.83031765762277,
                28.975382752892482
              ],
              [
                -13.829286013092362,
                28.97560073670479
              ],
              [
                -13.828863377263112,
                28.977308439164453
              ],
              [
                -13.829657397320776,
                28.97817925108593
              ],
              [
                -13.82958819276111,
                28.978905656949703
              ],
              [
                -13.8311133691593,
                28.97877621971752
              ],
              [
                -13.83020871033096,
                28.97963511329812
              ],
              [
                -13.832306676245846,
                28.98198139860486
              ],
              [
                -13.832593075622325,
                28.98739455552004
              ],
              [
                -13.833650662331946,
                28.98958813623149
              ],
              [
                -13.83244374268104,
                28.99220731938047
              ],
              [
                -13.832462212084355,
                28.994348574401904
              ],
              [
                -13.831447739282623,
                28.994343026720625
              ],
              [
                -13.83031168785516,
                28.996576772287117
              ],
              [
                -13.831493159283783,
                28.998235359344026
              ],
              [
                -13.830314863998066,
                29.004143691079623
              ],
              [
                -13.829339929023636,
                29.004281578451057
              ],
              [
                -13.829894686699111,
                29.007210161477328
              ],
              [
                -13.82757199959258,
                29.00993829517698
              ],
              [
                -13.827713109185218,
                29.011143905372375
              ],
              [
                -13.822538612294458,
                29.01699679281305
              ],
              [
                -13.822636134414974,
                29.019279717842057
              ],
              [
                -13.820917213821051,
                29.020291671095237
              ],
              [
                -13.820236973801086,
                29.022295143143577
              ],
              [
                -13.818352925669169,
                29.024268840511397
              ],
              [
                -13.81880830262647,
                29.025473781335318
              ],
              [
                -13.817574707267969,
                29.025443372020668
              ],
              [
                -13.81765922796901,
                29.027397900444306
              ],
              [
                -13.816333891596242,
                29.028445942103748
              ],
              [
                -13.817361758573103,
                29.028950345441046
              ],
              [
                -13.816703050709277,
                29.029585583365034
              ],
              [
                -13.817121841434833,
                29.030214995561966
              ],
              [
                -13.81490181233355,
                29.032919430118532
              ],
              [
                -13.815470067511832,
                29.03338100326125
              ],
              [
                -13.81368757043611,
                29.034201833844445
              ],
              [
                -13.81126589749117,
                29.033800429598674
              ],
              [
                -13.810865111598556,
                29.034391946823046
              ],
              [
                -13.808788261266253,
                29.03492343834074
              ],
              [
                -13.806706969935268,
                29.037345695148147
              ],
              [
                -13.804462398131708,
                29.039957981688694
              ],
              [
                -13.80389915029634,
                29.03963968604425
              ],
              [
                -13.799433548947372,
                29.042009079205442
              ],
              [
                -13.796708755739411,
                29.047777841018835
              ],
              [
                -13.794037413713939,
                29.050939020097644
              ],
              [
                -13.79294974102106,
                29.051089644455026
              ],
              [
                -13.79208941183077,
                29.051761883092265
              ],
              [
                -13.790191508540266,
                29.053785353139446
              ],
              [
                -13.783520403487893,
                29.0561420609846
              ],
              [
                -13.783053309394358,
                29.057674400612918
              ],
              [
                -13.78195645263381,
                29.05800233252343
              ],
              [
                -13.779317823162257,
                29.061968634446313
              ],
              [
                -13.776941967471462,
                29.06225145881898
              ],
              [
                -13.776133089821503,
                29.06319058795914
              ],
              [
                -13.775835423517687,
                29.0626563766608
              ],
              [
                -13.77492515213576,
                29.063304137752294
              ],
              [
                -13.774751108631056,
                29.06243076379273
              ],
              [
                -13.77162446543198,
                29.062814403021466
              ],
              [
                -13.769428043762792,
                29.06655136146357
              ],
              [
                -13.768497552039298,
                29.066239269767987
              ],
              [
                -13.769043666944942,
                29.065902854320793
              ],
              [
                -13.767650045192545,
                29.063960804319624
              ],
              [
                -13.766258220786643,
                29.063913146623875
              ],
              [
                -13.765665756046854,
                29.065857897716587
              ],
              [
                -13.764078951277225,
                29.065570043533164
              ],
              [
                -13.760844937029052,
                29.0673493006846
              ],
              [
                -13.760551058837045,
                29.069451583845456
              ],
              [
                -13.758683050734172,
                29.072020333540866
              ],
              [
                -13.75922257700026,
                29.072826467717032
              ],
              [
                -13.758162390763882,
                29.073344355975088
              ],
              [
                -13.758041698761597,
                29.075765660150097
              ],
              [
                -13.756292961227377,
                29.07757548358166
              ],
              [
                -13.753424502554214,
                29.07786209641244
              ],
              [
                -13.75205980569877,
                29.07837301686219
              ],
              [
                -13.752044590946698,
                29.079092425721793
              ],
              [
                -13.745977974354835,
                29.077753389999895
              ],
              [
                -13.74470970578335,
                29.078199517391926
              ],
              [
                -13.743352974280874,
                29.080296966453528
              ],
              [
                -13.741674059571247,
                29.07988744780338
              ],
              [
                -13.739600389028103,
                29.08087719882667
              ],
              [
                -13.73779639704961,
                29.079799648973122
              ],
              [
                -13.731379546118248,
                29.08164520870188
              ],
              [
                -13.731144209975543,
                29.08239266371816
              ],
              [
                -13.7271733099296,
                29.081213394062555
              ],
              [
                -13.726542996780056,
                29.083594989766993
              ],
              [
                -13.72518334513783,
                29.08431720897633
              ],
              [
                -13.723628073334563,
                29.08370325618168
              ],
              [
                -13.723631477768704,
                29.084730367732263
              ],
              [
                -13.723418826853212,
                29.084192171080748
              ],
              [
                -13.723216973725114,
                29.084906140817832
              ],
              [
                -13.721803169576296,
                29.084956825832805
              ],
              [
                -13.721947790834353,
                29.084352323892976
              ],
              [
                -13.718714960385812,
                29.082859981491044
              ],
              [
                -13.716142217483634,
                29.08244096488518
              ],
              [
                -13.715303137227725,
                29.080915365429
              ],
              [
                -13.71183444013342,
                29.081583882665168
              ],
              [
                -13.709640827467458,
                29.079373425273843
              ],
              [
                -13.707864370993029,
                29.079158337992133
              ],
              [
                -13.701590128840447,
                29.090032356386153
              ],
              [
                -13.698504642545462,
                29.090983693098295
              ],
              [
                -13.696879549443999,
                29.09024673269343
              ],
              [
                -13.692034090208029,
                29.09024421082018
              ],
              [
                -13.691273170208884,
                29.091609457544035
              ],
              [
                -13.69172232014374,
                29.09249403473323
              ],
              [
                -13.68776971669794,
                29.09232670833036
              ],
              [
                -13.68703447095377,
                29.09370509436969
              ],
              [
                -13.68299131624832,
                29.09530618845105
              ],
              [
                -13.680767247050147,
                29.098157790852813
              ],
              [
                -13.681728957099393,
                29.100448702562755
              ],
              [
                -13.680359352612285,
                29.101812372350068
              ],
              [
                -13.681135470540552,
                29.10272126298361
              ],
              [
                -13.680766696132387,
                29.103581809691097
              ],
              [
                -13.679233722495246,
                29.104203421213395
              ],
              [
                -13.677627574062292,
                29.103288458628377
              ],
              [
                -13.676802006568195,
                29.1036358828663
              ],
              [
                -13.675718968552017,
                29.106118548745446
              ],
              [
                -13.674914130347473,
                29.105295699764966
              ],
              [
                -13.674403228859797,
                29.106712647915955
              ],
              [
                -13.673628138882703,
                29.10631502412395
              ],
              [
                -13.670726373330613,
                29.107867913289848
              ],
              [
                -13.66928117361006,
                29.10776893807907
              ],
              [
                -13.669212277070061,
                29.108546349466877
              ],
              [
                -13.667581151701205,
                29.108645232241
              ],
              [
                -13.666989105125555,
                29.1097479026875
              ],
              [
                -13.664879334345546,
                29.109695064622617
              ],
              [
                -13.664589855351709,
                29.110790393843164
              ],
              [
                -13.662557310686557,
                29.111637968847024
              ],
              [
                -13.661843581509222,
                29.113110470526383
              ],
              [
                -13.6599493106193,
                29.112960082458997
              ],
              [
                -13.659396010239133,
                29.11193328396214
              ],
              [
                -13.658495172379226,
                29.111812559592533
              ],
              [
                -13.657073615786219,
                29.112083467378937
              ],
              [
                -13.656911803156797,
                29.113576971899857
              ],
              [
                -13.66188595583523,
                29.116296635387087
              ],
              [
                -13.662497837632106,
                29.118163296613634
              ],
              [
                -13.661768176101079,
                29.120477568446116
              ],
              [
                -13.65805852273846,
                29.1237551450643
              ],
              [
                -13.65269416838933,
                29.12121358363593
              ],
              [
                -13.652094483072927,
                29.122105907564926
              ],
              [
                -13.651179069495909,
                29.123468031027613
              ],
              [
                -13.64987261749116,
                29.123348850259287
              ],
              [
                -13.645446878014937,
                29.124837602225732
              ],
              [
                -13.643159181291423,
                29.12321656673166
              ],
              [
                -13.642694823081609,
                29.124326594025064
              ],
              [
                -13.642056741385684,
                29.124396081283482
              ],
              [
                -13.640026486274477,
                29.122541052255507
              ],
              [
                -13.641006292560263,
                29.12038093146952
              ],
              [
                -13.638961376291217,
                29.118476600665282
              ],
              [
                -13.639753915356456,
                29.116898459929523
              ],
              [
                -13.637839899477173,
                29.117309294643167
              ],
              [
                -13.637054211689167,
                29.1165475957396
              ],
              [
                -13.63576260135865,
                29.116254195321538
              ],
              [
                -13.634692356079672,
                29.116959697711415
              ],
              [
                -13.634331670724396,
                29.115918320302015
              ],
              [
                -13.633139769435717,
                29.11579770902908
              ],
              [
                -13.632239814142018,
                29.116813672048924
              ],
              [
                -13.630382251315295,
                29.116909119977098
              ],
              [
                -13.624771979092126,
                29.12396942612035
              ],
              [
                -13.622833878246778,
                29.124727613738592
              ],
              [
                -13.622646933306871,
                29.125880701104922
              ],
              [
                -13.620837565339535,
                29.127410387738077
              ],
              [
                -13.616710869652517,
                29.128564958352648
              ],
              [
                -13.61430917315267,
                29.127559540738677
              ],
              [
                -13.611865727039408,
                29.128283778291628
              ],
              [
                -13.610810069881333,
                29.129067149734478
              ],
              [
                -13.61064912017475,
                29.131213782032503
              ],
              [
                -13.609140537045246,
                29.13153661242119
              ],
              [
                -13.60828731145728,
                29.1330455746342
              ],
              [
                -13.605806906879245,
                29.13364725865068
              ],
              [
                -13.604100283581742,
                29.135613410753702
              ],
              [
                -13.601522706823797,
                29.136032430822738
              ],
              [
                -13.600873117923728,
                29.135295462256902
              ],
              [
                -13.596703593010089,
                29.135822629352056
              ],
              [
                -13.596056980744414,
                29.135184693616328
              ],
              [
                -13.585361139802506,
                29.13370495597372
              ],
              [
                -13.583386414269178,
                29.13265643325007
              ],
              [
                -13.582345727804059,
                29.130856852223676
              ],
              [
                -13.57842960325413,
                29.129112427961132
              ],
              [
                -13.576005114174562,
                29.12637872703973
              ],
              [
                -13.575470564360064,
                29.125698903112987
              ],
              [
                -13.571988047206233,
                29.1245381748732
              ],
              [
                -13.571584744287822,
                29.122441211016593
              ],
              [
                -13.569780787229345,
                29.1221655138757
              ],
              [
                -13.569912656947663,
                29.12110254798392
              ],
              [
                -13.56620757433371,
                29.120585457947673
              ],
              [
                -13.565487945066918,
                29.1190858875581
              ],
              [
                -13.565034703476725,
                29.119169790826337
              ],
              [
                -13.56352876526471,
                29.11864998902514
              ],
              [
                -13.563572862521422,
                29.117324772917012
              ],
              [
                -13.559842934479471,
                29.115837132071658
              ],
              [
                -13.552843519561748,
                29.116836796712864
              ],
              [
                -13.54653097230549,
                29.119088926269864
              ],
              [
                -13.539529801535027,
                29.123882059208004
              ],
              [
                -13.534642636363996,
                29.129189531694784
              ],
              [
                -13.530128045886855,
                29.135532962786296
              ],
              [
                -13.5278915759136,
                29.13867541684396
              ],
              [
                -13.524485950765719,
                29.141375538696902
              ],
              [
                -13.523449312754591,
                29.147175185291253
              ],
              [
                -13.523503762409181,
                29.148858777509435
              ],
              [
                -13.524138763336,
                29.149473544147916
              ],
              [
                -13.522693773057842,
                29.150382785434694
              ],
              [
                -13.522614578017663,
                29.152593521285766
              ],
              [
                -13.521550349961585,
                29.153645269775033
              ],
              [
                -13.522243098492533,
                29.15552403075301
              ],
              [
                -13.520943779237363,
                29.156051284664315
              ],
              [
                -13.52292885113111,
                29.15773665956224
              ],
              [
                -13.521660083207678,
                29.158753998066707
              ],
              [
                -13.522693336907121,
                29.164736958563232
              ],
              [
                -13.521815359736493,
                29.166861718593577
              ],
              [
                -13.522086189218435,
                29.168694698153026
              ],
              [
                -13.516023493825013,
                29.1743811247909
              ],
              [
                -13.516953190313147,
                29.17617939533247
              ],
              [
                -13.514037812105315,
                29.177634436857787
              ],
              [
                -13.513523567464306,
                29.180099840129394
              ],
              [
                -13.511602051244138,
                29.18233968232134
              ],
              [
                -13.512288944332548,
                29.183832226525514
              ],
              [
                -13.510654336792744,
                29.185528739895997
              ],
              [
                -13.511066895550423,
                29.187458523509004
              ],
              [
                -13.508432232719608,
                29.19067434797591
              ],
              [
                -13.509720107825993,
                29.191980484184096
              ],
              [
                -13.509553051567986,
                29.193682797629847
              ],
              [
                -13.510339228765677,
                29.19403632485074
              ],
              [
                -13.509366168594791,
                29.194881173625706
              ],
              [
                -13.50822985302446,
                29.194632235087223
              ],
              [
                -13.506897742375028,
                29.19571949247557
              ],
              [
                -13.50644396175614,
                29.20124947681198
              ],
              [
                -13.50367210244773,
                29.2029132320536
              ],
              [
                -13.504197124585128,
                29.203904756164746
              ],
              [
                -13.503466648563636,
                29.20542111473471
              ],
              [
                -13.501429014134747,
                29.20668896722199
              ],
              [
                -13.498846847445694,
                29.206512740818088
              ],
              [
                -13.497743417060027,
                29.20761008971749
              ],
              [
                -13.496991187103477,
                29.210127897403353
              ],
              [
                -13.497029128650556,
                29.218243094837735
              ],
              [
                -13.487605832628656,
                29.221873352876287
              ],
              [
                -13.477429913446562,
                29.22842337608407
              ],
              [
                -13.472907249769762,
                29.23274682985477
              ],
              [
                -13.470365404553377,
                29.238607445384403
              ],
              [
                -13.470967250711912,
                29.239022978876026
              ],
              [
                -13.470365532048543,
                29.240523529718864
              ],
              [
                -13.469735363811342,
                29.239827999027636
              ],
              [
                -13.47022870142237,
                29.238697844551144
              ],
              [
                -13.46849903596984,
                29.236052850676334
              ],
              [
                -13.46880186836955,
                29.233773122841804
              ],
              [
                -13.467872650410087,
                29.232744036143238
              ],
              [
                -13.467363675047759,
                29.228304462968115
              ],
              [
                -13.465983721271742,
                29.226525567972846
              ],
              [
                -13.46164204243964,
                29.22447050557365
              ],
              [
                -13.459470736147095,
                29.2257155805158
              ],
              [
                -13.455051338729206,
                29.22632175378605
              ],
              [
                -13.453373885617697,
                29.225491385491182
              ],
              [
                -13.452926162903973,
                29.223951994521475
              ],
              [
                -13.451664022318624,
                29.22397187912954
              ],
              [
                -13.452231237952605,
                29.222978727822905
              ],
              [
                -13.45117964267551,
                29.221775829147322
              ],
              [
                -13.449754419189953,
                29.224467435047814
              ],
              [
                -13.45005193593743,
                29.222536423853334
              ],
              [
                -13.448269325159718,
                29.222397523752836
              ],
              [
                -13.448881766913214,
                29.220714761738847
              ],
              [
                -13.44570484026213,
                29.22065589234573
              ],
              [
                -13.445808729041671,
                29.2193497317166
              ],
              [
                -13.446568601856079,
                29.219549396378998
              ],
              [
                -13.445871644694497,
                29.21802368421789
              ],
              [
                -13.443908084743619,
                29.217158717659135
              ],
              [
                -13.443256815973756,
                29.216667449015866
              ],
              [
                -13.440301937166048,
                29.21757505392593
              ],
              [
                -13.439178572830587,
                29.217138152278483
              ],
              [
                -13.439259399606579,
                29.21634188691302
              ],
              [
                -13.43800958733051,
                29.217065328757666
              ],
              [
                -13.437565646319724,
                29.215586837894005
              ],
              [
                -13.436742196643657,
                29.215669252630803
              ],
              [
                -13.436763287703894,
                29.213511241910997
              ],
              [
                -13.433979545435438,
                29.20996556996532
              ],
              [
                -13.430599771174615,
                29.209501365401405
              ],
              [
                -13.428911257374844,
                29.207796245020106
              ],
              [
                -13.427541818061743,
                29.20931262246463
              ],
              [
                -13.423519063382683,
                29.20834909654001
              ],
              [
                -13.424299414540522,
                29.205628851205606
              ],
              [
                -13.422219043804951,
                29.204423677621634
              ],
              [
                -13.422431370786434,
                29.203202189816817
              ],
              [
                -13.420194141969322,
                29.20168925414111
              ],
              [
                -13.4211345904497,
                29.20014345304812
              ],
              [
                -13.42009086205931,
                29.199651866703825
              ],
              [
                -13.42056514178857,
                29.198817332098056
              ],
              [
                -13.419202414887568,
                29.19778866199087
              ],
              [
                -13.419769423656776,
                29.196318670894875
              ],
              [
                -13.421828953603242,
                29.19578687594329
              ],
              [
                -13.421781633547118,
                29.193470478593497
              ],
              [
                -13.420757917300389,
                29.19244417085661
              ],
              [
                -13.421885275252968,
                29.188921352170738
              ],
              [
                -13.420415748109027,
                29.187278352807905
              ],
              [
                -13.420721248211798,
                29.18534344186317
              ],
              [
                -13.419556842335567,
                29.184566006030973
              ],
              [
                -13.420942786030464,
                29.18346209759414
              ],
              [
                -13.420305493094462,
                29.182151354560638
              ],
              [
                -13.422041302336742,
                29.180286775257166
              ],
              [
                -13.422244290442528,
                29.177890781319576
              ],
              [
                -13.421744942867162,
                29.177146188591255
              ],
              [
                -13.425922090567633,
                29.173467153862173
              ],
              [
                -13.42621591026807,
                29.17270049597436
              ],
              [
                -13.424990338311614,
                29.170743493848953
              ],
              [
                -13.425784399104634,
                29.1700951217659
              ],
              [
                -13.42538747182456,
                29.169732051043624
              ],
              [
                -13.427649764172363,
                29.16869598388467
              ],
              [
                -13.427174747557844,
                29.1678196850205
              ],
              [
                -13.424417598735165,
                29.16695515761799
              ],
              [
                -13.423756238241308,
                29.16504919801184
              ],
              [
                -13.427005752356559,
                29.164249135159807
              ],
              [
                -13.426798911699349,
                29.16266283995571
              ],
              [
                -13.427804199522186,
                29.161603023567054
              ],
              [
                -13.427421253011977,
                29.158097945798467
              ],
              [
                -13.42833212393143,
                29.157363456668417
              ],
              [
                -13.427983287072431,
                29.155576859960124
              ],
              [
                -13.428656118720554,
                29.154470547831362
              ],
              [
                -13.429879437423462,
                29.153724325732696
              ],
              [
                -13.431127041470113,
                29.15423669699906
              ],
              [
                -13.434735561072523,
                29.153646259515966
              ],
              [
                -13.435961208722699,
                29.15209497793713
              ],
              [
                -13.438632545029582,
                29.15150688772842
              ],
              [
                -13.438620370799896,
                29.15059772303127
              ],
              [
                -13.43991251584042,
                29.149664698305756
              ],
              [
                -13.442048197768498,
                29.14939998138345
              ],
              [
                -13.442788538600356,
                29.14799179344712
              ],
              [
                -13.444990720168558,
                29.14803143224941
              ],
              [
                -13.447182736439037,
                29.14618344479065
              ],
              [
                -13.445299953380832,
                29.14527821249344
              ],
              [
                -13.446118634112148,
                29.143462503437036
              ],
              [
                -13.449648473984439,
                29.14397455740938
              ],
              [
                -13.45065113896806,
                29.141374791314504
              ],
              [
                -13.451690959668209,
                29.141019713384104
              ],
              [
                -13.451380059779517,
                29.1404269863873
              ],
              [
                -13.455645459024552,
                29.137727690858004
              ],
              [
                -13.455378523213264,
                29.136832117826746
              ],
              [
                -13.457467536255349,
                29.133043590554443
              ],
              [
                -13.459255666072252,
                29.13177584050241
              ],
              [
                -13.460154180175264,
                29.132271824541544
              ],
              [
                -13.461438447778654,
                29.129544404019658
              ],
              [
                -13.462776128171956,
                29.129203817213156
              ],
              [
                -13.463693712065885,
                29.129122076425887
              ],
              [
                -13.464611406418273,
                29.12768619536078
              ],
              [
                -13.464788722187008,
                29.122626058757653
              ],
              [
                -13.46300573214619,
                29.120200960344068
              ],
              [
                -13.46418502938076,
                29.118630099462234
              ],
              [
                -13.46390838336906,
                29.115335184816942
              ],
              [
                -13.460716640405538,
                29.11188354510012
              ],
              [
                -13.45735326226772,
                29.11000956101748
              ],
              [
                -13.458122303185002,
                29.109062368104585
              ],
              [
                -13.454886180410146,
                29.10762182519118
              ],
              [
                -13.455663044764634,
                29.10405903241575
              ],
              [
                -13.454536379901542,
                29.104006869672926
              ],
              [
                -13.45382046690311,
                29.102890215445754
              ],
              [
                -13.449839856537139,
                29.102056971789548
              ],
              [
                -13.448673993157763,
                29.100790442606037
              ],
              [
                -13.44924273382296,
                29.09984170448838
              ],
              [
                -13.448872932898704,
                29.097008775509302
              ],
              [
                -13.449610105375665,
                29.096227601652256
              ],
              [
                -13.448939981797498,
                29.09519075587717
              ],
              [
                -13.448214319459826,
                29.09547254934741
              ],
              [
                -13.44831749311694,
                29.09313578318059
              ],
              [
                -13.447367688327061,
                29.091345133891323
              ],
              [
                -13.448269284053143,
                29.085864750318223
              ],
              [
                -13.449257622059568,
                29.083711487312204
              ],
              [
                -13.450052499826329,
                29.08372477922433
              ],
              [
                -13.45155054942824,
                29.081852936002747
              ],
              [
                -13.451651561942382,
                29.081367661505933
              ],
              [
                -13.452215935939245,
                29.07865635083643
              ],
              [
                -13.452438849989308,
                29.0785645570472
              ],
              [
                -13.452302151521277,
                29.0772876382928
              ],
              [
                -13.453439304702941,
                29.076864948912984
              ],
              [
                -13.453466579099736,
                29.076050574886978
              ],
              [
                -13.453295433580864,
                29.073508411541706
              ],
              [
                -13.454980720377037,
                29.07292228088598
              ],
              [
                -13.456303412903376,
                29.070815235895573
              ],
              [
                -13.455486338530246,
                29.07067888261325
              ],
              [
                -13.455989123284613,
                29.06899534193726
              ],
              [
                -13.457335176456295,
                29.068708712191405
              ],
              [
                -13.459175040180957,
                29.06612032921554
              ],
              [
                -13.459999509092428,
                29.06081259210748
              ],
              [
                -13.46194441608248,
                29.0589629487708
              ],
              [
                -13.461363874642167,
                29.0580135323989
              ],
              [
                -13.46249605688342,
                29.05687828912772
              ],
              [
                -13.465549498098918,
                29.056538517946848
              ],
              [
                -13.46655500375231,
                29.055133303253786
              ],
              [
                -13.465371807999432,
                29.054154610635354
              ],
              [
                -13.465905286194788,
                29.052553493584988
              ],
              [
                -13.464281522589184,
                29.050496583793052
              ],
              [
                -13.464749038620534,
                29.04941098916736
              ],
              [
                -13.4633235988847,
                29.045375420970476
              ],
              [
                -13.464346746516632,
                29.043926310341448
              ],
              [
                -13.465924833376697,
                29.04334822087458
              ],
              [
                -13.467006679487026,
                29.040462917653045
              ],
              [
                -13.46801478073024,
                29.039796010670102
              ],
              [
                -13.467546609447274,
                29.0362553216626
              ],
              [
                -13.468998508068958,
                29.03591141904118
              ],
              [
                -13.469202194845348,
                29.033984167261572
              ],
              [
                -13.4671005628599,
                29.02973833862048
              ],
              [
                -13.465600986306093,
                29.029055689515832
              ],
              [
                -13.465528462427015,
                29.027214690005152
              ],
              [
                -13.463619339985172,
                29.024408547375973
              ],
              [
                -13.464730026987421,
                29.019208157560797
              ],
              [
                -13.468872606369683,
                29.014964370061335
              ],
              [
                -13.473185325696704,
                29.01530652042159
              ],
              [
                -13.476130570045614,
                29.01390738614949
              ],
              [
                -13.475984244113416,
                29.00568918979199
              ],
              [
                -13.478363095251938,
                29.004502401667885
              ],
              [
                -13.479846782766117,
                29.00113945071328
              ],
              [
                -13.48055127313504,
                29.00226887277131
              ],
              [
                -13.481912386777202,
                29.00169483417525
              ],
              [
                -13.482315173887006,
                29.00042315201112
              ],
              [
                -13.480820868928935,
                29.000282005022566
              ],
              [
                -13.481389474142151,
                28.999311417748263
              ],
              [
                -13.483793448486285,
                28.99914943709897
              ],
              [
                -13.483825480771257,
                28.99929181359948
              ],
              [
                -13.484731985308175,
                28.998946597264965
              ],
              [
                -13.485525204221014,
                28.999796628367555
              ],
              [
                -13.486823769820093,
                28.999373116626213
              ],
              [
                -13.48665843690397,
                28.998752730289517
              ],
              [
                -13.48757129590916,
                28.999087600497845
              ],
              [
                -13.488455477997126,
                28.99792993900608
              ],
              [
                -13.487628260916964,
                28.995221981239336
              ],
              [
                -13.485597291808142,
                28.99586081127659
              ],
              [
                -13.486600552680024,
                28.994921058908282
              ],
              [
                -13.485452939415207,
                28.994081561702387
              ],
              [
                -13.485591136804317,
                28.99273319265027
              ],
              [
                -13.487964951447811,
                28.992229133301123
              ],
              [
                -13.487867473592756,
                28.992940649694894
              ],
              [
                -13.48877950713162,
                28.993310759414864
              ],
              [
                -13.489865628023148,
                28.992236899850262
              ],
              [
                -13.495311855043191,
                28.992989047099744
              ],
              [
                -13.497972678324262,
                28.99023031681198
              ],
              [
                -13.499863462910904,
                28.989883796951528
              ],
              [
                -13.50154054648533,
                28.98811092740281
              ],
              [
                -13.508410907583386,
                28.98613213453586
              ],
              [
                -13.508755116027725,
                28.985287726813404
              ],
              [
                -13.507972677107979,
                28.985212716710524
              ],
              [
                -13.510200280534214,
                28.984422511130862
              ],
              [
                -13.511279602605745,
                28.981367816460413
              ],
              [
                -13.51568124610603,
                28.981365155255265
              ],
              [
                -13.516202658858319,
                28.977976989694394
              ],
              [
                -13.51620937726139,
                28.977973661639123
              ],
              [
                -13.516231041503412,
                28.97792266026211
              ],
              [
                -13.51626443090987,
                28.97693856791418
              ],
              [
                -13.519248004274134,
                28.974937123787136
              ],
              [
                -13.52050626910043,
                28.974589230378854
              ],
              [
                -13.522998306420323,
                28.977183768227366
              ],
              [
                -13.52404194211691,
                28.975461351532907
              ],
              [
                -13.525091233290764,
                28.9755357734846
              ],
              [
                -13.525176740639896,
                28.97326747956924
              ],
              [
                -13.528122246536054,
                28.96416056856344
              ],
              [
                -13.528548082605937,
                28.96426356691567
              ],
              [
                -13.52629755291753,
                28.971520458083074
              ],
              [
                -13.528776271700487,
                28.971344304488596
              ],
              [
                -13.530207590784826,
                28.967167459384005
              ],
              [
                -13.531079118574684,
                28.96843035793314
              ],
              [
                -13.529718212417338,
                28.973393095277547
              ],
              [
                -13.531575134087804,
                28.973296328784322
              ],
              [
                -13.532952645261592,
                28.970668343881634
              ],
              [
                -13.536397345265744,
                28.969675204579808
              ],
              [
                -13.537138148798787,
                28.968019067864986
              ],
              [
                -13.539596407001085,
                28.96620606881652
              ],
              [
                -13.539625388884312,
                28.964377786769134
              ],
              [
                -13.542514818793634,
                28.96239100623691
              ],
              [
                -13.540709560941073,
                28.959711249654777
              ],
              [
                -13.537913245163693,
                28.964655847088665
              ],
              [
                -13.537204871002677,
                28.965801757374017
              ],
              [
                -13.536246181843321,
                28.965873991641374
              ],
              [
                -13.533800141794133,
                28.968068208310626
              ],
              [
                -13.53251878306347,
                28.967282283716482
              ],
              [
                -13.534102435384154,
                28.964806327778675
              ],
              [
                -13.53573197665297,
                28.965559605425373
              ],
              [
                -13.54156121587052,
                28.958196110250846
              ],
              [
                -13.543004083195662,
                28.95885120980063
              ],
              [
                -13.54342851256373,
                28.958138785337958
              ],
              [
                -13.545279614748035,
                28.960064656767912
              ],
              [
                -13.547677058948896,
                28.958468052172435
              ],
              [
                -13.547124917966242,
                28.956109888098112
              ],
              [
                -13.548451050584177,
                28.955343396408395
              ],
              [
                -13.54781460339786,
                28.954223647287442
              ],
              [
                -13.545690982596536,
                28.953643735498897
              ],
              [
                -13.545639127420168,
                28.952874100120454
              ],
              [
                -13.55024692723329,
                28.95238279516032
              ],
              [
                -13.547929937621124,
                28.953301877394207
              ],
              [
                -13.549169857344541,
                28.95637831640909
              ],
              [
                -13.548070020673704,
                28.95693307956514
              ],
              [
                -13.548135355501486,
                28.95827790811015
              ],
              [
                -13.551277175034095,
                28.956933380514904
              ],
              [
                -13.554916458498754,
                28.9566642008083
              ],
              [
                -13.554829126951173,
                28.955227908243003
              ],
              [
                -13.551966800738516,
                28.954682220148875
              ],
              [
                -13.553935840371599,
                28.953808142407897
              ],
              [
                -13.555030345169182,
                28.95480415864225
              ],
              [
                -13.555082122072438,
                28.957516899476605
              ],
              [
                -13.558735554444452,
                28.958456338373686
              ],
              [
                -13.560655903486248,
                28.957571921964572
              ],
              [
                -13.559553389499726,
                28.95626192880785
              ],
              [
                -13.563485235446185,
                28.95591981524337
              ],
              [
                -13.566891363753863,
                28.95387670391022
              ],
              [
                -13.570703955588902,
                28.954220414011456
              ],
              [
                -13.571930069891673,
                28.95437601302852
              ],
              [
                -13.574842878391305,
                28.955052659949658
              ],
              [
                -13.576214111066374,
                28.954272802818956
              ],
              [
                -13.576456872697664,
                28.952590742687352
              ],
              [
                -13.581836718674262,
                28.953599900578105
              ],
              [
                -13.583611077573039,
                28.95210867477985
              ],
              [
                -13.585122080132637,
                28.950838781749948
              ],
              [
                -13.587187972509584,
                28.951576761286518
              ],
              [
                -13.588579429382749,
                28.95051670161778
              ],
              [
                -13.589370455373514,
                28.950946688343137
              ],
              [
                -13.593200187267863,
                28.949095829611878
              ],
              [
                -13.596129123336055,
                28.9487749313163
              ],
              [
                -13.60175279500476,
                28.94536964823894
              ],
              [
                -13.604942833554228,
                28.942194902018336
              ],
              [
                -13.606877652115406,
                28.940269358543105
              ],
              [
                -13.609579685284606,
                28.93425433798559
              ],
              [
                -13.611718564630744,
                28.93455741634032
              ],
              [
                -13.6160850210112,
                28.931287422214734
              ],
              [
                -13.619509894742528,
                28.93175196578431
              ],
              [
                -13.624223024090618,
                28.929500139729804
              ],
              [
                -13.62697670983658,
                28.926975797046417
              ],
              [
                -13.628461895108135,
                28.92698378020764
              ],
              [
                -13.62978202136154,
                28.92805925730572
              ],
              [
                -13.633191114621308,
                28.9274173424814
              ],
              [
                -13.636926946758795,
                28.92475511280446
              ],
              [
                -13.639071890465228,
                28.921141886585566
              ],
              [
                -13.640956093336106,
                28.92015069277264
              ],
              [
                -13.645979491611014,
                28.919145755122177
              ],
              [
                -13.64821972922842,
                28.920059809289512
              ],
              [
                -13.654606249082166,
                28.918704917254473
              ],
              [
                -13.656211942496896,
                28.91969798921196
              ],
              [
                -13.6626242706105,
                28.91978577751018
              ],
              [
                -13.666107788038781,
                28.918944660829112
              ],
              [
                -13.667621947660402,
                28.919205938772706
              ],
              [
                -13.668168059490457,
                28.918691966262625
              ],
              [
                -13.668200632771761,
                28.91896604584133
              ],
              [
                -13.671099039957582,
                28.919832155676886
              ],
              [
                -13.671532701549516,
                28.920163502075997
              ],
              [
                -13.67135133958739,
                28.920585723480702
              ],
              [
                -13.673784236332693,
                28.920150429812466
              ],
              [
                -13.675116777950599,
                28.920369322876926
              ],
              [
                -13.67609953348786,
                28.919965311741898
              ],
              [
                -13.676456296590501,
                28.92065477508576
              ],
              [
                -13.675853471390846,
                28.92023844575827
              ],
              [
                -13.675171007269775,
                28.920516400903235
              ],
              [
                -13.674127464488757,
                28.920506119555224
              ],
              [
                -13.67369031660073,
                28.92046487557744
              ],
              [
                -13.67266364415742,
                28.92138034820366
              ],
              [
                -13.673505851971198,
                28.921606172803674
              ],
              [
                -13.678960207803822,
                28.921320252356903
              ],
              [
                -13.68562641525814,
                28.91923610301764
              ],
              [
                -13.690694383124729,
                28.91996658312474
              ],
              [
                -13.694552379947844,
                28.91841529688166
              ],
              [
                -13.700165637769066,
                28.917751902663582
              ],
              [
                -13.70006230509462,
                28.91654938377922
              ],
              [
                -13.707011857487426,
                28.91538182274965
              ],
              [
                -13.700111658720772,
                28.916764425686008
              ],
              [
                -13.7004682403492,
                28.91793038414784
              ],
              [
                -13.700469740553158,
                28.917935289547785
              ],
              [
                -13.701022125964709,
                28.9178322674887
              ],
              [
                -13.702629501220322,
                28.917531913248343
              ]
            ],
            [
              [
                -13.652416495874826,
                29.1138198911993
              ],
              [
                -13.65150388746894,
                29.114385214531207
              ],
              [
                -13.651757465783597,
                29.117472803914254
              ],
              [
                -13.65259026778323,
                29.118691089433593
              ],
              [
                -13.652067627024202,
                29.11999967403693
              ],
              [
                -13.652803204712955,
                29.119990363837168
              ],
              [
                -13.653039148477786,
                29.116599897535
              ],
              [
                -13.656470637447711,
                29.114136664311836
              ],
              [
                -13.656577089405525,
                29.112763218381293
              ],
              [
                -13.653801792888446,
                29.114289896474872
              ],
              [
                -13.652416495874826,
                29.1138198911993
              ]
            ]
          ],
          [
            [
              [
                -13.475648233734933,
                29.261458630255397
              ],
              [
                -13.476845222553377,
                29.261399851518675
              ],
              [
                -13.47816156444739,
                29.259872808842342
              ],
              [
                -13.480395123434512,
                29.26061236935423
              ],
              [
                -13.48066895820437,
                29.261375082487067
              ],
              [
                -13.483981423472567,
                29.259563951676057
              ],
              [
                -13.486940500019944,
                29.256371091356428
              ],
              [
                -13.486971491692879,
                29.255380050963534
              ],
              [
                -13.488809563924617,
                29.253389382811935
              ],
              [
                -13.489459454133375,
                29.24449478629375
              ],
              [
                -13.49256655391473,
                29.24404237937504
              ],
              [
                -13.49238714984171,
                29.241278354661436
              ],
              [
                -13.4943842172891,
                29.239803685732454
              ],
              [
                -13.494618222310008,
                29.237689487100585
              ],
              [
                -13.496969006403836,
                29.236016520695813
              ],
              [
                -13.497344026817727,
                29.2340314450195
              ],
              [
                -13.50022146856595,
                29.233351418229667
              ],
              [
                -13.501688041743314,
                29.230062202256864
              ],
              [
                -13.501154123111107,
                29.227343288146553
              ],
              [
                -13.50140084272961,
                29.226617046101094
              ],
              [
                -13.501901546051347,
                29.229584650847556
              ],
              [
                -13.502883541839113,
                29.230037617550014
              ],
              [
                -13.503718258687245,
                29.230289272667903
              ],
              [
                -13.504497885174079,
                29.2291487546388
              ],
              [
                -13.504490459599333,
                29.226936472933065
              ],
              [
                -13.503302407306313,
                29.226935979200245
              ],
              [
                -13.50282792138865,
                29.227104191793305
              ],
              [
                -13.502815015065135,
                29.22710740425848
              ],
              [
                -13.503523667906817,
                29.22668243400394
              ],
              [
                -13.504724492745451,
                29.226810497015936
              ],
              [
                -13.504934587646451,
                29.22516828568303
              ],
              [
                -13.513366380161662,
                29.22641735995443
              ],
              [
                -13.515558455667373,
                29.225622276999225
              ],
              [
                -13.520171207794583,
                29.220681289083302
              ],
              [
                -13.522795311719575,
                29.219110295386617
              ],
              [
                -13.528163291174902,
                29.2207064154174
              ],
              [
                -13.530775700742469,
                29.220377617792938
              ],
              [
                -13.531556567945763,
                29.219797351061686
              ],
              [
                -13.531508667335226,
                29.218531374164055
              ],
              [
                -13.534396157100785,
                29.216721164233245
              ],
              [
                -13.536301986523682,
                29.216826766864997
              ],
              [
                -13.537215832501033,
                29.22099778576625
              ],
              [
                -13.542272205855607,
                29.220898013287247
              ],
              [
                -13.543600272760543,
                29.220045404693042
              ],
              [
                -13.54350173403321,
                29.218400729796432
              ],
              [
                -13.547572493349263,
                29.22219585735152
              ],
              [
                -13.548669543779056,
                29.22723658445018
              ],
              [
                -13.547792031066718,
                29.22869277725372
              ],
              [
                -13.546805084757796,
                29.229315921031898
              ],
              [
                -13.547049879830382,
                29.230167471619193
              ],
              [
                -13.545689137075984,
                29.23266771409579
              ],
              [
                -13.541591180471992,
                29.233665930992974
              ],
              [
                -13.538173746294918,
                29.236235076697294
              ],
              [
                -13.536635430321152,
                29.236304205541657
              ],
              [
                -13.536469484647384,
                29.235700328525507
              ],
              [
                -13.533299871389172,
                29.23649713484264
              ],
              [
                -13.531412925314635,
                29.238327743159083
              ],
              [
                -13.53144307395034,
                29.23923559050094
              ],
              [
                -13.527536613643917,
                29.24071495411438
              ],
              [
                -13.525910515837582,
                29.24224975431751
              ],
              [
                -13.52750077237907,
                29.248648341308844
              ],
              [
                -13.526375209354681,
                29.249566851986543
              ],
              [
                -13.528463436012299,
                29.251600714419585
              ],
              [
                -13.523802446163021,
                29.25348552449263
              ],
              [
                -13.523589089393358,
                29.255047866112985
              ],
              [
                -13.521562599807627,
                29.2565344856694
              ],
              [
                -13.521644357595715,
                29.257700772786148
              ],
              [
                -13.520465164291895,
                29.25870042045342
              ],
              [
                -13.52214953028499,
                29.261198942628372
              ],
              [
                -13.5216171666914,
                29.2629173946117
              ],
              [
                -13.522115762028966,
                29.268453657252326
              ],
              [
                -13.520316214222184,
                29.27226888897194
              ],
              [
                -13.51945019832177,
                29.27218152684157
              ],
              [
                -13.519147555383467,
                29.273312338554305
              ],
              [
                -13.517338481422659,
                29.273975466076504
              ],
              [
                -13.516030949901644,
                29.275913447686808
              ],
              [
                -13.51494241842288,
                29.27884361971754
              ],
              [
                -13.51644861083993,
                29.281628935608236
              ],
              [
                -13.515611636196795,
                29.28219471047136
              ],
              [
                -13.516222629503895,
                29.282633603358462
              ],
              [
                -13.515515411362028,
                29.28277733137786
              ],
              [
                -13.515907574761604,
                29.28382199309579
              ],
              [
                -13.51488280813188,
                29.283944294654855
              ],
              [
                -13.515295324285736,
                29.28572100296226
              ],
              [
                -13.513634194743267,
                29.28567937386141
              ],
              [
                -13.513242940782561,
                29.287603770502944
              ],
              [
                -13.512548143305683,
                29.287126372848277
              ],
              [
                -13.512332746361183,
                29.28820964048364
              ],
              [
                -13.5130016535319,
                29.288489288303875
              ],
              [
                -13.51174593667191,
                29.28831191469093
              ],
              [
                -13.512754550926564,
                29.289122944526593
              ],
              [
                -13.511686291825315,
                29.288664223127405
              ],
              [
                -13.510945749665758,
                29.289616635208116
              ],
              [
                -13.511217163820033,
                29.290732732324066
              ],
              [
                -13.509852804774392,
                29.289343292338955
              ],
              [
                -13.50914034675916,
                29.289733461610233
              ],
              [
                -13.509357418178519,
                29.290666075584664
              ],
              [
                -13.50894366957464,
                29.289897208020168
              ],
              [
                -13.50804022329274,
                29.29086569685247
              ],
              [
                -13.505895096518026,
                29.289289225445323
              ],
              [
                -13.505918000818319,
                29.288389629600875
              ],
              [
                -13.504786030351774,
                29.288891419193426
              ],
              [
                -13.504212562760475,
                29.287253691035886
              ],
              [
                -13.502743533814229,
                29.287364136431865
              ],
              [
                -13.50193353517664,
                29.28516949583371
              ],
              [
                -13.500808176148215,
                29.285113338824324
              ],
              [
                -13.50170193842672,
                29.284318438138477
              ],
              [
                -13.500745825029531,
                29.28457013648366
              ],
              [
                -13.500688231623403,
                29.283906291984447
              ],
              [
                -13.5002013698855,
                29.284483828709536
              ],
              [
                -13.50053663603116,
                29.28396092701472
              ],
              [
                -13.49992851907613,
                29.283856361007157
              ],
              [
                -13.499245167052466,
                29.284406835505305
              ],
              [
                -13.49637378438071,
                29.281665617304327
              ],
              [
                -13.496475448111456,
                29.28014244364605
              ],
              [
                -13.494503791122598,
                29.278793004815892
              ],
              [
                -13.487966076556608,
                29.279839746816094
              ],
              [
                -13.482115303372433,
                29.278631375596053
              ],
              [
                -13.474580929976105,
                29.270414992126433
              ],
              [
                -13.473355497288384,
                29.27060147227256
              ],
              [
                -13.47245184229139,
                29.26824625212406
              ],
              [
                -13.47286460525366,
                29.267023328475503
              ],
              [
                -13.472150941140017,
                29.26664435972907
              ],
              [
                -13.471650262903005,
                29.266659885689343
              ],
              [
                -13.472692860581473,
                29.26373817292489
              ],
              [
                -13.474457481140476,
                29.263886639689503
              ],
              [
                -13.475648233734933,
                29.261458630255397
              ]
            ]
          ],
          [
            [
              [
                -13.339327600873279,
                29.274364755958025
              ],
              [
                -13.33954077581644,
                29.275552755508087
              ],
              [
                -13.336990634739774,
                29.27800134384146
              ],
              [
                -13.335116572145928,
                29.277534347733393
              ],
              [
                -13.335261971805469,
                29.276654365074403
              ],
              [
                -13.336520831470839,
                29.276695005006953
              ],
              [
                -13.339327600873279,
                29.274364755958025
              ]
            ]
          ],
          [
            [
              [
                -13.53378417960214,
                29.303389627330265
              ],
              [
                -13.531875397446345,
                29.30416775699972
              ],
              [
                -13.531962930306726,
                29.305107443539406
              ],
              [
                -13.529978610762605,
                29.304764933119653
              ],
              [
                -13.529590599242846,
                29.299360679923762
              ],
              [
                -13.532942666570367,
                29.295193628693678
              ],
              [
                -13.531212655898344,
                29.294843269743282
              ],
              [
                -13.532121159024078,
                29.292589727640557
              ],
              [
                -13.531175341182186,
                29.291002779178548
              ],
              [
                -13.532071575689452,
                29.290731732460834
              ],
              [
                -13.532852535059382,
                29.291488161058364
              ],
              [
                -13.534490891784037,
                29.28923046869075
              ],
              [
                -13.537086502953938,
                29.289659796929104
              ],
              [
                -13.538084995976496,
                29.288785696901904
              ],
              [
                -13.54028806173813,
                29.289550944538597
              ],
              [
                -13.539379509059723,
                29.291584577712683
              ],
              [
                -13.538016603252139,
                29.29195768160836
              ],
              [
                -13.537439907742463,
                29.29407141926666
              ],
              [
                -13.537818048098371,
                29.294376763777446
              ],
              [
                -13.537273315080679,
                29.294643261303392
              ],
              [
                -13.538046586381425,
                29.297090850697696
              ],
              [
                -13.539541345270637,
                29.298376931545995
              ],
              [
                -13.54012883968223,
                29.302277854337813
              ],
              [
                -13.535308250455639,
                29.30674735816362
              ],
              [
                -13.53404923373532,
                29.305408356619928
              ],
              [
                -13.53451511008713,
                29.304704228691126
              ],
              [
                -13.53378417960214,
                29.303389627330265
              ]
            ]
          ],
          [
            [
              [
                -13.526905384789783,
                29.311897942298398
              ],
              [
                -13.526311716185246,
                29.311146938884736
              ],
              [
                -13.527535841921539,
                29.310061549532684
              ],
              [
                -13.527715480238578,
                29.311096966672554
              ],
              [
                -13.526905384789783,
                29.311897942298398
              ]
            ]
          ],
          [
            [
              [
                -13.494396613642637,
                29.40795765036749
              ],
              [
                -13.491593491123897,
                29.405870929712552
              ],
              [
                -13.49195887356321,
                29.404903537320067
              ],
              [
                -13.491272381151756,
                29.405270659109554
              ],
              [
                -13.491100117385049,
                29.404380099707907
              ],
              [
                -13.489972770309434,
                29.404242213550898
              ],
              [
                -13.488959962114382,
                29.40511802246096
              ],
              [
                -13.489356642381201,
                29.403864243696773
              ],
              [
                -13.487780694766794,
                29.40342386462703
              ],
              [
                -13.48840009177739,
                29.40263790953283
              ],
              [
                -13.489376305270467,
                29.40295957018892
              ],
              [
                -13.489133663335345,
                29.401706122000753
              ],
              [
                -13.49051400503057,
                29.401721224509128
              ],
              [
                -13.490061656516213,
                29.400694218144537
              ],
              [
                -13.491816578727457,
                29.39903414985576
              ],
              [
                -13.49180625464777,
                29.396833299611515
              ],
              [
                -13.492965020634214,
                29.396535439396676
              ],
              [
                -13.493307877207345,
                29.395052292192425
              ],
              [
                -13.494740090405472,
                29.393756685184606
              ],
              [
                -13.50240768210724,
                29.39079566522952
              ],
              [
                -13.505803339342842,
                29.385145507084363
              ],
              [
                -13.507101471001285,
                29.384599517698646
              ],
              [
                -13.515641345765342,
                29.38610155495126
              ],
              [
                -13.516854292996344,
                29.385186798292402
              ],
              [
                -13.516971256852171,
                29.383953778475274
              ],
              [
                -13.519284413327313,
                29.38287454646665
              ],
              [
                -13.522852693914519,
                29.382645574515866
              ],
              [
                -13.523613933525946,
                29.383452802077784
              ],
              [
                -13.526823700964902,
                29.38380950038534
              ],
              [
                -13.529308902566683,
                29.38558137881013
              ],
              [
                -13.530550147323197,
                29.392188827474854
              ],
              [
                -13.531835505580592,
                29.394714152287374
              ],
              [
                -13.530927139654523,
                29.39654121613921
              ],
              [
                -13.531360296539914,
                29.400150237948008
              ],
              [
                -13.528370191198302,
                29.402760450903287
              ],
              [
                -13.528466531209597,
                29.403469861741748
              ],
              [
                -13.526964862575419,
                29.40399085727873
              ],
              [
                -13.527079282528327,
                29.404652190980986
              ],
              [
                -13.526088739070822,
                29.40461953509314
              ],
              [
                -13.525914703751857,
                29.405941906969584
              ],
              [
                -13.524844161679862,
                29.405644056596792
              ],
              [
                -13.525501593646265,
                29.406413570236083
              ],
              [
                -13.525146158963938,
                29.40744571982617
              ],
              [
                -13.524271727940341,
                29.406217302194772
              ],
              [
                -13.524059119003324,
                29.407146841037715
              ],
              [
                -13.52294088079644,
                29.407029636866316
              ],
              [
                -13.523899632724431,
                29.410748543115567
              ],
              [
                -13.520367762964261,
                29.411796800875212
              ],
              [
                -13.520174750547955,
                29.41015768656291
              ],
              [
                -13.51953836621934,
                29.41085182321698
              ],
              [
                -13.518489555425205,
                29.410103114942412
              ],
              [
                -13.518767730537963,
                29.410839133468734
              ],
              [
                -13.517690853631226,
                29.410799019852973
              ],
              [
                -13.517813818594918,
                29.411482779682856
              ],
              [
                -13.516159651518905,
                29.41238477904637
              ],
              [
                -13.514489286059925,
                29.41200774626274
              ],
              [
                -13.514501638205644,
                29.41372563319922
              ],
              [
                -13.513215825203856,
                29.414677785842713
              ],
              [
                -13.512399420003288,
                29.413752536925088
              ],
              [
                -13.511617738369024,
                29.414872586694344
              ],
              [
                -13.510825384614604,
                29.414337949603595
              ],
              [
                -13.510330136789225,
                29.415841384390287
              ],
              [
                -13.509167642763678,
                29.41505816974166
              ],
              [
                -13.505783558573679,
                29.416057135166128
              ],
              [
                -13.505108506512341,
                29.41527608587709
              ],
              [
                -13.504763495387621,
                29.415953781822953
              ],
              [
                -13.505229599820092,
                29.414488809041448
              ],
              [
                -13.504081933133186,
                29.414477947778384
              ],
              [
                -13.502627114661296,
                29.41234764175668
              ],
              [
                -13.500653602579726,
                29.413706880849116
              ],
              [
                -13.500509171014949,
                29.41302162118686
              ],
              [
                -13.497899648342223,
                29.412890335625626
              ],
              [
                -13.496855205408924,
                29.411049332856418
              ],
              [
                -13.495866644483899,
                29.411466823623805
              ],
              [
                -13.494140068602293,
                29.410088498640977
              ],
              [
                -13.494396613642637,
                29.40795765036749
              ]
            ]
          ]
        ]
      },
      "properties": {
        "island_id": "lanzarote",
        "island_name": "Lanzarote"
      }
    }
  ]
}
